"old_lexeme_id","canonical_lexeme_id"
"de.adj.aengstlich","de.lex.aengstlich"
"de.adj.alt","de.lex.alt"
"de.adj.anders","de.lex.anders"
"de.adj.blau","de.lex.blau"
"de.adj.ganz","de.lex.ganz"
"de.adj.glaenzend","de.lex.glaenzend"
"de.adj.gross","de.lex.gross"
"de.adj.gruen","de.lex.gruen"
"de.adj.halb","de.lex.halb"
"de.adj.jung","de.lex.jung"
"de.adj.klein","de.lex.klein"
"de.adj.neu","de.lex.neu"
"de.adj.schoen","de.lex.schoen"
"de.adj.stark","de.lex.stark"
"de.adj.warm","de.lex.warm"
"de.adv.auch","de.lex.auch"
"de.adv.gerade","de.lex.gerade"
"de.adv.lang","de.lex.lang"
"de.adv.manchmal","de.lex.manchmal"
"de.adv.so","de.lex.so"
"de.adv.wenig","de.lex.wenig"
"de.adv.zurueck","de.lex.zurueck"
"de.article.def","de.lex.der-die-das"
"de.article.ein","de.lex.ein"
"de.conj.aber","de.lex.aber"
"de.conj.und","de.lex.und"
"de.det.dieser","de.lex.dieser"
"de.det.jeder","de.lex.jeder"
"de.det.possessive","de.lex.ihr.her"
"de.function.aber","de.lex.aber"
"de.function.alles","de.lex.alles"
"de.function.an","de.lex.an"
"de.function.an-dem","de.lex.an-dem"
"de.function.auch","de.lex.auch"
"de.function.auf","de.lex.auf.into"
"de.function.auf.into","de.lex.auf.into"
"de.function.aus","de.lex.aus.made-of"
"de.function.aus.made-of","de.lex.aus.made-of"
"de.function.da","de.lex.da"
"de.function.dann","de.lex.dann"
"de.function.dass","de.lex.dass"
"de.function.der-bestimmte-artikel","de.lex.der-bestimmte-artikel"
"de.function.der-die-das","de.lex.der-die-das"
"de.function.dieser","de.lex.dieser"
"de.function.du","de.lex.du"
"de.function.ein","de.lex.ein"
"de.function.einmal","de.lex.einmal"
"de.function.erst","de.lex.erst"
"de.function.es","de.lex.es"
"de.function.etwas","de.lex.etwas"
"de.function.fuer","de.lex.fuer"
"de.function.ich","de.lex.ich"
"de.function.ihr","de.lex.ihr.her"
"de.function.ihr.her","de.lex.ihr.her"
"de.function.in","de.lex.in"
"de.function.in-dem","de.lex.in-dem"
"de.function.jeder","de.lex.jeder"
"de.function.kein","de.lex.kein"
"de.function.mehr","de.lex.mehr"
"de.function.mein","de.lex.mein"
"de.function.nicht","de.lex.nicht"
"de.function.noch","de.lex.noch"
"de.function.nun","de.lex.nun"
"de.function.schon","de.lex.schon"
"de.function.sein-possessivartikel","de.lex.sein-possessivartikel"
"de.function.selbst","de.lex.selbst"
"de.function.sich","de.lex.sich"
"de.function.sie.her","de.lex.sie.her"
"de.function.so","de.lex.so"
"de.function.ueber","de.lex.ueber"
"de.function.um","de.lex.um"
"de.function.und","de.lex.und"
"de.function.von-dem","de.lex.von-dem"
"de.function.vor","de.lex.vor"
"de.function.weg","de.lex.weg.away"
"de.function.weg.away","de.lex.weg.away"
"de.function.wenig","de.lex.wenig"
"de.function.zu-dem","de.lex.zu-dem"
"de.function.zu.at","de.lex.zu.at"
"de.lex.anscheinend.apparently","de.lex.anscheinend"
"de.lex.anscheinend.apparently-2","de.lex.anscheinend"
"de.lex.auf-wiedersehen.goodbye","de.lex.auf-wiedersehen"
"de.lex.bitte.please","de.lex.bitte"
"de.lex.danke.thank-you","de.lex.danke"
"de.lex.ehrlich-gesagt.to-be-honest","de.lex.ehrlich-gesagt"
"de.lex.eigentlich.actually","de.lex.eigentlich"
"de.lex.entschuldigung.excuse-me-sorry","de.lex.entschuldigung"
"de.lex.erst.first","de.lex.erst"
"de.lex.genau.exactly","de.lex.genau"
"de.lex.hilfe.the-help","de.lex.hilfe.help"
"de.lex.ich-moechte.i-would-like","de.lex.ich-moechte"
"de.lex.leider.unfortunately","de.lex.leider"
"de.lex.mehr-oder-weniger.more-or-less","de.lex.mehr-oder-weniger"
"de.lex.natuerlich.of-course","de.lex.natuerlich"
"de.lex.vielleicht.maybe","de.lex.vielleicht"
"de.lex.wann.when","de.lex.wann"
"de.lex.wie.how","de.lex.wie"
"de.modal.muessen","de.lex.muessen"
"de.name.gott","de.lex.gott"
"de.name.kassandra","de.lex.kassandra"
"de.name.maja","de.lex.maja"
"de.neg.nicht","de.lex.nicht"
"de.noun.3d-druck","de.lex.3d-druck"
"de.noun.abend","de.lex.abend"
"de.noun.abendessen","de.lex.abendessen"
"de.noun.abendroutine","de.lex.abendroutine"
"de.noun.abenteuer","de.lex.abenteuer"
"de.noun.abgemacht","de.lex.abgemacht"
"de.noun.abonnement","de.lex.abonnement"
"de.noun.absatz","de.lex.absatz"
"de.noun.abschliessend","de.lex.abschliessend"
"de.noun.abschluss","de.lex.abschluss"
"de.noun.abschlussarbeit","de.lex.abschlussarbeit"
"de.noun.abschlussfeier","de.lex.abschlussfeier"
"de.noun.abschnitt","de.lex.abschnitt"
"de.noun.adler","de.lex.adler"
"de.noun.adresse","de.lex.adresse"
"de.noun.aehnlichkeit","de.lex.aehnlichkeit"
"de.noun.aenderung","de.lex.aenderung"
"de.noun.aerztin","de.lex.aerztin"
"de.noun.affe","de.lex.affe"
"de.noun.affe.ape-monkey","de.lex.affe"
"de.noun.affe.monkey","de.lex.affe"
"de.noun.aktion","de.lex.aktion"
"de.noun.aktivitaet","de.lex.aktivitaet"
"de.noun.aktualisierung","de.lex.aktualisierung"
"de.noun.algorithmus","de.lex.algorithmus"
"de.noun.allergie","de.lex.allergie"
"de.noun.ameise","de.lex.ameise"
"de.noun.ampel","de.lex.ampel"
"de.noun.analyse","de.lex.analyse"
"de.noun.anfang","de.lex.anfang"
"de.noun.anfang.beginning","de.lex.anfang"
"de.noun.anfang.the-beginning","de.lex.anfang"
"de.noun.anfrage","de.lex.anfrage"
"de.noun.angebot","de.lex.angebot"
"de.noun.angestellte","de.lex.angestellte"
"de.noun.angestellter","de.lex.angestellter"
"de.noun.angst","de.lex.angst"
"de.noun.angst.fear","de.lex.angst"
"de.noun.angst.fear-anxiety","de.lex.angst"
"de.noun.anhang","de.lex.anhang"
"de.noun.anker","de.lex.anker"
"de.noun.anmeldung","de.lex.anmeldung"
"de.noun.anscheinend","de.lex.anscheinend"
"de.noun.anscheinend.apparently","de.lex.anscheinend"
"de.noun.anscheinend.apparently-2","de.lex.anscheinend"
"de.noun.anschluss","de.lex.anschluss"
"de.noun.ansicht","de.lex.ansicht"
"de.noun.antibiotikum","de.lex.antibiotikum"
"de.noun.antwort.answer","de.lex.antwort.answer"
"de.noun.antwort.response","de.lex.antwort.response"
"de.noun.antwort.the-response","de.lex.antwort.response"
"de.noun.anwaeltin","de.lex.anwaeltin"
"de.noun.anwalt","de.lex.anwalt"
"de.noun.anweisung","de.lex.anweisung"
"de.noun.anzahlung","de.lex.anzahlung"
"de.noun.anzug","de.lex.anzug"
"de.noun.apfel","de.lex.apfel"
"de.noun.apotheke","de.lex.apotheke"
"de.noun.apotheker","de.lex.apotheker"
"de.noun.app","de.lex.app"
"de.noun.april","de.lex.april"
"de.noun.arbeit","de.lex.arbeit"
"de.noun.arbeitszeit","de.lex.arbeitszeit"
"de.noun.architekt","de.lex.architekt"
"de.noun.arm","de.lex.arm.arm"
"de.noun.arm.arm","de.lex.arm.arm"
"de.noun.armut","de.lex.armut"
"de.noun.art","de.lex.art"
"de.noun.artenvielfalt","de.lex.artenvielfalt"
"de.noun.artikel","de.lex.artikel"
"de.noun.arzt","de.lex.arzt"
"de.noun.arzt.doctor","de.lex.arzt"
"de.noun.arzt.doctor-m","de.lex.arzt"
"de.noun.arztpraxis","de.lex.arztpraxis"
"de.noun.asche","de.lex.asche"
"de.noun.ast","de.lex.ast"
"de.noun.atem","de.lex.atem"
"de.noun.atom","de.lex.atom"
"de.noun.aufenthaltserlaubnis","de.lex.aufenthaltserlaubnis"
"de.noun.aufgabe","de.lex.aufgabe"
"de.noun.aufgabe.task","de.lex.aufgabe"
"de.noun.aufgabe.the-task","de.lex.aufgabe"
"de.noun.aufsatz","de.lex.aufsatz"
"de.noun.aufzug","de.lex.aufzug"
"de.noun.auge","de.lex.auge"
"de.noun.august","de.lex.august"
"de.noun.ausdruck","de.lex.ausdruck"
"de.noun.ausnahme","de.lex.ausnahme"
"de.noun.aussprache","de.lex.aussprache"
"de.noun.auto","de.lex.auto"
"de.noun.auto.car","de.lex.auto"
"de.noun.auto.car-automobile","de.lex.auto"
"de.noun.autobahn","de.lex.autobahn"
"de.noun.automatisierung","de.lex.automatisierung"
"de.noun.baby","de.lex.baby"
"de.noun.backen","de.lex.backen.baking"
"de.noun.backen.baking","de.lex.backen.baking"
"de.noun.bad","de.lex.bad"
"de.noun.badeanzug","de.lex.badeanzug"
"de.noun.badezimmer","de.lex.badezimmer"
"de.noun.baecker","de.lex.baecker"
"de.noun.baeckerei","de.lex.baeckerei"
"de.noun.baer","de.lex.baer"
"de.noun.bahnfahrkarte","de.lex.bahnfahrkarte"
"de.noun.bahnhof.station","de.lex.bahnhof.station"
"de.noun.bahnhof.train-station","de.lex.bahnhof.train-station"
"de.noun.bahnsteig","de.lex.bahnsteig"
"de.noun.bakterien","de.lex.bakterien"
"de.noun.balkon","de.lex.balkon"
"de.noun.banane","de.lex.banane"
"de.noun.band","de.lex.band"
"de.noun.bank","de.lex.bank"
"de.noun.bankkonto","de.lex.bankkonto"
"de.noun.bar","de.lex.bar"
"de.noun.bargeld","de.lex.bargeld"
"de.noun.bart","de.lex.bart"
"de.noun.basketball","de.lex.basketball"
"de.noun.batterie","de.lex.batterie"
"de.noun.bauch.belly","de.lex.bauch.belly"
"de.noun.bauch.stomach","de.lex.bauch.stomach"
"de.noun.bauchschmerzen","de.lex.bauchschmerzen"
"de.noun.bauer","de.lex.bauer"
"de.noun.bauernhof","de.lex.bauernhof"
"de.noun.baum","de.lex.baum"
"de.noun.baumwolle","de.lex.baumwolle"
"de.noun.beamer","de.lex.beamer"
"de.noun.bedingung","de.lex.bedingung"
"de.noun.beere","de.lex.beere"
"de.noun.begeisterung","de.lex.begeisterung"
"de.noun.behandlung","de.lex.behandlung"
"de.noun.bein","de.lex.bein"
"de.noun.beispiel","de.lex.beispiel"
"de.noun.beispiel.example","de.lex.beispiel"
"de.noun.beispiel.the-example","de.lex.beispiel"
"de.noun.beitrag","de.lex.beitrag"
"de.noun.benachrichtigung","de.lex.benachrichtigung"
"de.noun.benutzername","de.lex.benutzername"
"de.noun.berg","de.lex.berg"
"de.noun.berggipfel","de.lex.berggipfel"
"de.noun.bericht","de.lex.bericht"
"de.noun.berlin","de.lex.berlin"
"de.noun.berufsschule","de.lex.berufsschule"
"de.noun.beschwerde","de.lex.beschwerde"
"de.noun.besichtigung","de.lex.besichtigung"
"de.noun.besorgnis","de.lex.besorgnis"
"de.noun.bestaetigung","de.lex.bestaetigung"
"de.noun.bestellung","de.lex.bestellung"
"de.noun.beton","de.lex.beton"
"de.noun.betreffzeile","de.lex.betreffzeile"
"de.noun.betriebssystem","de.lex.betriebssystem"
"de.noun.bett","de.lex.bett"
"de.noun.bewegung","de.lex.bewegung"
"de.noun.bewerbung","de.lex.bewerbung"
"de.noun.bewertung.rating","de.lex.bewertung.rating"
"de.noun.bewertung.review","de.lex.bewertung.review"
"de.noun.beziehung","de.lex.beziehung"
"de.noun.biber","de.lex.biber"
"de.noun.bibliothek","de.lex.bibliothek"
"de.noun.biene","de.lex.biene"
"de.noun.biene.bee","de.lex.biene"
"de.noun.biene.the-bee","de.lex.biene"
"de.noun.bienenstock","de.lex.bienenstock"
"de.noun.bier","de.lex.bier"
"de.noun.bildschirm","de.lex.bildschirm"
"de.noun.bildung","de.lex.bildung"
"de.noun.billion","de.lex.billion"
"de.noun.biologie","de.lex.biologie"
"de.noun.birne","de.lex.birne"
"de.noun.bitte","de.lex.bitte"
"de.noun.blase","de.lex.blase"
"de.noun.blatt","de.lex.blatt"
"de.noun.blatt.leaf","de.lex.blatt"
"de.noun.blatt.the-leaf","de.lex.blatt"
"de.noun.bleistift","de.lex.bleistift"
"de.noun.blitz","de.lex.blitz"
"de.noun.blume","de.lex.blume"
"de.noun.blume.flower","de.lex.blume"
"de.noun.blume.the-flower","de.lex.blume"
"de.noun.blut","de.lex.blut"
"de.noun.blutdruck","de.lex.blutdruck"
"de.noun.boden.bottom","de.lex.boden.bottom"
"de.noun.boden.floor","de.lex.boden.floor"
"de.noun.boden.floor-ground","de.lex.boden.floor"
"de.noun.boden.the-bottom","de.lex.boden.bottom"
"de.noun.boerse","de.lex.boerse"
"de.noun.bogen.arch","de.lex.bogen.arch"
"de.noun.bogen.bow-curve","de.lex.bogen.bow-curve"
"de.noun.bogen.bow-curve-weapon","de.lex.bogen.bow-curve"
"de.noun.bohne","de.lex.bohne"
"de.noun.bohrer","de.lex.bohrer"
"de.noun.boot","de.lex.boot"
"de.noun.bordkarte","de.lex.bordkarte"
"de.noun.botschaft","de.lex.botschaft"
"de.noun.boxen","de.lex.boxen"
"de.noun.bratwurst","de.lex.bratwurst"
"de.noun.braut","de.lex.braut"
"de.noun.brettspiel","de.lex.brettspiel"
"de.noun.brezel","de.lex.brezel"
"de.noun.brief","de.lex.brief"
"de.noun.briefmarke","de.lex.briefmarke"
"de.noun.briefumschlag","de.lex.briefumschlag"
"de.noun.brille","de.lex.brille"
"de.noun.broetchen","de.lex.broetchen"
"de.noun.brokkoli","de.lex.brokkoli"
"de.noun.brot","de.lex.brot"
"de.noun.brot.bread","de.lex.brot"
"de.noun.brot.the-bread","de.lex.brot"
"de.noun.bruder","de.lex.bruder"
"de.noun.bruecke","de.lex.bruecke"
"de.noun.brunnen","de.lex.brunnen"
"de.noun.brust","de.lex.brust"
"de.noun.buch","de.lex.buch"
"de.noun.buchhalter","de.lex.buchhalter"
"de.noun.buchhandlung","de.lex.buchhandlung"
"de.noun.budget","de.lex.budget"
"de.noun.buergersteig","de.lex.buergersteig"
"de.noun.buero","de.lex.buero"
"de.noun.buerste","de.lex.buerste"
"de.noun.bus","de.lex.bus"
"de.noun.busch","de.lex.busch"
"de.noun.bushaltestelle","de.lex.bushaltestelle"
"de.noun.butter","de.lex.butter"
"de.noun.caf.caf","de.lex.cafe.cafe"
"de.noun.caf.cafe","de.lex.cafe.cafe-2"
"de.noun.cafe.cafe","de.lex.cafe.cafe"
"de.noun.cafe.cafe-2","de.lex.cafe.cafe-2"
"de.noun.campus","de.lex.campus"
"de.noun.chef","de.lex.chef"
"de.noun.chemie","de.lex.chemie"
"de.noun.cloud","de.lex.cloud"
"de.noun.co2-fussabdruck","de.lex.co2-fussabdruck"
"de.noun.computer","de.lex.computer"
"de.noun.cousin","de.lex.cousin"
"de.noun.cousine","de.lex.cousine"
"de.noun.cybersicherheit","de.lex.cybersicherheit"
"de.noun.dach","de.lex.dach"
"de.noun.dachboden","de.lex.dachboden"
"de.noun.damm","de.lex.damm"
"de.noun.dankbarkeit","de.lex.dankbarkeit"
"de.noun.danke","de.lex.danke"
"de.noun.darlehen","de.lex.darlehen"
"de.noun.datei","de.lex.datei"
"de.noun.daten","de.lex.daten"
"de.noun.datenbank","de.lex.datenbank"
"de.noun.daumen","de.lex.daumen"
"de.noun.decke.blanket","de.lex.decke.blanket"
"de.noun.decke.blanket-2","de.lex.decke.blanket-2"
"de.noun.decke.blanket-ceiling","de.lex.decke.blanket"
"de.noun.decke.ceiling","de.lex.decke.blanket"
"de.noun.delfin","de.lex.delfin"
"de.noun.demokratie","de.lex.demokratie"
"de.noun.denkmal","de.lex.denkmal"
"de.noun.depression","de.lex.depression"
"de.noun.designer","de.lex.designer"
"de.noun.dessert","de.lex.dessert"
"de.noun.detail","de.lex.detail"
"de.noun.deutschland","de.lex.deutschland"
"de.noun.dezember","de.lex.dezember"
"de.noun.diaet","de.lex.diaet"
"de.noun.diagnose","de.lex.diagnose"
"de.noun.dialekt","de.lex.dialekt"
"de.noun.dieb","de.lex.dieb"
"de.noun.dienstag","de.lex.dienstag"
"de.noun.ding","de.lex.ding"
"de.noun.diplom","de.lex.diplom"
"de.noun.direktflug","de.lex.direktflug"
"de.noun.diskriminierung","de.lex.diskriminierung"
"de.noun.diskussion","de.lex.diskussion"
"de.noun.doktor","de.lex.doktor"
"de.noun.dokumentarfilm","de.lex.dokumentarfilm"
"de.noun.donner","de.lex.donner"
"de.noun.donnerstag","de.lex.donnerstag"
"de.noun.doppelzimmer","de.lex.doppelzimmer"
"de.noun.dorf","de.lex.dorf"
"de.noun.dorn","de.lex.dorn"
"de.noun.dose","de.lex.dose"
"de.noun.download","de.lex.download"
"de.noun.dreieck","de.lex.dreieck"
"de.noun.drucker","de.lex.drucker"
"de.noun.dschungel","de.lex.dschungel"
"de.noun.durst","de.lex.durst"
"de.noun.e-mail","de.lex.e-mail"
"de.noun.e-mail-adresse","de.lex.e-mail-adresse"
"de.noun.ebbe","de.lex.ebbe"
"de.noun.ecke","de.lex.ecke"
"de.noun.ehefrau","de.lex.ehefrau"
"de.noun.ehemann","de.lex.ehemann"
"de.noun.ei","de.lex.ei"
"de.noun.eidechse","de.lex.eidechse"
"de.noun.einbahnstrasse","de.lex.einbahnstrasse"
"de.noun.einkaufswagen","de.lex.einkaufswagen"
"de.noun.einkommen","de.lex.einkommen"
"de.noun.einsamkeit","de.lex.einsamkeit"
"de.noun.einschreibung","de.lex.einschreibung"
"de.noun.einstellung","de.lex.einstellung"
"de.noun.einwanderung","de.lex.einwanderung"
"de.noun.einzelzimmer","de.lex.einzelzimmer"
"de.noun.eis.ice","de.lex.eis.ice"
"de.noun.eis.ice-cream","de.lex.eis.ice-cream"
"de.noun.eisen","de.lex.eisen"
"de.noun.elefant","de.lex.elefant"
"de.noun.elektriker","de.lex.elektriker"
"de.noun.elektrizitaet","de.lex.elektrizitaet"
"de.noun.element","de.lex.element"
"de.noun.ellbogen","de.lex.ellbogen"
"de.noun.eltern","de.lex.eltern"
"de.noun.empathie","de.lex.empathie"
"de.noun.empfehlung","de.lex.empfehlung"
"de.noun.ende","de.lex.ende"
"de.noun.ende.end","de.lex.ende"
"de.noun.ende.the-end","de.lex.ende"
"de.noun.energie","de.lex.energie"
"de.noun.engel","de.lex.engel"
"de.noun.enkel","de.lex.enkel"
"de.noun.enkelin","de.lex.enkelin"
"de.noun.entdeckung","de.lex.entdeckung"
"de.noun.ente","de.lex.ente"
"de.noun.entfernung","de.lex.entfernung"
"de.noun.entscheidung","de.lex.entscheidung"
"de.noun.entschuldigung","de.lex.entschuldigung"
"de.noun.entschuldigung.excuse-me","de.lex.entschuldigung"
"de.noun.entschuldigung.excuse-me-sorry","de.lex.entschuldigung"
"de.noun.entwicklung","de.lex.entwicklung"
"de.noun.epidemie","de.lex.epidemie"
"de.noun.erbse","de.lex.erbse"
"de.noun.erdbeere","de.lex.erdbeere"
"de.noun.erde","de.lex.erde"
"de.noun.erde.earth","de.lex.erde"
"de.noun.erde.earth-soil","de.lex.erde"
"de.noun.erfahrung","de.lex.erfahrung"
"de.noun.erfindung","de.lex.erfindung"
"de.noun.erfolg","de.lex.erfolg"
"de.noun.ergaenzung","de.lex.ergaenzung"
"de.noun.ergebnis","de.lex.ergebnis"
"de.noun.erhoehung","de.lex.erhoehung"
"de.noun.erinnerung.memory","de.lex.erinnerung.memory"
"de.noun.erinnerung.reminder","de.lex.erinnerung.reminder"
"de.noun.erkaeltung","de.lex.erkaeltung"
"de.noun.erlaubnis","de.lex.erlaubnis"
"de.noun.erleichterung","de.lex.erleichterung"
"de.noun.ersparnisse","de.lex.ersparnisse"
"de.noun.erste-hilfe-set","de.lex.erste-hilfe-set"
"de.noun.erwachsene","de.lex.erwachsene"
"de.noun.erwachsener","de.lex.erwachsener"
"de.noun.essen","de.lex.essen.food"
"de.noun.essen.food","de.lex.essen.food"
"de.noun.essig","de.lex.essig"
"de.noun.esszimmer","de.lex.esszimmer"
"de.noun.etikett","de.lex.etikett"
"de.noun.eule","de.lex.eule"
"de.noun.evolution","de.lex.evolution"
"de.noun.experiment","de.lex.experiment"
"de.noun.export","de.lex.export"
"de.noun.expresslieferung","de.lex.expresslieferung"
"de.noun.fabrik","de.lex.fabrik"
"de.noun.fach","de.lex.fach"
"de.noun.faden","de.lex.faden"
"de.noun.faehigkeit","de.lex.faehigkeit"
"de.noun.fahrer","de.lex.fahrer"
"de.noun.fahrkarte","de.lex.fahrkarte"
"de.noun.fahrrad.bicycle","de.lex.fahrrad.bicycle"
"de.noun.fahrrad.bike","de.lex.fahrrad.bike"
"de.noun.fahrradweg","de.lex.fahrradweg"
"de.noun.fahrt","de.lex.fahrt"
"de.noun.fall","de.lex.fall"
"de.noun.falten","de.lex.falten"
"de.noun.familie","de.lex.familie"
"de.noun.farbe","de.lex.farbe"
"de.noun.faultier","de.lex.faultier"
"de.noun.februar","de.lex.februar"
"de.noun.feder","de.lex.feder"
"de.noun.feedback","de.lex.feedback"
"de.noun.fehler.bug","de.lex.fehler.bug"
"de.noun.fehler.mistake","de.lex.fehler.mistake"
"de.noun.feind","de.lex.feind"
"de.noun.feind.enemy","de.lex.feind"
"de.noun.feind.the-enemy","de.lex.feind"
"de.noun.feld","de.lex.feld"
"de.noun.feld.field","de.lex.feld"
"de.noun.feld.the-field","de.lex.feld"
"de.noun.fenster","de.lex.fenster"
"de.noun.fensterplatz","de.lex.fensterplatz"
"de.noun.ferien","de.lex.ferien"
"de.noun.ferne","de.lex.ferne"
"de.noun.fernseher","de.lex.fernseher"
"de.noun.feuer","de.lex.feuer"
"de.noun.feueralarm","de.lex.feueralarm"
"de.noun.feuerloescher","de.lex.feuerloescher"
"de.noun.feuerwache","de.lex.feuerwache"
"de.noun.feuerwehrmann","de.lex.feuerwehrmann"
"de.noun.feuerwerk","de.lex.feuerwerk"
"de.noun.feuerzeug","de.lex.feuerzeug"
"de.noun.fieber","de.lex.fieber"
"de.noun.film","de.lex.film"
"de.noun.finger","de.lex.finger"
"de.noun.firma","de.lex.firma"
"de.noun.fisch","de.lex.fisch"
"de.noun.fitnessstudio","de.lex.fitnessstudio"
"de.noun.flamme","de.lex.flamme"
"de.noun.flasche","de.lex.flasche"
"de.noun.fledermaus","de.lex.fledermaus"
"de.noun.fleisch","de.lex.fleisch"
"de.noun.fliege","de.lex.fliege"
"de.noun.fluegel","de.lex.fluegel"
"de.noun.fluegel.the-wing","de.lex.fluegel"
"de.noun.fluegel.wing","de.lex.fluegel"
"de.noun.flughafen","de.lex.flughafen"
"de.noun.flugzeug.airplane","de.lex.flugzeug.airplane"
"de.noun.flugzeug.plane","de.lex.flugzeug.plane"
"de.noun.flur","de.lex.flur"
"de.noun.fluss","de.lex.fluss"
"de.noun.flut","de.lex.flut"
"de.noun.fohlen","de.lex.fohlen"
"de.noun.folge","de.lex.folge"
"de.noun.form","de.lex.form"
"de.noun.forschung","de.lex.forschung"
"de.noun.forschungsarbeit","de.lex.forschungsarbeit"
"de.noun.fortschritt","de.lex.fortschritt"
"de.noun.foto","de.lex.foto"
"de.noun.fotograf","de.lex.fotograf"
"de.noun.fotografie","de.lex.fotografie"
"de.noun.frage","de.lex.frage"
"de.noun.frau","de.lex.frau"
"de.noun.freiheit","de.lex.freiheit"
"de.noun.freiheit.freedom","de.lex.freiheit"
"de.noun.freiheit.the-freedom","de.lex.freiheit"
"de.noun.freitag","de.lex.freitag"
"de.noun.freizeit.free-time","de.lex.freizeit.free-time"
"de.noun.freizeit.leisure","de.lex.freizeit.leisure"
"de.noun.fremde","de.lex.fremde"
"de.noun.fremder","de.lex.fremder"
"de.noun.fremdsprache","de.lex.fremdsprache"
"de.noun.frequenz","de.lex.frequenz"
"de.noun.freude","de.lex.freude"
"de.noun.freund","de.lex.freund"
"de.noun.freund.friend","de.lex.freund"
"de.noun.freund.friend-m","de.lex.freund"
"de.noun.freundin.female-friend","de.lex.freundin.female-friend"
"de.noun.freundin.friend","de.lex.freundin.friend"
"de.noun.freundin.friend-f","de.lex.freundin.friend"
"de.noun.freundschaft","de.lex.freundschaft"
"de.noun.frieden","de.lex.frieden"
"de.noun.frist","de.lex.frist"
"de.noun.frosch","de.lex.frosch"
"de.noun.frost","de.lex.frost"
"de.noun.fruehling","de.lex.fruehling"
"de.noun.fruehstueck","de.lex.fruehstueck"
"de.noun.fuchs","de.lex.fuchs"
"de.noun.fuehrerschein","de.lex.fuehrerschein"
"de.noun.funktion","de.lex.funktion"
"de.noun.furcht","de.lex.furcht"
"de.noun.fusion","de.lex.fusion"
"de.noun.fuss","de.lex.fuss"
"de.noun.fussball","de.lex.fussball"
"de.noun.fussgaengerueberweg","de.lex.fussgaengerueberweg"
"de.noun.gabel","de.lex.gabel"
"de.noun.gaertnern","de.lex.gaertnern"
"de.noun.galgen","de.lex.galgen"
"de.noun.gangplatz","de.lex.gangplatz"
"de.noun.gans","de.lex.gans"
"de.noun.ganze","de.lex.ganze"
"de.noun.garage","de.lex.garage"
"de.noun.garn","de.lex.garn"
"de.noun.garten","de.lex.garten"
"de.noun.gast","de.lex.gast"
"de.noun.gebaeude","de.lex.gebaeude"
"de.noun.geburtstag","de.lex.geburtstag"
"de.noun.gedanke","de.lex.gedanke"
"de.noun.gefahr","de.lex.gefahr"
"de.noun.gefuehl","de.lex.gefuehl"
"de.noun.gegenwart","de.lex.gegenwart"
"de.noun.geh","de.lex.geh"
"de.noun.gehalt","de.lex.gehalt"
"de.noun.gehirn","de.lex.gehirn"
"de.noun.geige","de.lex.geige"
"de.noun.geist","de.lex.geist"
"de.noun.geld","de.lex.geld"
"de.noun.geldautomat","de.lex.geldautomat"
"de.noun.geldboerse","de.lex.geldboerse"
"de.noun.geldschein","de.lex.geldschein"
"de.noun.gemeinschaft","de.lex.gemeinschaft"
"de.noun.gemuese","de.lex.gemuese"
"de.noun.gen","de.lex.gen"
"de.noun.genau","de.lex.genau"
"de.noun.genehmigung","de.lex.genehmigung"
"de.noun.genuss","de.lex.genuss"
"de.noun.geografie","de.lex.geografie"
"de.noun.gepaeckausgabe","de.lex.gepaeckausgabe"
"de.noun.gerechtigkeit","de.lex.gerechtigkeit"
"de.noun.gericht.courthouse","de.lex.gericht.courthouse"
"de.noun.gericht.dish","de.lex.gericht.dish"
"de.noun.gesamtbetrag","de.lex.gesamtbetrag"
"de.noun.geschaeft","de.lex.geschaeft"
"de.noun.geschaeftsreise","de.lex.geschaeftsreise"
"de.noun.geschichte","de.lex.geschichte"
"de.noun.geschwindigkeit","de.lex.geschwindigkeit"
"de.noun.gesellschaft","de.lex.gesellschaft"
"de.noun.gesetz","de.lex.gesetz"
"de.noun.gesicht","de.lex.gesicht"
"de.noun.gesicht.face","de.lex.gesicht"
"de.noun.gesicht.the-face","de.lex.gesicht"
"de.noun.gespraech","de.lex.gespraech"
"de.noun.gesundheit.bless-you","de.lex.gesundheit-2"
"de.noun.gesundheit.health","de.lex.gesundheit"
"de.noun.gewerkschaft","de.lex.gewerkschaft"
"de.noun.gewicht","de.lex.gewicht"
"de.noun.gewinn","de.lex.gewinn"
"de.noun.gewohnheit","de.lex.gewohnheit"
"de.noun.giebel","de.lex.giebel"
"de.noun.gift","de.lex.gift"
"de.noun.giraffe","de.lex.giraffe"
"de.noun.gitarre","de.lex.gitarre"
"de.noun.glas","de.lex.glas"
"de.noun.glas.glass","de.lex.glas"
"de.noun.glas.glass-drinking","de.lex.glas"
"de.noun.glaube","de.lex.glaube"
"de.noun.gleichheit","de.lex.gleichheit"
"de.noun.gletscher","de.lex.gletscher"
"de.noun.globalisierung","de.lex.globalisierung"
"de.noun.glueck.happiness","de.lex.glueck.happiness"
"de.noun.glueck.happiness-2","de.lex.glueck.happiness-2"
"de.noun.glueck.luck","de.lex.glueck.happiness"
"de.noun.glueck.luck-happiness","de.lex.glueck.happiness"
"de.noun.gluehbirne","de.lex.gluehbirne"
"de.noun.gold","de.lex.gold"
"de.noun.golf","de.lex.golf"
"de.noun.gorilla","de.lex.gorilla"
"de.noun.gott","de.lex.gott"
"de.noun.grab","de.lex.grab"
"de.noun.grammatik","de.lex.grammatik"
"de.noun.gras","de.lex.gras"
"de.noun.grenze.border","de.lex.grenze.border"
"de.noun.grenze.boundary","de.lex.grenze.boundary"
"de.noun.grenze.limit","de.lex.grenze.limit"
"de.noun.grenze.the-limit","de.lex.grenze.limit"
"de.noun.grippe","de.lex.grippe"
"de.noun.grossmutter","de.lex.grossmutter"
"de.noun.grossvater","de.lex.grossvater"
"de.noun.grueezi","de.lex.grueezi"
"de.noun.grund","de.lex.grund"
"de.noun.grundschule","de.lex.grundschule"
"de.noun.gruppe","de.lex.gruppe"
"de.noun.guertel","de.lex.guertel"
"de.noun.guertel.belt","de.lex.guertel"
"de.noun.guertel.belt-girdle","de.lex.guertel"
"de.noun.gummi","de.lex.gummi"
"de.noun.gurke","de.lex.gurke"
"de.noun.gutschein","de.lex.gutschein"
"de.noun.gymnasium","de.lex.gymnasium"
"de.noun.gymnasium.grammar-school-high-school","de.lex.gymnasium"
"de.noun.gymnasium.high-school","de.lex.gymnasium"
"de.noun.gymnasium.high-school-grammar-school","de.lex.gymnasium"
"de.noun.haar","de.lex.haar"
"de.noun.haehnchen","de.lex.haehnchen"
"de.noun.haelfte","de.lex.haelfte"
"de.noun.hafen.harbor","de.lex.hafen.harbor"
"de.noun.hafen.harbour","de.lex.hafen.harbour"
"de.noun.hagel","de.lex.hagel"
"de.noun.hai","de.lex.hai"
"de.noun.haken","de.lex.haken"
"de.noun.halle","de.lex.halle"
"de.noun.hallo","de.lex.hallo"
"de.noun.hals","de.lex.hals"
"de.noun.halskette","de.lex.halskette"
"de.noun.hamburg","de.lex.hamburg"
"de.noun.hammer","de.lex.hammer"
"de.noun.hand","de.lex.hand"
"de.noun.handgelenk","de.lex.handgelenk"
"de.noun.handgepaeck","de.lex.handgepaeck"
"de.noun.handschuh","de.lex.handschuh"
"de.noun.handschuhe","de.lex.handschuhe"
"de.noun.handtuch","de.lex.handtuch"
"de.noun.handy","de.lex.handy"
"de.noun.hase","de.lex.hase"
"de.noun.hashtag","de.lex.hashtag"
"de.noun.hass.hate","de.lex.hass.hate"
"de.noun.hass.hatred","de.lex.hass.hatred"
"de.noun.haupt","de.lex.haupt"
"de.noun.hauptschule","de.lex.hauptschule"
"de.noun.haus","de.lex.haus"
"de.noun.hausaufgabe","de.lex.hausaufgabe"
"de.noun.haut","de.lex.haut"
"de.noun.heiligabend","de.lex.heiligabend"
"de.noun.heimat","de.lex.heimat"
"de.noun.held","de.lex.held"
"de.noun.hemd","de.lex.hemd"
"de.noun.hemd.shirt","de.lex.hemd"
"de.noun.hemd.the-shirt","de.lex.hemd"
"de.noun.herbst","de.lex.herbst"
"de.noun.herd","de.lex.herd"
"de.noun.herz","de.lex.herz"
"de.noun.herz.heart","de.lex.herz"
"de.noun.herz.the-heart","de.lex.herz"
"de.noun.herzfrequenz","de.lex.herzfrequenz"
"de.noun.hilfe","de.lex.hilfe"
"de.noun.hilfe.help","de.lex.hilfe"
"de.noun.hilfe.the-help","de.lex.hilfe"
"de.noun.himmel","de.lex.himmel"
"de.noun.himmel.sky","de.lex.himmel"
"de.noun.himmel.sky-heaven","de.lex.himmel"
"de.noun.himmel.the-sky-heaven","de.lex.himmel"
"de.noun.hirsch","de.lex.hirsch"
"de.noun.hitze","de.lex.hitze"
"de.noun.hobby","de.lex.hobby"
"de.noun.hochzeit","de.lex.hochzeit"
"de.noun.hoehle","de.lex.hoehle"
"de.noun.hoelle","de.lex.hoelle"
"de.noun.hoffnung","de.lex.hoffnung"
"de.noun.hoffnung.hope","de.lex.hoffnung"
"de.noun.hoffnung.hope-noun","de.lex.hoffnung"
"de.noun.holz","de.lex.holz"
"de.noun.honig","de.lex.honig"
"de.noun.honig.honey","de.lex.honig"
"de.noun.honig.the-honey","de.lex.honig"
"de.noun.horn","de.lex.horn"
"de.noun.hornisse","de.lex.hornisse"
"de.noun.hose.pants","de.lex.hose.pants"
"de.noun.hose.trousers","de.lex.hose.trousers"
"de.noun.hotel","de.lex.hotel"
"de.noun.huefte","de.lex.huefte"
"de.noun.huegel","de.lex.huegel"
"de.noun.huhn","de.lex.huhn"
"de.noun.huhn.chicken-hen","de.lex.huhn"
"de.noun.huhn.chicken-hen-2","de.lex.huhn"
"de.noun.hund","de.lex.hund"
"de.noun.hunger","de.lex.hunger"
"de.noun.hunger.hunger","de.lex.hunger"
"de.noun.hunger.the-hunger","de.lex.hunger"
"de.noun.hut","de.lex.hut"
"de.noun.hypothese","de.lex.hypothese"
"de.noun.idee","de.lex.idee"
"de.noun.immunsystem","de.lex.immunsystem"
"de.noun.impfstoff","de.lex.impfstoff"
"de.noun.import","de.lex.import"
"de.noun.industrie","de.lex.industrie"
"de.noun.inflation","de.lex.inflation"
"de.noun.influencer","de.lex.influencer"
"de.noun.information","de.lex.information"
"de.noun.information.information","de.lex.information"
"de.noun.information.the-information","de.lex.information"
"de.noun.ingenieur","de.lex.ingenieur"
"de.noun.innovation","de.lex.innovation"
"de.noun.insel","de.lex.insel"
"de.noun.insolvenz","de.lex.insolvenz"
"de.noun.integration","de.lex.integration"
"de.noun.interesse","de.lex.interesse"
"de.noun.internet","de.lex.internet"
"de.noun.investition","de.lex.investition"
"de.noun.jacke","de.lex.jacke"
"de.noun.jacke.jacket","de.lex.jacke"
"de.noun.jacke.the-jacket","de.lex.jacke"
"de.noun.jahr","de.lex.jahr"
"de.noun.jahrestag","de.lex.jahrestag"
"de.noun.jahrhundert","de.lex.jahrhundert"
"de.noun.jahrzehnt","de.lex.jahrzehnt"
"de.noun.januar","de.lex.januar"
"de.noun.jeans","de.lex.jeans"
"de.noun.jedenfalls","de.lex.jedenfalls"
"de.noun.jetlag","de.lex.jetlag"
"de.noun.job","de.lex.job"
"de.noun.journalist","de.lex.journalist"
"de.noun.juli","de.lex.juli"
"de.noun.junge","de.lex.junge"
"de.noun.juni","de.lex.juni"
"de.noun.kabel","de.lex.kabel"
"de.noun.kaemmerchen","de.lex.kaemmerchen"
"de.noun.kaenguru","de.lex.kaenguru"
"de.noun.kaese","de.lex.kaese"
"de.noun.kaffee","de.lex.kaffee"
"de.noun.kaffeemaschine","de.lex.kaffeemaschine"
"de.noun.kalb","de.lex.kalb"
"de.noun.kalender","de.lex.kalender"
"de.noun.kamel","de.lex.kamel"
"de.noun.kamera","de.lex.kamera"
"de.noun.kamin","de.lex.kamin"
"de.noun.kamm","de.lex.kamm"
"de.noun.kammer","de.lex.kammer"
"de.noun.kanal.canal","de.lex.kanal.canal"
"de.noun.kanal.channel","de.lex.kanal.channel"
"de.noun.kaninchen","de.lex.kaninchen"
"de.noun.kapazitaet","de.lex.kapazitaet"
"de.noun.kapitel","de.lex.kapitel"
"de.noun.karotte","de.lex.karotte"
"de.noun.karriere","de.lex.karriere"
"de.noun.karte","de.lex.karte"
"de.noun.karte.card","de.lex.karte"
"de.noun.karte.card-map","de.lex.karte"
"de.noun.karte.map","de.lex.karte"
"de.noun.kartoffel","de.lex.kartoffel"
"de.noun.kasse","de.lex.kasse"
"de.noun.katze","de.lex.katze"
"de.noun.kaution","de.lex.kaution"
"de.noun.keks","de.lex.keks"
"de.noun.keller","de.lex.keller"
"de.noun.keller.cellar","de.lex.keller"
"de.noun.keller.cellar-basement","de.lex.keller"
"de.noun.kellner","de.lex.kellner"
"de.noun.kellnerin","de.lex.kellnerin"
"de.noun.kette","de.lex.kette"
"de.noun.kind","de.lex.kind"
"de.noun.kinn","de.lex.kinn"
"de.noun.kino","de.lex.kino"
"de.noun.kirche","de.lex.kirche"
"de.noun.kirsche","de.lex.kirsche"
"de.noun.kissen","de.lex.kissen"
"de.noun.klarheit","de.lex.klarheit"
"de.noun.klasse","de.lex.klasse"
"de.noun.klassenzimmer","de.lex.klassenzimmer"
"de.noun.klavier","de.lex.klavier"
"de.noun.kleid","de.lex.kleid"
"de.noun.kleiderschrank","de.lex.kleiderschrank"
"de.noun.kleidung","de.lex.kleidung"
"de.noun.klimawandel","de.lex.klimawandel"
"de.noun.klingel","de.lex.klingel"
"de.noun.klinik","de.lex.klinik"
"de.noun.klippe","de.lex.klippe"
"de.noun.knabe","de.lex.knabe"
"de.noun.knecht","de.lex.knecht"
"de.noun.knie","de.lex.knie"
"de.noun.knoblauch","de.lex.knoblauch"
"de.noun.knochen","de.lex.knochen"
"de.noun.knoechel","de.lex.knoechel"
"de.noun.knopf","de.lex.knopf"
"de.noun.knoten","de.lex.knoten"
"de.noun.koch","de.lex.koch"
"de.noun.kochen","de.lex.kochen.cooking"
"de.noun.kochen.cooking","de.lex.kochen.cooking"
"de.noun.koeln","de.lex.koeln"
"de.noun.koenig","de.lex.koenig"
"de.noun.koenigin","de.lex.koenigin"
"de.noun.koffer","de.lex.koffer"
"de.noun.kohl","de.lex.kohl"
"de.noun.kohle","de.lex.kohle"
"de.noun.kollege","de.lex.kollege"
"de.noun.kollegin","de.lex.kollegin"
"de.noun.komm","de.lex.komm"
"de.noun.kommentar","de.lex.kommentar"
"de.noun.kommt","de.lex.kommt"
"de.noun.konflikt","de.lex.konflikt"
"de.noun.konto","de.lex.konto"
"de.noun.konzert","de.lex.konzert"
"de.noun.kopf","de.lex.kopf"
"de.noun.kopf.head","de.lex.kopf"
"de.noun.kopf.the-head","de.lex.kopf"
"de.noun.kopfschmerzen","de.lex.kopfschmerzen"
"de.noun.korb","de.lex.korb"
"de.noun.korn","de.lex.korn"
"de.noun.korruption","de.lex.korruption"
"de.noun.kosten","de.lex.kosten"
"de.noun.kraehe","de.lex.kraehe"
"de.noun.kraft","de.lex.kraft"
"de.noun.kraft.power","de.lex.kraft"
"de.noun.kraft.strength-power","de.lex.kraft"
"de.noun.krankenhaus","de.lex.krankenhaus"
"de.noun.krankenpfleger","de.lex.krankenpfleger"
"de.noun.krankenschwester","de.lex.krankenschwester"
"de.noun.krankenversicherung","de.lex.krankenversicherung"
"de.noun.krankenwagen","de.lex.krankenwagen"
"de.noun.krankheit","de.lex.krankheit"
"de.noun.krawatte","de.lex.krawatte"
"de.noun.krebs","de.lex.krebs"
"de.noun.kreditkarte","de.lex.kreditkarte"
"de.noun.kreis","de.lex.kreis"
"de.noun.kreisverkehr","de.lex.kreisverkehr"
"de.noun.kreuzung","de.lex.kreuzung"
"de.noun.krieg","de.lex.krieg"
"de.noun.krise","de.lex.krise"
"de.noun.krokodil","de.lex.krokodil"
"de.noun.kuchen","de.lex.kuchen"
"de.noun.kueche","de.lex.kueche"
"de.noun.kuechenchef","de.lex.kuechenchef"
"de.noun.kuehlschrank","de.lex.kuehlschrank"
"de.noun.kuenstler","de.lex.kuenstler"
"de.noun.kueste","de.lex.kueste"
"de.noun.kuh","de.lex.kuh"
"de.noun.kultur","de.lex.kultur"
"de.noun.kummer","de.lex.kummer"
"de.noun.kundenkarte","de.lex.kundenkarte"
"de.noun.kunst","de.lex.kunst"
"de.noun.kunstgalerie","de.lex.kunstgalerie"
"de.noun.kupfer","de.lex.kupfer"
"de.noun.labor","de.lex.labor"
"de.noun.ladegeraet","de.lex.ladegeraet"
"de.noun.laden","de.lex.laden"
"de.noun.lamm","de.lex.lamm"
"de.noun.lampe","de.lex.lampe"
"de.noun.land","de.lex.land"
"de.noun.langeweile","de.lex.langeweile"
"de.noun.laptop","de.lex.laptop"
"de.noun.last-minute-buchung","de.lex.last-minute-buchung"
"de.noun.laub","de.lex.laub"
"de.noun.laufen","de.lex.laufen.running"
"de.noun.laufen.running","de.lex.laufen.running"
"de.noun.laus","de.lex.laus"
"de.noun.leben","de.lex.leben.life"
"de.noun.leben.life","de.lex.leben.life"
"de.noun.leben.the-life","de.lex.leben.life"
"de.noun.lebenslauf","de.lex.lebenslauf"
"de.noun.lebensqualitaet","de.lex.lebensqualitaet"
"de.noun.leber","de.lex.leber"
"de.noun.leder","de.lex.leder"
"de.noun.lehrer","de.lex.lehrer"
"de.noun.lehrer.teacher","de.lex.lehrer"
"de.noun.lehrer.teacher-m","de.lex.lehrer"
"de.noun.lehrerin","de.lex.lehrerin"
"de.noun.lehrerin.teacher-f","de.lex.lehrerin"
"de.noun.lehrerin.the-female-teacher","de.lex.lehrerin"
"de.noun.lehrplan","de.lex.lehrplan"
"de.noun.leidenschaft","de.lex.leidenschaft"
"de.noun.leider","de.lex.leider"
"de.noun.leinen","de.lex.leinen"
"de.noun.leinen.linen","de.lex.leinen"
"de.noun.leinen.the-linen","de.lex.leinen"
"de.noun.leistung","de.lex.leistung"
"de.noun.leiter","de.lex.leiter"
"de.noun.lesen","de.lex.lesen.reading"
"de.noun.letztendlich","de.lex.letztendlich"
"de.noun.leuchtturm","de.lex.leuchtturm"
"de.noun.leute","de.lex.leute"
"de.noun.licht","de.lex.licht"
"de.noun.lichtschalter","de.lex.lichtschalter"
"de.noun.liebe","de.lex.liebe"
"de.noun.liechtenstein","de.lex.liechtenstein"
"de.noun.lieferung","de.lex.lieferung"
"de.noun.limonade","de.lex.limonade"
"de.noun.lineal","de.lex.lineal"
"de.noun.linie","de.lex.linie"
"de.noun.lippe","de.lex.lippe"
"de.noun.lizenz","de.lex.lizenz"
"de.noun.loeffel","de.lex.loeffel"
"de.noun.loesung","de.lex.loesung"
"de.noun.loewe","de.lex.loewe"
"de.noun.lohn","de.lex.lohn"
"de.noun.lokal","de.lex.lokal"
"de.noun.luege","de.lex.luege"
"de.noun.luft","de.lex.luft"
"de.noun.luft.air","de.lex.luft"
"de.noun.luft.the-air","de.lex.luft"
"de.noun.lunge","de.lex.lunge"
"de.noun.macht","de.lex.macht"
"de.noun.maedchen","de.lex.maedchen"
"de.noun.maedchen.girl","de.lex.maedchen"
"de.noun.maedchen.the-girl","de.lex.maedchen"
"de.noun.maerz","de.lex.maerz"
"de.noun.magen","de.lex.magen"
"de.noun.mahlzeit","de.lex.mahlzeit"
"de.noun.mai","de.lex.mai"
"de.noun.mais","de.lex.mais"
"de.noun.malen","de.lex.malen.painting"
"de.noun.malen.painting","de.lex.malen.painting"
"de.noun.maler","de.lex.maler"
"de.noun.manager","de.lex.manager"
"de.noun.mann","de.lex.mann"
"de.noun.mannschaft","de.lex.mannschaft"
"de.noun.mantel","de.lex.mantel"
"de.noun.marke","de.lex.marke"
"de.noun.markt","de.lex.markt"
"de.noun.marmelade","de.lex.marmelade"
"de.noun.massband","de.lex.massband"
"de.noun.mathematik","de.lex.mathematik"
"de.noun.mauer.outdoor","de.lex.mauer.outdoor"
"de.noun.mauer.wall","de.lex.mauer.wall"
"de.noun.mauer.wall-freestanding-outdoor","de.lex.mauer.outdoor"
"de.noun.mauer.wall-outer","de.lex.mauer.wall"
"de.noun.maus","de.lex.maus"
"de.noun.mechaniker","de.lex.mechaniker"
"de.noun.medaille","de.lex.medaille"
"de.noun.medikament","de.lex.medikament"
"de.noun.medizin","de.lex.medizin"
"de.noun.meer","de.lex.meer"
"de.noun.meer.sea","de.lex.meer"
"de.noun.meer.sea-ocean","de.lex.meer"
"de.noun.meerschweinchen","de.lex.meerschweinchen"
"de.noun.meeting","de.lex.meeting"
"de.noun.mehl","de.lex.mehl"
"de.noun.mehrwertsteuer","de.lex.mehrwertsteuer"
"de.noun.meinung","de.lex.meinung"
"de.noun.meisterschaft","de.lex.meisterschaft"
"de.noun.menge","de.lex.menge"
"de.noun.mensa","de.lex.mensa"
"de.noun.mensch","de.lex.mensch"
"de.noun.menschenrechte","de.lex.menschenrechte"
"de.noun.messe","de.lex.messe"
"de.noun.messer","de.lex.messer"
"de.noun.metall","de.lex.metall"
"de.noun.methode","de.lex.methode"
"de.noun.metzger","de.lex.metzger"
"de.noun.metzgerei","de.lex.metzgerei"
"de.noun.mikroskop","de.lex.mikroskop"
"de.noun.mikrowelle","de.lex.mikrowelle"
"de.noun.milch","de.lex.milch"
"de.noun.minute","de.lex.minute"
"de.noun.misserfolg","de.lex.misserfolg"
"de.noun.mist","de.lex.mist"
"de.noun.mitgefuehl","de.lex.mitgefuehl"
"de.noun.mitgliedschaft","de.lex.mitgliedschaft"
"de.noun.mittag","de.lex.mittag"
"de.noun.mittagessen","de.lex.mittagessen"
"de.noun.mitte","de.lex.mitte"
"de.noun.mitternacht","de.lex.mitternacht"
"de.noun.mittwoch","de.lex.mittwoch"
"de.noun.mode","de.lex.mode"
"de.noun.modell","de.lex.modell"
"de.noun.moeglichkeit","de.lex.moeglichkeit"
"de.noun.molekuel","de.lex.molekuel"
"de.noun.moment","de.lex.moment"
"de.noun.monat","de.lex.monat"
"de.noun.mond","de.lex.mond"
"de.noun.montag","de.lex.montag"
"de.noun.morgen","de.lex.morgen.morning"
"de.noun.morgen.morning","de.lex.morgen.morning"
"de.noun.morgendaemmerung","de.lex.morgendaemmerung"
"de.noun.morgenroutine","de.lex.morgenroutine"
"de.noun.moschee","de.lex.moschee"
"de.noun.motivation","de.lex.motivation"
"de.noun.motorrad","de.lex.motorrad"
"de.noun.muecke","de.lex.muecke"
"de.noun.muelleimer","de.lex.muelleimer"
"de.noun.muenchen","de.lex.muenchen"
"de.noun.muenze","de.lex.muenze"
"de.noun.muetze.cap","de.lex.muetze.cap"
"de.noun.muetze.hat","de.lex.muetze.hat"
"de.noun.muetze.the-cap","de.lex.muetze.cap"
"de.noun.mund","de.lex.mund"
"de.noun.museum","de.lex.museum"
"de.noun.musik","de.lex.musik"
"de.noun.musiker","de.lex.musiker"
"de.noun.muskel","de.lex.muskel"
"de.noun.mut","de.lex.mut"
"de.noun.mutter","de.lex.mutter"
"de.noun.muttersprache","de.lex.muttersprache"
"de.noun.nachbar.neighbor","de.lex.nachbar.neighbor"
"de.noun.nachbar.neighbor-m","de.lex.nachbar.neighbor"
"de.noun.nachbar.neighbour","de.lex.nachbar.neighbour"
"de.noun.nachbarin","de.lex.nachbarin"
"de.noun.nachbarschaft","de.lex.nachbarschaft"
"de.noun.nachmittag","de.lex.nachmittag"
"de.noun.nachricht","de.lex.nachricht"
"de.noun.nacht","de.lex.nacht"
"de.noun.nacht.night","de.lex.nacht"
"de.noun.nacht.the-night","de.lex.nacht"
"de.noun.nadel","de.lex.nadel"
"de.noun.nagel","de.lex.nagel"
"de.noun.nagel.nail","de.lex.nagel"
"de.noun.nagel.nail-finger-and-metal","de.lex.nagel"
"de.noun.nagel.nail-hardware","de.lex.nagel"
"de.noun.name","de.lex.name"
"de.noun.name.name","de.lex.name"
"de.noun.name.the-name","de.lex.name"
"de.noun.narbe","de.lex.narbe"
"de.noun.nase","de.lex.nase"
"de.noun.natel","de.lex.natel"
"de.noun.nation","de.lex.nation"
"de.noun.nationalitaet","de.lex.nationalitaet"
"de.noun.natuerlich","de.lex.natuerlich"
"de.noun.natuerlich.of-course","de.lex.natuerlich"
"de.noun.natuerlich.of-course-2","de.lex.natuerlich"
"de.noun.natur","de.lex.natur"
"de.noun.naturschutzgebiet","de.lex.naturschutzgebiet"
"de.noun.nebel","de.lex.nebel"
"de.noun.neffe","de.lex.neffe"
"de.noun.nest","de.lex.nest"
"de.noun.netz","de.lex.netz"
"de.noun.netzwerk","de.lex.netzwerk"
"de.noun.nichte","de.lex.nichte"
"de.noun.niere","de.lex.niere"
"de.noun.nilpferd","de.lex.nilpferd"
"de.noun.niveau","de.lex.niveau"
"de.noun.niveau.level","de.lex.niveau"
"de.noun.niveau.the-level","de.lex.niveau"
"de.noun.norden","de.lex.norden"
"de.noun.nostalgie","de.lex.nostalgie"
"de.noun.notausgang","de.lex.notausgang"
"de.noun.note","de.lex.note"
"de.noun.notfall","de.lex.notfall"
"de.noun.notizbuch","de.lex.notizbuch"
"de.noun.november","de.lex.november"
"de.noun.nudel","de.lex.nudel"
"de.noun.nudeln","de.lex.nudeln"
"de.noun.nummer.number","de.lex.nummer.number"
"de.noun.nummer.number-of-a-house","de.lex.nummer.number-of-a-house"
"de.noun.nummer.number-of-a-house-phone","de.lex.nummer.number-of-a-house"
"de.noun.nummer.the-number","de.lex.nummer.number"
"de.noun.nuss","de.lex.nuss"
"de.noun.oberflaeche","de.lex.oberflaeche"
"de.noun.ochse","de.lex.ochse"
"de.noun.oekosystem","de.lex.oekosystem"
"de.noun.oel","de.lex.oel"
"de.noun.oesterreich","de.lex.oesterreich"
"de.noun.ofen","de.lex.ofen"
"de.noun.ohr","de.lex.ohr"
"de.noun.ohrring","de.lex.ohrring"
"de.noun.oktober","de.lex.oktober"
"de.noun.oldtimer","de.lex.oldtimer"
"de.noun.onkel","de.lex.onkel"
"de.noun.oper","de.lex.oper"
"de.noun.operation","de.lex.operation"
"de.noun.orange","de.lex.orange"
"de.noun.ordner","de.lex.ordner"
"de.noun.organisation","de.lex.organisation"
"de.noun.ort","de.lex.ort"
"de.noun.ortszeit","de.lex.ortszeit"
"de.noun.osterei","de.lex.osterei"
"de.noun.ostern","de.lex.ostern"
"de.noun.ozean","de.lex.ozean"
"de.noun.pandemie","de.lex.pandemie"
"de.noun.papagei","de.lex.papagei"
"de.noun.papier","de.lex.papier"
"de.noun.parameter","de.lex.parameter"
"de.noun.park","de.lex.park"
"de.noun.parkplatz","de.lex.parkplatz"
"de.noun.parlament","de.lex.parlament"
"de.noun.partner","de.lex.partner"
"de.noun.party","de.lex.party"
"de.noun.passwort","de.lex.passwort"
"de.noun.person","de.lex.person"
"de.noun.personal","de.lex.personal"
"de.noun.personalausweis","de.lex.personalausweis"
"de.noun.pfad","de.lex.pfad"
"de.noun.pfanne","de.lex.pfanne"
"de.noun.pfeffer","de.lex.pfeffer"
"de.noun.pfeffer.pepper","de.lex.pfeffer"
"de.noun.pfeffer.pepper-spice","de.lex.pfeffer"
"de.noun.pferd","de.lex.pferd"
"de.noun.pfirsich","de.lex.pfirsich"
"de.noun.pflanze","de.lex.pflanze"
"de.noun.pflaume","de.lex.pflaume"
"de.noun.pfund","de.lex.pfund"
"de.noun.photosynthese","de.lex.photosynthese"
"de.noun.physik","de.lex.physik"
"de.noun.pilot","de.lex.pilot"
"de.noun.pilz","de.lex.pilz"
"de.noun.pinguin","de.lex.pinguin"
"de.noun.plagiat","de.lex.plagiat"
"de.noun.plan","de.lex.plan"
"de.noun.plastik","de.lex.plastik"
"de.noun.platz","de.lex.platz"
"de.noun.platz.square-in-a-town","de.lex.platz"
"de.noun.platz.square-place","de.lex.platz"
"de.noun.plural","de.lex.plural"
"de.noun.podcast","de.lex.podcast"
"de.noun.pokal","de.lex.pokal"
"de.noun.politik","de.lex.politik"
"de.noun.politiker","de.lex.politiker"
"de.noun.polizei","de.lex.polizei"
"de.noun.polizeiwache","de.lex.polizeiwache"
"de.noun.polizist","de.lex.polizist"
"de.noun.position","de.lex.position"
"de.noun.postamt","de.lex.postamt"
"de.noun.postfach","de.lex.postfach"
"de.noun.praesentation","de.lex.praesentation"
"de.noun.praeservativ","de.lex.praeservativ"
"de.noun.praxis","de.lex.praxis"
"de.noun.preis","de.lex.preis"
"de.noun.preisliste","de.lex.preisliste"
"de.noun.preisschild","de.lex.preisschild"
"de.noun.priester","de.lex.priester"
"de.noun.prinzip","de.lex.prinzip"
"de.noun.problem","de.lex.problem"
"de.noun.produkt","de.lex.produkt"
"de.noun.professor","de.lex.professor"
"de.noun.profilbild","de.lex.profilbild"
"de.noun.programm","de.lex.programm"
"de.noun.programmierer","de.lex.programmierer"
"de.noun.programmiersprache","de.lex.programmiersprache"
"de.noun.projekt","de.lex.projekt"
"de.noun.prospekt","de.lex.prospekt"
"de.noun.prost","de.lex.prost"
"de.noun.protest","de.lex.protest"
"de.noun.provision","de.lex.provision"
"de.noun.prozess","de.lex.prozess"
"de.noun.prozess.process","de.lex.prozess"
"de.noun.prozess.the-process","de.lex.prozess"
"de.noun.pruefung","de.lex.pruefung"
"de.noun.psychologe","de.lex.psychologe"
"de.noun.pullover","de.lex.pullover"
"de.noun.punkt","de.lex.punkt"
"de.noun.punkt.point","de.lex.punkt"
"de.noun.punkt.the-point","de.lex.punkt"
"de.noun.punktestand","de.lex.punktestand"
"de.noun.quadrat","de.lex.quadrat"
"de.noun.qualitaet","de.lex.qualitaet"
"de.noun.quark","de.lex.quark"
"de.noun.quittung","de.lex.quittung"
"de.noun.rabatt","de.lex.rabatt"
"de.noun.rabe","de.lex.rabe"
"de.noun.rad","de.lex.rad"
"de.noun.radfahren","de.lex.radfahren"
"de.noun.radfahren.cycling","de.lex.radfahren"
"de.noun.radio","de.lex.radio"
"de.noun.raeuber","de.lex.raeuber"
"de.noun.raeumungsverkauf","de.lex.raeumungsverkauf"
"de.noun.rand","de.lex.rand"
"de.noun.rat","de.lex.rat"
"de.noun.rat.advice","de.lex.rat"
"de.noun.rat.advice-council","de.lex.rat"
"de.noun.rat.advice-council-2","de.lex.rat"
"de.noun.rate","de.lex.rate"
"de.noun.rathaus","de.lex.rathaus"
"de.noun.ratte","de.lex.ratte"
"de.noun.rauch","de.lex.rauch"
"de.noun.raum","de.lex.raum"
"de.noun.reaktion","de.lex.reaktion"
"de.noun.rechnung.bill","de.lex.rechnung.bill"
"de.noun.rechnung.bill-invoice","de.lex.rechnung.bill"
"de.noun.rechnung.invoice","de.lex.rechnung.invoice"
"de.noun.recht.correct","de.lex.recht.correct"
"de.noun.recht.law-right","de.lex.recht.correct"
"de.noun.recht.right","de.lex.recht.correct"
"de.noun.referenz","de.lex.referenz"
"de.noun.regal","de.lex.regal"
"de.noun.regel","de.lex.regel"
"de.noun.regen","de.lex.regen"
"de.noun.regenbogen","de.lex.regenbogen"
"de.noun.regenschirm","de.lex.regenschirm"
"de.noun.region","de.lex.region"
"de.noun.regisseur","de.lex.regisseur"
"de.noun.reh","de.lex.reh"
"de.noun.reich","de.lex.reich.empire"
"de.noun.reich.empire","de.lex.reich.empire"
"de.noun.reichtum","de.lex.reichtum"
"de.noun.reis","de.lex.reis"
"de.noun.reise","de.lex.reise"
"de.noun.reisefuehrer","de.lex.reisefuehrer"
"de.noun.reiseplan","de.lex.reiseplan"
"de.noun.reiseversicherung","de.lex.reiseversicherung"
"de.noun.reissverschluss","de.lex.reissverschluss"
"de.noun.religion","de.lex.religion"
"de.noun.rennen","de.lex.rennen.race"
"de.noun.rennen.race","de.lex.rennen.race"
"de.noun.rente","de.lex.rente"
"de.noun.respekt","de.lex.respekt"
"de.noun.restaurant","de.lex.restaurant"
"de.noun.revolution","de.lex.revolution"
"de.noun.rezept.prescription","de.lex.rezept.prescription"
"de.noun.rezept.prescription-2","de.lex.rezept.prescription-2"
"de.noun.rezept.recipe","de.lex.rezept.prescription"
"de.noun.rezept.recipe-prescription","de.lex.rezept.prescription"
"de.noun.rezeption","de.lex.rezeption"
"de.noun.rezession","de.lex.rezession"
"de.noun.richter","de.lex.richter"
"de.noun.richtung","de.lex.richtung"
"de.noun.richtung.direction","de.lex.richtung"
"de.noun.richtung.the-direction","de.lex.richtung"
"de.noun.rindfleisch","de.lex.rindfleisch"
"de.noun.ring","de.lex.ring"
"de.noun.rippe","de.lex.rippe"
"de.noun.risiko","de.lex.risiko"
"de.noun.rock","de.lex.rock"
"de.noun.rock.skirt","de.lex.rock"
"de.noun.rock.the-skirt","de.lex.rock"
"de.noun.roggen","de.lex.roggen"
"de.noun.rolle","de.lex.rolle"
"de.noun.roman","de.lex.roman"
"de.noun.routine","de.lex.routine"
"de.noun.rucksack","de.lex.rucksack"
"de.noun.ruecken","de.lex.ruecken"
"de.noun.ruecken.back","de.lex.ruecken"
"de.noun.ruecken.back-body","de.lex.ruecken"
"de.noun.rueckerstattung","de.lex.rueckerstattung"
"de.noun.rueckfahrkarte","de.lex.rueckfahrkarte"
"de.noun.rueckgabebedingungen","de.lex.rueckgabebedingungen"
"de.noun.sache","de.lex.sache"
"de.noun.saege","de.lex.saege"
"de.noun.saenger","de.lex.saenger"
"de.noun.saeule","de.lex.saeule"
"de.noun.saft","de.lex.saft"
"de.noun.salat.lettuce","de.lex.salat.lettuce"
"de.noun.salat.lettuce-2","de.lex.salat.lettuce-2"
"de.noun.salat.salad","de.lex.salat.lettuce"
"de.noun.salat.salad-lettuce","de.lex.salat.lettuce"
"de.noun.salbe","de.lex.salbe"
"de.noun.salz","de.lex.salz"
"de.noun.samstag","de.lex.samstag"
"de.noun.sand","de.lex.sand"
"de.noun.sattel","de.lex.sattel"
"de.noun.satz","de.lex.satz"
"de.noun.sauerkraut","de.lex.sauerkraut"
"de.noun.schach","de.lex.schach"
"de.noun.schachtel","de.lex.schachtel"
"de.noun.schaf","de.lex.schaf"
"de.noun.schal","de.lex.schal"
"de.noun.scham","de.lex.scham"
"de.noun.schatz","de.lex.schatz"
"de.noun.schau","de.lex.schau"
"de.noun.schauspieler","de.lex.schauspieler"
"de.noun.scheinwerfer","de.lex.scheinwerfer"
"de.noun.schere","de.lex.schere"
"de.noun.schiedsrichter","de.lex.schiedsrichter"
"de.noun.schiff","de.lex.schiff"
"de.noun.schildkroete","de.lex.schildkroete"
"de.noun.schildkroete.turtle","de.lex.schildkroete"
"de.noun.schildkroete.turtle-tortoise","de.lex.schildkroete"
"de.noun.schinken","de.lex.schinken"
"de.noun.schirm","de.lex.schirm"
"de.noun.schlaf","de.lex.schlaf"
"de.noun.schlaf.sleep","de.lex.schlaf"
"de.noun.schlaf.sleep-noun","de.lex.schlaf"
"de.noun.schlafanzug","de.lex.schlafanzug"
"de.noun.schlafzimmer","de.lex.schlafzimmer"
"de.noun.schlagzeug","de.lex.schlagzeug"
"de.noun.schlange","de.lex.schlange"
"de.noun.schlitten","de.lex.schlitten"
"de.noun.schloss","de.lex.schloss"
"de.noun.schluessel","de.lex.schluessel"
"de.noun.schlussfolgerung","de.lex.schlussfolgerung"
"de.noun.schmerz","de.lex.schmerz"
"de.noun.schmetterling","de.lex.schmetterling"
"de.noun.schmied","de.lex.schmied"
"de.noun.schnaeppchen","de.lex.schnaeppchen"
"de.noun.schnecke","de.lex.schnecke"
"de.noun.schnee","de.lex.schnee"
"de.noun.schnitzel","de.lex.schnitzel"
"de.noun.schnurrbart","de.lex.schnurrbart"
"de.noun.schokolade","de.lex.schokolade"
"de.noun.schrank","de.lex.schrank"
"de.noun.schraube","de.lex.schraube"
"de.noun.schraubenzieher","de.lex.schraubenzieher"
"de.noun.schrecken","de.lex.schrecken"
"de.noun.schreibtisch","de.lex.schreibtisch"
"de.noun.schriftsteller","de.lex.schriftsteller"
"de.noun.schritt","de.lex.schritt"
"de.noun.schublade","de.lex.schublade"
"de.noun.schueler","de.lex.schueler"
"de.noun.schuessel","de.lex.schuessel"
"de.noun.schuh","de.lex.schuh"
"de.noun.schuhe","de.lex.schuhe"
"de.noun.schuld","de.lex.schuld"
"de.noun.schuld.debt-guilt","de.lex.schuld"
"de.noun.schuld.guilt","de.lex.schuld"
"de.noun.schulden","de.lex.schulden"
"de.noun.schule","de.lex.schule"
"de.noun.schulter","de.lex.schulter"
"de.noun.schuss","de.lex.schuss"
"de.noun.schwalbe","de.lex.schwalbe"
"de.noun.schwan","de.lex.schwan"
"de.noun.schwarzbrot","de.lex.schwarzbrot"
"de.noun.schwein","de.lex.schwein"
"de.noun.schweinefleisch","de.lex.schweinefleisch"
"de.noun.schweiss","de.lex.schweiss"
"de.noun.schwerkraft","de.lex.schwerkraft"
"de.noun.schwert","de.lex.schwert"
"de.noun.schwester","de.lex.schwester"
"de.noun.schwimmbad","de.lex.schwimmbad"
"de.noun.schwimmen","de.lex.schwimmen.swimming"
"de.noun.schwimmen.swimming","de.lex.schwimmen.swimming"
"de.noun.screenshot","de.lex.screenshot"
"de.noun.see.lake","de.lex.see.lake"
"de.noun.see.poetic","de.lex.see.poetic"
"de.noun.see.sea-formal-poetic","de.lex.see.poetic"
"de.noun.see.sea-lake-die-see-sea","de.lex.see.lake"
"de.noun.seele","de.lex.seele"
"de.noun.segel","de.lex.segel"
"de.noun.seide","de.lex.seide"
"de.noun.seife","de.lex.seife"
"de.noun.seil","de.lex.seil"
"de.noun.seite.page","de.lex.seite.page"
"de.noun.seite.side","de.lex.seite.side"
"de.noun.seite.side-page","de.lex.seite.page"
"de.noun.seite.the-side","de.lex.seite.side"
"de.noun.sekunde","de.lex.sekunde"
"de.noun.sekunde.second-time","de.lex.sekunde"
"de.noun.sekunde.second-unit-of-time","de.lex.sekunde"
"de.noun.selbstvertrauen","de.lex.selbstvertrauen"
"de.noun.selbstwertgefuehl","de.lex.selbstwertgefuehl"
"de.noun.semester","de.lex.semester"
"de.noun.seminar","de.lex.seminar"
"de.noun.sendungsnummer","de.lex.sendungsnummer"
"de.noun.senf","de.lex.senf"
"de.noun.september","de.lex.september"
"de.noun.serie","de.lex.serie"
"de.noun.servus","de.lex.servus"
"de.noun.servus.hello-austrian-southern","de.lex.servus"
"de.noun.servus.hello-austrian-southern-2","de.lex.servus"
"de.noun.sessel","de.lex.sessel"
"de.noun.sicherheit","de.lex.sicherheit"
"de.noun.sie","de.lex.sie.you"
"de.noun.sie.you","de.lex.sie.you"
"de.noun.sieb","de.lex.sieb"
"de.noun.silber","de.lex.silber"
"de.noun.silvester","de.lex.silvester"
"de.noun.singen","de.lex.singen.singing"
"de.noun.singen.singing","de.lex.singen.singing"
"de.noun.situation","de.lex.situation"
"de.noun.situation.situation","de.lex.situation"
"de.noun.situation.the-situation","de.lex.situation"
"de.noun.skifahren","de.lex.skifahren"
"de.noun.skifahren.skiing","de.lex.skifahren"
"de.noun.smartphone","de.lex.smartphone"
"de.noun.smoking","de.lex.smoking"
"de.noun.snack","de.lex.snack"
"de.noun.snowboarden","de.lex.snowboarden"
"de.noun.socken","de.lex.socken"
"de.noun.sofa","de.lex.sofa"
"de.noun.software","de.lex.software"
"de.noun.sohn","de.lex.sohn"
"de.noun.solarpanel","de.lex.solarpanel"
"de.noun.soldat","de.lex.soldat"
"de.noun.sommer","de.lex.sommer"
"de.noun.sommersprossen","de.lex.sommersprossen"
"de.noun.sonderangebot","de.lex.sonderangebot"
"de.noun.sonne","de.lex.sonne"
"de.noun.sonne.sun","de.lex.sonne"
"de.noun.sonne.the-sun","de.lex.sonne"
"de.noun.sonntag","de.lex.sonntag"
"de.noun.sorge","de.lex.sorge"
"de.noun.souvenir","de.lex.souvenir"
"de.noun.sozusagen","de.lex.sozusagen"
"de.noun.spam","de.lex.spam"
"de.noun.spannung","de.lex.spannung"
"de.noun.speisekarte","de.lex.speisekarte"
"de.noun.spiegel","de.lex.spiegel"
"de.noun.spiel","de.lex.spiel"
"de.noun.spieler","de.lex.spieler"
"de.noun.spielzeug","de.lex.spielzeug"
"de.noun.spinat","de.lex.spinat"
"de.noun.spinne","de.lex.spinne"
"de.noun.spitze","de.lex.spitze"
"de.noun.sport","de.lex.sport"
"de.noun.sporthalle","de.lex.sporthalle"
"de.noun.sportkleidung","de.lex.sportkleidung"
"de.noun.sportverein","de.lex.sportverein"
"de.noun.sprache","de.lex.sprache"
"de.noun.sprache.language","de.lex.sprache"
"de.noun.sprache.language-speech","de.lex.sprache"
"de.noun.sprachkurs","de.lex.sprachkurs"
"de.noun.spritze","de.lex.spritze"
"de.noun.spuelmaschine","de.lex.spuelmaschine"
"de.noun.staatsbuergerschaft","de.lex.staatsbuergerschaft"
"de.noun.stab","de.lex.stab"
"de.noun.stadion","de.lex.stadion"
"de.noun.stadt","de.lex.stadt"
"de.noun.stadt.city","de.lex.stadt"
"de.noun.stadt.city-town","de.lex.stadt"
"de.noun.stadtzentrum","de.lex.stadtzentrum"
"de.noun.stahl","de.lex.stahl"
"de.noun.start-up","de.lex.start-up"
"de.noun.statue","de.lex.statue"
"de.noun.stau","de.lex.stau"
"de.noun.staubsauger","de.lex.staubsauger"
"de.noun.steckdose","de.lex.steckdose"
"de.noun.stein","de.lex.stein"
"de.noun.stern","de.lex.stern"
"de.noun.stern.star","de.lex.stern"
"de.noun.stern.the-star","de.lex.stern"
"de.noun.steuer","de.lex.steuer"
"de.noun.stich","de.lex.stich"
"de.noun.stiefel","de.lex.stiefel"
"de.noun.stiefmutter","de.lex.stiefmutter"
"de.noun.stiefvater","de.lex.stiefvater"
"de.noun.stift","de.lex.stift"
"de.noun.stinktier","de.lex.stinktier"
"de.noun.stipendium","de.lex.stipendium"
"de.noun.stirn","de.lex.stirn"
"de.noun.stock","de.lex.stock"
"de.noun.stolz","de.lex.stolz"
"de.noun.storch","de.lex.storch"
"de.noun.stornierung","de.lex.stornierung"
"de.noun.strahlung","de.lex.strahlung"
"de.noun.strand","de.lex.strand"
"de.noun.strand.beach","de.lex.strand"
"de.noun.strand.beach-shore","de.lex.strand"
"de.noun.strasse.road","de.lex.strasse.road"
"de.noun.strasse.street","de.lex.strasse.street"
"de.noun.strassenbahn","de.lex.strassenbahn"
"de.noun.strategie","de.lex.strategie"
"de.noun.streamingdienst","de.lex.streamingdienst"
"de.noun.stress","de.lex.stress"
"de.noun.stricken","de.lex.stricken"
"de.noun.stroh","de.lex.stroh"
"de.noun.strom.current","de.lex.strom.current"
"de.noun.strom.electric-current","de.lex.strom.electric-current"
"de.noun.strom.stream-electric-current","de.lex.strom.electric-current"
"de.noun.struktur","de.lex.struktur"
"de.noun.student","de.lex.student"
"de.noun.student.student","de.lex.student"
"de.noun.student.student-m","de.lex.student"
"de.noun.studentin","de.lex.studentin"
"de.noun.studiengebuehr","de.lex.studiengebuehr"
"de.noun.stueck","de.lex.stueck"
"de.noun.stufe","de.lex.stufe"
"de.noun.stuhl","de.lex.stuhl"
"de.noun.stunde.hour","de.lex.stunde.hour"
"de.noun.stunde.lesson","de.lex.stunde.lesson"
"de.noun.sturm","de.lex.sturm"
"de.noun.sueden","de.lex.sueden"
"de.noun.supermarkt","de.lex.supermarkt"
"de.noun.suppe","de.lex.suppe"
"de.noun.symptom","de.lex.symptom"
"de.noun.system","de.lex.system"
"de.noun.t-shirt","de.lex.t-shirt"
"de.noun.tablet","de.lex.tablet"
"de.noun.tablett","de.lex.tablett"
"de.noun.tablette","de.lex.tablette"
"de.noun.tafel","de.lex.tafel"
"de.noun.tag","de.lex.tag"
"de.noun.tal","de.lex.tal"
"de.noun.taler","de.lex.taler"
"de.noun.tankstelle","de.lex.tankstelle"
"de.noun.tante","de.lex.tante"
"de.noun.tanzen","de.lex.tanzen.dancing"
"de.noun.tanzen.dancing","de.lex.tanzen.dancing"
"de.noun.tasche.bag","de.lex.tasche.bag"
"de.noun.tasche.bag-pocket","de.lex.tasche.bag"
"de.noun.tasche.pocket","de.lex.tasche.pocket"
"de.noun.tasse","de.lex.tasse"
"de.noun.tastatur","de.lex.tastatur"
"de.noun.taste","de.lex.taste"
"de.noun.tatsache","de.lex.tatsache"
"de.noun.tattoo","de.lex.tattoo"
"de.noun.tau","de.lex.tau"
"de.noun.tau.dew","de.lex.tau"
"de.noun.tau.the-dew","de.lex.tau"
"de.noun.taube","de.lex.taube"
"de.noun.taube.dove-pigeon","de.lex.taube"
"de.noun.taube.pigeon","de.lex.taube"
"de.noun.taxi","de.lex.taxi"
"de.noun.team","de.lex.team"
"de.noun.technologie","de.lex.technologie"
"de.noun.tee","de.lex.tee"
"de.noun.teenager","de.lex.teenager"
"de.noun.teig","de.lex.teig"
"de.noun.teil","de.lex.teil"
"de.noun.telefon.phone","de.lex.telefon.phone"
"de.noun.telefon.telephone","de.lex.telefon.telephone"
"de.noun.telefonnummer","de.lex.telefonnummer"
"de.noun.teleskop","de.lex.teleskop"
"de.noun.teller","de.lex.teller"
"de.noun.temperatur","de.lex.temperatur"
"de.noun.tennis","de.lex.tennis"
"de.noun.teppich","de.lex.teppich"
"de.noun.termin","de.lex.termin"
"de.noun.termin.appointment","de.lex.termin"
"de.noun.termin.appointment-deadline","de.lex.termin"
"de.noun.termin.date-appointment","de.lex.termin"
"de.noun.terrasse","de.lex.terrasse"
"de.noun.teufel","de.lex.teufel"
"de.noun.text","de.lex.text"
"de.noun.theater.theater","de.lex.theater.theater"
"de.noun.theater.theatre","de.lex.theater.theatre"
"de.noun.theorie","de.lex.theorie"
"de.noun.therapie","de.lex.therapie"
"de.noun.ticket","de.lex.ticket"
"de.noun.tierarzt","de.lex.tierarzt"
"de.noun.tiger","de.lex.tiger"
"de.noun.tisch","de.lex.tisch"
"de.noun.tochter","de.lex.tochter"
"de.noun.tod","de.lex.tod"
"de.noun.tomate","de.lex.tomate"
"de.noun.ton","de.lex.ton"
"de.noun.topf","de.lex.topf"
"de.noun.tor.gate","de.lex.tor.gate"
"de.noun.tor.goal","de.lex.tor.goal"
"de.noun.tor.goal-in-sports","de.lex.tor.goal"
"de.noun.tradition","de.lex.tradition"
"de.noun.trainer","de.lex.trainer"
"de.noun.traube","de.lex.traube"
"de.noun.trauer","de.lex.trauer"
"de.noun.traum","de.lex.traum"
"de.noun.trauma","de.lex.trauma"
"de.noun.traurigkeit","de.lex.traurigkeit"
"de.noun.treibhauseffekt","de.lex.treibhauseffekt"
"de.noun.treppe","de.lex.treppe"
"de.noun.trinkgeld","de.lex.trinkgeld"
"de.noun.tropfen","de.lex.tropfen"
"de.noun.trost","de.lex.trost"
"de.noun.tschuess","de.lex.tschuess"
"de.noun.tuer","de.lex.tuer"
"de.noun.tunnel","de.lex.tunnel"
"de.noun.turm","de.lex.turm"
"de.noun.turnen","de.lex.turnen"
"de.noun.turnier","de.lex.turnier"
"de.noun.u-bahn","de.lex.u-bahn"
"de.noun.ueberraschung","de.lex.ueberraschung"
"de.noun.ueberschrift","de.lex.ueberschrift"
"de.noun.uebersetzung","de.lex.uebersetzung"
"de.noun.uebrigens","de.lex.uebrigens"
"de.noun.uebung","de.lex.uebung"
"de.noun.uhr.clock","de.lex.uhr.clock"
"de.noun.uhr.clock-2","de.lex.uhr.clock-2"
"de.noun.uhr.clock-watch","de.lex.uhr.clock"
"de.noun.uhr.watch","de.lex.uhr.clock"
"de.noun.umkleidekabine","de.lex.umkleidekabine"
"de.noun.umwelt","de.lex.umwelt"
"de.noun.universitaet","de.lex.universitaet"
"de.noun.unruhe","de.lex.unruhe"
"de.noun.unterhaltung","de.lex.unterhaltung"
"de.noun.unternehmer","de.lex.unternehmer"
"de.noun.unterschied","de.lex.unterschied"
"de.noun.unterstuetzung","de.lex.unterstuetzung"
"de.noun.unterwaesche","de.lex.unterwaesche"
"de.noun.upload","de.lex.upload"
"de.noun.urlaub","de.lex.urlaub"
"de.noun.ursache","de.lex.ursache"
"de.noun.vater","de.lex.vater"
"de.noun.verantwortung","de.lex.verantwortung"
"de.noun.verband","de.lex.verband"
"de.noun.verbesserung","de.lex.verbesserung"
"de.noun.verbindung","de.lex.verbindung"
"de.noun.vereinbarung","de.lex.vereinbarung"
"de.noun.verfassung","de.lex.verfassung"
"de.noun.vergangenheit","de.lex.vergangenheit"
"de.noun.verhalten","de.lex.verhalten"
"de.noun.verkauf","de.lex.verkauf"
"de.noun.verkehr","de.lex.verkehr"
"de.noun.verlust","de.lex.verlust"
"de.noun.verringerung","de.lex.verringerung"
"de.noun.versand","de.lex.versand"
"de.noun.verschluesselung","de.lex.verschluesselung"
"de.noun.versicherung","de.lex.versicherung"
"de.noun.versicherungskarte","de.lex.versicherungskarte"
"de.noun.versuch","de.lex.versuch"
"de.noun.vertrag","de.lex.vertrag"
"de.noun.vertrauen","de.lex.vertrauen"
"de.noun.video","de.lex.video"
"de.noun.videoanruf","de.lex.videoanruf"
"de.noun.videospiel","de.lex.videospiel"
"de.noun.vielleicht","de.lex.vielleicht"
"de.noun.viertel","de.lex.viertel"
"de.noun.virus","de.lex.virus"
"de.noun.visitenkarte","de.lex.visitenkarte"
"de.noun.visum","de.lex.visum"
"de.noun.vogel","de.lex.vogel"
"de.noun.volk","de.lex.volk"
"de.noun.volk.people-folk","de.lex.volk"
"de.noun.volk.the-nation-people","de.lex.volk"
"de.noun.volleyball","de.lex.volleyball"
"de.noun.vorhang","de.lex.vorhang"
"de.noun.vorlesung","de.lex.vorlesung"
"de.noun.vorort","de.lex.vorort"
"de.noun.vorstellung","de.lex.vorstellung"
"de.noun.vorstellungsgespraech","de.lex.vorstellungsgespraech"
"de.noun.vulkan","de.lex.vulkan"
"de.noun.wachs","de.lex.wachs"
"de.noun.wachstum","de.lex.wachstum"
"de.noun.waffe","de.lex.waffe"
"de.noun.wagen","de.lex.wagen"
"de.noun.wahl.choice","de.lex.wahl.choice"
"de.noun.wahl.election","de.lex.wahl.election"
"de.noun.wahrheit","de.lex.wahrheit"
"de.noun.wahrscheinlich","de.lex.wahrscheinlich"
"de.noun.wal","de.lex.wal"
"de.noun.wald","de.lex.wald"
"de.noun.wald.forest","de.lex.wald"
"de.noun.wald.the-forest","de.lex.wald"
"de.noun.wand","de.lex.wand"
"de.noun.wandern","de.lex.wandern.hiking"
"de.noun.wandern.hiking","de.lex.wandern.hiking"
"de.noun.wanderweg","de.lex.wanderweg"
"de.noun.wange","de.lex.wange"
"de.noun.wann","de.lex.wann"
"de.noun.ware","de.lex.ware"
"de.noun.warnung","de.lex.warnung"
"de.noun.warte","de.lex.warte"
"de.noun.wartet","de.lex.wartet"
"de.noun.wartezimmer","de.lex.wartezimmer"
"de.noun.warum","de.lex.warum"
"de.noun.was","de.lex.was"
"de.noun.waschbaer","de.lex.waschbaer"
"de.noun.waschmaschine","de.lex.waschmaschine"
"de.noun.wasser","de.lex.wasser"
"de.noun.wasserfall","de.lex.wasserfall"
"de.noun.wasserhahn","de.lex.wasserhahn"
"de.noun.wassermelone","de.lex.wassermelone"
"de.noun.webseite","de.lex.webseite"
"de.noun.wechselgeld","de.lex.wechselgeld"
"de.noun.wechselkurs","de.lex.wechselkurs"
"de.noun.wecker","de.lex.wecker"
"de.noun.weg.path","de.lex.weg.path"
"de.noun.weg.the-way","de.lex.weg.way"
"de.noun.weg.way","de.lex.weg.way"
"de.noun.weg.way-path","de.lex.weg.path"
"de.noun.weib","de.lex.weib"
"de.noun.weihnachtsbaum","de.lex.weihnachtsbaum"
"de.noun.weihnachtsmarkt","de.lex.weihnachtsmarkt"
"de.noun.wein","de.lex.wein"
"de.noun.weizen","de.lex.weizen"
"de.noun.welche","de.lex.welche"
"de.noun.welcher","de.lex.welcher"
"de.noun.welches","de.lex.welches"
"de.noun.welle","de.lex.welle"
"de.noun.welle.wave","de.lex.welle"
"de.noun.welle.wave-water","de.lex.welle"
"de.noun.welt","de.lex.welt"
"de.noun.welt.the-world","de.lex.welt"
"de.noun.welt.world","de.lex.welt"
"de.noun.weltrekord","de.lex.weltrekord"
"de.noun.wem","de.lex.wem"
"de.noun.wen","de.lex.wen"
"de.noun.wer","de.lex.wer"
"de.noun.werk","de.lex.werk"
"de.noun.werkzeug","de.lex.werkzeug"
"de.noun.wert","de.lex.wert"
"de.noun.wert.value","de.lex.wert"
"de.noun.wert.value-worth","de.lex.wert"
"de.noun.wessen","de.lex.wessen"
"de.noun.wetter","de.lex.wetter"
"de.noun.wichtigkeit","de.lex.wichtigkeit"
"de.noun.wie","de.lex.wie"
"de.noun.wien","de.lex.wien"
"de.noun.wiese","de.lex.wiese"
"de.noun.wiese.meadow","de.lex.wiese"
"de.noun.wiese.the-meadow","de.lex.wiese"
"de.noun.wind","de.lex.wind"
"de.noun.windkraftanlage","de.lex.windkraftanlage"
"de.noun.winter","de.lex.winter"
"de.noun.wirklich","de.lex.wirklich"
"de.noun.wirkung","de.lex.wirkung"
"de.noun.wirtschaft","de.lex.wirtschaft"
"de.noun.wissen","de.lex.wissen.knowledge"
"de.noun.wissen.knowledge","de.lex.wissen.knowledge"
"de.noun.wissenschaft","de.lex.wissenschaft"
"de.noun.wissenschaftler","de.lex.wissenschaftler"
"de.noun.witz","de.lex.witz"
"de.noun.wo","de.lex.wo"
"de.noun.woche","de.lex.woche"
"de.noun.wochenende","de.lex.wochenende"
"de.noun.woerterbuch","de.lex.woerterbuch"
"de.noun.wofuer","de.lex.wofuer"
"de.noun.woher","de.lex.woher"
"de.noun.wohin","de.lex.wohin"
"de.noun.wohlbefinden","de.lex.wohlbefinden"
"de.noun.wohnheim","de.lex.wohnheim"
"de.noun.wohnung","de.lex.wohnung"
"de.noun.wohnzimmer","de.lex.wohnzimmer"
"de.noun.wolf","de.lex.wolf"
"de.noun.wolke","de.lex.wolke"
"de.noun.wolke.cloud","de.lex.wolke"
"de.noun.wolke.cloud-in-the-sky","de.lex.wolke"
"de.noun.wolle","de.lex.wolle"
"de.noun.womit","de.lex.womit"
"de.noun.work-life-balance","de.lex.work-life-balance"
"de.noun.wort","de.lex.wort"
"de.noun.wort.the-word","de.lex.wort"
"de.noun.wort.word","de.lex.wort"
"de.noun.wortschatz","de.lex.wortschatz"
"de.noun.worueber","de.lex.worueber"
"de.noun.wueste","de.lex.wueste"
"de.noun.wunsch","de.lex.wunsch"
"de.noun.wurm","de.lex.wurm"
"de.noun.wurst","de.lex.wurst"
"de.noun.wurzel","de.lex.wurzel"
"de.noun.wut","de.lex.wut"
"de.noun.yoga","de.lex.yoga"
"de.noun.zahl","de.lex.zahl"
"de.noun.zahlung","de.lex.zahlung"
"de.noun.zahn","de.lex.zahn"
"de.noun.zahnarzt","de.lex.zahnarzt"
"de.noun.zahnfleisch","de.lex.zahnfleisch"
"de.noun.zange","de.lex.zange"
"de.noun.zaun","de.lex.zaun"
"de.noun.zebra","de.lex.zebra"
"de.noun.zeh","de.lex.zeh"
"de.noun.zehe","de.lex.zehe"
"de.noun.zeit","de.lex.zeit"
"de.noun.zeitschrift","de.lex.zeitschrift"
"de.noun.zeitung","de.lex.zeitung"
"de.noun.zelle","de.lex.zelle"
"de.noun.zertifikat","de.lex.zertifikat"
"de.noun.ziege","de.lex.ziege"
"de.noun.ziel","de.lex.ziel"
"de.noun.ziel.goal-aim","de.lex.ziel"
"de.noun.ziel.goal-target","de.lex.ziel"
"de.noun.ziellinie","de.lex.ziellinie"
"de.noun.zimmer","de.lex.zimmer"
"de.noun.zimmerservice","de.lex.zimmerservice"
"de.noun.zitat","de.lex.zitat"
"de.noun.zitrone","de.lex.zitrone"
"de.noun.zucker","de.lex.zucker"
"de.noun.zuerich","de.lex.zuerich"
"de.noun.zufriedenheit","de.lex.zufriedenheit"
"de.noun.zug","de.lex.zug"
"de.noun.zukunft","de.lex.zukunft"
"de.noun.zunge","de.lex.zunge"
"de.noun.zusammenfassend","de.lex.zusammenfassend"
"de.noun.zusammenfassung","de.lex.zusammenfassung"
"de.noun.zustand","de.lex.zustand"
"de.noun.zutat","de.lex.zutat"
"de.noun.zweck","de.lex.zweck"
"de.noun.zwerg","de.lex.zwerg"
"de.noun.zwiebel","de.lex.zwiebel"
"de.noun.zwillinge","de.lex.zwillinge"
"de.noun.zwischenstopp.layover","de.lex.zwischenstopp.layover"
"de.noun.zwischenstopp.stopover","de.lex.zwischenstopp.stopover"
"de.ordinal.erst","de.lex.erst"
"de.phrase.abgesagt-werden","de.lex.abgesagt-werden"
"de.phrase.absagen-stornieren","de.lex.absagen-stornieren"
"de.phrase.akzeptieren-annehmen","de.lex.akzeptieren-annehmen"
"de.phrase.alle-haende-voll-zu-tun-haben","de.lex.alle-haende-voll-zu-tun-haben"
"de.phrase.alle-jubeljahre-einmal","de.lex.alle-jubeljahre-einmal"
"de.phrase.alles-auf-eine-karte-setzen","de.lex.alles-auf-eine-karte-setzen"
"de.phrase.alles-ausplaudern","de.lex.alles-ausplaudern"
"de.phrase.alles-gute-zum-geburtstag","de.lex.alles-gute-zum-geburtstag"
"de.phrase.alles-in-allem","de.lex.alles-in-allem"
"de.phrase.als-ich-jung-war-spielte-ich-fussball","de.lex.als-ich-jung-war-spielte-ich-fussball"
"de.phrase.alt-aelter-am-aeltesten","de.lex.alt-aelter-am-aeltesten"
"de.phrase.am-anfang","de.lex.am-anfang"
"de.phrase.am-ende","de.lex.am-ende"
"de.phrase.am-fluss","de.lex.am-fluss"
"de.phrase.am-groessten","de.lex.am-groessten"
"de.phrase.am-meer","de.lex.am-meer"
"de.phrase.am-meisten","de.lex.am-meisten"
"de.phrase.am-montag","de.lex.am-montag"
"de.phrase.am-montag-haben-wir-unterricht","de.lex.am-montag-haben-wir-unterricht"
"de.phrase.am-wochenende","de.lex.am-wochenende"
"de.phrase.an-das-ans","de.lex.an-das-ans"
"de.phrase.an-dem-am","de.lex.an-dem-am"
"de.phrase.angst-haben-vor.be-afraid","de.lex.angst-haben-vor.be-afraid"
"de.phrase.angst-haben-vor.be-afraid-of","de.lex.angst-haben-vor.be-afraid-of"
"de.phrase.angst-haben-vor.to-be-afraid","de.lex.angst-haben-vor.be-afraid"
"de.phrase.angst-haben-vor.to-be-afraid-of","de.lex.angst-haben-vor.be-afraid-of"
"de.phrase.anhaben","de.lex.anhaben"
"de.phrase.arbeiten-arbeit-arbeiter","de.lex.arbeiten-arbeit-arbeiter"
"de.phrase.auf-akkusativ","de.lex.auf-akkusativ"
"de.phrase.auf-dativ","de.lex.auf-dativ"
"de.phrase.auf-dem-land","de.lex.auf-dem-land"
"de.phrase.auf-den-ersten-blick","de.lex.auf-den-ersten-blick"
"de.phrase.auf-der-anderen-strassenseite","de.lex.auf-der-anderen-strassenseite"
"de.phrase.auf-der-linken-seite","de.lex.auf-der-linken-seite"
"de.phrase.auf-der-rechten-seite","de.lex.auf-der-rechten-seite"
"de.phrase.auf-derselben-wellenlaenge-sein","de.lex.auf-derselben-wellenlaenge-sein"
"de.phrase.auf-duennem-eis-stehen","de.lex.auf-duennem-eis-stehen"
"de.phrase.auf-einmal","de.lex.auf-einmal"
"de.phrase.auf-jeden-fall.definitely","de.lex.auf-jeden-fall.definitely"
"de.phrase.auf-jeden-fall.in-any-case","de.lex.auf-jeden-fall.in-any-case"
"de.phrase.auf-lager","de.lex.auf-lager"
"de.phrase.auf-lange-sicht","de.lex.auf-lange-sicht"
"de.phrase.auf-wiedersehen","de.lex.auf-wiedersehen"
"de.phrase.auf-wiedersehen.goodbye","de.lex.auf-wiedersehen"
"de.phrase.auf-wiedersehen.goodbye-2","de.lex.auf-wiedersehen"
"de.phrase.aufhoeren-kuendigen","de.lex.aufhoeren-kuendigen"
"de.phrase.aufnehmen-absorbieren","de.lex.aufnehmen-absorbieren"
"de.phrase.aufpassen-achtgeben","de.lex.aufpassen-achtgeben"
"de.phrase.aus-diesem-grund","de.lex.aus-diesem-grund"
"de.phrase.aus-einer-muecke-einen-elefanten-machen","de.lex.aus-einer-muecke-einen-elefanten-machen"
"de.phrase.ausgewogene-ernaehrung","de.lex.ausgewogene-ernaehrung"
"de.phrase.ausschalten-ausmachen","de.lex.ausschalten-ausmachen"
"de.phrase.ausstossen-emittieren","de.lex.ausstossen-emittieren"
"de.phrase.ausverkauf-sale","de.lex.ausverkauf-sale"
"de.phrase.auswerten-bewerten","de.lex.auswerten-bewerten"
"de.phrase.beenden-fertig-sein","de.lex.beenden-fertig-sein"
"de.phrase.beginnen-anfangen","de.lex.beginnen-anfangen"
"de.phrase.beginnen-begonnen","de.lex.beginnen-begonnen"
"de.phrase.bei-dem-beim","de.lex.bei-dem-beim"
"de.phrase.bekannt-gegeben-werden","de.lex.bekannt-gegeben-werden"
"de.phrase.bekommen-erhalten","de.lex.bekommen-erhalten"
"de.phrase.benutzen-verwenden","de.lex.benutzen-verwenden"
"de.phrase.benutzt-werden","de.lex.benutzt-werden"
"de.phrase.berufung-einlegen","de.lex.berufung-einlegen"
"de.phrase.besonders-insbesondere","de.lex.besonders-insbesondere"
"de.phrase.besser-als-erwartet","de.lex.besser-als-erwartet"
"de.phrase.besser-spaet-als-nie","de.lex.besser-spaet-als-nie"
"de.phrase.besser-werden-sich-erholen","de.lex.besser-werden-sich-erholen"
"de.phrase.beste-gruesse","de.lex.beste-gruesse"
"de.phrase.bevor-ich-antworte","de.lex.bevor-ich-antworte"
"de.phrase.bevor-ich-rausgehe-schaue-ich-das-wetter-an","de.lex.bevor-ich-rausgehe-schaue-ich-das-wetter-an"
"de.phrase.biegen-sie-links-ab","de.lex.biegen-sie-links-ab"
"de.phrase.biegen-sie-rechts-ab","de.lex.biegen-sie-rechts-ab"
"de.phrase.bieten-sie-einen-studentenrabatt-an","de.lex.bieten-sie-einen-studentenrabatt-an"
"de.phrase.bis-bald","de.lex.bis-bald"
"de.phrase.bis-freitag","de.lex.bis-freitag"
"de.phrase.bis-in-die-nacht-arbeiten","de.lex.bis-in-die-nacht-arbeiten"
"de.phrase.bis-jetzt","de.lex.bis-jetzt"
"de.phrase.bis-spaeter","de.lex.bis-spaeter"
"de.phrase.bis-ueber-beide-ohren-verliebt-sein","de.lex.bis-ueber-beide-ohren-verliebt-sein"
"de.phrase.bis-zum-naechsten-mal","de.lex.bis-zum-naechsten-mal"
"de.phrase.bist-du-fertig","de.lex.bist-du-fertig"
"de.phrase.bitte-fuellen-sie-das-formular-aus","de.lex.bitte-fuellen-sie-das-formular-aus"
"de.phrase.bitte-sehr-gern-geschehen","de.lex.bitte-sehr-gern-geschehen"
"de.phrase.bitte-setzen-sie-sich","de.lex.bitte-setzen-sie-sich"
"de.phrase.bitte-sprechen-sie-langsam","de.lex.bitte-sprechen-sie-langsam"
"de.phrase.bitte-unterschreiben-sie-hier","de.lex.bitte-unterschreiben-sie-hier"
"de.phrase.bitte-warten-sie","de.lex.bitte-warten-sie"
"de.phrase.bitten-um","de.lex.bitten-um"
"de.phrase.blasse-haut","de.lex.blasse-haut"
"de.phrase.blaue-augen","de.lex.blaue-augen"
"de.phrase.bleiben-geblieben","de.lex.bleiben-geblieben"
"de.phrase.blonde-haare","de.lex.blonde-haare"
"de.phrase.braune-augen","de.lex.braune-augen"
"de.phrase.braune-haare","de.lex.braune-haare"
"de.phrase.brechen-gebrochen","de.lex.brechen-gebrochen"
"de.phrase.bring-es","de.lex.bring-es"
"de.phrase.bringen-gebracht","de.lex.bringen-gebracht"
"de.phrase.daher-deshalb","de.lex.daher-deshalb"
"de.phrase.damit-es-klar-ist","de.lex.damit-es-klar-ist"
"de.phrase.darf-ich-dich-etwas-fragen","de.lex.darf-ich-dich-etwas-fragen"
"de.phrase.darf-ich-hier-fotografieren","de.lex.darf-ich-hier-fotografieren"
"de.phrase.darum-geht-es","de.lex.darum-geht-es"
"de.phrase.darum-geht-es-nicht","de.lex.darum-geht-es-nicht"
"de.phrase.das-aendert-alles","de.lex.das-aendert-alles"
"de.phrase.das-auto-wird-repariert","de.lex.das-auto-wird-repariert"
"de.phrase.das-braucht-eine-robuste-loesung","de.lex.das-braucht-eine-robuste-loesung"
"de.phrase.das-buch-das-ich-gelesen-habe","de.lex.das-buch-das-ich-gelesen-habe"
"de.phrase.das-deutet-darauf-hin-dass","de.lex.das-deutet-darauf-hin-dass"
"de.phrase.das-ergibt-keinen-sinn","de.lex.das-ergibt-keinen-sinn"
"de.phrase.das-ergibt-sinn","de.lex.das-ergibt-sinn"
"de.phrase.das-essen-ist-fertig","de.lex.das-essen-ist-fertig"
"de.phrase.das-formular-muss-ausgefuellt-werden","de.lex.das-formular-muss-ausgefuellt-werden"
"de.phrase.das-funktioniert-fuer-mich-so-nicht","de.lex.das-funktioniert-fuer-mich-so-nicht"
"de.phrase.das-gefaellt-mir","de.lex.das-gefaellt-mir"
"de.phrase.das-gesetz-brechen","de.lex.das-gesetz-brechen"
"de.phrase.das-habe-ich-nicht-bestellt","de.lex.das-habe-ich-nicht-bestellt"
"de.phrase.das-habe-ich-nicht-so-gemeint","de.lex.das-habe-ich-nicht-so-gemeint"
"de.phrase.das-handtuch-werfen","de.lex.das-handtuch-werfen"
"de.phrase.das-hat-mich-verletzt","de.lex.das-hat-mich-verletzt"
"de.phrase.das-ist-das-problem","de.lex.das-ist-das-problem"
"de.phrase.das-ist-der-beste-film-den-ich-gesehen-habe","de.lex.das-ist-der-beste-film-den-ich-gesehen-habe"
"de.phrase.das-ist-eine-berechtigte-sorge","de.lex.das-ist-eine-berechtigte-sorge"
"de.phrase.das-ist-eine-gute-idee","de.lex.das-ist-eine-gute-idee"
"de.phrase.das-ist-in-ordnung","de.lex.das-ist-in-ordnung"
"de.phrase.das-ist-mir-gerade-zu-viel","de.lex.das-ist-mir-gerade-zu-viel"
"de.phrase.das-ist-nicht-die-eigentliche-ursache","de.lex.das-ist-nicht-die-eigentliche-ursache"
"de.phrase.das-ist-nicht-verhandelbar","de.lex.das-ist-nicht-verhandelbar"
"de.phrase.das-ist-offensichtlich","de.lex.das-ist-offensichtlich"
"de.phrase.das-ist-schwer-zu-sagen","de.lex.das-ist-schwer-zu-sagen"
"de.phrase.das-ist-toll","de.lex.das-ist-toll"
"de.phrase.das-ist-unglaublich","de.lex.das-ist-unglaublich"
"de.phrase.das-ist-wahrscheinlich-die-sauberere-loesung","de.lex.das-ist-wahrscheinlich-die-sauberere-loesung"
"de.phrase.das-kam-falsch-rueber.that-came-across-wrong","de.lex.das-kam-falsch-rueber.that-came-across-wrong"
"de.phrase.das-kam-falsch-rueber.this-came-across-wrong","de.lex.das-kam-falsch-rueber.this-came-across-wrong"
"de.phrase.das-klingt-gut","de.lex.das-klingt-gut"
"de.phrase.das-klingt-schwierig","de.lex.das-klingt-schwierig"
"de.phrase.das-kommt-darauf-an.that-depends","de.lex.das-kommt-darauf-an.that-depends"
"de.phrase.das-kommt-darauf-an.that-depends-2","de.lex.das-kommt-darauf-an.that-depends-2"
"de.phrase.das-kommt-darauf-an.that-depends-phrase","de.lex.das-kommt-darauf-an.that-depends"
"de.phrase.das-macht-sinn","de.lex.das-macht-sinn"
"de.phrase.das-meeting-beginnt-um-halb-drei","de.lex.das-meeting-beginnt-um-halb-drei"
"de.phrase.das-oktoberfest","de.lex.das-oktoberfest"
"de.phrase.das-produkt-ist-defekt","de.lex.das-produkt-ist-defekt"
"de.phrase.das-projekt-liegt-im-zeitplan","de.lex.das-projekt-liegt-im-zeitplan"
"de.phrase.das-sollte-die-bestehende-version-nicht-kaputtmachen","de.lex.das-sollte-die-bestehende-version-nicht-kaputtmachen"
"de.phrase.das-ueberfordert-mich","de.lex.das-ueberfordert-mich"
"de.phrase.das-verb-steht-immer-an-zweiter-stelle","de.lex.das-verb-steht-immer-an-zweiter-stelle"
"de.phrase.das-waere-toll","de.lex.das-waere-toll"
"de.phrase.das-war-vor-langer-zeit","de.lex.das-war-vor-langer-zeit"
"de.phrase.das-weiss-ich-leider-nicht","de.lex.das-weiss-ich-leider-nicht"
"de.phrase.das-wichtigste-ist","de.lex.das-wichtigste-ist"
"de.phrase.das-wird-schon","de.lex.das-wird-schon"
"de.phrase.das-wuerde-ich-lieber-nicht-machen","de.lex.das-wuerde-ich-lieber-nicht-machen"
"de.phrase.das-zeigt-dass","de.lex.das-zeigt-dass"
"de.phrase.dass-ich-es-nicht-verstehe","de.lex.dass-ich-es-nicht-verstehe"
"de.phrase.dass-wir-sprechen-sollten","de.lex.dass-wir-sprechen-sollten"
"de.phrase.dativ-dem-m-n-der-f-den-n-pl","de.lex.dativ-dem-m-n-der-f-den-n-pl"
"de.phrase.dativ-plural-immer-n-den-maennern-den-kindern","de.lex.dativ-plural-immer-n-den-maennern-den-kindern"
"de.phrase.dativ-vor-akkusativ-bei-nomen","de.lex.dativ-vor-akkusativ-bei-nomen"
"de.phrase.den-ball-ins-rollen-bringen","de.lex.den-ball-ins-rollen-bringen"
"de.phrase.den-bund-fuers-leben-schliessen","de.lex.den-bund-fuers-leben-schliessen"
"de.phrase.den-bus-verpassen","de.lex.den-bus-verpassen"
"de.phrase.den-nagel-auf-den-kopf-treffen","de.lex.den-nagel-auf-den-kopf-treffen"
"de.phrase.den-stier-bei-den-hoernern-packen","de.lex.den-stier-bei-den-hoernern-packen"
"de.phrase.den-zug-erwischen","de.lex.den-zug-erwischen"
"de.phrase.denken-gedacht","de.lex.denken-gedacht"
"de.phrase.der-ball-liegt-bei-ihnen","de.lex.der-ball-liegt-bei-ihnen"
"de.phrase.der-bericht-soll-geschrieben-werden","de.lex.der-bericht-soll-geschrieben-werden"
"de.phrase.der-brief-wird-geschrieben","de.lex.der-brief-wird-geschrieben"
"de.phrase.der-brief-wurde-geschrieben","de.lex.der-brief-wurde-geschrieben"
"de.phrase.der-brief-wurde-von-ihr-geschrieben","de.lex.der-brief-wurde-von-ihr-geschrieben"
"de.phrase.der-dieb-wurde-gefangen","de.lex.der-dieb-wurde-gefangen"
"de.phrase.der-mann-der-dort-steht","de.lex.der-mann-der-dort-steht"
"de.phrase.der-service-war-ausgezeichnet","de.lex.der-service-war-ausgezeichnet"
"de.phrase.deshalb-daher","de.lex.deshalb-daher"
"de.phrase.deutschsprachige-laender-d-a-ch","de.lex.deutschsprachige-laender-d-a-ch"
"de.phrase.dich-selbst","de.lex.dich-selbst"
"de.phrase.die-arbeit-ist-erledigt","de.lex.die-arbeit-ist-erledigt"
"de.phrase.die-daumen-druecken","de.lex.die-daumen-druecken"
"de.phrase.die-fassung-verlieren","de.lex.die-fassung-verlieren"
"de.phrase.die-geduld-verlieren","de.lex.die-geduld-verlieren"
"de.phrase.die-katze-aus-dem-sack-lassen","de.lex.die-katze-aus-dem-sack-lassen"
"de.phrase.die-maschine-kann-repariert-werden","de.lex.die-maschine-kann-repariert-werden"
"de.phrase.die-nase-voll-haben-von","de.lex.die-nase-voll-haben-von"
"de.phrase.die-notrufnummer-in-deutschland-ist-112","de.lex.die-notrufnummer-in-deutschland-ist-112"
"de.phrase.die-rechnung-bitte","de.lex.die-rechnung-bitte"
"de.phrase.die-rechnung-ist-bezahlt-worden","de.lex.die-rechnung-ist-bezahlt-worden"
"de.phrase.die-schweiz","de.lex.die-schweiz"
"de.phrase.die-stadt-in-der-ich-geboren-wurde","de.lex.die-stadt-in-der-ich-geboren-wurde"
"de.phrase.die-tatsache-bleibt-dass","de.lex.die-tatsache-bleibt-dass"
"de.phrase.die-tuer-ist-geschlossen","de.lex.die-tuer-ist-geschlossen"
"de.phrase.doppelt-so-alt","de.lex.doppelt-so-alt"
"de.phrase.du-bist","de.lex.du-bist"
"de.phrase.du-bist-mir-wichtig","de.lex.du-bist-mir-wichtig"
"de.phrase.du-darfst","de.lex.du-darfst"
"de.phrase.du-faehrst","de.lex.du-faehrst"
"de.phrase.du-faellst","de.lex.du-faellst"
"de.phrase.du-fehlst-mir","de.lex.du-fehlst-mir"
"de.phrase.du-gibst","de.lex.du-gibst"
"de.phrase.du-haeltst","de.lex.du-haeltst"
"de.phrase.du-haettest","de.lex.du-haettest"
"de.phrase.du-hast","de.lex.du-hast"
"de.phrase.du-hast-das-toll-gemacht","de.lex.du-hast-das-toll-gemacht"
"de.phrase.du-hattest","de.lex.du-hattest"
"de.phrase.du-hilfst","de.lex.du-hilfst"
"de.phrase.du-isst","de.lex.du-isst"
"de.phrase.du-kannst","de.lex.du-kannst"
"de.phrase.du-koenntest","de.lex.du-koenntest"
"de.phrase.du-laeufst","de.lex.du-laeufst"
"de.phrase.du-liest","de.lex.du-liest"
"de.phrase.du-magst","de.lex.du-magst"
"de.phrase.du-moechtest","de.lex.du-moechtest"
"de.phrase.du-musst","de.lex.du-musst"
"de.phrase.du-nimmst","de.lex.du-nimmst"
"de.phrase.du-schaffst-das","de.lex.du-schaffst-das"
"de.phrase.du-schlaefst","de.lex.du-schlaefst"
"de.phrase.du-siehst","de.lex.du-siehst"
"de.phrase.du-sollst","de.lex.du-sollst"
"de.phrase.du-sprichst","de.lex.du-sprichst"
"de.phrase.du-traegst","de.lex.du-traegst"
"de.phrase.du-triffst","de.lex.du-triffst"
"de.phrase.du-waerst","de.lex.du-waerst"
"de.phrase.du-waeschst","de.lex.du-waeschst"
"de.phrase.du-warst","de.lex.du-warst"
"de.phrase.du-weisst","de.lex.du-weisst"
"de.phrase.du-willst","de.lex.du-willst"
"de.phrase.du-wirfst","de.lex.du-wirfst"
"de.phrase.du-wirst","de.lex.du-wirst"
"de.phrase.ehrenamtlich-taetig-sein","de.lex.ehrenamtlich-taetig-sein"
"de.phrase.ehrgeizig-ambitioniert","de.lex.ehrgeizig-ambitioniert"
"de.phrase.ehrlich-gesagt","de.lex.ehrlich-gesagt"
"de.phrase.ehrlich-gesagt-2","de.lex.ehrlich-gesagt"
"de.phrase.eigentlich","de.lex.eigentlich"
"de.phrase.ein-drittel","de.lex.ein-drittel"
"de.phrase.ein-foto-machen","de.lex.ein-foto-machen"
"de.phrase.ein-geheimnis-bewahren","de.lex.ein-geheimnis-bewahren"
"de.phrase.ein-geschenk-geben","de.lex.ein-geschenk-geben"
"de.phrase.ein-meeting-abhalten","de.lex.ein-meeting-abhalten"
"de.phrase.ein-versprechen-brechen","de.lex.ein-versprechen-brechen"
"de.phrase.ein-versprechen-halten","de.lex.ein-versprechen-halten"
"de.phrase.ein-viertel","de.lex.ein-viertel"
"de.phrase.ein-wolf-im-schafspelz-sein","de.lex.ein-wolf-im-schafspelz-sein"
"de.phrase.eine-antwort-geben","de.lex.eine-antwort-geben"
"de.phrase.eine-entscheidung-treffen","de.lex.eine-entscheidung-treffen"
"de.phrase.eine-fahrkarte-nach-berlin-bitte","de.lex.eine-fahrkarte-nach-berlin-bitte"
"de.phrase.eine-frage-stellen","de.lex.eine-frage-stellen"
"de.phrase.eine-million","de.lex.eine-million"
"de.phrase.eine-nacht-darueber-schlafen","de.lex.eine-nacht-darueber-schlafen"
"de.phrase.eine-pause-machen","de.lex.eine-pause-machen"
"de.phrase.eine-pruefung-bestehen","de.lex.eine-pruefung-bestehen"
"de.phrase.eine-pruefung-nicht-bestehen","de.lex.eine-pruefung-nicht-bestehen"
"de.phrase.eine-rede-halten","de.lex.eine-rede-halten"
"de.phrase.eine-schoene-stange-geld-kosten","de.lex.eine-schoene-stange-geld-kosten"
"de.phrase.einen-abschluss-machen","de.lex.einen-abschluss-machen"
"de.phrase.einen-anruf-machen","de.lex.einen-anruf-machen"
"de.phrase.einen-fehler-machen","de.lex.einen-fehler-machen"
"de.phrase.einen-moment","de.lex.einen-moment"
"de.phrase.einen-moment-bitte","de.lex.einen-moment-bitte"
"de.phrase.einen-termin-vereinbaren","de.lex.einen-termin-vereinbaren"
"de.phrase.einen-tisch-fuer-zwei-bitte","de.lex.einen-tisch-fuer-zwei-bitte"
"de.phrase.einen-tisch-fuer-zwei-personen-bitte","de.lex.einen-tisch-fuer-zwei-personen-bitte"
"de.phrase.einfach-leicht","de.lex.einfach-leicht"
"de.phrase.einfache-fahrkarte","de.lex.einfache-fahrkarte"
"de.phrase.einkaufen-gehen","de.lex.einkaufen-gehen"
"de.phrase.einschalten-anmachen","de.lex.einschalten-anmachen"
"de.phrase.einsetzen-deployen","de.lex.einsetzen-deployen"
"de.phrase.empfehlen-empfohlen","de.lex.empfehlen-empfohlen"
"de.phrase.enthaelt-das-gluten","de.lex.enthaelt-das-gluten"
"de.phrase.entschuldigung-wo-ist-der-bahnhof","de.lex.entschuldigung-wo-ist-der-bahnhof"
"de.phrase.enttaeuscht-sein-von","de.lex.enttaeuscht-sein-von"
"de.phrase.entweder-oder","de.lex.entweder-oder"
"de.phrase.er-arbeitet-seit-dem-morgen","de.lex.er-arbeitet-seit-dem-morgen"
"de.phrase.er-durfte","de.lex.er-durfte"
"de.phrase.er-entschuldigt-sich","de.lex.er-entschuldigt-sich"
"de.phrase.er-fuehrt-ein-gesundes-leben","de.lex.er-fuehrt-ein-gesundes-leben"
"de.phrase.er-fuellt-das-formular-aus","de.lex.er-fuellt-das-formular-aus"
"de.phrase.er-geht-weil-er-hungrig-ist","de.lex.er-geht-weil-er-hungrig-ist"
"de.phrase.er-gibt-der-frau-das-buch","de.lex.er-gibt-der-frau-das-buch"
"de.phrase.er-gibt-es-ihr","de.lex.er-gibt-es-ihr"
"de.phrase.er-haette","de.lex.er-haette"
"de.phrase.er-haette-kommen-koennen","de.lex.er-haette-kommen-koennen"
"de.phrase.er-hat-sich-konzentriert","de.lex.er-hat-sich-konzentriert"
"de.phrase.er-hat-sich-rasiert","de.lex.er-hat-sich-rasiert"
"de.phrase.er-isst-viel-gemuese","de.lex.er-isst-viel-gemuese"
"de.phrase.er-ist-30-jahre-alt","de.lex.er-ist-30-jahre-alt"
"de.phrase.er-ist-gross-und-schlank","de.lex.er-ist-gross-und-schlank"
"de.phrase.er-koennte","de.lex.er-koennte"
"de.phrase.er-kommt-nicht","de.lex.er-kommt-nicht"
"de.phrase.er-konnte","de.lex.er-konnte"
"de.phrase.er-macht-das-licht-aus","de.lex.er-macht-das-licht-aus"
"de.phrase.er-muesste","de.lex.er-muesste"
"de.phrase.er-musste","de.lex.er-musste"
"de.phrase.er-schlaegt-das-wort-nach","de.lex.er-schlaegt-das-wort-nach"
"de.phrase.er-setzt-sich","de.lex.er-setzt-sich"
"de.phrase.er-sie-es-darf","de.lex.er-sie-es-darf"
"de.phrase.er-sie-es-faehrt","de.lex.er-sie-es-faehrt"
"de.phrase.er-sie-es-faellt","de.lex.er-sie-es-faellt"
"de.phrase.er-sie-es-gibt","de.lex.er-sie-es-gibt"
"de.phrase.er-sie-es-haelt","de.lex.er-sie-es-haelt"
"de.phrase.er-sie-es-hat","de.lex.er-sie-es-hat"
"de.phrase.er-sie-es-hatte","de.lex.er-sie-es-hatte"
"de.phrase.er-sie-es-hilft","de.lex.er-sie-es-hilft"
"de.phrase.er-sie-es-isst","de.lex.er-sie-es-isst"
"de.phrase.er-sie-es-ist","de.lex.er-sie-es-ist"
"de.phrase.er-sie-es-kann","de.lex.er-sie-es-kann"
"de.phrase.er-sie-es-laeuft","de.lex.er-sie-es-laeuft"
"de.phrase.er-sie-es-liest","de.lex.er-sie-es-liest"
"de.phrase.er-sie-es-mag","de.lex.er-sie-es-mag"
"de.phrase.er-sie-es-moechte","de.lex.er-sie-es-moechte"
"de.phrase.er-sie-es-muss","de.lex.er-sie-es-muss"
"de.phrase.er-sie-es-nimmt","de.lex.er-sie-es-nimmt"
"de.phrase.er-sie-es-schlaeft","de.lex.er-sie-es-schlaeft"
"de.phrase.er-sie-es-sieht","de.lex.er-sie-es-sieht"
"de.phrase.er-sie-es-soll","de.lex.er-sie-es-soll"
"de.phrase.er-sie-es-spricht","de.lex.er-sie-es-spricht"
"de.phrase.er-sie-es-traegt","de.lex.er-sie-es-traegt"
"de.phrase.er-sie-es-trifft","de.lex.er-sie-es-trifft"
"de.phrase.er-sie-es-waescht","de.lex.er-sie-es-waescht"
"de.phrase.er-sie-es-war","de.lex.er-sie-es-war"
"de.phrase.er-sie-es-weiss","de.lex.er-sie-es-weiss"
"de.phrase.er-sie-es-will","de.lex.er-sie-es-will"
"de.phrase.er-sie-es-wird","de.lex.er-sie-es-wird"
"de.phrase.er-sie-es-wirft","de.lex.er-sie-es-wirft"
"de.phrase.er-sie-es-wurde","de.lex.er-sie-es-wurde"
"de.phrase.er-sie-waere","de.lex.er-sie-waere"
"de.phrase.er-sieht-seinem-vater-aehnlich","de.lex.er-sieht-seinem-vater-aehnlich"
"de.phrase.er-sollte.he-should","de.lex.er-sollte.he-should"
"de.phrase.er-sollte.he-was-supposed-to","de.lex.er-sollte.he-was-supposed-to"
"de.phrase.er-steht-frueh-auf","de.lex.er-steht-frueh-auf"
"de.phrase.er-wollte","de.lex.er-wollte"
"de.phrase.erdapfel-statt-kartoffel","de.lex.erdapfel-statt-kartoffel"
"de.phrase.erhalten-erhalten","de.lex.erhalten-erhalten"
"de.phrase.erhoehen-steigern","de.lex.erhoehen-steigern"
"de.phrase.erlauben-sie-mir-zu-klaeren","de.lex.erlauben-sie-mir-zu-klaeren"
"de.phrase.erneuerbare-energie","de.lex.erneuerbare-energie"
"de.phrase.erste-hilfe","de.lex.erste-hilfe"
"de.phrase.erste-klasse","de.lex.erste-klasse"
"de.phrase.erstellen-schaffen","de.lex.erstellen-schaffen"
"de.phrase.erzaehl-mir","de.lex.erzaehl-mir"
"de.phrase.es-dauert-nicht-lange","de.lex.es-dauert-nicht-lange"
"de.phrase.es-gefaellt-mir","de.lex.es-gefaellt-mir"
"de.phrase.es-gefaellt-mir-nicht","de.lex.es-gefaellt-mir-nicht"
"de.phrase.es-geht-nicht-ums-gewinnen","de.lex.es-geht-nicht-ums-gewinnen"
"de.phrase.es-geht-so","de.lex.es-geht-so"
"de.phrase.es-haengt-davon-ab","de.lex.es-haengt-davon-ab"
"de.phrase.es-haengt-von-ab","de.lex.es-haengt-von-ab"
"de.phrase.es-ist-3-uhr","de.lex.es-ist-3-uhr"
"de.phrase.es-ist-egal","de.lex.es-ist-egal"
"de.phrase.es-ist-ein-notfall","de.lex.es-ist-ein-notfall"
"de.phrase.es-ist-erwaehnenswert-dass","de.lex.es-ist-erwaehnenswert-dass"
"de.phrase.es-ist-etwas-zu-eng","de.lex.es-ist-etwas-zu-eng"
"de.phrase.es-ist-halb-vier","de.lex.es-ist-halb-vier"
"de.phrase.es-ist-kalt","de.lex.es-ist-kalt"
"de.phrase.es-ist-mittag","de.lex.es-ist-mittag"
"de.phrase.es-ist-mitternacht","de.lex.es-ist-mitternacht"
"de.phrase.es-ist-sonnig","de.lex.es-ist-sonnig"
"de.phrase.es-ist-ungefaehr-10-minuten-zu-fuss","de.lex.es-ist-ungefaehr-10-minuten-zu-fuss"
"de.phrase.es-ist-viertel-nach-drei","de.lex.es-ist-viertel-nach-drei"
"de.phrase.es-ist-viertel-vor-vier","de.lex.es-ist-viertel-vor-vier"
"de.phrase.es-passt-perfekt","de.lex.es-passt-perfekt"
"de.phrase.es-regnet","de.lex.es-regnet"
"de.phrase.es-scheint-als-ob","de.lex.es-scheint-als-ob"
"de.phrase.es-scheint-dass","de.lex.es-scheint-dass"
"de.phrase.es-schneit","de.lex.es-schneit"
"de.phrase.es-tut-hier-weh","de.lex.es-tut-hier-weh"
"de.phrase.es-tut-mir-leid.i-am-sorry","de.lex.es-tut-mir-leid.i-am-sorry"
"de.phrase.es-tut-mir-leid.i-m-sorry","de.lex.es-tut-mir-leid.i-m-sorry"
"de.phrase.es-waere-besser","de.lex.es-waere-besser"
"de.phrase.es-war-anstrengend","de.lex.es-war-anstrengend"
"de.phrase.es-war-einmal","de.lex.es-war-einmal"
"de.phrase.es-war-koestlich","de.lex.es-war-koestlich"
"de.phrase.es-war-mir-ein-vergnuegen","de.lex.es-war-mir-ein-vergnuegen"
"de.phrase.essen-gegessen","de.lex.essen-gegessen"
"de.phrase.essen-wir-lass-uns-essen","de.lex.essen-wir-lass-uns-essen"
"de.phrase.etwas-besser","de.lex.etwas-besser"
"de.phrase.euch-selbst","de.lex.euch-selbst"
"de.phrase.fahren-fahrer-fahrt-fahrzeug","de.lex.fahren-fahrer-fahrt-fahrzeug"
"de.phrase.fahren-gefahren","de.lex.fahren-gefahren"
"de.phrase.fallen-gefallen","de.lex.fallen-gefallen"
"de.phrase.falsch-liegen-sich-irren","de.lex.falsch-liegen-sich-irren"
"de.phrase.fangen-wir-an","de.lex.fangen-wir-an"
"de.phrase.feierabend-machen","de.lex.feierabend-machen"
"de.phrase.finden-gefunden","de.lex.finden-gefunden"
"de.phrase.fleissig-arbeitsam","de.lex.fleissig-arbeitsam"
"de.phrase.fliegen-geflogen","de.lex.fliegen-geflogen"
"de.phrase.fortschritte-machen","de.lex.fortschritte-machen"
"de.phrase.freund-freundschaft-freundlich","de.lex.freund-freundschaft-freundlich"
"de.phrase.freundliche-gruesse","de.lex.freundliche-gruesse"
"de.phrase.freut-mich","de.lex.freut-mich"
"de.phrase.frohe-weihnachten","de.lex.frohe-weihnachten"
"de.phrase.frohes-neues-jahr","de.lex.frohes-neues-jahr"
"de.phrase.frueher-oder-spaeter","de.lex.frueher-oder-spaeter"
"de.phrase.fuer-den-moment-ist-es-okay","de.lex.fuer-den-moment-ist-es-okay"
"de.phrase.fussball-spielen","de.lex.fussball-spielen"
"de.phrase.ganz-ehrlich","de.lex.ganz-ehrlich"
"de.phrase.ganz-ohr-sein","de.lex.ganz-ohr-sein"
"de.phrase.gar-nicht","de.lex.gar-nicht"
"de.phrase.gar-nichts","de.lex.gar-nichts"
"de.phrase.gebaut-werden","de.lex.gebaut-werden"
"de.phrase.geben-gegeben","de.lex.geben-gegeben"
"de.phrase.geboren-werden","de.lex.geboren-werden"
"de.phrase.gebraeunte-haut","de.lex.gebraeunte-haut"
"de.phrase.gebraucht-second-hand","de.lex.gebraucht-second-hand"
"de.phrase.gefunden-werden","de.lex.gefunden-werden"
"de.phrase.gegenueber-dem-bahnhof","de.lex.gegenueber-dem-bahnhof"
"de.phrase.gehen-gegangen","de.lex.gehen-gegangen"
"de.phrase.gehen-sie-geradeaus","de.lex.gehen-sie-geradeaus"
"de.phrase.gehen-wir-lass-uns-gehen","de.lex.gehen-wir-lass-uns-gehen"
"de.phrase.geistige-gesundheit","de.lex.geistige-gesundheit"
"de.phrase.genauso-gross-wie","de.lex.genauso-gross-wie"
"de.phrase.genitiv-des-m-n-der-f-der-pl","de.lex.genitiv-des-m-n-der-f-der-pl"
"de.phrase.gern-geschehen","de.lex.gern-geschehen"
"de.phrase.geschickt-werden","de.lex.geschickt-werden"
"de.phrase.gestern-hat-er-das-buch-gelesen","de.lex.gestern-hat-er-das-buch-gelesen"
"de.phrase.gesunder-lebensstil","de.lex.gesunder-lebensstil"
"de.phrase.gewinnen-gewonnen","de.lex.gewinnen-gewonnen"
"de.phrase.gezeigt-werden","de.lex.gezeigt-werden"
"de.phrase.gib-mir","de.lex.gib-mir"
"de.phrase.gib-nicht-auf","de.lex.gib-nicht-auf"
"de.phrase.gibt-es-eine-apotheke-die-sonntags-geoeffnet-ist","de.lex.gibt-es-eine-apotheke-die-sonntags-geoeffnet-ist"
"de.phrase.gibt-es-eine-kundenkarte","de.lex.gibt-es-eine-kundenkarte"
"de.phrase.gibt-es-einen-geldautomaten-in-der-naehe","de.lex.gibt-es-einen-geldautomaten-in-der-naehe"
"de.phrase.glatte-haare","de.lex.glatte-haare"
"de.phrase.graue-haare","de.lex.graue-haare"
"de.phrase.groesser-als","de.lex.groesser-als"
"de.phrase.gross-groesser-am-groessten","de.lex.gross-groesser-am-groessten"
"de.phrase.gross-hochgewachsen","de.lex.gross-hochgewachsen"
"de.phrase.gruen-vor-neid-sein","de.lex.gruen-vor-neid-sein"
"de.phrase.gut-besser-am-besten","de.lex.gut-besser-am-besten"
"de.phrase.gut-gemacht","de.lex.gut-gemacht"
"de.phrase.gute-besserung","de.lex.gute-besserung"
"de.phrase.gute-laune-haben","de.lex.gute-laune-haben"
"de.phrase.gute-nacht","de.lex.gute-nacht"
"de.phrase.guten-abend","de.lex.guten-abend"
"de.phrase.guten-appetit","de.lex.guten-appetit"
"de.phrase.guten-morgen","de.lex.guten-morgen"
"de.phrase.guten-tag.good-afternoon","de.lex.guten-tag"
"de.phrase.guten-tag.good-day","de.lex.guten-tag-2"
"de.phrase.guten-tag.hello-good-day","de.lex.guten-tag-2"
"de.phrase.haben-gehabt","de.lex.haben-gehabt"
"de.phrase.haben-sie-allergien","de.lex.haben-sie-allergien"
"de.phrase.haben-sie-das-in-einer-groesseren-groesse","de.lex.haben-sie-das-in-einer-groesseren-groesse"
"de.phrase.haben-sie-einen-stadtplan","de.lex.haben-sie-einen-stadtplan"
"de.phrase.hals-und-beinbruch","de.lex.hals-und-beinbruch"
"de.phrase.halten-gehalten","de.lex.halten-gehalten"
"de.phrase.harte-arbeit-zahlt-sich-aus","de.lex.harte-arbeit-zahlt-sich-aus"
"de.phrase.hast-du-gegessen","de.lex.hast-du-gegessen"
"de.phrase.hast-du-versucht-es-aus-und-einzuschalten","de.lex.hast-du-versucht-es-aus-und-einzuschalten"
"de.phrase.hast-du-zeit","de.lex.hast-du-zeit"
"de.phrase.hattest-du-einen-guten-tag","de.lex.hattest-du-einen-guten-tag"
"de.phrase.helfen-geholfen","de.lex.helfen-geholfen"
"de.phrase.helft-mir","de.lex.helft-mir"
"de.phrase.herzlichen-glueckwunsch","de.lex.herzlichen-glueckwunsch"
"de.phrase.hier-tut-es-weh","de.lex.hier-tut-es-weh"
"de.phrase.hilf-mir","de.lex.hilf-mir"
"de.phrase.hinter-dativ","de.lex.hinter-dativ"
"de.phrase.hinter-dem-mond-leben","de.lex.hinter-dem-mond-leben"
"de.phrase.hoch-hoeher-am-hoechsten","de.lex.hoch-hoeher-am-hoechsten"
"de.phrase.hochdeutsch-standarddeutsch","de.lex.hochdeutsch-standarddeutsch"
"de.phrase.hoer-auf","de.lex.hoer-auf"
"de.phrase.hoer-zu","de.lex.hoer-zu"
"de.phrase.ich-ass","de.lex.ich-ass"
"de.phrase.ich-begann","de.lex.ich-begann"
"de.phrase.ich-bin","de.lex.ich-bin"
"de.phrase.ich-bin-anderer-meinung","de.lex.ich-bin-anderer-meinung"
"de.phrase.ich-bin-angekommen","de.lex.ich-bin-angekommen"
"de.phrase.ich-bin-dagegen-allergisch","de.lex.ich-bin-dagegen-allergisch"
"de.phrase.ich-bin-erschoepft","de.lex.ich-bin-erschoepft"
"de.phrase.ich-bin-fest-davon-ueberzeugt-dass","de.lex.ich-bin-fest-davon-ueberzeugt-dass"
"de.phrase.ich-bin-geblieben","de.lex.ich-bin-geblieben"
"de.phrase.ich-bin-gefahren","de.lex.ich-bin-gefahren"
"de.phrase.ich-bin-gefallen","de.lex.ich-bin-gefallen"
"de.phrase.ich-bin-geflogen","de.lex.ich-bin-geflogen"
"de.phrase.ich-bin-gegangen","de.lex.ich-bin-gegangen"
"de.phrase.ich-bin-gekommen","de.lex.ich-bin-gekommen"
"de.phrase.ich-bin-gleich-zurueck","de.lex.ich-bin-gleich-zurueck"
"de.phrase.ich-bin-gluecklich","de.lex.ich-bin-gluecklich"
"de.phrase.ich-bin-in-fuenf-minuten-da","de.lex.ich-bin-in-fuenf-minuten-da"
"de.phrase.ich-bin-muede.i-am-tired","de.lex.ich-bin-muede.i-am-tired"
"de.phrase.ich-bin-muede.i-m-tired","de.lex.ich-bin-muede.i-m-tired"
"de.phrase.ich-bin-nicht-sicher","de.lex.ich-bin-nicht-sicher"
"de.phrase.ich-bin-noch-nicht-ueberzeugt","de.lex.ich-bin-noch-nicht-ueberzeugt"
"de.phrase.ich-bin-spaet-zurueckgekommen","de.lex.ich-bin-spaet-zurueckgekommen"
"de.phrase.ich-bin-stammkunde","de.lex.ich-bin-stammkunde"
"de.phrase.ich-bin-stolz-auf-dich","de.lex.ich-bin-stolz-auf-dich"
"de.phrase.ich-bin-vegetarier-vegetarierin","de.lex.ich-bin-vegetarier-vegetarierin"
"de.phrase.ich-biss","de.lex.ich-biss"
"de.phrase.ich-bleibe-zu-hause","de.lex.ich-bleibe-zu-hause"
"de.phrase.ich-brach","de.lex.ich-brach"
"de.phrase.ich-brachte","de.lex.ich-brachte"
"de.phrase.ich-brauche","de.lex.ich-brauche"
"de.phrase.ich-brauche-ein-rezept","de.lex.ich-brauche-ein-rezept"
"de.phrase.ich-brauche-eine-fahrkarte","de.lex.ich-brauche-eine-fahrkarte"
"de.phrase.ich-brauche-einen-arzt","de.lex.ich-brauche-einen-arzt"
"de.phrase.ich-brauche-einen-moment","de.lex.ich-brauche-einen-moment"
"de.phrase.ich-brauche-hilfe","de.lex.ich-brauche-hilfe"
"de.phrase.ich-brauche-klarheit","de.lex.ich-brauche-klarheit"
"de.phrase.ich-brauche-kurz-frische-luft","de.lex.ich-brauche-kurz-frische-luft"
"de.phrase.ich-brauche-wasser","de.lex.ich-brauche-wasser"
"de.phrase.ich-dachte","de.lex.ich-dachte"
"de.phrase.ich-darf","de.lex.ich-darf"
"de.phrase.ich-denke-darueber-nach","de.lex.ich-denke-darueber-nach"
"de.phrase.ich-denke-dass","de.lex.ich-denke-dass"
"de.phrase.ich-denke-dass-er-muede-ist","de.lex.ich-denke-dass-er-muede-ist"
"de.phrase.ich-durfte","de.lex.ich-durfte"
"de.phrase.ich-erinnere-mich-an-ihn","de.lex.ich-erinnere-mich-an-ihn"
"de.phrase.ich-erzaehlte-ich-sagte","de.lex.ich-erzaehlte-ich-sagte"
"de.phrase.ich-esse","de.lex.ich-esse"
"de.phrase.ich-fahre","de.lex.ich-fahre"
"de.phrase.ich-falle","de.lex.ich-falle"
"de.phrase.ich-fand","de.lex.ich-fand"
"de.phrase.ich-fange-jetzt-an","de.lex.ich-fange-jetzt-an"
"de.phrase.ich-fiel","de.lex.ich-fiel"
"de.phrase.ich-flog","de.lex.ich-flog"
"de.phrase.ich-freue-mich-auf-ihre-antwort","de.lex.ich-freue-mich-auf-ihre-antwort"
"de.phrase.ich-freue-mich-darauf.i-am-looking-forward-to-","de.lex.ich-freue-mich-darauf.i-am-looking-forward-to-it"
"de.phrase.ich-freue-mich-darauf.i-am-looking-forward-to-it","de.lex.ich-freue-mich-darauf.i-am-looking-forward-to-it"
"de.phrase.ich-freue-mich-darauf.i-m-looking-forward-to-i","de.lex.ich-freue-mich-darauf.i-m-looking-forward-to-it"
"de.phrase.ich-freue-mich-darauf.i-m-looking-forward-to-it","de.lex.ich-freue-mich-darauf.i-m-looking-forward-to-it"
"de.phrase.ich-fuehle-mich-heute-grossartig","de.lex.ich-fuehle-mich-heute-grossartig"
"de.phrase.ich-fuehle-mich-krank","de.lex.ich-fuehle-mich-krank"
"de.phrase.ich-fuehle-mich-nicht-wohl","de.lex.ich-fuehle-mich-nicht-wohl"
"de.phrase.ich-fuhr","de.lex.ich-fuhr"
"de.phrase.ich-gab","de.lex.ich-gab"
"de.phrase.ich-gebe","de.lex.ich-gebe"
"de.phrase.ich-gehe-frueh-ins-bett","de.lex.ich-gehe-frueh-ins-bett"
"de.phrase.ich-gehe-jeden-morgen-joggen","de.lex.ich-gehe-jeden-morgen-joggen"
"de.phrase.ich-gewann","de.lex.ich-gewann"
"de.phrase.ich-ging","de.lex.ich-ging"
"de.phrase.ich-glaube-dir","de.lex.ich-glaube-dir"
"de.phrase.ich-habe","de.lex.ich-habe"
"de.phrase.ich-habe-angst-davor","de.lex.ich-habe-angst-davor"
"de.phrase.ich-habe-das-missverstanden","de.lex.ich-habe-das-missverstanden"
"de.phrase.ich-habe-durst","de.lex.ich-habe-durst"
"de.phrase.ich-habe-eine-frage-zu-meiner-rechnung","de.lex.ich-habe-eine-frage-zu-meiner-rechnung"
"de.phrase.ich-habe-eine-reservierung","de.lex.ich-habe-eine-reservierung"
"de.phrase.ich-habe-einen-gutschein","de.lex.ich-habe-einen-gutschein"
"de.phrase.ich-habe-einen-termin-um-15-uhr","de.lex.ich-habe-einen-termin-um-15-uhr"
"de.phrase.ich-habe-es-eilig.i-am-in-a-hurry","de.lex.ich-habe-es-eilig.i-am-in-a-hurry"
"de.phrase.ich-habe-es-eilig.i-m-in-a-hurry","de.lex.ich-habe-es-eilig.i-m-in-a-hurry"
"de.phrase.ich-habe-gearbeitet","de.lex.ich-habe-gearbeitet"
"de.phrase.ich-habe-gedacht","de.lex.ich-habe-gedacht"
"de.phrase.ich-habe-gegessen.i-have-eaten","de.lex.ich-habe-gegessen"
"de.phrase.ich-habe-gegessen.i-have-eaten-2","de.lex.ich-habe-gegessen-2"
"de.phrase.ich-habe-gegessen.i-have-eaten-perfekt","de.lex.ich-habe-gegessen"
"de.phrase.ich-habe-gegessen.i-have-eaten-perfekt-2","de.lex.ich-habe-gegessen"
"de.phrase.ich-habe-gerade-keine-lust","de.lex.ich-habe-gerade-keine-lust"
"de.phrase.ich-habe-geschlafen","de.lex.ich-habe-geschlafen"
"de.phrase.ich-habe-geschrieben","de.lex.ich-habe-geschrieben"
"de.phrase.ich-habe-gesehen","de.lex.ich-habe-gesehen"
"de.phrase.ich-habe-gesprochen","de.lex.ich-habe-gesprochen"
"de.phrase.ich-habe-hunger.i-am-hungry","de.lex.ich-habe-hunger.i-am-hungry"
"de.phrase.ich-habe-hunger.i-m-hungry","de.lex.ich-habe-hunger.i-m-hungry"
"de.phrase.ich-habe-kein-bargeld","de.lex.ich-habe-kein-bargeld"
"de.phrase.ich-habe-keine-ahnung","de.lex.ich-habe-keine-ahnung"
"de.phrase.ich-habe-keine-zeit","de.lex.ich-habe-keine-zeit"
"de.phrase.ich-habe-meine-geldboerse-vergessen","de.lex.ich-habe-meine-geldboerse-vergessen"
"de.phrase.ich-habe-meinen-reisepass-verloren","de.lex.ich-habe-meinen-reisepass-verloren"
"de.phrase.ich-habe-mich-gewaschen","de.lex.ich-habe-mich-gewaschen"
"de.phrase.ich-habe-mich-verlaufen","de.lex.ich-habe-mich-verlaufen"
"de.phrase.ich-habe-zeit","de.lex.ich-habe-zeit"
"de.phrase.ich-haette","de.lex.ich-haette"
"de.phrase.ich-haette-das-sagen-sollen","de.lex.ich-haette-das-sagen-sollen"
"de.phrase.ich-haette-gern-ein-bier","de.lex.ich-haette-gern-ein-bier"
"de.phrase.ich-haette-gern-einen-kaffee","de.lex.ich-haette-gern-einen-kaffee"
"de.phrase.ich-half","de.lex.ich-half"
"de.phrase.ich-halte","de.lex.ich-halte"
"de.phrase.ich-hatte","de.lex.ich-hatte"
"de.phrase.ich-hatte-viel-zu-tun","de.lex.ich-hatte-viel-zu-tun"
"de.phrase.ich-heisse-mein-name-ist","de.lex.ich-heisse-mein-name-ist"
"de.phrase.ich-heisse-oliver","de.lex.ich-heisse-oliver"
"de.phrase.ich-helfe","de.lex.ich-helfe"
"de.phrase.ich-hielt","de.lex.ich-hielt"
"de.phrase.ich-hoere-jetzt-auf","de.lex.ich-hoere-jetzt-auf"
"de.phrase.ich-interessiere-mich-fuer-kunst","de.lex.ich-interessiere-mich-fuer-kunst"
"de.phrase.ich-kam","de.lex.ich-kam"
"de.phrase.ich-kann","de.lex.ich-kann"
"de.phrase.ich-kann-bleiben","de.lex.ich-kann-bleiben"
"de.phrase.ich-kann-deine-gedanken-nicht-lesen","de.lex.ich-kann-deine-gedanken-nicht-lesen"
"de.phrase.ich-kann-es-nicht-glauben","de.lex.ich-kann-es-nicht-glauben"
"de.phrase.ich-kann-schwimmen","de.lex.ich-kann-schwimmen"
"de.phrase.ich-kann-sie-nicht-sehr-gut-hoeren","de.lex.ich-kann-sie-nicht-sehr-gut-hoeren"
"de.phrase.ich-koennte","de.lex.ich-koennte"
"de.phrase.ich-komme-aus-ungarn.i-am-from-hungary","de.lex.ich-komme-aus-ungarn.i-am-from-hungary"
"de.phrase.ich-komme-aus-ungarn.i-m-from-hungary","de.lex.ich-komme-aus-ungarn.i-m-from-hungary"
"de.phrase.ich-komme-mit","de.lex.ich-komme-mit"
"de.phrase.ich-komme-zurueck","de.lex.ich-komme-zurueck"
"de.phrase.ich-konnte","de.lex.ich-konnte"
"de.phrase.ich-laeutete-ich-rief-an","de.lex.ich-laeutete-ich-rief-an"
"de.phrase.ich-las","de.lex.ich-las"
"de.phrase.ich-laufe","de.lex.ich-laufe"
"de.phrase.ich-lehrte-ich-unterrichtete","de.lex.ich-lehrte-ich-unterrichtete"
"de.phrase.ich-lerne-deutsch","de.lex.ich-lerne-deutsch"
"de.phrase.ich-lese","de.lex.ich-lese"
"de.phrase.ich-lese-gerne","de.lex.ich-lese-gerne"
"de.phrase.ich-liebe-es-zu-kochen","de.lex.ich-liebe-es-zu-kochen"
"de.phrase.ich-lief","de.lex.ich-lief"
"de.phrase.ich-mache-dir-keinen-vorwurf","de.lex.ich-mache-dir-keinen-vorwurf"
"de.phrase.ich-mag","de.lex.ich-mag"
"de.phrase.ich-meine","de.lex.ich-meine"
"de.phrase.ich-moechte","de.lex.ich-moechte"
"de.phrase.ich-moechte-das-anprobieren","de.lex.ich-moechte-das-anprobieren"
"de.phrase.ich-moechte-das-zurueckgeben","de.lex.ich-moechte-das-zurueckgeben"
"de.phrase.ich-moechte-dich-verstehen","de.lex.ich-moechte-dich-verstehen"
"de.phrase.ich-moechte-ehrlich-sein","de.lex.ich-moechte-ehrlich-sein"
"de.phrase.ich-moechte-ein-konto-eroeffnen","de.lex.ich-moechte-ein-konto-eroeffnen"
"de.phrase.ich-moechte-eine-bewertung-hinterlassen","de.lex.ich-moechte-eine-bewertung-hinterlassen"
"de.phrase.ich-moechte-eine-rueckerstattung","de.lex.ich-moechte-eine-rueckerstattung"
"de.phrase.ich-moechte-etwas-fragen","de.lex.ich-moechte-etwas-fragen"
"de.phrase.ich-moechte-mein-visum-verlaengern","de.lex.ich-moechte-mein-visum-verlaengern"
"de.phrase.ich-moechte-mich-abmelden","de.lex.ich-moechte-mich-abmelden"
"de.phrase.ich-moechte-mich-anmelden","de.lex.ich-moechte-mich-anmelden"
"de.phrase.ich-moechte-mich-nach-erkundigen","de.lex.ich-moechte-mich-nach-erkundigen"
"de.phrase.ich-moechte-mich-um-eine-stelle-bewerben","de.lex.ich-moechte-mich-um-eine-stelle-bewerben"
"de.phrase.ich-moechte-nicht-hinterherrennen","de.lex.ich-moechte-nicht-hinterherrennen"
"de.phrase.ich-moechte-nichts-erzwingen","de.lex.ich-moechte-nichts-erzwingen"
"de.phrase.ich-moechte.i-would-like","de.lex.ich-moechte"
"de.phrase.ich-moechte.i-would-like-2","de.lex.ich-moechte"
"de.phrase.ich-muesste","de.lex.ich-muesste"
"de.phrase.ich-muss","de.lex.ich-muss"
"de.phrase.ich-muss-darueber-nachdenken","de.lex.ich-muss-darueber-nachdenken"
"de.phrase.ich-muss-einen-tag-freinehmen","de.lex.ich-muss-einen-tag-freinehmen"
"de.phrase.ich-muss-gehen","de.lex.ich-muss-gehen"
"de.phrase.ich-muss-zum-arzt","de.lex.ich-muss-zum-arzt"
"de.phrase.ich-musste","de.lex.ich-musste"
"de.phrase.ich-nahm","de.lex.ich-nahm"
"de.phrase.ich-nehme","de.lex.ich-nehme"
"de.phrase.ich-nehme-es","de.lex.ich-nehme-es"
"de.phrase.ich-rief","de.lex.ich-rief"
"de.phrase.ich-rufe-dich-an","de.lex.ich-rufe-dich-an"
"de.phrase.ich-sah","de.lex.ich-sah"
"de.phrase.ich-sang","de.lex.ich-sang"
"de.phrase.ich-sass","de.lex.ich-sass"
"de.phrase.ich-schlafe","de.lex.ich-schlafe"
"de.phrase.ich-schlief","de.lex.ich-schlief"
"de.phrase.ich-schloss","de.lex.ich-schloss"
"de.phrase.ich-schlug","de.lex.ich-schlug"
"de.phrase.ich-schnitt","de.lex.ich-schnitt"
"de.phrase.ich-schreibe-das-wort-auf","de.lex.ich-schreibe-das-wort-auf"
"de.phrase.ich-schreibe-ihnen-bezueglich","de.lex.ich-schreibe-ihnen-bezueglich"
"de.phrase.ich-schrieb","de.lex.ich-schrieb"
"de.phrase.ich-schuettelte","de.lex.ich-schuettelte"
"de.phrase.ich-schwamm","de.lex.ich-schwamm"
"de.phrase.ich-sehe","de.lex.ich-sehe"
"de.phrase.ich-sehe-das-anders.i-see-it-differently","de.lex.ich-sehe-das-anders.i-see-it-differently"
"de.phrase.ich-sehe-das-anders.i-see-this-differently","de.lex.ich-sehe-das-anders.i-see-this-differently"
"de.phrase.ich-soll","de.lex.ich-soll"
"de.phrase.ich-sollte-jetzt-nicht-reagieren","de.lex.ich-sollte-jetzt-nicht-reagieren"
"de.phrase.ich-sollte.i-should","de.lex.ich-sollte.i-should"
"de.phrase.ich-sollte.i-should-ought-to","de.lex.ich-sollte.i-should"
"de.phrase.ich-sollte.i-was-supposed-to","de.lex.ich-sollte.i-was-supposed-to"
"de.phrase.ich-sprach","de.lex.ich-sprach"
"de.phrase.ich-spreche","de.lex.ich-spreche"
"de.phrase.ich-spreche-darueber","de.lex.ich-spreche-darueber"
"de.phrase.ich-spreche-ein-bisschen-deutsch","de.lex.ich-spreche-ein-bisschen-deutsch"
"de.phrase.ich-stahl","de.lex.ich-stahl"
"de.phrase.ich-stand","de.lex.ich-stand"
"de.phrase.ich-stieg","de.lex.ich-stieg"
"de.phrase.ich-stimme-dir-teilweise-zu","de.lex.ich-stimme-dir-teilweise-zu"
"de.phrase.ich-stimme-dir-zu","de.lex.ich-stimme-dir-zu"
"de.phrase.ich-stimme-zu","de.lex.ich-stimme-zu"
"de.phrase.ich-suche","de.lex.ich-suche"
"de.phrase.ich-suche-diese-adresse","de.lex.ich-suche-diese-adresse"
"de.phrase.ich-traf","de.lex.ich-traf"
"de.phrase.ich-trage","de.lex.ich-trage"
"de.phrase.ich-trank","de.lex.ich-trank"
"de.phrase.ich-treffe","de.lex.ich-treffe"
"de.phrase.ich-trug.i-carried","de.lex.ich-trug.i-carried"
"de.phrase.ich-trug.i-wore","de.lex.ich-trug.i-wore"
"de.phrase.ich-verbrachte-ich-gab-aus","de.lex.ich-verbrachte-ich-gab-aus"
"de.phrase.ich-verkaufte","de.lex.ich-verkaufte"
"de.phrase.ich-verletzte","de.lex.ich-verletzte"
"de.phrase.ich-verliess","de.lex.ich-verliess"
"de.phrase.ich-verlor","de.lex.ich-verlor"
"de.phrase.ich-versteckte-ich-verbarg","de.lex.ich-versteckte-ich-verbarg"
"de.phrase.ich-verstehe-ach-so","de.lex.ich-verstehe-ach-so"
"de.phrase.ich-verstehe-dich","de.lex.ich-verstehe-dich"
"de.phrase.ich-verstehe-nicht.i-do-not-understand","de.lex.ich-verstehe-nicht.i-do-not-understand"
"de.phrase.ich-verstehe-nicht.i-don-t-understand","de.lex.ich-verstehe-nicht.i-don-t-understand"
"de.phrase.ich-verstehe-was-du-meinst","de.lex.ich-verstehe-was-du-meinst"
"de.phrase.ich-verstehe-woher-sie-kommen","de.lex.ich-verstehe-woher-sie-kommen"
"de.phrase.ich-versuche-ruhig-zu-bleiben","de.lex.ich-versuche-ruhig-zu-bleiben"
"de.phrase.ich-versuche-zucker-zu-vermeiden","de.lex.ich-versuche-zucker-zu-vermeiden"
"de.phrase.ich-waehlte-ich-erkor","de.lex.ich-waehlte-ich-erkor"
"de.phrase.ich-waere","de.lex.ich-waere"
"de.phrase.ich-waere-dankbar-wenn-sie","de.lex.ich-waere-dankbar-wenn-sie"
"de.phrase.ich-war","de.lex.ich-war"
"de.phrase.ich-war-im-buero","de.lex.ich-war-im-buero"
"de.phrase.ich-warf","de.lex.ich-warf"
"de.phrase.ich-warte-auf-dich","de.lex.ich-warte-auf-dich"
"de.phrase.ich-warte-seit-einer-stunde","de.lex.ich-warte-seit-einer-stunde"
"de.phrase.ich-wasche","de.lex.ich-wasche"
"de.phrase.ich-weiss","de.lex.ich-weiss"
"de.phrase.ich-weiss-dass-er-muede-ist","de.lex.ich-weiss-dass-er-muede-ist"
"de.phrase.ich-weiss-dass-sie-kommt","de.lex.ich-weiss-dass-sie-kommt"
"de.phrase.ich-weiss-nicht-ob-er-kommt","de.lex.ich-weiss-nicht-ob-er-kommt"
"de.phrase.ich-werde","de.lex.ich-werde"
"de.phrase.ich-werde-darueber-nachdenken","de.lex.ich-werde-darueber-nachdenken"
"de.phrase.ich-werde-mich-diesbezueglich-bei-dir-melden","de.lex.ich-werde-mich-diesbezueglich-bei-dir-melden"
"de.phrase.ich-werfe","de.lex.ich-werfe"
"de.phrase.ich-will","de.lex.ich-will"
"de.phrase.ich-will-es-verstehen","de.lex.ich-will-es-verstehen"
"de.phrase.ich-will-mir-da-nicht-zu-viele-gedanken-machen.i-do-not-want-to-overthi","de.lex.ich-will-mir-da-nicht-zu-viele-gedanken-machen.i-do-not-want-to-overthink-this"
"de.phrase.ich-will-mir-da-nicht-zu-viele-gedanken-machen.i-do-not-want-to-overthi-2","de.lex.ich-will-mir-da-nicht-zu-viele-gedanken-machen.i-do-not-want-to-overthink-it"
"de.phrase.ich-will-mir-da-nicht-zu-viele-gedanken-machen.i-do-not-want-to-overthink-it","de.lex.ich-will-mir-da-nicht-zu-viele-gedanken-machen.i-do-not-want-to-overthink-this"
"de.phrase.ich-will-mir-da-nicht-zu-viele-gedanken-machen.i-do-not-want-to-overthink-this","de.lex.ich-will-mir-da-nicht-zu-viele-gedanken-machen.i-do-not-want-to-overthink-this"
"de.phrase.ich-wohne-in-berlin","de.lex.ich-wohne-in-berlin"
"de.phrase.ich-wollte","de.lex.ich-wollte"
"de.phrase.ich-wuchs","de.lex.ich-wuchs"
"de.phrase.ich-wuenschte-ich-koennte-fliegen","de.lex.ich-wuenschte-ich-koennte-fliegen"
"de.phrase.ich-wuerde-gehen","de.lex.ich-wuerde-gehen"
"de.phrase.ich-wuerde-kaufen","de.lex.ich-wuerde-kaufen"
"de.phrase.ich-wuerde-lieber","de.lex.ich-wuerde-lieber"
"de.phrase.ich-wuerde-mit-der-struktur-anfangen","de.lex.ich-wuerde-mit-der-struktur-anfangen"
"de.phrase.ich-wuerde-reisen-wenn-ich-geld-haette","de.lex.ich-wuerde-reisen-wenn-ich-geld-haette"
"de.phrase.ich-wuerde-sagen-dass","de.lex.ich-wuerde-sagen-dass"
"de.phrase.ich-wurde","de.lex.ich-wurde"
"de.phrase.ich-wurde-bestohlen","de.lex.ich-wurde-bestohlen"
"de.phrase.ich-wusste","de.lex.ich-wusste"
"de.phrase.ich-zahle-es-dir-morgen-zurueck","de.lex.ich-zahle-es-dir-morgen-zurueck"
"de.phrase.ihr-habt","de.lex.ihr-habt"
"de.phrase.ihr-seid","de.lex.ihr-seid"
"de.phrase.ihr-wart","de.lex.ihr-wart"
"de.phrase.im-allgemeinen","de.lex.im-allgemeinen"
"de.phrase.im-anhang-finden-sie","de.lex.im-anhang-finden-sie"
"de.phrase.im-ausland","de.lex.im-ausland"
"de.phrase.im-erdgeschoss","de.lex.im-erdgeschoss"
"de.phrase.im-ernst","de.lex.im-ernst"
"de.phrase.im-fruehling","de.lex.im-fruehling"
"de.phrase.im-gleichen-boot-sitzen","de.lex.im-gleichen-boot-sitzen"
"de.phrase.im-januar","de.lex.im-januar"
"de.phrase.im-nebensatz-verb-geht-ans-ende","de.lex.im-nebensatz-verb-geht-ans-ende"
"de.phrase.im-norden-deutschlands","de.lex.im-norden-deutschlands"
"de.phrase.im-siebten-himmel-sein","de.lex.im-siebten-himmel-sein"
"de.phrase.im-stadtzentrum","de.lex.im-stadtzentrum"
"de.phrase.im-sueden-oesterreichs","de.lex.im-sueden-oesterreichs"
"de.phrase.im-zweiten-stock","de.lex.im-zweiten-stock"
"de.phrase.in-10-minuten","de.lex.in-10-minuten"
"de.phrase.in-akkusativ","de.lex.in-akkusativ"
"de.phrase.in-das-ins","de.lex.in-das-ins"
"de.phrase.in-dativ","de.lex.in-dativ"
"de.phrase.in-dem-im","de.lex.in-dem-im"
"de.phrase.in-den-bergen","de.lex.in-den-bergen"
"de.phrase.in-den-sauren-apfel-beissen","de.lex.in-den-sauren-apfel-beissen"
"de.phrase.in-den-urlaub-fahren","de.lex.in-den-urlaub-fahren"
"de.phrase.in-den-vororten","de.lex.in-den-vororten"
"de.phrase.in-der-ecke","de.lex.in-der-ecke"
"de.phrase.in-der-mitte","de.lex.in-der-mitte"
"de.phrase.in-der-naehe","de.lex.in-der-naehe"
"de.phrase.in-der-zwischenzeit","de.lex.in-der-zwischenzeit"
"de.phrase.in-kontakt-bleiben","de.lex.in-kontakt-bleiben"
"de.phrase.in-rente-gehen","de.lex.in-rente-gehen"
"de.phrase.in-zwei-tagen","de.lex.in-zwei-tagen"
"de.phrase.ins-bett-gehen","de.lex.ins-bett-gehen"
"de.phrase.ins-fettnaepfchen-treten","de.lex.ins-fettnaepfchen-treten"
"de.phrase.ist-alles-in-ordnung","de.lex.ist-alles-in-ordnung"
"de.phrase.ist-das-frei","de.lex.ist-das-frei"
"de.phrase.ist-das-fruehstueck-inbegriffen","de.lex.ist-das-fruehstueck-inbegriffen"
"de.phrase.ist-das-museum-heute-geoeffnet","de.lex.ist-das-museum-heute-geoeffnet"
"de.phrase.ist-dieser-platz-besetzt","de.lex.ist-dieser-platz-besetzt"
"de.phrase.ist-dieses-formular-richtig","de.lex.ist-dieses-formular-richtig"
"de.phrase.ist-es-weit-von-hier","de.lex.ist-es-weit-von-hier"
"de.phrase.ist-sie-hier","de.lex.ist-sie-hier"
"de.phrase.jaenner-statt-januar","de.lex.jaenner-statt-januar"
"de.phrase.je-frueher-desto-besser","de.lex.je-frueher-desto-besser"
"de.phrase.je-mehr-du-uebst-desto-besser","de.lex.je-mehr-du-uebst-desto-besser"
"de.phrase.jede-woche","de.lex.jede-woche"
"de.phrase.jeden-tag","de.lex.jeden-tag"
"de.phrase.jeder-alle","de.lex.jeder-alle"
"de.phrase.jedes-jahr","de.lex.jedes-jahr"
"de.phrase.jedes-unglueck-hat-auch-sein-gutes","de.lex.jedes-unglueck-hat-auch-sein-gutes"
"de.phrase.jedoch-allerdings","de.lex.jedoch-allerdings"
"de.phrase.jemandem-die-kalte-schulter-zeigen","de.lex.jemandem-die-kalte-schulter-zeigen"
"de.phrase.jemanden-auf-den-arm-nehmen","de.lex.jemanden-auf-den-arm-nehmen"
"de.phrase.jetzt-oder-nie","de.lex.jetzt-oder-nie"
"de.phrase.joggen-gehen","de.lex.joggen-gehen"
"de.phrase.jung-juenger-am-juengsten","de.lex.jung-juenger-am-juengsten"
"de.phrase.kahl-glatzkoepfig","de.lex.kahl-glatzkoepfig"
"de.phrase.kalte-fuesse-bekommen","de.lex.kalte-fuesse-bekommen"
"de.phrase.kann-ich-bar-zahlen","de.lex.kann-ich-bar-zahlen"
"de.phrase.kann-ich-den-termin-verschieben","de.lex.kann-ich-den-termin-verschieben"
"de.phrase.kann-ich-ihnen-helfen","de.lex.kann-ich-ihnen-helfen"
"de.phrase.kann-ich-ihr-telefon-benutzen","de.lex.kann-ich-ihr-telefon-benutzen"
"de.phrase.kann-ich-mit-dem-manager-sprechen","de.lex.kann-ich-mit-dem-manager-sprechen"
"de.phrase.kann-ich-mit-karte-zahlen","de.lex.kann-ich-mit-karte-zahlen"
"de.phrase.kannst-du-helfen","de.lex.kannst-du-helfen"
"de.phrase.kannst-du-mir-den-bericht-schicken","de.lex.kannst-du-mir-den-bericht-schicken"
"de.phrase.karneval-fasching","de.lex.karneval-fasching"
"de.phrase.kaufen-kaeufer-kauf-verkaeufer-verkauf","de.lex.kaufen-kaeufer-kauf-verkaeufer-verkauf"
"de.phrase.kein-problem","de.lex.kein-problem"
"de.phrase.kein-wunder-dass","de.lex.kein-wunder-dass"
"de.phrase.keine-ahnung","de.lex.keine-ahnung"
"de.phrase.keine-zeit-mehr-haben","de.lex.keine-zeit-mehr-haben"
"de.phrase.klein-kleiner-am-kleinsten","de.lex.klein-kleiner-am-kleinsten"
"de.phrase.klein-niedrig","de.lex.klein-niedrig"
"de.phrase.klug-klueger-am-kluegsten","de.lex.klug-klueger-am-kluegsten"
"de.phrase.kochen-kochen-koch-kueche","de.lex.kochen-kochen-koch-kueche"
"de.phrase.koennen-sie-einen-krankenwagen-rufen","de.lex.koennen-sie-einen-krankenwagen-rufen"
"de.phrase.koennen-sie-etwas-empfehlen","de.lex.koennen-sie-etwas-empfehlen"
"de.phrase.koennen-sie-mir-helfen","de.lex.koennen-sie-mir-helfen"
"de.phrase.koennten-sie-das-aufschreiben","de.lex.koennten-sie-das-aufschreiben"
"de.phrase.koennten-sie-das-bitte-wiederholen","de.lex.koennten-sie-das-bitte-wiederholen"
"de.phrase.koennten-sie-das-fenster-oeffnen","de.lex.koennten-sie-das-fenster-oeffnen"
"de.phrase.koennten-sie-das-wiederholen","de.lex.koennten-sie-das-wiederholen"
"de.phrase.koennten-sie-die-musik-leiser-machen","de.lex.koennten-sie-die-musik-leiser-machen"
"de.phrase.koennten-sie-langsamer-sprechen","de.lex.koennten-sie-langsamer-sprechen"
"de.phrase.koenntest-du-mir-bitte-helfen","de.lex.koenntest-du-mir-bitte-helfen"
"de.phrase.koenntest-du-mir-etwas-geld-leihen","de.lex.koenntest-du-mir-etwas-geld-leihen"
"de.phrase.koerperliche-aktivitaet","de.lex.koerperliche-aktivitaet"
"de.phrase.komm-rein","de.lex.komm-rein"
"de.phrase.kommen-gekommen","de.lex.kommen-gekommen"
"de.phrase.kommen-sie-herein","de.lex.kommen-sie-herein"
"de.phrase.kommen-wir-zur-sache","de.lex.kommen-wir-zur-sache"
"de.phrase.kommst-du.are-you-coming","de.lex.kommst-du.are-you-coming"
"de.phrase.kommst-du.are-you-coming-yes","de.lex.kommst-du.are-you-coming-yes"
"de.phrase.kommst-du.are-you-coming-yes-no-question","de.lex.kommst-du.are-you-coming-yes"
"de.phrase.komparativ-er-anhaengen-groesser-schneller","de.lex.komparativ-er-anhaengen-groesser-schneller"
"de.phrase.konservieren-schonen","de.lex.konservieren-schonen"
"de.phrase.korrektur-lesen","de.lex.korrektur-lesen"
"de.phrase.kostenloser-versand","de.lex.kostenloser-versand"
"de.phrase.krank-krankheit-patient-krankenhaus-krankenschwester","de.lex.krank-krankheit-patient-krankenhaus-krankenschwester"
"de.phrase.kuenstliche-intelligenz","de.lex.kuenstliche-intelligenz"
"de.phrase.lang-laenger-am-laengsten","de.lex.lang-laenger-am-laengsten"
"de.phrase.lass-dir-zeit","de.lex.lass-dir-zeit"
"de.phrase.lass-es-uns-nicht-verkomplizieren","de.lex.lass-es-uns-nicht-verkomplizieren"
"de.phrase.lass-es-uns-nicht-zu-kompliziert-machen","de.lex.lass-es-uns-nicht-zu-kompliziert-machen"
"de.phrase.lass-uns-das-in-ruhe-klaeren","de.lex.lass-uns-das-in-ruhe-klaeren"
"de.phrase.lass-uns-die-kosten-teilen","de.lex.lass-uns-die-kosten-teilen"
"de.phrase.lass-uns-eine-pause-machen","de.lex.lass-uns-eine-pause-machen"
"de.phrase.lassen-sie-uns-spaeter-kontakt-aufnehmen","de.lex.lassen-sie-uns-spaeter-kontakt-aufnehmen"
"de.phrase.laufen-gelaufen","de.lex.laufen-gelaufen"
"de.phrase.lehren-unterrichten","de.lex.lehren-unterrichten"
"de.phrase.leider-kann-ich-nicht","de.lex.leider-kann-ich-nicht"
"de.phrase.leihen-borgen","de.lex.leihen-borgen"
"de.phrase.lernen-lektion-lernende-lehrer","de.lex.lernen-lektion-lernende-lehrer"
"de.phrase.lesen-gelesen","de.lex.lesen-gelesen"
"de.phrase.letzte-woche","de.lex.letzte-woche"
"de.phrase.letztendlich-am-ende","de.lex.letztendlich-am-ende"
"de.phrase.lieben-liebe-liebhaber-geliebte-liebenswert","de.lex.lieben-liebe-liebhaber-geliebte-liebenswert"
"de.phrase.lies-das","de.lex.lies-das"
"de.phrase.lift-statt-aufzug","de.lex.lift-statt-aufzug"
"de.phrase.liken-gefallen","de.lex.liken-gefallen"
"de.phrase.lockige-haare","de.lex.lockige-haare"
"de.phrase.mach-das-licht-aus","de.lex.mach-das-licht-aus"
"de.phrase.mach-dir-keine-sorgen","de.lex.mach-dir-keine-sorgen"
"de.phrase.mach-es-an","de.lex.mach-es-an"
"de.phrase.mach-es-aus","de.lex.mach-es-aus"
"de.phrase.mach-weiter","de.lex.mach-weiter"
"de.phrase.macht-nichts","de.lex.macht-nichts"
"de.phrase.mal-sehen","de.lex.mal-sehen"
"de.phrase.maschinelles-lernen","de.lex.maschinelles-lernen"
"de.phrase.mask-neutr-im-genitiv-e-s","de.lex.mask-neutr-im-genitiv-e-s"
"de.phrase.mehr-oder-weniger","de.lex.mehr-oder-weniger"
"de.phrase.mehr-oder-weniger.more-or-less","de.lex.mehr-oder-weniger"
"de.phrase.mehr-oder-weniger.more-or-less-2","de.lex.mehr-oder-weniger"
"de.phrase.mein-akku-ist-fast-leer","de.lex.mein-akku-ist-fast-leer"
"de.phrase.meine-bestellung-ist-noch-nicht-angekommen","de.lex.meine-bestellung-ist-noch-nicht-angekommen"
"de.phrase.meiner-meinung-nach","de.lex.meiner-meinung-nach"
"de.phrase.mich-selbst","de.lex.mich-selbst"
"de.phrase.mir-geht-es-gut","de.lex.mir-geht-es-gut"
"de.phrase.mir-geht-es-gut-danke.i-am-fine","de.lex.mir-geht-es-gut-danke.i-am-fine"
"de.phrase.mir-geht-es-gut-danke.i-am-fine-thanks","de.lex.mir-geht-es-gut-danke.i-am-fine"
"de.phrase.mir-geht-es-gut-danke.i-m-fine","de.lex.mir-geht-es-gut-danke.i-m-fine"
"de.phrase.mir-geht-es-gut-danke.i-m-fine-thank-you","de.lex.mir-geht-es-gut-danke.i-m-fine"
"de.phrase.mir-geht-es-nicht-gut","de.lex.mir-geht-es-nicht-gut"
"de.phrase.mir-ist-kalt","de.lex.mir-ist-kalt"
"de.phrase.mit-anderen-worten","de.lex.mit-anderen-worten"
"de.phrase.mit-dem-strom-schwimmen","de.lex.mit-dem-strom-schwimmen"
"de.phrase.mit-freundlichen-gruessen","de.lex.mit-freundlichen-gruessen"
"de.phrase.mit-wem","de.lex.mit-wem"
"de.phrase.moechtest-du-mitkommen","de.lex.moechtest-du-mitkommen"
"de.phrase.morgenstund-hat-gold-im-mund","de.lex.morgenstund-hat-gold-im-mund"
"de.phrase.muendliche-pruefung","de.lex.muendliche-pruefung"
"de.phrase.muessen-sein","de.lex.muessen-sein"
"de.phrase.muss-ich-dokumente-mitbringen","de.lex.muss-ich-dokumente-mitbringen"
"de.phrase.n-deklination-mask-bekommt-e-n-in-akk-dat-gen","de.lex.n-deklination-mask-bekommt-e-n-in-akk-dat-gen"
"de.phrase.na-ja-jedenfalls","de.lex.na-ja-jedenfalls"
"de.phrase.nach-der-schule","de.lex.nach-der-schule"
"de.phrase.nach-links","de.lex.nach-links"
"de.phrase.nach-obwohl-verb-ans-ende-obwohl-es-regnet-gehe-ich-raus","de.lex.nach-obwohl-verb-ans-ende-obwohl-es-regnet-gehe-ich-raus"
"de.phrase.nach-rechts","de.lex.nach-rechts"
"de.phrase.nach-weil-verb-ans-ende-ich-komme-weil-ich-zeit-habe","de.lex.nach-weil-verb-ans-ende-ich-komme-weil-ich-zeit-habe"
"de.phrase.nachdem-sie-gegessen-hatte-machte-sie-einen-spaziergang","de.lex.nachdem-sie-gegessen-hatte-machte-sie-einen-spaziergang"
"de.phrase.nachdem-wir-sprechen","de.lex.nachdem-wir-sprechen"
"de.phrase.nachdenken-ueber","de.lex.nachdenken-ueber"
"de.phrase.naechste-woche","de.lex.naechste-woche"
"de.phrase.nah-naeher-am-naechsten","de.lex.nah-naeher-am-naechsten"
"de.phrase.neben-dativ","de.lex.neben-dativ"
"de.phrase.negation-m-akk-keinen","de.lex.negation-m-akk-keinen"
"de.phrase.nehmen-genommen","de.lex.nehmen-genommen"
"de.phrase.nehmen-sie-die-erste-strasse-links","de.lex.nehmen-sie-die-erste-strasse-links"
"de.phrase.nehmen-sie-medikamente","de.lex.nehmen-sie-medikamente"
"de.phrase.neu-starten","de.lex.neu-starten"
"de.phrase.neuronales-netz","de.lex.neuronales-netz"
"de.phrase.nicht-ganz","de.lex.nicht-ganz"
"de.phrase.nicht-mehr","de.lex.nicht-mehr"
"de.phrase.nicht-mein-ding","de.lex.nicht-mein-ding"
"de.phrase.nicht-moeglich","de.lex.nicht-moeglich"
"de.phrase.nicht-nur-sondern-auch","de.lex.nicht-nur-sondern-auch"
"de.phrase.nicht-so-gut","de.lex.nicht-so-gut"
"de.phrase.nicht-so-gut-wie","de.lex.nicht-so-gut-wie"
"de.phrase.nicht-unbedingt","de.lex.nicht-unbedingt"
"de.phrase.nicht-verfuegbar","de.lex.nicht-verfuegbar"
"de.phrase.nie-niemals","de.lex.nie-niemals"
"de.phrase.nimm-es","de.lex.nimm-es"
"de.phrase.noch-besser","de.lex.noch-besser"
"de.phrase.noch-nicht","de.lex.noch-nicht"
"de.phrase.nur-an-der-oberflaeche-kratzen","de.lex.nur-an-der-oberflaeche-kratzen"
"de.phrase.nur-noch","de.lex.nur-noch"
"de.phrase.ob-es-funktioniert","de.lex.ob-es-funktioniert"
"de.phrase.oben-ganz-oben","de.lex.oben-ganz-oben"
"de.phrase.obers-schlagobers-statt-sahne","de.lex.obers-schlagobers-statt-sahne"
"de.phrase.obwohl-es-regnet-gehe-ich-raus","de.lex.obwohl-es-regnet-gehe-ich-raus"
"de.phrase.obwohl-es-weh-tut","de.lex.obwohl-es-weh-tut"
"de.phrase.obwohl-ich-es-verstehe","de.lex.obwohl-ich-es-verstehe"
"de.phrase.oeffnen-aufmachen","de.lex.oeffnen-aufmachen"
"de.phrase.oel-ins-feuer-giessen","de.lex.oel-ins-feuer-giessen"
"de.phrase.ohne-fleiss-kein-preis","de.lex.ohne-fleiss-kein-preis"
"de.phrase.paradeiser-statt-tomate","de.lex.paradeiser-statt-tomate"
"de.phrase.pass-auf","de.lex.pass-auf"
"de.phrase.perfekt-mit-haben-die-meisten-anderen-verben","de.lex.perfekt-mit-haben-die-meisten-anderen-verben"
"de.phrase.perfekt-mit-sein-bewegung-oder-zustandsaenderung","de.lex.perfekt-mit-sein-bewegung-oder-zustandsaenderung"
"de.phrase.pfiat-di","de.lex.pfiat-di"
"de.phrase.posten-veroeffentlichen","de.lex.posten-veroeffentlichen"
"de.phrase.programmieren-coden","de.lex.programmieren-coden"
"de.phrase.pruefen-auditieren","de.lex.pruefen-auditieren"
"de.phrase.puenktlich-sein","de.lex.puenktlich-sein"
"de.phrase.putzen-reinigen","de.lex.putzen-reinigen"
"de.phrase.rad-fahren","de.lex.rad-fahren"
"de.phrase.rad-fahren.go-cycling","de.lex.rad-fahren"
"de.phrase.raeum-auf","de.lex.raeum-auf"
"de.phrase.raeum-dein-zimmer-auf","de.lex.raeum-dein-zimmer-auf"
"de.phrase.rat-geben","de.lex.rat-geben"
"de.phrase.recht-haben","de.lex.recht-haben"
"de.phrase.reflexiv-3-pers-sich-er-waescht-sich","de.lex.reflexiv-3-pers-sich-er-waescht-sich"
"de.phrase.rote-haare","de.lex.rote-haare"
"de.phrase.rufen-anrufen","de.lex.rufen-anrufen"
"de.phrase.rufen-gerufen","de.lex.rufen-gerufen"
"de.phrase.rufen-sie-die-polizei","de.lex.rufen-sie-die-polizei"
"de.phrase.sammeln-aufbringen","de.lex.sammeln-aufbringen"
"de.phrase.schach-spielen","de.lex.schach-spielen"
"de.phrase.schlafen-geschlafen","de.lex.schlafen-geschlafen"
"de.phrase.schlafende-hunde-nicht-wecken","de.lex.schlafende-hunde-nicht-wecken"
"de.phrase.schlecht-schlechter-am-schlechtesten","de.lex.schlecht-schlechter-am-schlechtesten"
"de.phrase.schlechte-laune-haben","de.lex.schlechte-laune-haben"
"de.phrase.schlechter-als-gestern","de.lex.schlechter-als-gestern"
"de.phrase.schliessen-zumachen","de.lex.schliessen-zumachen"
"de.phrase.schmetterlinge-im-bauch-haben","de.lex.schmetterlinge-im-bauch-haben"
"de.phrase.schneiden-geschnitten","de.lex.schneiden-geschnitten"
"de.phrase.schoen-sie-kennenzulernen","de.lex.schoen-sie-kennenzulernen"
"de.phrase.schon-bereits","de.lex.schon-bereits"
"de.phrase.schreiben-geschrieben","de.lex.schreiben-geschrieben"
"de.phrase.schreiben-schreiben-schriftsteller","de.lex.schreiben-schreiben-schriftsteller"
"de.phrase.schriftliche-pruefung","de.lex.schriftliche-pruefung"
"de.phrase.schritt-fuer-schritt.one-step-at-a-time","de.lex.schritt-fuer-schritt-2"
"de.phrase.schritt-fuer-schritt.step-by-step","de.lex.schritt-fuer-schritt"
"de.phrase.schwarze-haare","de.lex.schwarze-haare"
"de.phrase.schweizer-franken-chf","de.lex.schweizer-franken-chf"
"de.phrase.schwimmen-gehen","de.lex.schwimmen-gehen"
"de.phrase.schwimmen-geschwommen","de.lex.schwimmen-geschwommen"
"de.phrase.sehen-gesehen","de.lex.sehen-gesehen"
"de.phrase.sehr-geehrte-damen-und-herren","de.lex.sehr-geehrte-damen-und-herren"
"de.phrase.sehr-geehrte-frau-mueller","de.lex.sehr-geehrte-frau-mueller"
"de.phrase.sehr-geehrter-herr-schmidt","de.lex.sehr-geehrter-herr-schmidt"
"de.phrase.sehr-gut","de.lex.sehr-gut"
"de.phrase.sei-ruhig","de.lex.sei-ruhig"
"de.phrase.seid-ruhig","de.lex.seid-ruhig"
"de.phrase.sein-gewesen","de.lex.sein-gewesen"
"de.phrase.seit-da","de.lex.seit-da"
"de.phrase.seit-montag","de.lex.seit-montag"
"de.phrase.semmel-statt-broetchen","de.lex.semmel-statt-broetchen"
"de.phrase.setz-dich","de.lex.setz-dich"
"de.phrase.sich-amuesieren","de.lex.sich-amuesieren"
"de.phrase.sich-anziehen","de.lex.sich-anziehen"
"de.phrase.sich-auf-den-weg-machen","de.lex.sich-auf-den-weg-machen"
"de.phrase.sich-ausziehen","de.lex.sich-ausziehen"
"de.phrase.sich-beeilen","de.lex.sich-beeilen"
"de.phrase.sich-beruhigen","de.lex.sich-beruhigen"
"de.phrase.sich-beschweren","de.lex.sich-beschweren"
"de.phrase.sich-beschweren-ueber","de.lex.sich-beschweren-ueber"
"de.phrase.sich-bewerben","de.lex.sich-bewerben"
"de.phrase.sich-bewusst-sein-ueber","de.lex.sich-bewusst-sein-ueber"
"de.phrase.sich-die-zaehne-putzen","de.lex.sich-die-zaehne-putzen"
"de.phrase.sich-entschuldigen","de.lex.sich-entschuldigen"
"de.phrase.sich-entspannen","de.lex.sich-entspannen"
"de.phrase.sich-erinnern-an","de.lex.sich-erinnern-an"
"de.phrase.sich-erkaelten","de.lex.sich-erkaelten"
"de.phrase.sich-fertigmachen","de.lex.sich-fertigmachen"
"de.phrase.sich-freuen-auf.be-looking-forward-to","de.lex.sich-freuen-auf.be-looking-forward-to"
"de.phrase.sich-freuen-auf.look-forward-to","de.lex.sich-freuen-auf.look-forward-to"
"de.phrase.sich-freuen-auf.to-be-looking-forward-to","de.lex.sich-freuen-auf.be-looking-forward-to"
"de.phrase.sich-freuen-auf.to-look-forward-to","de.lex.sich-freuen-auf.look-forward-to"
"de.phrase.sich-freuen-ueber","de.lex.sich-freuen-ueber"
"de.phrase.sich-fuehlen","de.lex.sich-fuehlen"
"de.phrase.sich-fuerchten","de.lex.sich-fuerchten"
"de.phrase.sich-gewoehnen-an","de.lex.sich-gewoehnen-an"
"de.phrase.sich-hinlegen","de.lex.sich-hinlegen"
"de.phrase.sich-interessieren-fuer","de.lex.sich-interessieren-fuer"
"de.phrase.sich-kaemmen","de.lex.sich-kaemmen"
"de.phrase.sich-konzentrieren","de.lex.sich-konzentrieren"
"de.phrase.sich-kuemmern-um","de.lex.sich-kuemmern-um"
"de.phrase.sich-rasieren","de.lex.sich-rasieren"
"de.phrase.sich-selbst.herself","de.lex.sich-selbst.herself"
"de.phrase.sich-selbst.himself-herself-itself","de.lex.sich-selbst.herself"
"de.phrase.sich-selbst.themselves","de.lex.sich-selbst.themselves"
"de.phrase.sich-setzen","de.lex.sich-setzen"
"de.phrase.sich-sorgen","de.lex.sich-sorgen"
"de.phrase.sich-sorgen-machen-um","de.lex.sich-sorgen-machen-um"
"de.phrase.sich-treffen","de.lex.sich-treffen"
"de.phrase.sich-umdrehen","de.lex.sich-umdrehen"
"de.phrase.sich-verirren","de.lex.sich-verirren"
"de.phrase.sich-verlieben","de.lex.sich-verlieben"
"de.phrase.sich-verschlechtern","de.lex.sich-verschlechtern"
"de.phrase.sich-vorstellen.imagine","de.lex.sich-vorstellen.imagine"
"de.phrase.sich-vorstellen.introduce-oneself","de.lex.sich-vorstellen.introduce-oneself"
"de.phrase.sich-vorstellen.to-imagine","de.lex.sich-vorstellen.imagine"
"de.phrase.sich-vorstellen.to-introduce-oneself","de.lex.sich-vorstellen.introduce-oneself"
"de.phrase.sich-waschen","de.lex.sich-waschen"
"de.phrase.sich-wie-zu-hause-fuehlen","de.lex.sich-wie-zu-hause-fuehlen"
"de.phrase.sich-zu-viel-vornehmen","de.lex.sich-zu-viel-vornehmen"
"de.phrase.sie-beeilt-sich","de.lex.sie-beeilt-sich"
"de.phrase.sie-beschwert-sich-ueber-alles","de.lex.sie-beschwert-sich-ueber-alles"
"de.phrase.sie-haben","de.lex.sie-haben"
"de.phrase.sie-haben-recht","de.lex.sie-haben-recht"
"de.phrase.sie-hat-lange-lockige-haare","de.lex.sie-hat-lange-lockige-haare"
"de.phrase.sie-hat-sich-daran-gewoehnt","de.lex.sie-hat-sich-daran-gewoehnt"
"de.phrase.sie-hat-sich-gekaemmt","de.lex.sie-hat-sich-gekaemmt"
"de.phrase.sie-hatten","de.lex.sie-hatten"
"de.phrase.sie-holen-mich-ab","de.lex.sie-holen-mich-ab"
"de.phrase.sie-holt-ihre-freundin-ab","de.lex.sie-holt-ihre-freundin-ab"
"de.phrase.sie-ist-angekommen","de.lex.sie-ist-angekommen"
"de.phrase.sie-ist-gegangen","de.lex.sie-ist-gegangen"
"de.phrase.sie-ist-groesser-als-ihr-bruder","de.lex.sie-ist-groesser-als-ihr-bruder"
"de.phrase.sie-ist-in-guter-form","de.lex.sie-ist-in-guter-form"
"de.phrase.sie-ist-vor-drei-tagen-abgereist","de.lex.sie-ist-vor-drei-tagen-abgereist"
"de.phrase.sie-koennen","de.lex.sie-koennen"
"de.phrase.sie-liest-das-buch","de.lex.sie-liest-das-buch"
"de.phrase.sie-meditiert-morgens","de.lex.sie-meditiert-morgens"
"de.phrase.sie-muessen","de.lex.sie-muessen"
"de.phrase.sie-muessen-am-hauptbahnhof-umsteigen","de.lex.sie-muessen-am-hauptbahnhof-umsteigen"
"de.phrase.sie-muss-arbeiten","de.lex.sie-muss-arbeiten"
"de.phrase.sie-probiert-das-kleid-an","de.lex.sie-probiert-das-kleid-an"
"de.phrase.sie-ruft-ihre-mutter-an","de.lex.sie-ruft-ihre-mutter-an"
"de.phrase.sie-sagt-dass-es-kalt-ist","de.lex.sie-sagt-dass-es-kalt-ist"
"de.phrase.sie-sieht-jung-aus-fuer-ihr-alter","de.lex.sie-sieht-jung-aus-fuer-ihr-alter"
"de.phrase.sie-sind","de.lex.sie-sind"
"de.phrase.sie-trainieren-jeden-tag","de.lex.sie-trainieren-jeden-tag"
"de.phrase.sie-trinkt-taeglich-zwei-liter-wasser","de.lex.sie-trinkt-taeglich-zwei-liter-wasser"
"de.phrase.sie-verlieben-sich","de.lex.sie-verlieben-sich"
"de.phrase.sie-waren","de.lex.sie-waren"
"de.phrase.sie-wohnt-seit-zwei-jahren-hier","de.lex.sie-wohnt-seit-zwei-jahren-hier"
"de.phrase.sie-wollen","de.lex.sie-wollen"
"de.phrase.singen-gesungen","de.lex.singen-gesungen"
"de.phrase.sinn-ergeben","de.lex.sinn-ergeben"
"de.phrase.sitzen-gesessen","de.lex.sitzen-gesessen"
"de.phrase.ski-fahren","de.lex.ski-fahren"
"de.phrase.ski-fahren.go-skiing","de.lex.ski-fahren"
"de.phrase.so-bald-wie-moeglich","de.lex.so-bald-wie-moeglich"
"de.phrase.so-einfach-ist-das-nicht","de.lex.so-einfach-ist-das-nicht"
"de.phrase.so-gross-wie-moeglich","de.lex.so-gross-wie-moeglich"
"de.phrase.so-habe-ich-das-nicht-gemeint","de.lex.so-habe-ich-das-nicht-gemeint"
"de.phrase.so-schnell-wie-moeglich.as-fast-as-possible","de.lex.so-schnell-wie-moeglich.as-fast-as-possible"
"de.phrase.so-schnell-wie-moeglich.as-quickly-as-possible","de.lex.so-schnell-wie-moeglich.as-quickly-as-possible"
"de.phrase.somit-also","de.lex.somit-also"
"de.phrase.soweit-ich-weiss","de.lex.soweit-ich-weiss"
"de.phrase.sowohl-als-auch","de.lex.sowohl-als-auch"
"de.phrase.spazieren-gehen.go-for-a-walk","de.lex.spazieren-gehen.go-for-a-walk"
"de.phrase.spazieren-gehen.to-go-for-a-walk","de.lex.spazieren-gehen.go-for-a-walk"
"de.phrase.spazieren-gehen.to-walk","de.lex.spazieren-gehen.walk"
"de.phrase.spazieren-gehen.walk","de.lex.spazieren-gehen.walk"
"de.phrase.sprechen-gesprochen","de.lex.sprechen-gesprochen"
"de.phrase.sprechen-rede-sprecher","de.lex.sprechen-rede-sprecher"
"de.phrase.sprechen-sie-deutsch","de.lex.sprechen-sie-deutsch"
"de.phrase.sprechen-sie-englisch","de.lex.sprechen-sie-englisch"
"de.phrase.sprechen-ueber","de.lex.sprechen-ueber"
"de.phrase.sprich-langsam","de.lex.sprich-langsam"
"de.phrase.starten-anfangen","de.lex.starten-anfangen"
"de.phrase.statt-anstatt","de.lex.statt-anstatt"
"de.phrase.steh-auf","de.lex.steh-auf"
"de.phrase.stehen-gestanden","de.lex.stehen-gestanden"
"de.phrase.steigen-gestiegen","de.lex.steigen-gestiegen"
"de.phrase.stolz-sein-auf","de.lex.stolz-sein-auf"
"de.phrase.stoppen-aufhoeren","de.lex.stoppen-aufhoeren"
"de.phrase.storniert-annulliert","de.lex.storniert-annulliert"
"de.phrase.streiten-argumentieren","de.lex.streiten-argumentieren"
"de.phrase.streng-genommen","de.lex.streng-genommen"
"de.phrase.studieren-lernen","de.lex.studieren-lernen"
"de.phrase.suedtirol-italien","de.lex.suedtirol-italien"
"de.phrase.superlativ-am-sten-am-groessten","de.lex.superlativ-am-sten-am-groessten"
"de.phrase.tag-der-deutschen-einheit","de.lex.tag-der-deutschen-einheit"
"de.phrase.taten-sagen-mehr-als-worte","de.lex.taten-sagen-mehr-als-worte"
"de.phrase.tatsaechlich-eigentlich","de.lex.tatsaechlich-eigentlich"
"de.phrase.teuer-teurer-am-teuersten","de.lex.teuer-teurer-am-teuersten"
"de.phrase.tragen-getragen","de.lex.tragen-getragen"
"de.phrase.treffen-getroffen","de.lex.treffen-getroffen"
"de.phrase.trennbares-praefix-am-ende-des-hauptsatzes","de.lex.trennbares-praefix-am-ende-des-hauptsatzes"
"de.phrase.trinken-getrunken","de.lex.trinken-getrunken"
"de.phrase.trotzdem-dennoch","de.lex.trotzdem-dennoch"
"de.phrase.ueber-dativ","de.lex.ueber-dativ"
"de.phrase.uebersetzt-werden","de.lex.uebersetzt-werden"
"de.phrase.uebung-macht-den-meister","de.lex.uebung-macht-den-meister"
"de.phrase.um-5-uhr","de.lex.um-5-uhr"
"de.phrase.um-die-ecke","de.lex.um-die-ecke"
"de.phrase.um-es-kurz-zu-fassen","de.lex.um-es-kurz-zu-fassen"
"de.phrase.um-genauer-zu-sein","de.lex.um-genauer-zu-sein"
"de.phrase.um-wie-viel-uhr-ist-der-check-out","de.lex.um-wie-viel-uhr-ist-der-check-out"
"de.phrase.um-zu","de.lex.um-zu"
"de.phrase.umlaut-im-komparativ-alt-aelter-warm-waermer","de.lex.umlaut-im-komparativ-alt-aelter-warm-waermer"
"de.phrase.unbestimmter-artikel-m-akk-einen","de.lex.unbestimmter-artikel-m-akk-einen"
"de.phrase.uns-selbst","de.lex.uns-selbst"
"de.phrase.unten-ganz-unten","de.lex.unten-ganz-unten"
"de.phrase.unter-dativ","de.lex.unter-dativ"
"de.phrase.unter-keinen-umstaenden","de.lex.unter-keinen-umstaenden"
"de.phrase.unter-uns-gesagt","de.lex.unter-uns-gesagt"
"de.phrase.velo-statt-fahrrad","de.lex.velo-statt-fahrrad"
"de.phrase.vergeben-verzeihen","de.lex.vergeben-verzeihen"
"de.phrase.vergessen-vergessen","de.lex.vergessen-vergessen"
"de.phrase.verkauft-werden","de.lex.verkauft-werden"
"de.phrase.verlassen-verlassen","de.lex.verlassen-verlassen"
"de.phrase.verlieren-verloren","de.lex.verlieren-verloren"
"de.phrase.veroeffentlicht-werden","de.lex.veroeffentlicht-werden"
"de.phrase.versteh-mich-nicht-falsch.do-not-get-me-wrong","de.lex.versteh-mich-nicht-falsch.do-not-get-me-wrong"
"de.phrase.versteh-mich-nicht-falsch.do-not-misunderstand-me","de.lex.versteh-mich-nicht-falsch.do-not-misunderstand-me"
"de.phrase.verstehen-sie-mich-nicht-falsch","de.lex.verstehen-sie-mich-nicht-falsch"
"de.phrase.verstehen-verstanden","de.lex.verstehen-verstanden"
"de.phrase.verstehst-du","de.lex.verstehst-du"
"de.phrase.verwalten-leiten","de.lex.verwalten-leiten"
"de.phrase.viel-glueck","de.lex.viel-glueck"
"de.phrase.viel-interessanter","de.lex.viel-interessanter"
"de.phrase.viel-mehr-am-meisten","de.lex.viel-mehr-am-meisten"
"de.phrase.viel-schlechter","de.lex.viel-schlechter"
"de.phrase.viel-spass","de.lex.viel-spass"
"de.phrase.vielen-dank","de.lex.vielen-dank"
"de.phrase.vielleicht-beim-naechsten-mal","de.lex.vielleicht-beim-naechsten-mal"
"de.phrase.virtuelle-realitaet","de.lex.virtuelle-realitaet"
"de.phrase.von-dem-vom","de.lex.von-dem-vom"
"de.phrase.von-montag-bis-freitag","de.lex.von-montag-bis-freitag"
"de.phrase.von-nun-an","de.lex.von-nun-an"
"de.phrase.vor-allem","de.lex.vor-allem"
"de.phrase.vor-dativ","de.lex.vor-dativ"
"de.phrase.vor-dem-hotel","de.lex.vor-dem-hotel"
"de.phrase.vor-dem-mittag","de.lex.vor-dem-mittag"
"de.phrase.vor-drei-wochen","de.lex.vor-drei-wochen"
"de.phrase.vor-einer-stunde","de.lex.vor-einer-stunde"
"de.phrase.vorsicht-ist-besser-als-nachsicht","de.lex.vorsicht-ist-besser-als-nachsicht"
"de.phrase.waehlen-waehlen","de.lex.waehlen-waehlen"
"de.phrase.waehrend-des-sommers","de.lex.waehrend-des-sommers"
"de.phrase.waehrend-er-liest-kocht-sie","de.lex.waehrend-er-liest-kocht-sie"
"de.phrase.waehrend-wohingegen","de.lex.waehrend-wohingegen"
"de.phrase.wandern-gehen","de.lex.wandern-gehen"
"de.phrase.wann-beginnt-der-film","de.lex.wann-beginnt-der-film"
"de.phrase.wann-beginnt-die-schicht","de.lex.wann-beginnt-die-schicht"
"de.phrase.wann-bekomme-ich-eine-rueckmeldung","de.lex.wann-bekomme-ich-eine-rueckmeldung"
"de.phrase.wann-faehrt-der-zug-ab","de.lex.wann-faehrt-der-zug-ab"
"de.phrase.wann-faengt-es-an","de.lex.wann-faengt-es-an"
"de.phrase.wann-kommst-du","de.lex.wann-kommst-du"
"de.phrase.wann-kommt-er-an","de.lex.wann-kommt-er-an"
"de.phrase.wann-schliesst-der-laden","de.lex.wann-schliesst-der-laden"
"de.phrase.warte-kurz","de.lex.warte-kurz"
"de.phrase.warten-auf","de.lex.warten-auf"
"de.phrase.warum-es-weh-tut","de.lex.warum-es-weh-tut"
"de.phrase.warum-kommst-du-zu-spaet","de.lex.warum-kommst-du-zu-spaet"
"de.phrase.was-bedeutet-das","de.lex.was-bedeutet-das"
"de.phrase.was-empfehlen-sie","de.lex.was-empfehlen-sie"
"de.phrase.was-fuer-ein","de.lex.was-fuer-ein"
"de.phrase.was-fuer-ein-zufall","de.lex.was-fuer-ein-zufall"
"de.phrase.was-fuer-eine-ueberraschung","de.lex.was-fuer-eine-ueberraschung"
"de.phrase.was-hast-du-heute-abend-vor","de.lex.was-hast-du-heute-abend-vor"
"de.phrase.was-ist-das-fazit","de.lex.was-ist-das-fazit"
"de.phrase.was-ist-passiert","de.lex.was-ist-passiert"
"de.phrase.was-kostet-das","de.lex.was-kostet-das"
"de.phrase.was-machst-du","de.lex.was-machst-du"
"de.phrase.was-passiert-ist","de.lex.was-passiert-ist"
"de.phrase.was-sind-deine-hobbys","de.lex.was-sind-deine-hobbys"
"de.phrase.was-wuerdest-du-tun","de.lex.was-wuerdest-du-tun"
"de.phrase.waschen-gewaschen","de.lex.waschen-gewaschen"
"de.phrase.weder-noch","de.lex.weder-noch"
"de.phrase.weggeben","de.lex.weggeben"
"de.phrase.weil-es-wichtig-ist","de.lex.weil-es-wichtig-ist"
"de.phrase.weil-ich-es-nicht-weiss","de.lex.weil-ich-es-nicht-weiss"
"de.phrase.weil-ich-klarheit-brauche","de.lex.weil-ich-klarheit-brauche"
"de.phrase.weit-weg","de.lex.weit-weg"
"de.phrase.weiter-so","de.lex.weiter-so"
"de.phrase.welche-linie-nehme-ich","de.lex.welche-linie-nehme-ich"
"de.phrase.wenig-weniger-am-wenigsten","de.lex.wenig-weniger-am-wenigsten"
"de.phrase.wenn-du-hilfe-brauchst-ruf-mich-an","de.lex.wenn-du-hilfe-brauchst-ruf-mich-an"
"de.phrase.wenn-du-zeit-hast","de.lex.wenn-du-zeit-hast"
"de.phrase.wenn-etwas-nicht-stimmt","de.lex.wenn-etwas-nicht-stimmt"
"de.phrase.wenn-ich-das-nur-gewusst-haette","de.lex.wenn-ich-das-nur-gewusst-haette"
"de.phrase.wenn-ich-das-richtig-verstehe","de.lex.wenn-ich-das-richtig-verstehe"
"de.phrase.wenn-ich-mehr-zeit-haette","de.lex.wenn-ich-mehr-zeit-haette"
"de.phrase.wenn-ich-reich-waere","de.lex.wenn-ich-reich-waere"
"de.phrase.wenn-schweine-fliegen-koennen","de.lex.wenn-schweine-fliegen-koennen"
"de.phrase.werden-geworden","de.lex.werden-geworden"
"de.phrase.werfen-geworfen","de.lex.werfen-geworfen"
"de.phrase.wie-alt-bist-du","de.lex.wie-alt-bist-du"
"de.phrase.wie-funktioniert-das","de.lex.wie-funktioniert-das"
"de.phrase.wie-geht-es-ihnen","de.lex.wie-geht-es-ihnen"
"de.phrase.wie-geht-es-ihnen-wie-geht-s","de.lex.wie-geht-es-ihnen-wie-geht-s"
"de.phrase.wie-heissen-sie-wie-heisst-du","de.lex.wie-heissen-sie-wie-heisst-du"
"de.phrase.wie-heisst-du","de.lex.wie-heisst-du"
"de.phrase.wie-ich-es-sagen-soll","de.lex.wie-ich-es-sagen-soll"
"de.phrase.wie-lang-ist-die-wartezeit","de.lex.wie-lang-ist-die-wartezeit"
"de.phrase.wie-lange","de.lex.wie-lange"
"de.phrase.wie-lange-bist-du-schon-hier","de.lex.wie-lange-bist-du-schon-hier"
"de.phrase.wie-lange-dauert-die-bearbeitung","de.lex.wie-lange-dauert-die-bearbeitung"
"de.phrase.wie-lange-lernst-du-schon-deutsch","de.lex.wie-lange-lernst-du-schon-deutsch"
"de.phrase.wie-oft","de.lex.wie-oft"
"de.phrase.wie-sagt-man-auf-deutsch","de.lex.wie-sagt-man-auf-deutsch"
"de.phrase.wie-sieht-sie-aus","de.lex.wie-sieht-sie-aus"
"de.phrase.wie-soll-ich-sagen","de.lex.wie-soll-ich-sagen"
"de.phrase.wie-spaet-ist-es","de.lex.wie-spaet-ist-es"
"de.phrase.wie-viel","de.lex.wie-viel"
"de.phrase.wie-viel-kostet-das","de.lex.wie-viel-kostet-das"
"de.phrase.wie-viele","de.lex.wie-viele"
"de.phrase.wie-viele-leute-sind-da","de.lex.wie-viele-leute-sind-da"
"de.phrase.wie-war-dein-tag","de.lex.wie-war-dein-tag"
"de.phrase.wir-duerfen","de.lex.wir-duerfen"
"de.phrase.wir-haben","de.lex.wir-haben"
"de.phrase.wir-haben-die-frist-verpasst","de.lex.wir-haben-die-frist-verpasst"
"de.phrase.wir-haben-seit-wochen-nicht-gesprochen","de.lex.wir-haben-seit-wochen-nicht-gesprochen"
"de.phrase.wir-haben-uns-amuesiert","de.lex.wir-haben-uns-amuesiert"
"de.phrase.wir-haetten","de.lex.wir-haetten"
"de.phrase.wir-haetten-frueher-abfahren-sollen","de.lex.wir-haetten-frueher-abfahren-sollen"
"de.phrase.wir-hatten","de.lex.wir-hatten"
"de.phrase.wir-kochen-meistens-zu-hause","de.lex.wir-kochen-meistens-zu-hause"
"de.phrase.wir-koennen","de.lex.wir-koennen"
"de.phrase.wir-koennten","de.lex.wir-koennten"
"de.phrase.wir-kommen-um-sieben-uhr-an","de.lex.wir-kommen-um-sieben-uhr-an"
"de.phrase.wir-konnten","de.lex.wir-konnten"
"de.phrase.wir-kriegen-das-schon-hin","de.lex.wir-kriegen-das-schon-hin"
"de.phrase.wir-muessen","de.lex.wir-muessen"
"de.phrase.wir-muessen-einen-kompromiss-finden","de.lex.wir-muessen-einen-kompromiss-finden"
"de.phrase.wir-mussten","de.lex.wir-mussten"
"de.phrase.wir-sind","de.lex.wir-sind"
"de.phrase.wir-sind-uns-einig","de.lex.wir-sind-uns-einig"
"de.phrase.wir-sollten-es-abwaertskompatibel-halten","de.lex.wir-sollten-es-abwaertskompatibel-halten"
"de.phrase.wir-stehen-auf-derselben-seite","de.lex.wir-stehen-auf-derselben-seite"
"de.phrase.wir-waeren","de.lex.wir-waeren"
"de.phrase.wir-waren","de.lex.wir-waren"
"de.phrase.wir-wollen","de.lex.wir-wollen"
"de.phrase.wir-wollten","de.lex.wir-wollten"
"de.phrase.wir-wurden","de.lex.wir-wurden"
"de.phrase.wissen-gewusst","de.lex.wissen-gewusst"
"de.phrase.witzig-schlagfertig","de.lex.witzig-schlagfertig"
"de.phrase.wo-ist-das-naechste-krankenhaus","de.lex.wo-ist-das-naechste-krankenhaus"
"de.phrase.wo-ist-der-ausgang","de.lex.wo-ist-der-ausgang"
"de.phrase.wo-ist-der-bahnhof","de.lex.wo-ist-der-bahnhof"
"de.phrase.wo-ist-der-eingang","de.lex.wo-ist-der-eingang"
"de.phrase.wo-ist-die-toilette","de.lex.wo-ist-die-toilette"
"de.phrase.wo-muss-ich-unterschreiben","de.lex.wo-muss-ich-unterschreiben"
"de.phrase.wo-tut-es-weh","de.lex.wo-tut-es-weh"
"de.phrase.wo-warst-du","de.lex.wo-warst-du"
"de.phrase.wo-wohnst-du","de.lex.wo-wohnst-du"
"de.phrase.woher-kommen-sie","de.lex.woher-kommen-sie"
"de.phrase.wohin-gehst-du","de.lex.wohin-gehst-du"
"de.phrase.wonach-suchst-du","de.lex.wonach-suchst-du"
"de.phrase.woran-denkst-du","de.lex.woran-denkst-du"
"de.phrase.wuerde-es-ihnen-etwas-ausmachen-wenn-ich","de.lex.wuerde-es-ihnen-etwas-ausmachen-wenn-ich"
"de.phrase.wuerdest-du-mir-helfen","de.lex.wuerdest-du-mir-helfen"
"de.phrase.yoga-machen","de.lex.yoga-machen"
"de.phrase.zahlen-bezahlen","de.lex.zahlen-bezahlen"
"de.phrase.zeit-art-und-weise-ort-tekamolo","de.lex.zeit-art-und-weise-ort-tekamolo"
"de.phrase.zeit-ist-geld","de.lex.zeit-ist-geld"
"de.phrase.zieh-dich-an","de.lex.zieh-dich-an"
"de.phrase.ziehen-gezogen","de.lex.ziehen-gezogen"
"de.phrase.zu-dem-zum","de.lex.zu-dem-zum"
"de.phrase.zu-der-zur","de.lex.zu-der-zur"
"de.phrase.zu-einer-schlussfolgerung-kommen","de.lex.zu-einer-schlussfolgerung-kommen"
"de.phrase.zu-frueh-kommen","de.lex.zu-frueh-kommen"
"de.phrase.zu-hause","de.lex.zu-hause"
"de.phrase.zu-spaet-kommen","de.lex.zu-spaet-kommen"
"de.phrase.zufrieden-sein-mit","de.lex.zufrieden-sein-mit"
"de.phrase.zum-beispiel","de.lex.zum-beispiel"
"de.phrase.zum-glueck","de.lex.zum-glueck"
"de.phrase.zurueckfallen-in","de.lex.zurueckfallen-in"
"de.phrase.zuruecktreten-kuendigen","de.lex.zuruecktreten-kuendigen"
"de.phrase.zuschauen-ansehen","de.lex.zuschauen-ansehen"
"de.phrase.zwei-fliegen-mit-einer-klappe-schlagen","de.lex.zwei-fliegen-mit-einer-klappe-schlagen"
"de.phrase.zwei-linke-haende-haben","de.lex.zwei-linke-haende-haben"
"de.phrase.zwei-stunden-lang","de.lex.zwei-stunden-lang"
"de.phrase.zweite-klasse","de.lex.zweite-klasse"
"de.phrase.zwischen-dativ","de.lex.zwischen-dativ"
"de.phrase.zwischen-den-zeilen-lesen","de.lex.zwischen-den-zeilen-lesen"
"de.phrase.zwischen-der-kirche-und-dem-caf","de.lex.zwischen-der-kirche-und-dem-cafe"
"de.phrase.zwischen-der-kirche-und-dem-cafe","de.lex.zwischen-der-kirche-und-dem-cafe"
"de.prep.am","de.lex.an-dem"
"de.prep.an","de.lex.an"
"de.prep.im","de.lex.in-dem"
"de.prep.in","de.lex.in"
"de.prep.ueber","de.lex.ueber"
"de.prep.um","de.lex.um"
"de.prep.vom","de.lex.von-dem"
"de.prep.vor","de.lex.vor"
"de.prep.zu","de.lex.zu.at"
"de.prep.zum","de.lex.zu-dem"
"de.pron.alles","de.lex.alles"
"de.pron.etwas","de.lex.etwas"
"de.pron.ich","de.lex.ich"
"de.pron.reflexive","de.lex.sich"
"de.pron.selbst","de.lex.selbst"
"de.pron.sie","de.lex.sie.her"
"de.verb.abbestellen","de.lex.abbestellen"
"de.verb.abbrechen","de.lex.abbrechen"
"de.verb.abfahren","de.lex.abfahren"
"de.verb.abgeben","de.lex.abgeben"
"de.verb.abholen","de.lex.abholen"
"de.verb.abholen.to-pick-up","de.lex.abholen"
"de.verb.abholen.to-pick-up-to-fetch","de.lex.abholen"
"de.verb.ablehnen.refuse","de.lex.ablehnen.refuse"
"de.verb.ablehnen.reject","de.lex.ablehnen.reject"
"de.verb.ablehnen.to-refuse","de.lex.ablehnen.refuse"
"de.verb.ablehnen.to-reject","de.lex.ablehnen.reject"
"de.verb.abnehmen","de.lex.abnehmen"
"de.verb.abonnieren","de.lex.abonnieren"
"de.verb.aendern","de.lex.aendern"
"de.verb.aktualisieren","de.lex.aktualisieren"
"de.verb.analysieren","de.lex.analysieren"
"de.verb.anbieten","de.lex.anbieten"
"de.verb.anfangen","de.lex.anfangen"
"de.verb.ankommen","de.lex.ankommen"
"de.verb.anprobieren","de.lex.anprobieren"
"de.verb.anrufen","de.lex.anrufen"
"de.verb.anrufen.to-call-phone","de.lex.anrufen"
"de.verb.anrufen.to-call-to-phone","de.lex.anrufen"
"de.verb.ansehen","de.lex.ansehen"
"de.verb.antworten","de.lex.antworten"
"de.verb.anziehen","de.lex.anziehen"
"de.verb.anziehen.to-put-on-clothes","de.lex.anziehen"
"de.verb.anziehen.to-put-on-to-get-dressed","de.lex.anziehen"
"de.verb.arbeiten","de.lex.arbeiten"
"de.verb.atmen","de.lex.atmen"
"de.verb.aufgeben","de.lex.aufgeben"
"de.verb.aufgeschlossen","de.lex.aufgeschlossen"
"de.verb.aufhoeren","de.lex.aufhoeren"
"de.verb.aufladen","de.lex.aufladen"
"de.verb.aufladen.to-charge-battery","de.lex.aufladen"
"de.verb.aufladen.to-charge-phone","de.lex.aufladen"
"de.verb.aufmachen","de.lex.aufmachen"
"de.verb.aufnehmen","de.lex.aufnehmen"
"de.verb.aufpassen","de.lex.aufpassen"
"de.verb.aufraeumen","de.lex.aufraeumen"
"de.verb.aufschreiben","de.lex.aufschreiben"
"de.verb.aufstehen.get-up","de.lex.aufstehen.get-up"
"de.verb.aufstehen.get-up-2","de.lex.aufstehen.get-up-2"
"de.verb.aufstehen.to-get-up","de.lex.aufstehen.get-up"
"de.verb.aufstehen.to-get-up-to-stand-up","de.lex.aufstehen.get-up"
"de.verb.aufstehen.to-stand-up","de.lex.aufstehen.get-up"
"de.verb.aufwachen","de.lex.aufwachen"
"de.verb.auschecken","de.lex.auschecken"
"de.verb.auseinanderfallen","de.lex.auseinanderfallen"
"de.verb.ausfuellen","de.lex.ausfuellen"
"de.verb.ausgeben","de.lex.ausgeben"
"de.verb.ausgeben.to-spend-money","de.lex.ausgeben"
"de.verb.ausgeben.to-spend-to-hand-out","de.lex.ausgeben"
"de.verb.ausgehen","de.lex.ausgehen"
"de.verb.ausmachen","de.lex.ausmachen"
"de.verb.ausschalten","de.lex.ausschalten"
"de.verb.aussehen","de.lex.aussehen"
"de.verb.aussteigen","de.lex.aussteigen"
"de.verb.aussteigen.to-get-off-to-get-out","de.lex.aussteigen"
"de.verb.aussteigen.to-get-out-vehicle","de.lex.aussteigen"
"de.verb.ausziehen","de.lex.ausziehen"
"de.verb.ausziehen.to-take-off-clothes","de.lex.ausziehen"
"de.verb.ausziehen.to-take-off-to-undress","de.lex.ausziehen"
"de.verb.automatisieren","de.lex.automatisieren"
"de.verb.backen","de.lex.backen.bake"
"de.verb.backen.bake","de.lex.backen.bake"
"de.verb.bauen","de.lex.bauen"
"de.verb.bearbeiten","de.lex.bearbeiten"
"de.verb.bedeuten","de.lex.bedeuten"
"de.verb.begegnen","de.lex.begegnen"
"de.verb.beginnen","de.lex.beginnen"
"de.verb.begruessen","de.lex.begruessen"
"de.verb.behalten","de.lex.behalten"
"de.verb.beissen","de.lex.beissen"
"de.verb.bekommen","de.lex.bekommen"
"de.verb.bekommen.to-get-receive","de.lex.bekommen"
"de.verb.bekommen.to-receive-to-get","de.lex.bekommen"
"de.verb.bemerken","de.lex.bemerken"
"de.verb.berechnen","de.lex.berechnen"
"de.verb.bescheiden","de.lex.bescheiden"
"de.verb.bestaetigen","de.lex.bestaetigen"
"de.verb.bestellen","de.lex.bestellen"
"de.verb.besuchen","de.lex.besuchen"
"de.verb.bewegen","de.lex.bewegen"
"de.verb.bezahlen","de.lex.bezahlen"
"de.verb.binden","de.lex.binden"
"de.verb.blasen","de.lex.blasen"
"de.verb.bleiben","de.lex.bleiben"
"de.verb.bleiben.to-stay","de.lex.bleiben"
"de.verb.bleiben.to-stay-remain","de.lex.bleiben"
"de.verb.blockieren","de.lex.blockieren"
"de.verb.bohren","de.lex.bohren"
"de.verb.borgen","de.lex.borgen"
"de.verb.braten","de.lex.braten"
"de.verb.brauchen","de.lex.brauchen"
"de.verb.brauen","de.lex.brauen"
"de.verb.brechen","de.lex.brechen"
"de.verb.brennen","de.lex.brennen"
"de.verb.bringen","de.lex.bringen"
"de.verb.budgetieren","de.lex.budgetieren"
"de.verb.danken","de.lex.danken"
"de.verb.debattieren","de.lex.debattieren"
"de.verb.debuggen","de.lex.debuggen"
"de.verb.demonstrieren","de.lex.demonstrieren"
"de.verb.denken","de.lex.denken"
"de.verb.draussen","de.lex.draussen"
"de.verb.drehen","de.lex.drehen"
"de.verb.drinnen","de.lex.drinnen"
"de.verb.drucken","de.lex.drucken"
"de.verb.druecken","de.lex.druecken"
"de.verb.duerfen","de.lex.duerfen"
"de.verb.duerfen.may-to-be-allowed","de.lex.duerfen"
"de.verb.duerfen.may-to-be-allowed-to","de.lex.duerfen"
"de.verb.durchlesen","de.lex.durchlesen"
"de.verb.eben","de.lex.eben"
"de.verb.eigen","de.lex.eigen"
"de.verb.einchecken","de.lex.einchecken"
"de.verb.einladen","de.lex.einladen"
"de.verb.einreichen","de.lex.einreichen"
"de.verb.einschalten","de.lex.einschalten"
"de.verb.einschlafen","de.lex.einschlafen"
"de.verb.einsteigen","de.lex.einsteigen"
"de.verb.einsteigen.to-get-in-to-board","de.lex.einsteigen"
"de.verb.einsteigen.to-get-in-vehicle","de.lex.einsteigen"
"de.verb.einstellen","de.lex.einstellen"
"de.verb.einziehen","de.lex.einziehen"
"de.verb.empfehlen","de.lex.empfehlen"
"de.verb.entlassen","de.lex.entlassen"
"de.verb.entscheiden","de.lex.entscheiden"
"de.verb.entwickeln","de.lex.entwickeln"
"de.verb.erfahren","de.lex.erfahren"
"de.verb.erklaeren","de.lex.erklaeren"
"de.verb.erlauben","de.lex.erlauben"
"de.verb.erreichen","de.lex.erreichen"
"de.verb.erschrecken","de.lex.erschrecken"
"de.verb.erzaehlen","de.lex.erzaehlen"
"de.verb.essen","de.lex.essen.eat"
"de.verb.essen.eat","de.lex.essen.eat"
"de.verb.exportieren","de.lex.exportieren"
"de.verb.fahren","de.lex.fahren"
"de.verb.fahren.to-drive","de.lex.fahren"
"de.verb.fahren.to-drive-to-travel","de.lex.fahren"
"de.verb.fahren.to-go-by-vehicle-drive","de.lex.fahren"
"de.verb.fallen","de.lex.fallen"
"de.verb.fangen","de.lex.fangen"
"de.verb.feiern","de.lex.feiern"
"de.verb.fern","de.lex.fern"
"de.verb.finanzieren","de.lex.finanzieren"
"de.verb.finden","de.lex.finden"
"de.verb.fliegen","de.lex.fliegen"
"de.verb.fliessen","de.lex.fliessen"
"de.verb.folgen","de.lex.folgen"
"de.verb.fotografieren","de.lex.fotografieren"
"de.verb.fragen","de.lex.fragen"
"de.verb.frieren","de.lex.frieren"
"de.verb.frieren.to-freeze-be-cold","de.lex.frieren"
"de.verb.frieren.to-freeze-to-be-cold","de.lex.frieren"
"de.verb.fuehlen","de.lex.fuehlen"
"de.verb.fuehren","de.lex.fuehren"
"de.verb.fuerchten","de.lex.fuerchten"
"de.verb.funktionieren","de.lex.funktionieren"
"de.verb.gaehnen","de.lex.gaehnen"
"de.verb.geben","de.lex.geben"
"de.verb.gegen","de.lex.gegen"
"de.verb.gegen.against","de.lex.gegen"
"de.verb.gegen.against-akkusativ","de.lex.gegen"
"de.verb.gehen.go","de.lex.gehen.go"
"de.verb.gehen.go-on-foot","de.lex.gehen.go-on-foot"
"de.verb.gehen.to-go","de.lex.gehen.go"
"de.verb.gehen.to-go-on-foot-walk","de.lex.gehen.go-on-foot"
"de.verb.genehmigen","de.lex.genehmigen"
"de.verb.geniessen","de.lex.geniessen"
"de.verb.geschieden","de.lex.geschieden"
"de.verb.geschlossen","de.lex.geschlossen"
"de.verb.gestern","de.lex.gestern"
"de.verb.gewinnen","de.lex.gewinnen"
"de.verb.giessen","de.lex.giessen"
"de.verb.glauben","de.lex.glauben"
"de.verb.glauben.to-believe","de.lex.glauben"
"de.verb.glauben.to-believe-think","de.lex.glauben"
"de.verb.gleiten","de.lex.gleiten"
"de.verb.graben","de.lex.graben"
"de.verb.greifen","de.lex.greifen"
"de.verb.haben","de.lex.haben"
"de.verb.haengen","de.lex.haengen"
"de.verb.halten","de.lex.halten"
"de.verb.hassen","de.lex.hassen"
"de.verb.heben","de.lex.heben"
"de.verb.heissen","de.lex.heissen"
"de.verb.helfen","de.lex.helfen"
"de.verb.herausfinden","de.lex.herausfinden"
"de.verb.herauskommen","de.lex.herauskommen"
"de.verb.hereinkommen","de.lex.hereinkommen"
"de.verb.herrschen","de.lex.herrschen"
"de.verb.herunterladen","de.lex.herunterladen"
"de.verb.hinzufuegen","de.lex.hinzufuegen"
"de.verb.hochladen","de.lex.hochladen"
"de.verb.hoeren","de.lex.hoeren"
"de.verb.hoffen","de.lex.hoffen"
"de.verb.holen","de.lex.holen"
"de.verb.holen.to-fetch","de.lex.holen"
"de.verb.holen.to-fetch-pick-up","de.lex.holen"
"de.verb.ihnen","de.lex.ihnen"
"de.verb.importieren","de.lex.importieren"
"de.verb.installieren","de.lex.installieren"
"de.verb.irritieren","de.lex.irritieren"
"de.verb.irritieren.to-confuse-to-puzzle","de.lex.irritieren"
"de.verb.irritieren.to-irritate-to-confuse","de.lex.irritieren"
"de.verb.kaempfen","de.lex.kaempfen"
"de.verb.kaufen","de.lex.kaufen"
"de.verb.kennen.know","de.lex.kennen.know"
"de.verb.kennen.know-a-person","de.lex.kennen.know-a-person"
"de.verb.kennen.to-know-a-person","de.lex.kennen.know"
"de.verb.kennen.to-know-a-person-place","de.lex.kennen.know-a-person"
"de.verb.kennen.to-know-a-person-place-2","de.lex.kennen.know-a-person"
"de.verb.kennen.to-know-be-familiar","de.lex.kennen.know"
"de.verb.klaeren","de.lex.klaeren"
"de.verb.klicken","de.lex.klicken"
"de.verb.kneten","de.lex.kneten"
"de.verb.kochen","de.lex.kochen.cook"
"de.verb.kochen.cook","de.lex.kochen.cook"
"de.verb.koennen","de.lex.koennen"
"de.verb.koennen.can-to-be-able","de.lex.koennen"
"de.verb.koennen.can-to-be-able-to","de.lex.koennen"
"de.verb.kommen","de.lex.kommen"
"de.verb.kompostieren","de.lex.kompostieren"
"de.verb.kuessen","de.lex.kuessen"
"de.verb.lachen","de.lex.lachen"
"de.verb.laecheln","de.lex.laecheln"
"de.verb.lassen","de.lex.lassen"
"de.verb.lassen.to-let","de.lex.lassen"
"de.verb.lassen.to-let-leave","de.lex.lassen"
"de.verb.laufen","de.lex.laufen.run"
"de.verb.laufen.run","de.lex.laufen.run"
"de.verb.leben","de.lex.leben.live"
"de.verb.leben.live","de.lex.leben.live"
"de.verb.legalisieren","de.lex.legalisieren"
"de.verb.legen","de.lex.legen"
"de.verb.legen.to-lay-place-something-flat","de.lex.legen"
"de.verb.legen.to-lay-to-put","de.lex.legen"
"de.verb.lehren","de.lex.lehren"
"de.verb.leiden","de.lex.leiden"
"de.verb.lernen","de.lex.lernen"
"de.verb.lesen","de.lex.lesen.read"
"de.verb.lesen.read","de.lex.lesen.read"
"de.verb.lesen.reading","de.lex.lesen.reading"
"de.verb.lieben","de.lex.lieben"
"de.verb.liegen","de.lex.liegen"
"de.verb.liegen.to-lie-be-lying","de.lex.liegen"
"de.verb.liegen.to-lie-down","de.lex.liegen"
"de.verb.loeschen","de.lex.loeschen"
"de.verb.loesen","de.lex.loesen"
"de.verb.loswerden","de.lex.loswerden"
"de.verb.machen","de.lex.machen"
"de.verb.machen.to-do-make","de.lex.machen"
"de.verb.machen.to-do-to-make","de.lex.machen"
"de.verb.machen.to-make-to-do","de.lex.machen"
"de.verb.mahlen","de.lex.mahlen"
"de.verb.malen","de.lex.malen.paint"
"de.verb.malen.paint","de.lex.malen.paint"
"de.verb.markieren","de.lex.markieren"
"de.verb.meinen","de.lex.meinen"
"de.verb.melden","de.lex.melden"
"de.verb.melken","de.lex.melken"
"de.verb.merken","de.lex.merken"
"de.verb.messen","de.lex.messen"
"de.verb.mieten","de.lex.mieten"
"de.verb.mitbringen","de.lex.mitbringen"
"de.verb.mitkommen","de.lex.mitkommen"
"de.verb.mitnehmen","de.lex.mitnehmen"
"de.verb.modern","de.lex.modern"
"de.verb.moechten","de.lex.moechten"
"de.verb.moegen","de.lex.moegen"
"de.verb.morgen","de.lex.morgen.tomorrow"
"de.verb.morgen.tomorrow","de.lex.morgen.tomorrow"
"de.verb.muessen","de.lex.muessen"
"de.verb.muessen.must","de.lex.muessen"
"de.verb.muessen.must-have-to","de.lex.muessen"
"de.verb.nachschlagen","de.lex.nachschlagen"
"de.verb.nehmen","de.lex.nehmen"
"de.verb.oben","de.lex.oben"
"de.verb.oeffnen","de.lex.oeffnen"
"de.verb.offen","de.lex.offen"
"de.verb.optimieren","de.lex.optimieren"
"de.verb.organisieren","de.lex.organisieren"
"de.verb.passieren","de.lex.passieren"
"de.verb.pfeifen","de.lex.pfeifen"
"de.verb.planen","de.lex.planen"
"de.verb.programmieren","de.lex.programmieren"
"de.verb.protestieren","de.lex.protestieren"
"de.verb.rauszoomen","de.lex.rauszoomen"
"de.verb.recyceln","de.lex.recyceln"
"de.verb.regieren","de.lex.regieren"
"de.verb.regulieren","de.lex.regulieren"
"de.verb.reinzoomen","de.lex.reinzoomen"
"de.verb.reisen","de.lex.reisen"
"de.verb.reissen","de.lex.reissen"
"de.verb.reiten","de.lex.reiten"
"de.verb.rennen","de.lex.rennen.run-fast"
"de.verb.rennen.run-fast","de.lex.rennen.run-fast"
"de.verb.reparieren","de.lex.reparieren"
"de.verb.reservieren","de.lex.reservieren"
"de.verb.riechen","de.lex.riechen"
"de.verb.sagen","de.lex.sagen"
"de.verb.sammeln","de.lex.sammeln"
"de.verb.sammeln.to-collect","de.lex.sammeln"
"de.verb.sammeln.to-gather-collect","de.lex.sammeln"
"de.verb.schaetzen","de.lex.schaetzen"
"de.verb.scheinen","de.lex.scheinen"
"de.verb.schicken","de.lex.schicken"
"de.verb.schieben","de.lex.schieben"
"de.verb.schiefgehen","de.lex.schiefgehen"
"de.verb.schiessen","de.lex.schiessen"
"de.verb.schlafen","de.lex.schlafen"
"de.verb.schlagen","de.lex.schlagen"
"de.verb.schliessen","de.lex.schliessen"
"de.verb.schmecken","de.lex.schmecken"
"de.verb.schmelzen","de.lex.schmelzen"
"de.verb.schmieren","de.lex.schmieren"
"de.verb.schnappen","de.lex.schnappen"
"de.verb.schnarchen","de.lex.schnarchen"
"de.verb.schneiden","de.lex.schneiden"
"de.verb.schreiben","de.lex.schreiben"
"de.verb.schrumpfen","de.lex.schrumpfen"
"de.verb.schuechtern","de.lex.schuechtern"
"de.verb.schuetzen","de.lex.schuetzen"
"de.verb.schwellen","de.lex.schwellen"
"de.verb.schwimmen","de.lex.schwimmen.swim"
"de.verb.schwimmen.swim","de.lex.schwimmen.swim"
"de.verb.schwingen","de.lex.schwingen"
"de.verb.schwitzen","de.lex.schwitzen"
"de.verb.schwoeren","de.lex.schwoeren"
"de.verb.scrollen","de.lex.scrollen"
"de.verb.segeln","de.lex.segeln"
"de.verb.segnen","de.lex.segnen"
"de.verb.sehen","de.lex.sehen"
"de.verb.sein","de.lex.sein"
"de.verb.selten.rare","de.lex.selten.rare"
"de.verb.selten.rarely","de.lex.selten.rarely"
"de.verb.senden","de.lex.senden"
"de.verb.setzen","de.lex.setzen"
"de.verb.setzen.to-set-sit-someone-down","de.lex.setzen"
"de.verb.setzen.to-set-to-place","de.lex.setzen"
"de.verb.sichern","de.lex.sichern"
"de.verb.sieben","de.lex.sieben"
"de.verb.simulieren","de.lex.simulieren"
"de.verb.singen","de.lex.singen.sing"
"de.verb.singen.sing","de.lex.singen.sing"
"de.verb.sinken","de.lex.sinken"
"de.verb.sitzen","de.lex.sitzen"
"de.verb.sitzen.to-sit","de.lex.sitzen"
"de.verb.sitzen.to-sit-be-sitting","de.lex.sitzen"
"de.verb.sollen.be-supposed-to","de.lex.sollen.be-supposed-to"
"de.verb.sollen.shall-to-be-supposed-to","de.lex.sollen.be-supposed-to"
"de.verb.sollen.should","de.lex.sollen.should"
"de.verb.sollen.should-supposed-to","de.lex.sollen.should"
"de.verb.sparen","de.lex.sparen"
"de.verb.sparen.to-save","de.lex.sparen"
"de.verb.sparen.to-save-money-to-spare","de.lex.sparen"
"de.verb.spazieren","de.lex.spazieren"
"de.verb.speichern","de.lex.speichern"
"de.verb.spenden","de.lex.spenden"
"de.verb.spielen","de.lex.spielen"
"de.verb.spinnen","de.lex.spinnen"
"de.verb.sprechen","de.lex.sprechen"
"de.verb.springen","de.lex.springen"
"de.verb.stechen","de.lex.stechen"
"de.verb.stecken","de.lex.stecken"
"de.verb.stehen","de.lex.stehen"
"de.verb.stehen.to-stand","de.lex.stehen"
"de.verb.stehen.to-stand-be-standing","de.lex.stehen"
"de.verb.stehlen","de.lex.stehlen"
"de.verb.stellen","de.lex.stellen"
"de.verb.stellen.to-place-upright","de.lex.stellen"
"de.verb.stellen.to-put-place-upright","de.lex.stellen"
"de.verb.sterben","de.lex.sterben"
"de.verb.stinken","de.lex.stinken"
"de.verb.streamen","de.lex.streamen"
"de.verb.strecken","de.lex.strecken"
"de.verb.streiken","de.lex.streiken"
"de.verb.streuen","de.lex.streuen"
"de.verb.studieren","de.lex.studieren"
"de.verb.suchen","de.lex.suchen"
"de.verb.suchen.to-search","de.lex.suchen"
"de.verb.suchen.to-search-to-seek","de.lex.suchen"
"de.verb.tanzen","de.lex.tanzen.dance"
"de.verb.tanzen.dance","de.lex.tanzen.dance"
"de.verb.tauen","de.lex.tauen"
"de.verb.teilen","de.lex.teilen"
"de.verb.teilen.to-share","de.lex.teilen"
"de.verb.teilen.to-share-online","de.lex.teilen"
"de.verb.teilen.to-share-to-divide","de.lex.teilen"
"de.verb.teilnehmen.participate","de.lex.teilnehmen.participate"
"de.verb.teilnehmen.take-part","de.lex.teilnehmen.take-part"
"de.verb.teilnehmen.to-participate","de.lex.teilnehmen.participate"
"de.verb.teilnehmen.to-take-part","de.lex.teilnehmen.take-part"
"de.verb.testen","de.lex.testen"
"de.verb.tippen","de.lex.tippen"
"de.verb.traeumen","de.lex.traeumen"
"de.verb.tragen","de.lex.tragen"
"de.verb.tragen.to-carry","de.lex.tragen"
"de.verb.tragen.to-carry-to-wear","de.lex.tragen"
"de.verb.treffen","de.lex.treffen"
"de.verb.treiben","de.lex.treiben"
"de.verb.treten","de.lex.treten"
"de.verb.trinken","de.lex.trinken"
"de.verb.ueben","de.lex.ueben"
"de.verb.uebermorgen","de.lex.uebermorgen"
"de.verb.ueberpruefen","de.lex.ueberpruefen"
"de.verb.ueberreden","de.lex.ueberreden"
"de.verb.uebersetzen","de.lex.uebersetzen"
"de.verb.ueberzeugen","de.lex.ueberzeugen"
"de.verb.umarmen","de.lex.umarmen"
"de.verb.umsteigen","de.lex.umsteigen"
"de.verb.ungern","de.lex.ungern"
"de.verb.unten","de.lex.unten"
"de.verb.unterschreiben","de.lex.unterschreiben"
"de.verb.unterstuetzen","de.lex.unterstuetzen"
"de.verb.untersuchen","de.lex.untersuchen"
"de.verb.verbessern","de.lex.verbessern"
"de.verb.verbieten","de.lex.verbieten"
"de.verb.verbinden","de.lex.verbinden"
"de.verb.verbringen","de.lex.verbringen"
"de.verb.verdienen","de.lex.verdienen"
"de.verb.verfolgen","de.lex.verfolgen"
"de.verb.vergessen","de.lex.vergessen"
"de.verb.vergleichen","de.lex.vergleichen"
"de.verb.verhandeln","de.lex.verhandeln"
"de.verb.verhindern","de.lex.verhindern"
"de.verb.verkaufen","de.lex.verkaufen"
"de.verb.verlassen","de.lex.verlassen"
"de.verb.verlassen.to-leave","de.lex.verlassen"
"de.verb.verlassen.to-leave-a-place","de.lex.verlassen"
"de.verb.verleihen","de.lex.verleihen"
"de.verb.verlieren","de.lex.verlieren"
"de.verb.vermeiden","de.lex.vermeiden"
"de.verb.veroeffentlichen","de.lex.veroeffentlichen"
"de.verb.verringern","de.lex.verringern"
"de.verb.verschlafen","de.lex.verschlafen"
"de.verb.verschluesseln","de.lex.verschluesseln"
"de.verb.verschmutzen","de.lex.verschmutzen"
"de.verb.versprechen","de.lex.versprechen"
"de.verb.verstehen","de.lex.verstehen"
"de.verb.versuchen","de.lex.versuchen"
"de.verb.verurteilen","de.lex.verurteilen"
"de.verb.vorbeikommen","de.lex.vorbeikommen"
"de.verb.vorbereiten","de.lex.vorbereiten"
"de.verb.vorgestern","de.lex.vorgestern"
"de.verb.vorhersagen","de.lex.vorhersagen"
"de.verb.vorschlagen","de.lex.vorschlagen"
"de.verb.vorstellen","de.lex.vorstellen"
"de.verb.wachen","de.lex.wachen"
"de.verb.wachsen","de.lex.wachsen"
"de.verb.waehlen.choose","de.lex.waehlen.choose"
"de.verb.waehlen.to-choose","de.lex.waehlen.choose"
"de.verb.waehlen.to-vote","de.lex.waehlen.vote"
"de.verb.waehlen.vote","de.lex.waehlen.vote"
"de.verb.wandern","de.lex.wandern.hike"
"de.verb.wandern.hike","de.lex.wandern.hike"
"de.verb.warnen","de.lex.warnen"
"de.verb.warten","de.lex.warten"
"de.verb.waschen","de.lex.waschen"
"de.verb.weben","de.lex.weben"
"de.verb.wecken","de.lex.wecken"
"de.verb.wegen","de.lex.wegen"
"de.verb.weggehen","de.lex.weggehen"
"de.verb.wegwerfen","de.lex.wegwerfen"
"de.verb.weinen","de.lex.weinen"
"de.verb.weinen.to-cry","de.lex.weinen"
"de.verb.weinen.to-cry-tears","de.lex.weinen"
"de.verb.weitergehen","de.lex.weitergehen"
"de.verb.weiterleiten","de.lex.weiterleiten"
"de.verb.werden","de.lex.werden"
"de.verb.werden.to-become","de.lex.werden"
"de.verb.werden.to-become-to-get","de.lex.werden"
"de.verb.werfen","de.lex.werfen"
"de.verb.wiederholen","de.lex.wiederholen"
"de.verb.wiegen","de.lex.wiegen"
"de.verb.winden","de.lex.winden"
"de.verb.winken","de.lex.winken"
"de.verb.wissen.know","de.lex.wissen.know"
"de.verb.wissen.know-a-fact","de.lex.wissen.know-a-fact"
"de.verb.wissen.to-know","de.lex.wissen.know"
"de.verb.wissen.to-know-a-fact","de.lex.wissen.know"
"de.verb.wissen.to-know-a-fact-2","de.lex.wissen.know-a-fact"
"de.verb.wissen.to-know-facts","de.lex.wissen.know"
"de.verb.wollen","de.lex.wollen"
"de.verb.wringen","de.lex.wringen"
"de.verb.zaehlen","de.lex.zaehlen"
"de.verb.zeichnen","de.lex.zeichnen"
"de.verb.zeigen","de.lex.zeigen"
"de.verb.ziehen","de.lex.ziehen"
"de.verb.zitieren","de.lex.zitieren"
"de.verb.zuhoeren.listen","de.lex.zuhoeren.listen"
"de.verb.zuhoeren.listen-to","de.lex.zuhoeren.listen-to"
"de.verb.zuhoeren.listen-to-someone","de.lex.zuhoeren.listen-to-someone"
"de.verb.zuhoeren.to-listen","de.lex.zuhoeren.listen"
"de.verb.zuhoeren.to-listen-to","de.lex.zuhoeren.listen-to"
"de.verb.zuhoeren.to-listen-to-someone","de.lex.zuhoeren.listen-to-someone"
"de.verb.zumachen","de.lex.zumachen"
"de.verb.zunehmen","de.lex.zunehmen"
"de.verb.zurueckgeben","de.lex.zurueckgeben"
"de.verb.zurueckgeben.to-give-back","de.lex.zurueckgeben"
"de.verb.zurueckgeben.to-give-back-to-return","de.lex.zurueckgeben"
"de.verb.zurueckkehren","de.lex.zurueckkehren"
"de.verb.zurueckkommen","de.lex.zurueckkommen"
"de.verb.zurueckrufen","de.lex.zurueckrufen"
"de.verb.zusammen","de.lex.zusammen"
"de.verb.zusammenfassen","de.lex.zusammenfassen"
"de.verb.zustimmen","de.lex.zustimmen"
"de.verb.zwischen","de.lex.zwischen"
"de.word.abends","de.lex.abends"
"de.word.aber","de.lex.aber"
"de.word.absichtlich","de.lex.absichtlich"
"de.word.acht","de.lex.acht"
"de.word.achtzig","de.lex.achtzig"
"de.word.aengstlich","de.lex.aengstlich"
"de.word.aeusserst","de.lex.aeusserst"
"de.word.aktiv","de.lex.aktiv"
"de.word.aktuell","de.lex.aktuell"
"de.word.aktuell.current-topical","de.lex.aktuell"
"de.word.aktuell.current-up-to-date","de.lex.aktuell"
"de.word.allein","de.lex.allein"
"de.word.alles","de.lex.alles"
"de.word.allmaehlich","de.lex.allmaehlich"
"de.word.als","de.lex.als"
"de.word.also","de.lex.also"
"de.word.also.so-therefore","de.lex.also"
"de.word.also.so-therefore-well","de.lex.also"
"de.word.alt","de.lex.alt"
"de.word.ander","de.lex.ander"
"de.word.andererseits","de.lex.andererseits"
"de.word.anders","de.lex.anders"
"de.word.anscheinend","de.lex.anscheinend"
"de.word.arbeitslos","de.lex.arbeitslos"
"de.word.arm","de.lex.arm.poor"
"de.word.arm.poor","de.lex.arm.poor"
"de.word.arrogant","de.lex.arrogant"
"de.word.auf","de.lex.auf.open"
"de.word.auf.open","de.lex.auf.open"
"de.word.aus.from","de.lex.aus.from"
"de.word.aus.out-from","de.lex.aus.from"
"de.word.aus.out-of-dativ","de.lex.aus.made-of"
"de.word.ausser","de.lex.ausser"
"de.word.ausserdem","de.lex.ausserdem"
"de.word.ausverkauft","de.lex.ausverkauft"
"de.word.bald","de.lex.bald"
"de.word.bedeutsam","de.lex.bedeutsam"
"de.word.befriedigend","de.lex.befriedigend"
"de.word.bei","de.lex.bei"
"de.word.bei.at-by-dativ","de.lex.bei"
"de.word.bei.by-at-someone-s-place","de.lex.bei"
"de.word.beide","de.lex.beide"
"de.word.beliebt","de.lex.beliebt"
"de.word.bequem","de.lex.bequem"
"de.word.beruehmt","de.lex.beruehmt"
"de.word.beschaeftigt","de.lex.beschaeftigt"
"de.word.besonders.especially","de.lex.besonders.especially"
"de.word.besonders.special","de.lex.besonders.special"
"de.word.besser","de.lex.besser"
"de.word.billig","de.lex.billig"
"de.word.bis","de.lex.bis"
"de.word.bis.until","de.lex.bis"
"de.word.bis.until-by-akkusativ","de.lex.bis"
"de.word.bitte","de.lex.bitte"
"de.word.blank","de.lex.blank"
"de.word.blau","de.lex.blau"
"de.word.blind","de.lex.blind"
"de.word.brandneu","de.lex.brandneu"
"de.word.braun","de.lex.braun"
"de.word.brav","de.lex.brav"
"de.word.breit","de.lex.breit"
"de.word.breit.wide","de.lex.breit"
"de.word.breit.wide-broad","de.lex.breit"
"de.word.charmant","de.lex.charmant"
"de.word.damit","de.lex.damit"
"de.word.danke","de.lex.danke"
"de.word.dann","de.lex.dann"
"de.word.das","de.lex.das"
"de.word.dass","de.lex.dass"
"de.word.dauerhaft","de.lex.dauerhaft"
"de.word.denken","de.lex.denken"
"de.word.denn","de.lex.denn"
"de.word.dich","de.lex.dich"
"de.word.dicht","de.lex.dicht"
"de.word.dick","de.lex.dick"
"de.word.dir","de.lex.dir"
"de.word.direkt","de.lex.direkt"
"de.word.doppelt","de.lex.doppelt"
"de.word.dort","de.lex.dort"
"de.word.dreckig","de.lex.dreckig"
"de.word.drei","de.lex.drei"
"de.word.dreissig","de.lex.dreissig"
"de.word.dreizehn","de.lex.dreizehn"
"de.word.dritt","de.lex.dritt"
"de.word.dritte","de.lex.dritte"
"de.word.du","de.lex.du"
"de.word.duenn","de.lex.duenn"
"de.word.dumm","de.lex.dumm"
"de.word.dunkel","de.lex.dunkel"
"de.word.dunkel.dark","de.lex.dunkel"
"de.word.dunkel.dark-color","de.lex.dunkel"
"de.word.durch","de.lex.durch"
"de.word.durch.through","de.lex.durch"
"de.word.durch.through-akkusativ","de.lex.durch"
"de.word.durstig","de.lex.durstig"
"de.word.ebenso","de.lex.ebenso"
"de.word.echt","de.lex.echt"
"de.word.effizient","de.lex.effizient"
"de.word.eher","de.lex.eher"
"de.word.ehrlich","de.lex.ehrlich"
"de.word.eigentlich","de.lex.eigentlich"
"de.word.einander","de.lex.einander"
"de.word.eindeutig","de.lex.eindeutig"
"de.word.einfach.easy","de.lex.einfach.easy"
"de.word.einfach.simple","de.lex.einfach.simple"
"de.word.einmal","de.lex.einmal"
"de.word.eins","de.lex.eins"
"de.word.einzigartig","de.lex.einzigartig"
"de.word.elf","de.lex.elf"
"de.word.empfindlich","de.lex.empfindlich"
"de.word.endlich","de.lex.endlich"
"de.word.eng","de.lex.eng"
"de.word.engstirnig","de.lex.engstirnig"
"de.word.er","de.lex.er"
"de.word.ernst","de.lex.ernst"
"de.word.erst","de.lex.erst"
"de.word.es","de.lex.es"
"de.word.etwas","de.lex.etwas"
"de.word.euch","de.lex.euch"
"de.word.euch.to-you-dative-pl","de.lex.euch"
"de.word.euch.you-accusative-pl","de.lex.euch"
"de.word.eventuell","de.lex.eventuell"
"de.word.eventuell.possibly","de.lex.eventuell"
"de.word.eventuell.possibly-perhaps","de.lex.eventuell"
"de.word.extrem","de.lex.extrem"
"de.word.falsch","de.lex.falsch"
"de.word.falsch.false","de.lex.falsch"
"de.word.falsch.false-wrong","de.lex.falsch"
"de.word.fast","de.lex.fast"
"de.word.faul","de.lex.faul"
"de.word.faul.lazy","de.lex.faul"
"de.word.faul.rotten-lazy","de.lex.faul"
"de.word.feige","de.lex.feige"
"de.word.fein","de.lex.fein"
"de.word.fest","de.lex.fest"
"de.word.fett","de.lex.fett"
"de.word.flach","de.lex.flach"
"de.word.fleissig","de.lex.fleissig"
"de.word.fleissig.diligent","de.lex.fleissig"
"de.word.fleissig.diligent-hard-working","de.lex.fleissig"
"de.word.flexibel","de.lex.flexibel"
"de.word.frei","de.lex.frei"
"de.word.freundlich","de.lex.freundlich"
"de.word.frisch","de.lex.frisch"
"de.word.froehlich","de.lex.froehlich"
"de.word.fromm","de.lex.fromm"
"de.word.frueh","de.lex.frueh"
"de.word.fuenf","de.lex.fuenf"
"de.word.fuenft","de.lex.fuenft"
"de.word.fuenfzehn","de.lex.fuenfzehn"
"de.word.fuenfzig","de.lex.fuenfzig"
"de.word.fuer","de.lex.fuer"
"de.word.ganz","de.lex.ganz"
"de.word.gebildet","de.lex.gebildet"
"de.word.geduldig","de.lex.geduldig"
"de.word.gefaehrlich","de.lex.gefaehrlich"
"de.word.gegenueber","de.lex.gegenueber"
"de.word.gehen","de.lex.gehen.go"
"de.word.gelb","de.lex.gelb"
"de.word.gemein","de.lex.gemein"
"de.word.genau","de.lex.genau"
"de.word.genial","de.lex.genial"
"de.word.genug","de.lex.genug"
"de.word.gerade","de.lex.gerade"
"de.word.geradeaus","de.lex.geradeaus"
"de.word.gerne","de.lex.gerne"
"de.word.gespraechig","de.lex.gespraechig"
"de.word.gesund","de.lex.gesund"
"de.word.glaenzend","de.lex.glaenzend"
"de.word.gleich","de.lex.gleich"
"de.word.gleichzeitig","de.lex.gleichzeitig"
"de.word.gluecklich","de.lex.gluecklich"
"de.word.gluecklicherweise","de.lex.gluecklicherweise"
"de.word.grau.gray","de.lex.grau.gray"
"de.word.grau.grey","de.lex.grau.grey"
"de.word.grob","de.lex.grob"
"de.word.gross","de.lex.gross"
"de.word.gross.big","de.lex.gross"
"de.word.gross.big-great","de.lex.gross"
"de.word.grosszuegig","de.lex.grosszuegig"
"de.word.gruen","de.lex.gruen"
"de.word.gut","de.lex.gut"
"de.word.gut.good","de.lex.gut"
"de.word.gut.grade-b-good","de.lex.gut"
"de.word.haben","de.lex.haben"
"de.word.haesslich","de.lex.haesslich"
"de.word.haeufig","de.lex.haeufig"
"de.word.halb","de.lex.halb"
"de.word.hart","de.lex.hart"
"de.word.hauptsaechlich","de.lex.hauptsaechlich"
"de.word.heiss","de.lex.heiss"
"de.word.heissen","de.lex.heissen"
"de.word.hell","de.lex.hell"
"de.word.hell.bright","de.lex.hell"
"de.word.hell.bright-light","de.lex.hell"
"de.word.hell.light-color","de.lex.hell"
"de.word.herrschen","de.lex.herrschen"
"de.word.heute","de.lex.heute"
"de.word.heutzutage","de.lex.heutzutage"
"de.word.hier","de.lex.hier"
"de.word.hinaus","de.lex.hinaus"
"de.word.hinein","de.lex.hinein"
"de.word.hinter","de.lex.hinter"
"de.word.hoch","de.lex.hoch"
"de.word.hoch.high","de.lex.hoch"
"de.word.hoch.high-tall","de.lex.hoch"
"de.word.hoechstens","de.lex.hoechstens"
"de.word.hoeflich","de.lex.hoeflich"
"de.word.hohl","de.lex.hohl"
"de.word.hundert","de.lex.hundert"
"de.word.hungrig","de.lex.hungrig"
"de.word.ich","de.lex.ich"
"de.word.ihm","de.lex.ihm"
"de.word.ihn","de.lex.ihn"
"de.word.ihr.to-her-dative","de.lex.ihr.her"
"de.word.ihr.you","de.lex.ihr.you"
"de.word.ihr.you-plural-informal","de.lex.ihr.you"
"de.word.immer","de.lex.immer"
"de.word.in","de.lex.in"
"de.word.innovativ","de.lex.innovativ"
"de.word.interessant","de.lex.interessant"
"de.word.international","de.lex.international"
"de.word.irgendwo","de.lex.irgendwo"
"de.word.ja","de.lex.ja"
"de.word.jaehrlich","de.lex.jaehrlich"
"de.word.jemand","de.lex.jemand"
"de.word.jetzt","de.lex.jetzt"
"de.word.jung","de.lex.jung"
"de.word.kalt","de.lex.kalt"
"de.word.kalt.cold","de.lex.kalt"
"de.word.kalt.cold-temperature","de.lex.kalt"
"de.word.kein.no-not-a-m","de.lex.kein"
"de.word.kein.no-not-a-n","de.lex.kein"
"de.word.keine","de.lex.keine"
"de.word.klein","de.lex.klein"
"de.word.klug","de.lex.klug"
"de.word.kollaborativ","de.lex.kollaborativ"
"de.word.komisch","de.lex.komisch"
"de.word.kommen","de.lex.kommen"
"de.word.komplex","de.lex.komplex"
"de.word.konsequent","de.lex.konsequent"
"de.word.krank","de.lex.krank"
"de.word.kreativ","de.lex.kreativ"
"de.word.kuehl","de.lex.kuehl"
"de.word.kuerzlich","de.lex.kuerzlich"
"de.word.kurz","de.lex.kurz"
"de.word.kurzfristig","de.lex.kurzfristig"
"de.word.lahm","de.lex.lahm"
"de.word.lang","de.lex.lang"
"de.word.langsam.slow","de.lex.langsam.slow"
"de.word.langsam.slowly","de.lex.langsam.slowly"
"de.word.langweilig","de.lex.langweilig"
"de.word.laut","de.lex.laut"
"de.word.lauter","de.lex.lauter"
"de.word.ledig","de.lex.ledig"
"de.word.leer","de.lex.leer"
"de.word.leicht","de.lex.leicht"
"de.word.leicht.light","de.lex.leicht"
"de.word.leicht.light-easy","de.lex.leicht"
"de.word.leider","de.lex.leider"
"de.word.leise","de.lex.leise"
"de.word.lila","de.lex.lila"
"de.word.links","de.lex.links"
"de.word.lose","de.lex.lose"
"de.word.lustig","de.lex.lustig"
"de.word.mager","de.lex.mager"
"de.word.manchmal","de.lex.manchmal"
"de.word.mehr","de.lex.mehr"
"de.word.mich","de.lex.mich"
"de.word.mild","de.lex.mild"
"de.word.mindestens","de.lex.mindestens"
"de.word.mir","de.lex.mir"
"de.word.mit","de.lex.mit"
"de.word.mit.with","de.lex.mit"
"de.word.mit.with-dativ","de.lex.mit"
"de.word.moeglich","de.lex.moeglich"
"de.word.monatlich","de.lex.monatlich"
"de.word.morgens","de.lex.morgens"
"de.word.muede","de.lex.muede"
"de.word.muskuloes","de.lex.muskuloes"
"de.word.mutig","de.lex.mutig"
"de.word.nach","de.lex.nach"
"de.word.nachhaltig","de.lex.nachhaltig"
"de.word.nachher","de.lex.nachher"
"de.word.nachmittags","de.lex.nachmittags"
"de.word.nachts","de.lex.nachts"
"de.word.nackt","de.lex.nackt"
"de.word.naemlich","de.lex.naemlich"
"de.word.nah","de.lex.nah"
"de.word.naiv","de.lex.naiv"
"de.word.negativ","de.lex.negativ"
"de.word.nein","de.lex.nein"
"de.word.neu","de.lex.neu"
"de.word.neugierig","de.lex.neugierig"
"de.word.neun","de.lex.neun"
"de.word.neunzig","de.lex.neunzig"
"de.word.nicht","de.lex.nicht"
"de.word.nichts","de.lex.nichts"
"de.word.niedrig","de.lex.niedrig"
"de.word.niemand","de.lex.niemand"
"de.word.nirgendwo","de.lex.nirgendwo"
"de.word.noch","de.lex.noch"
"de.word.normal","de.lex.normal"
"de.word.normalerweise","de.lex.normalerweise"
"de.word.notwendig","de.lex.notwendig"
"de.word.null","de.lex.null"
"de.word.ob","de.lex.ob"
"de.word.obwohl","de.lex.obwohl"
"de.word.oder","de.lex.oder"
"de.word.offen","de.lex.offen"
"de.word.offensichtlich","de.lex.offensichtlich"
"de.word.oft","de.lex.oft"
"de.word.ohne","de.lex.ohne"
"de.word.orange","de.lex.orange"
"de.word.ordinaer","de.lex.ordinaer"
"de.word.ordinaer.vulgar","de.lex.ordinaer"
"de.word.ordinaer.vulgar-crude","de.lex.ordinaer"
"de.word.pensioniert","de.lex.pensioniert"
"de.word.perfekt","de.lex.perfekt"
"de.word.ploetzlich","de.lex.ploetzlich"
"de.word.positiv","de.lex.positiv"
"de.word.proaktiv","de.lex.proaktiv"
"de.word.puenktlich","de.lex.puenktlich"
"de.word.qualifiziert","de.lex.qualifiziert"
"de.word.rau","de.lex.rau"
"de.word.recht.fairly","de.lex.recht.fairly"
"de.word.recht.right-correct","de.lex.recht.correct"
"de.word.rechts","de.lex.rechts"
"de.word.regelmaessig","de.lex.regelmaessig"
"de.word.reich","de.lex.reich.rich"
"de.word.reich.rich","de.lex.reich.rich"
"de.word.reif.mature","de.lex.reif.mature"
"de.word.reif.ripe","de.lex.reif.ripe"
"de.word.roh","de.lex.roh"
"de.word.rosa","de.lex.rosa"
"de.word.rot","de.lex.rot"
"de.word.rund","de.lex.rund"
"de.word.sagen","de.lex.sagen"
"de.word.sanft","de.lex.sanft"
"de.word.sarkastisch","de.lex.sarkastisch"
"de.word.satt","de.lex.satt"
"de.word.sauber","de.lex.sauber"
"de.word.sauer","de.lex.sauer"
"de.word.scharf","de.lex.scharf"
"de.word.scheinen","de.lex.scheinen"
"de.word.schenken","de.lex.schenken"
"de.word.schlank","de.lex.schlank"
"de.word.schlank.slim","de.lex.schlank"
"de.word.schlank.slim-slender","de.lex.schlank"
"de.word.schlecht","de.lex.schlecht"
"de.word.schmal","de.lex.schmal"
"de.word.schmutzig","de.lex.schmutzig"
"de.word.schnell.fast","de.lex.schnell.fast"
"de.word.schnell.quickly","de.lex.schnell.quickly"
"de.word.schoen","de.lex.schoen"
"de.word.schwach","de.lex.schwach"
"de.word.schwarz","de.lex.schwarz"
"de.word.schwer","de.lex.schwer"
"de.word.schwer.heavy","de.lex.schwer"
"de.word.schwer.heavy-difficult","de.lex.schwer"
"de.word.schwierig","de.lex.schwierig"
"de.word.sechs","de.lex.sechs"
"de.word.sechzig","de.lex.sechzig"
"de.word.sehen","de.lex.sehen"
"de.word.sehr","de.lex.sehr"
"de.word.sein","de.lex.sein"
"de.word.seit","de.lex.seit"
"de.word.seitdem","de.lex.seitdem"
"de.word.selbstbewusst","de.lex.selbstbewusst"
"de.word.selbstsuechtig","de.lex.selbstsuechtig"
"de.word.seltsam","de.lex.seltsam"
"de.word.sensibel","de.lex.sensibel"
"de.word.sensibel.sensitive","de.lex.sensibel"
"de.word.sensibel.sensitive-false-friend-sensibel","de.lex.sensibel"
"de.word.serioes","de.lex.serioes"
"de.word.sicher","de.lex.sicher"
"de.word.sie.her","de.lex.sie.her-2"
"de.word.sie.her-accusative","de.lex.sie.her-2"
"de.word.sie.she","de.lex.sie.her"
"de.word.sie.them","de.lex.sie.them"
"de.word.sie.them-accusative","de.lex.sie.them"
"de.word.sie.they","de.lex.sie.they"
"de.word.siebzig","de.lex.siebzig"
"de.word.so","de.lex.so"
"de.word.sobald","de.lex.sobald"
"de.word.sofort","de.lex.sofort"
"de.word.solange","de.lex.solange"
"de.word.sonst","de.lex.sonst"
"de.word.sowieso","de.lex.sowieso"
"de.word.spaet","de.lex.spaet"
"de.word.spaeter","de.lex.spaeter"
"de.word.spitz","de.lex.spitz"
"de.word.sportlich","de.lex.sportlich"
"de.word.stark","de.lex.stark"
"de.word.steif","de.lex.steif"
"de.word.sterben","de.lex.sterben"
"de.word.still","de.lex.still"
"de.word.still.quiet-false-friend-still","de.lex.still"
"de.word.still.still-quiet","de.lex.still"
"de.word.stumpf","de.lex.stumpf"
"de.word.stur","de.lex.stur"
"de.word.suess","de.lex.suess"
"de.word.sympathisch","de.lex.sympathisch"
"de.word.sympathisch.likeable","de.lex.sympathisch"
"de.word.sympathisch.likeable-nice","de.lex.sympathisch"
"de.word.taeglich","de.lex.taeglich"
"de.word.tatsaechlich","de.lex.tatsaechlich"
"de.word.taub","de.lex.taub"
"de.word.tausend","de.lex.tausend"
"de.word.teuer","de.lex.teuer"
"de.word.tief","de.lex.tief"
"de.word.tolerant","de.lex.tolerant"
"de.word.tot","de.lex.tot"
"de.word.traditionell","de.lex.traditionell"
"de.word.transparent","de.lex.transparent"
"de.word.traurig","de.lex.traurig"
"de.word.trotz","de.lex.trotz"
"de.word.trotzdem.even-so","de.lex.trotzdem.even-so"
"de.word.trotzdem.nevertheless","de.lex.trotzdem.nevertheless"
"de.word.tun","de.lex.tun"
"de.word.typisch","de.lex.typisch"
"de.word.uebel","de.lex.uebel"
"de.word.ueber","de.lex.ueber"
"de.word.ueberall","de.lex.ueberall"
"de.word.uebergewichtig","de.lex.uebergewichtig"
"de.word.ueberrascht","de.lex.ueberrascht"
"de.word.um","de.lex.um"
"de.word.unbequem","de.lex.unbequem"
"de.word.und","de.lex.und"
"de.word.ungeduldig","de.lex.ungeduldig"
"de.word.ungefaehr","de.lex.ungefaehr"
"de.word.ungenuegend","de.lex.ungenuegend"
"de.word.ungewoehnlich","de.lex.ungewoehnlich"
"de.word.unmoeglich","de.lex.unmoeglich"
"de.word.uns","de.lex.uns"
"de.word.uns.to-us-dative","de.lex.uns"
"de.word.uns.us-accusative","de.lex.uns"
"de.word.unter","de.lex.unter"
"de.word.uralt","de.lex.uralt"
"de.word.vage","de.lex.vage"
"de.word.verfuegbar","de.lex.verfuegbar"
"de.word.verheiratet","de.lex.verheiratet"
"de.word.versehentlich","de.lex.versehentlich"
"de.word.verspaetet","de.lex.verspaetet"
"de.word.vielleicht","de.lex.vielleicht"
"de.word.vier","de.lex.vier"
"de.word.viert","de.lex.viert"
"de.word.vierzehn","de.lex.vierzehn"
"de.word.vierzig","de.lex.vierzig"
"de.word.voll","de.lex.voll"
"de.word.von","de.lex.von"
"de.word.vor","de.lex.vor"
"de.word.vorher","de.lex.vorher"
"de.word.vorsichtig","de.lex.vorsichtig"
"de.word.voruebergehend","de.lex.voruebergehend"
"de.word.waehrend.during","de.lex.waehrend.during"
"de.word.waehrend.during-genitiv","de.lex.waehrend.during"
"de.word.waehrend.while","de.lex.waehrend.while"
"de.word.wahr","de.lex.wahr"
"de.word.wann","de.lex.wann"
"de.word.warm","de.lex.warm"
"de.word.warum","de.lex.warum"
"de.word.was","de.lex.was"
"de.word.weich","de.lex.weich"
"de.word.weil","de.lex.weil"
"de.word.weise","de.lex.weise"
"de.word.weiss","de.lex.weiss"
"de.word.weit","de.lex.weit"
"de.word.weniger","de.lex.weniger"
"de.word.wenn","de.lex.wenn"
"de.word.wer","de.lex.wer"
"de.word.werden","de.lex.werden"
"de.word.wettbewerbsfaehig","de.lex.wettbewerbsfaehig"
"de.word.wichtig","de.lex.wichtig"
"de.word.wie","de.lex.wie"
"de.word.wieder","de.lex.wieder"
"de.word.wir","de.lex.wir"
"de.word.wo","de.lex.wo"
"de.word.woechentlich","de.lex.woechentlich"
"de.word.wuetend","de.lex.wuetend"
"de.word.zaeh","de.lex.zaeh"
"de.word.zehn","de.lex.zehn"
"de.word.ziemlich","de.lex.ziemlich"
"de.word.zu.dativ","de.lex.zu.dativ"
"de.word.zu.to","de.lex.zu.at"
"de.word.zu.to-dativ-person","de.lex.zu.dativ"
"de.word.zu.too","de.lex.zu.too"
"de.word.zufaellig","de.lex.zufaellig"
"de.word.zurueck","de.lex.zurueck"
"de.word.zusaetzlich","de.lex.zusaetzlich"
"de.word.zuverlaessig","de.lex.zuverlaessig"
"de.word.zwanzig","de.lex.zwanzig"
"de.word.zwei","de.lex.zwei"
"de.word.zweimal","de.lex.zweimal"
"de.word.zweit","de.lex.zweit"
"de.word.zwoelf","de.lex.zwoelf"
