english,target,register,tags,note,level
both ... and ...,sowohl ... als auch ...,neutral,german_3000;existing_sentence,From german_3000.,A2
either ... or ...,entweder ... oder ...,neutral,german_3000;existing_sentence,From german_3000.,A2
neither ... nor ...,weder ... noch ...,neutral,german_3000;existing_sentence,From german_3000.,A2
not only ... but also ...,nicht nur ... sondern auch ...,neutral,german_3000;existing_sentence,From german_3000.,A2
He gets up early.,Er steht früh auf.,neutral,german_3000;existing_sentence,From german_3000.,A2
She calls her mother.,Sie ruft ihre Mutter an.,neutral,german_3000;existing_sentence,From german_3000.,A2
We arrive at seven.,Wir kommen um sieben Uhr an.,neutral,german_3000;existing_sentence,From german_3000.,A2
Turn off the light!,Mach das Licht aus!,neutral,german_3000;existing_sentence,From german_3000.,A2
She tries on the dress.,Sie probiert das Kleid an.,neutral,german_3000;existing_sentence,From german_3000.,A2
He fills in the form.,Er füllt das Formular aus.,neutral,german_3000;existing_sentence,From german_3000.,A2
I write down the word.,Ich schreibe das Wort auf.,neutral,german_3000;existing_sentence,From german_3000.,A2
They pick me up.,Sie holen mich ab.,neutral,german_3000;existing_sentence,From german_3000.,A2
Clean up your room!,Räum dein Zimmer auf!,neutral,german_3000;existing_sentence,From german_3000.,A2
He looks the word up.,Er schlägt das Wort nach.,neutral,german_3000;existing_sentence,From german_3000.,A2
I feel sick.,Ich fühle mich krank.,neutral,german_3000;existing_sentence,From german_3000.,A2
She hurries.,Sie beeilt sich.,neutral,german_3000;existing_sentence,From german_3000.,A2
He sits down.,Er setzt sich.,neutral,german_3000;existing_sentence,From german_3000.,A2
I remember him.,Ich erinnere mich an ihn.,neutral,german_3000;existing_sentence,From german_3000.,A2
He apologizes.,Er entschuldigt sich.,neutral,german_3000;existing_sentence,From german_3000.,A2
They fall in love.,Sie verlieben sich.,neutral,german_3000;existing_sentence,From german_3000.,A2
Hello!,Hallo!,neutral,german_3000;existing_sentence,From german_3000.,A2
Good morning!,Guten Morgen!,neutral,german_3000;existing_sentence,From german_3000.,A2
Good afternoon!,Guten Tag!,neutral,german_3000;existing_sentence,From german_3000.,A2
Good evening!,Guten Abend!,neutral,german_3000;existing_sentence,From german_3000.,A2
Good night!,Gute Nacht!,neutral,german_3000;existing_sentence,From german_3000.,A2
Goodbye!,Auf Wiedersehen!,neutral,german_3000;existing_sentence,From german_3000.,A2
See you later!,Bis später!,neutral,german_3000;existing_sentence,From german_3000.,A2
See you soon!,Bis bald!,neutral,german_3000;existing_sentence,From german_3000.,A2
How are you?,Wie geht es Ihnen? / Wie geht's?,neutral,german_3000;existing_sentence,From german_3000.,B1
"I'm fine, thank you.","Mir geht es gut, danke.",neutral,german_3000;existing_sentence,From german_3000.,A2
Not so well.,Nicht so gut.,neutral,german_3000;existing_sentence,From german_3000.,A2
So so.,Es geht so.,neutral,german_3000;existing_sentence,From german_3000.,A2
Please.,Bitte.,neutral,german_3000;existing_sentence,From german_3000.,A2
Thank you.,Danke.,neutral,german_3000;existing_sentence,From german_3000.,A2
Thank you very much.,Vielen Dank.,neutral,german_3000;existing_sentence,From german_3000.,A2
You're welcome.,Bitte sehr. / Gern geschehen.,neutral,german_3000;existing_sentence,From german_3000.,A2
Excuse me.,Entschuldigung.,neutral,german_3000;existing_sentence,From german_3000.,A2
I'm sorry.,Es tut mir leid.,neutral,german_3000;existing_sentence,From german_3000.,A2
No problem.,Kein Problem.,neutral,german_3000;existing_sentence,From german_3000.,A2
Of course!,Natürlich!,neutral,german_3000;existing_sentence,From german_3000.,A2
Good luck!,Viel Glück!,neutral,german_3000;existing_sentence,From german_3000.,A2
Have fun!,Viel Spaß!,neutral,german_3000;existing_sentence,From german_3000.,A2
Congratulations!,Herzlichen Glückwunsch!,neutral,german_3000;existing_sentence,From german_3000.,A2
Happy birthday!,Alles Gute zum Geburtstag!,neutral,german_3000;existing_sentence,From german_3000.,A2
Merry Christmas!,Frohe Weihnachten!,neutral,german_3000;existing_sentence,From german_3000.,A2
Happy New Year!,Frohes Neues Jahr!,neutral,german_3000;existing_sentence,From german_3000.,A2
Cheers!,Prost!,neutral,german_3000;existing_sentence,From german_3000.,A2
Bless you!,Gesundheit!,neutral,german_3000;existing_sentence,From german_3000.,A2
Get well soon!,Gute Besserung!,neutral,german_3000;existing_sentence,From german_3000.,A2
Help!,Hilfe!,neutral,german_3000;existing_sentence,From german_3000.,A2
What's your name?,Wie heißen Sie? / Wie heißt du?,neutral,german_3000;existing_sentence,From german_3000.,B1
My name is...,Ich heiße... / Mein Name ist...,neutral,german_3000;existing_sentence,From german_3000.,A2
Where are you from?,Woher kommen Sie?,neutral,german_3000;existing_sentence,From german_3000.,A2
I'm from Hungary.,Ich komme aus Ungarn.,neutral,german_3000;existing_sentence,From german_3000.,A2
I live in Berlin.,Ich wohne in Berlin.,neutral,german_3000;existing_sentence,From german_3000.,A2
Nice to meet you.,"Schön, Sie kennenzulernen.",neutral,german_3000;existing_sentence,From german_3000.,A2
Do you speak German?,Sprechen Sie Deutsch?,neutral,german_3000;existing_sentence,From german_3000.,A2
I don't understand.,Ich verstehe nicht.,neutral,german_3000;existing_sentence,From german_3000.,A2
Could you repeat that?,Könnten Sie das wiederholen?,neutral,german_3000;existing_sentence,From german_3000.,A2
Could you speak more slowly?,Könnten Sie langsamer sprechen?,neutral,german_3000;existing_sentence,From german_3000.,A2
What does that mean?,Was bedeutet das?,neutral,german_3000;existing_sentence,From german_3000.,A2
How do you say... in German?,Wie sagt man... auf Deutsch?,neutral,german_3000;existing_sentence,From german_3000.,A2
Can you help me?,Können Sie mir helfen?,neutral,german_3000;existing_sentence,From german_3000.,A2
I would like...,Ich möchte...,neutral,german_3000;existing_sentence,From german_3000.,A2
I need...,Ich brauche...,neutral,german_3000;existing_sentence,From german_3000.,A2
How much does it cost?,Was kostet das?,neutral,german_3000;existing_sentence,From german_3000.,A2
Where is the toilet?,Wo ist die Toilette?,neutral,german_3000;existing_sentence,From german_3000.,A2
"The bill, please.","Die Rechnung, bitte.",neutral,german_3000;existing_sentence,From german_3000.,A2
Enjoy your meal!,Guten Appetit!,neutral,german_3000;existing_sentence,From german_3000.,A2
It was delicious!,Es war köstlich!,neutral,german_3000;existing_sentence,From german_3000.,A2
Turn left.,Biegen Sie links ab.,neutral,german_3000;existing_sentence,From german_3000.,A2
Turn right.,Biegen Sie rechts ab.,neutral,german_3000;existing_sentence,From german_3000.,A2
Go straight ahead.,Gehen Sie geradeaus.,neutral,german_3000;existing_sentence,From german_3000.,A2
It's sunny.,Es ist sonnig.,neutral,german_3000;existing_sentence,From german_3000.,A2
It's raining.,Es regnet.,neutral,german_3000;existing_sentence,From german_3000.,A2
It's snowing.,Es schneit.,neutral,german_3000;existing_sentence,From german_3000.,A2
It's cold.,Es ist kalt.,neutral,german_3000;existing_sentence,From german_3000.,A2
I think that...,"Ich denke, dass...",neutral,german_3000;existing_sentence,From german_3000.,A2
In my opinion...,Meiner Meinung nach...,neutral,german_3000;existing_sentence,From german_3000.,A2
I agree.,Ich stimme zu.,neutral,german_3000;existing_sentence,From german_3000.,A2
I disagree.,Ich bin anderer Meinung.,neutral,german_3000;existing_sentence,From german_3000.,A2
I'm not sure.,Ich bin nicht sicher.,neutral,german_3000;existing_sentence,From german_3000.,A2
Maybe.,Vielleicht.,neutral,german_3000;existing_sentence,From german_3000.,A2
Definitely.,Auf jeden Fall.,neutral,german_3000;existing_sentence,From german_3000.,A2
That's great!,Das ist toll!,neutral,german_3000;existing_sentence,From german_3000.,A2
I like it.,Es gefällt mir.,neutral,german_3000;existing_sentence,From german_3000.,A2
I don't like it.,Es gefällt mir nicht.,neutral,german_3000;existing_sentence,From german_3000.,A2
I'm happy.,Ich bin glücklich.,neutral,german_3000;existing_sentence,From german_3000.,A2
I'm tired.,Ich bin müde.,neutral,german_3000;existing_sentence,From german_3000.,A2
I'm hungry.,Ich habe Hunger.,neutral,german_3000;existing_sentence,From german_3000.,A2
I'm thirsty.,Ich habe Durst.,neutral,german_3000;existing_sentence,From german_3000.,A2
I'm in a hurry.,Ich habe es eilig.,neutral,german_3000;existing_sentence,From german_3000.,A2
I have time.,Ich habe Zeit.,neutral,german_3000;existing_sentence,From german_3000.,A2
Let's go!,Gehen wir! / Lass uns gehen!,neutral,german_3000;existing_sentence,From german_3000.,A2
What happened?,Was ist passiert?,neutral,german_3000;existing_sentence,From german_3000.,A2
Are you ready?,Bist du fertig?,neutral,german_3000;existing_sentence,From german_3000.,A2
How was your day?,Wie war dein Tag?,neutral,german_3000;existing_sentence,From german_3000.,A2
Not my cup of tea.,Nicht mein Ding.,neutral,german_3000;existing_sentence,From german_3000.,A2
That makes sense.,Das macht Sinn.,neutral,german_3000;existing_sentence,From german_3000.,A2
Never mind.,Macht nichts.,neutral,german_3000;existing_sentence,From german_3000.,A2
It doesn't matter.,Es ist egal.,neutral,german_3000;existing_sentence,From german_3000.,A2
Really?!,Wirklich?!,neutral,german_3000;existing_sentence,From german_3000.,A2
Are you serious?,Im Ernst?,neutral,german_3000;existing_sentence,From german_3000.,A2
No way!,Nicht möglich!,neutral,german_3000;existing_sentence,From german_3000.,A2
What a coincidence!,Was für ein Zufall!,neutral,german_3000;existing_sentence,From german_3000.,A2
I see.,Ich verstehe. / Ach so.,neutral,german_3000;existing_sentence,From german_3000.,A2
I'll think about it.,Ich werde darüber nachdenken.,neutral,german_3000;existing_sentence,From german_3000.,A2
That's a good idea.,Das ist eine gute Idee.,neutral,german_3000;existing_sentence,From german_3000.,A2
You're right.,Sie haben recht.,neutral,german_3000;existing_sentence,From german_3000.,A2
"One moment, please.","Einen Moment, bitte.",neutral,german_3000;existing_sentence,From german_3000.,A2
Keep going!,Mach weiter!,neutral,german_3000;existing_sentence,From german_3000.,A2
Don't give up!,Gib nicht auf!,neutral,german_3000;existing_sentence,From german_3000.,A2
You can do it!,Du schaffst das!,neutral,german_3000;existing_sentence,From german_3000.,A2
Would you help me?,Würdest du mir helfen?,neutral,german_3000;existing_sentence,From german_3000.,A2
If I were rich...,Wenn ich reich wäre...,neutral,german_3000;existing_sentence,From german_3000.,A2
If I had more time...,Wenn ich mehr Zeit hätte...,neutral,german_3000;existing_sentence,From german_3000.,A2
I wish I could fly.,"Ich wünschte, ich könnte fliegen.",neutral,german_3000;existing_sentence,From german_3000.,A2
I would travel if I had money.,"Ich würde reisen, wenn ich Geld hätte.",neutral,german_3000;existing_sentence,From german_3000.,B1
"Could you help me, please?",Könntest du mir bitte helfen?,neutral,german_3000;existing_sentence,From german_3000.,A2
That would be great.,Das wäre toll.,neutral,german_3000;existing_sentence,From german_3000.,A2
It would be better to...,"Es wäre besser,...",neutral,german_3000;existing_sentence,From german_3000.,A2
I would prefer...,Ich würde lieber...,neutral,german_3000;existing_sentence,From german_3000.,A2
What would you do?,Was würdest du tun?,neutral,german_3000;existing_sentence,From german_3000.,A2
I should have said that.,Ich hätte das sagen sollen.,neutral,german_3000;existing_sentence,From german_3000.,A2
He could have come.,Er hätte kommen können.,neutral,german_3000;existing_sentence,From german_3000.,A2
We should have left earlier.,Wir hätten früher abfahren sollen.,neutral,german_3000;existing_sentence,From german_3000.,A2
If only I had known...,Wenn ich das nur gewusst hätte...,neutral,german_3000;existing_sentence,From german_3000.,A2
Would you mind if I...?,"Würde es Ihnen etwas ausmachen, wenn ich...?",neutral,german_3000;existing_sentence,From german_3000.,B1
I'd appreciate it if you could...,"Ich wäre dankbar, wenn Sie...",neutral,german_3000;existing_sentence,From german_3000.,A2
to break a leg!,Hals- und Beinbruch!,neutral,german_3000;existing_sentence,From german_3000.,A2
What are your hobbies?,Was sind deine Hobbys?,neutral,german_3000;existing_sentence,From german_3000.,A2
I like reading.,Ich lese gerne.,neutral,german_3000;existing_sentence,From german_3000.,A2
I love cooking.,Ich liebe es zu kochen.,neutral,german_3000;existing_sentence,From german_3000.,A2
I go jogging every morning.,Ich gehe jeden Morgen joggen.,neutral,german_3000;existing_sentence,From german_3000.,A2
Let's eat!,Essen wir! / Lass uns essen!,neutral,german_3000;existing_sentence,From german_3000.,A2
Let's start!,Fangen wir an!,neutral,german_3000;existing_sentence,From german_3000.,A2
Where have you been?,Wo warst du?,neutral,german_3000;existing_sentence,From german_3000.,A2
I was at the office.,Ich war im Büro.,neutral,german_3000;existing_sentence,From german_3000.,A2
I had a lot to do.,Ich hatte viel zu tun.,neutral,german_3000;existing_sentence,From german_3000.,A2
Did you have a good day?,Hattest du einen guten Tag?,neutral,german_3000;existing_sentence,From german_3000.,A2
It was exhausting.,Es war anstrengend.,neutral,german_3000;existing_sentence,From german_3000.,A2
What are your plans for the evening?,Was hast du heute Abend vor?,neutral,german_3000;existing_sentence,From german_3000.,A2
I'm staying home.,Ich bleibe zu Hause.,neutral,german_3000;existing_sentence,From german_3000.,A2
Would you like to join us?,Möchtest du mitkommen?,neutral,german_3000;existing_sentence,From german_3000.,A2
Unfortunately I can't.,Leider kann ich nicht.,neutral,german_3000;existing_sentence,From german_3000.,A2
Maybe next time.,Vielleicht beim nächsten Mal.,neutral,german_3000;existing_sentence,From german_3000.,A2
Do you have this in a larger size?,Haben Sie das in einer größeren Größe?,neutral,german_3000;existing_sentence,From german_3000.,B1
I'd like to try this on.,Ich möchte das anprobieren.,neutral,german_3000;existing_sentence,From german_3000.,A2
It fits perfectly.,Es passt perfekt.,neutral,german_3000;existing_sentence,From german_3000.,A2
It's a bit too tight.,Es ist etwas zu eng.,neutral,german_3000;existing_sentence,From german_3000.,A2
I'll take it.,Ich nehme es.,neutral,german_3000;existing_sentence,From german_3000.,A2
Can I pay by card?,Kann ich mit Karte zahlen?,neutral,german_3000;existing_sentence,From german_3000.,A2
I'd like to return this.,Ich möchte das zurückgeben.,neutral,german_3000;existing_sentence,From german_3000.,A2
"A table for two, please.","Einen Tisch für zwei Personen, bitte.",neutral,german_3000;existing_sentence,From german_3000.,A2
What do you recommend?,Was empfehlen Sie?,neutral,german_3000;existing_sentence,From german_3000.,A2
I'm a vegetarian.,Ich bin Vegetarier/Vegetarierin.,neutral,german_3000;existing_sentence,From german_3000.,A2
Does this contain gluten?,Enthält das Gluten?,neutral,german_3000;existing_sentence,From german_3000.,A2
"Excuse me, where is the station?","Entschuldigung, wo ist der Bahnhof?",neutral,german_3000;existing_sentence,From german_3000.,A2
It's about 10 minutes on foot.,Es ist ungefähr 10 Minuten zu Fuß.,neutral,german_3000;existing_sentence,From german_3000.,B1
Take the first street on the left.,Nehmen Sie die erste Straße links.,neutral,german_3000;existing_sentence,From german_3000.,A2
Is it far from here?,Ist es weit von hier?,neutral,german_3000;existing_sentence,From german_3000.,A2
Which line do I take?,Welche Linie nehme ich?,neutral,german_3000;existing_sentence,From german_3000.,A2
You need to change at the central station.,Sie müssen am Hauptbahnhof umsteigen.,neutral,german_3000;existing_sentence,From german_3000.,A2
I have a reservation.,Ich habe eine Reservierung.,neutral,german_3000;existing_sentence,From german_3000.,A2
Is breakfast included?,Ist das Frühstück inbegriffen?,neutral,german_3000;existing_sentence,From german_3000.,A2
What time is check-out?,Um wie viel Uhr ist der Check-out?,neutral,german_3000;existing_sentence,From german_3000.,B1
Where does it hurt?,Wo tut es weh?,neutral,german_3000;existing_sentence,From german_3000.,A2
It hurts here.,Hier tut es weh.,neutral,german_3000;existing_sentence,From german_3000.,A2
I need a prescription.,Ich brauche ein Rezept.,neutral,german_3000;existing_sentence,From german_3000.,A2
Are you taking any medication?,Nehmen Sie Medikamente?,neutral,german_3000;existing_sentence,From german_3000.,A2
Do you have any allergies?,Haben Sie Allergien?,neutral,german_3000;existing_sentence,From german_3000.,A2
When does the shift start?,Wann beginnt die Schicht?,neutral,german_3000;existing_sentence,From german_3000.,A2
I need to take a day off.,Ich muss einen Tag freinehmen.,neutral,german_3000;existing_sentence,From german_3000.,A2
The project is on track.,Das Projekt liegt im Zeitplan.,neutral,german_3000;existing_sentence,From german_3000.,A2
We missed the deadline.,Wir haben die Frist verpasst.,neutral,german_3000;existing_sentence,From german_3000.,A2
Can you send me the report?,Kannst du mir den Bericht schicken?,neutral,german_3000;existing_sentence,From german_3000.,A2
I'll get back to you on that.,Ich werde mich diesbezüglich bei dir melden.,neutral,german_3000;existing_sentence,From german_3000.,B1
I can't hear you very well.,Ich kann Sie nicht sehr gut hören.,neutral,german_3000;existing_sentence,From german_3000.,B1
My battery is almost dead.,Mein Akku ist fast leer.,neutral,german_3000;existing_sentence,From german_3000.,A2
Have you tried turning it off and on?,"Hast du versucht, es aus- und einzuschalten?",neutral,german_3000;existing_sentence,From german_3000.,B1
I'm looking for...,Ich suche...,neutral,german_3000;existing_sentence,From german_3000.,A2
Can you recommend something?,Können Sie etwas empfehlen?,neutral,german_3000;existing_sentence,From german_3000.,A2
I'm afraid I don't know.,Das weiß ich leider nicht.,neutral,german_3000;existing_sentence,From german_3000.,A2
Could you write that down?,Könnten Sie das aufschreiben?,neutral,german_3000;existing_sentence,From german_3000.,A2
What time does the shop close?,Wann schließt der Laden?,neutral,german_3000;existing_sentence,From german_3000.,A2
Is this seat taken?,Ist dieser Platz besetzt?,neutral,german_3000;existing_sentence,From german_3000.,A2
How long have you been learning German?,Wie lange lernst du schon Deutsch?,neutral,german_3000;existing_sentence,From german_3000.,A2
Who?,Wer?,neutral,german_3000;existing_sentence,From german_3000.,A2
Whose?,Wessen?,neutral,german_3000;existing_sentence,From german_3000.,A2
What?,Was?,neutral,german_3000;existing_sentence,From german_3000.,A2
Where?,Wo?,neutral,german_3000;existing_sentence,From german_3000.,A2
Where to?,Wohin?,neutral,german_3000;existing_sentence,From german_3000.,A2
Where from?,Woher?,neutral,german_3000;existing_sentence,From german_3000.,A2
When?,Wann?,neutral,german_3000;existing_sentence,From german_3000.,A2
Why?,Warum?,neutral,german_3000;existing_sentence,From german_3000.,A2
How?,Wie?,neutral,german_3000;existing_sentence,From german_3000.,A2
How much?,Wie viel?,neutral,german_3000;existing_sentence,From german_3000.,A2
How many?,Wie viele?,neutral,german_3000;existing_sentence,From german_3000.,A2
How long?,Wie lange?,neutral,german_3000;existing_sentence,From german_3000.,A2
How often?,Wie oft?,neutral,german_3000;existing_sentence,From german_3000.,A2
What kind of?,Was für ein?,neutral,german_3000;existing_sentence,From german_3000.,A2
With what?,Womit?,neutral,german_3000;existing_sentence,From german_3000.,A2
About what?,Worüber?,neutral,german_3000;existing_sentence,From german_3000.,A2
For what?,Wofür?,neutral,german_3000;existing_sentence,From german_3000.,A2
With whom?,Mit wem?,neutral,german_3000;existing_sentence,From german_3000.,A2
What is your name?,Wie heißt du?,neutral,german_3000;existing_sentence,From german_3000.,A2
Where do you live?,Wo wohnst du?,neutral,german_3000;existing_sentence,From german_3000.,A2
What do you do?,Was machst du?,neutral,german_3000;existing_sentence,From german_3000.,A2
How old are you?,Wie alt bist du?,neutral,german_3000;existing_sentence,From german_3000.,A2
Where are you going?,Wohin gehst du?,neutral,german_3000;existing_sentence,From german_3000.,A2
When does it start?,Wann fängt es an?,neutral,german_3000;existing_sentence,From german_3000.,A2
Why are you late?,Warum kommst du zu spät?,neutral,german_3000;existing_sentence,From german_3000.,A2
How long have you been here?,Wie lange bist du schon hier?,neutral,german_3000;existing_sentence,From german_3000.,A2
How many people are there?,Wie viele Leute sind da?,neutral,german_3000;existing_sentence,From german_3000.,A2
What time is it?,Wie spät ist es?,neutral,german_3000;existing_sentence,From german_3000.,A2
Do you understand?,Verstehst du?,neutral,german_3000;existing_sentence,From german_3000.,A2
Do you have time?,Hast du Zeit?,neutral,german_3000;existing_sentence,From german_3000.,A2
Is everything okay?,Ist alles in Ordnung?,neutral,german_3000;existing_sentence,From german_3000.,A2
How does this work?,Wie funktioniert das?,neutral,german_3000;existing_sentence,From german_3000.,A2
Did you eat?,Hast du gegessen?,neutral,german_3000;existing_sentence,From german_3000.,A2
What are you thinking about?,Woran denkst du?,neutral,german_3000;existing_sentence,From german_3000.,A2
What are you looking for?,Wonach suchst du?,neutral,german_3000;existing_sentence,From german_3000.,A2
Can I help you?,Kann ich Ihnen helfen?,neutral,german_3000;existing_sentence,From german_3000.,A2
Are you coming?,Kommst du?,neutral,german_3000;existing_sentence,From german_3000.,A2
Is she here?,Ist sie hier?,neutral,german_3000;existing_sentence,From german_3000.,A2
Can you help?,Kannst du helfen?,neutral,german_3000;existing_sentence,From german_3000.,A2
She reads the book.,Sie liest das Buch.,neutral,german_3000;existing_sentence,From german_3000.,A2
Yesterday he read the book.,Gestern hat er das Buch gelesen.,neutral,german_3000;existing_sentence,From german_3000.,A2
On Monday we have class.,Am Montag haben wir Unterricht.,neutral,german_3000;existing_sentence,From german_3000.,A2
I know that he is tired.,"Ich weiß, dass er müde ist.",neutral,german_3000;existing_sentence,From german_3000.,A2
He goes because he is hungry.,"Er geht, weil er hungrig ist.",neutral,german_3000;existing_sentence,From german_3000.,A2
"Although it rains, I go out.","Obwohl es regnet, gehe ich raus.",neutral,german_3000;existing_sentence,From german_3000.,A2
"When I was young, I played football.","Als ich jung war, spielte ich Fußball.",neutral,german_3000;existing_sentence,From german_3000.,B1
He turns off the light.,Er macht das Licht aus.,neutral,german_3000;existing_sentence,From german_3000.,A2
She picks up her friend.,Sie holt ihre Freundin ab.,neutral,german_3000;existing_sentence,From german_3000.,A2
I can swim.,Ich kann schwimmen.,neutral,german_3000;existing_sentence,From german_3000.,A2
She must work.,Sie muss arbeiten.,neutral,german_3000;existing_sentence,From german_3000.,A2
He gives the woman the book.,Er gibt der Frau das Buch.,neutral,german_3000;existing_sentence,From german_3000.,A2
I know that she is coming.,"Ich weiß, dass sie kommt.",neutral,german_3000;existing_sentence,From german_3000.,A2
She says that it is cold.,"Sie sagt, dass es kalt ist.",neutral,german_3000;existing_sentence,From german_3000.,A2
"If you need help, call me.","Wenn du Hilfe brauchst, ruf mich an.",neutral,german_3000;existing_sentence,From german_3000.,B1
"Before I go out, I check the weather.","Bevor ich rausgehe, schaue ich das Wetter an.",neutral,german_3000;existing_sentence,From german_3000.,B1
"After she ate, she went for a walk.","Nachdem sie gegessen hatte, machte sie einen Spaziergang.",neutral,german_3000;existing_sentence,From german_3000.,B1
"While he reads, she cooks.","Während er liest, kocht sie.",neutral,german_3000;existing_sentence,From german_3000.,A2
I don't know if he is coming.,"Ich weiß nicht, ob er kommt.",neutral,german_3000;existing_sentence,From german_3000.,A2
"Dear Sir/Madam,","Sehr geehrte Damen und Herren,",neutral,german_3000;existing_sentence,From german_3000.,A2
I am writing to you regarding...,Ich schreibe Ihnen bezüglich...,neutral,german_3000;existing_sentence,From german_3000.,A2
Please find attached...,Im Anhang finden Sie...,neutral,german_3000;existing_sentence,From german_3000.,A2
I look forward to hearing from you.,Ich freue mich auf Ihre Antwort.,neutral,german_3000;existing_sentence,From german_3000.,A2
"Yours sincerely,","Mit freundlichen Grüßen,",neutral,german_3000;existing_sentence,From german_3000.,A2
This suggests that...,"Das deutet darauf hin, dass...",neutral,german_3000;existing_sentence,From german_3000.,A2
To conclude...,Abschließend...,neutral,german_3000;existing_sentence,From german_3000.,A2
In summary...,Zusammenfassend...,neutral,german_3000;existing_sentence,From german_3000.,A2
Let's get down to business.,Kommen wir zur Sache.,neutral,german_3000;existing_sentence,From german_3000.,A2
That's not negotiable.,Das ist nicht verhandelbar.,neutral,german_3000;existing_sentence,From german_3000.,A2
That's a deal.,Abgemacht!,neutral,german_3000;existing_sentence,From german_3000.,A2
All things considered...,Alles in allem...,neutral,german_3000;existing_sentence,From german_3000.,A2
The most important thing is...,Das Wichtigste ist...,neutral,german_3000;existing_sentence,From german_3000.,A2
Ultimately...,Letztendlich...,neutral,german_3000;existing_sentence,From german_3000.,A2
It depends on...,Es hängt von... ab.,neutral,german_3000;existing_sentence,From german_3000.,A2
Apparently...,Anscheinend...,neutral,german_3000;existing_sentence,From german_3000.,A2
It seems like...,"Es scheint, als ob...",neutral,german_3000;existing_sentence,From german_3000.,A2
"Well, anyway...","Na ja, jedenfalls...",neutral,german_3000;existing_sentence,From german_3000.,A2
To be honest...,Ehrlich gesagt...,neutral,german_3000;existing_sentence,From german_3000.,A2
Between you and me...,Unter uns gesagt...,neutral,german_3000;existing_sentence,From german_3000.,A2
Don't get me wrong.,Verstehen Sie mich nicht falsch.,neutral,german_3000;existing_sentence,From german_3000.,A2
If I understand correctly...,Wenn ich das richtig verstehe...,neutral,german_3000;existing_sentence,From german_3000.,A2
It is 3 o'clock.,Es ist 3 Uhr.,neutral,german_3000;existing_sentence,From german_3000.,A2
It is half past 3.,Es ist halb vier.,neutral,german_3000;existing_sentence,From german_3000.,A2
It is quarter past 3.,Es ist Viertel nach drei.,neutral,german_3000;existing_sentence,From german_3000.,A2
It is quarter to 4.,Es ist Viertel vor vier.,neutral,german_3000;existing_sentence,From german_3000.,A2
It is noon.,Es ist Mittag.,neutral,german_3000;existing_sentence,From german_3000.,A2
It is midnight.,Es ist Mitternacht.,neutral,german_3000;existing_sentence,From german_3000.,A2
NOT: Ich habe Hunger haben. → USE: Ich habe Hunger.,Ich habe Hunger.,neutral,german_3000;existing_sentence,From german_3000.,A2
NOT: Er ist 30 Jahre. → USE: Er ist 30 Jahre alt.,Er ist 30 Jahre alt.,neutral,german_3000;existing_sentence,From german_3000.,A2
NOT: Wann du kommst? → USE: Wann kommst du?,Wann kommst du?,neutral,german_3000;existing_sentence,From german_3000.,A2
"NOT: Ich denke das er müde ist. → USE: Ich denke, dass er müde ist.","Ich denke, dass er müde ist.",neutral,german_3000;existing_sentence,From german_3000.,A2
He looks like his father.,Er sieht seinem Vater ähnlich.,neutral,german_3000;existing_sentence,From german_3000.,A2
What does she look like?,Wie sieht sie aus?,neutral,german_3000;existing_sentence,From german_3000.,A2
She has long curly hair.,Sie hat lange lockige Haare.,neutral,german_3000;existing_sentence,From german_3000.,A2
He is tall and slim.,Er ist groß und schlank.,neutral,german_3000;existing_sentence,From german_3000.,A2
She looks young for her age.,Sie sieht jung aus für ihr Alter.,neutral,german_3000;existing_sentence,From german_3000.,B1
This is the best film I've seen.,"Das ist der beste Film, den ich gesehen habe.",neutral,german_3000;existing_sentence,From german_3000.,B1
She is taller than her brother.,Sie ist größer als ihr Bruder.,neutral,german_3000;existing_sentence,From german_3000.,A2
"The more you practice, the better.","Je mehr du übst, desto besser.",neutral,german_3000;existing_sentence,From german_3000.,A2
The sooner the better.,Je früher desto besser.,neutral,german_3000;existing_sentence,From german_3000.,A2
The letter is written.,Der Brief wird geschrieben.,neutral,german_3000;existing_sentence,From german_3000.,A2
The car is being repaired.,Das Auto wird repariert.,neutral,german_3000;existing_sentence,From german_3000.,A2
The letter was written.,Der Brief wurde geschrieben.,neutral,german_3000;existing_sentence,From german_3000.,A2
The thief was caught.,Der Dieb wurde gefangen.,neutral,german_3000;existing_sentence,From german_3000.,A2
The bill has been paid.,Die Rechnung ist bezahlt worden.,neutral,german_3000;existing_sentence,From german_3000.,A2
The form must be filled in.,Das Formular muss ausgefüllt werden.,neutral,german_3000;existing_sentence,From german_3000.,A2
The report should be written.,Der Bericht soll geschrieben werden.,neutral,german_3000;existing_sentence,From german_3000.,A2
The machine can be repaired.,Die Maschine kann repariert werden.,neutral,german_3000;existing_sentence,From german_3000.,A2
The letter was written by her.,Der Brief wurde von ihr geschrieben.,neutral,german_3000;existing_sentence,From german_3000.,A2
"Dear Mr. Schmidt,","Sehr geehrter Herr Schmidt,",neutral,german_3000;existing_sentence,From german_3000.,A2
"Dear Ms. Müller,","Sehr geehrte Frau Müller,",neutral,german_3000;existing_sentence,From german_3000.,A2
I would like to inquire about...,Ich möchte mich nach ... erkundigen.,neutral,german_3000;existing_sentence,From german_3000.,A2
"Kind regards,","Freundliche Grüße,",neutral,german_3000;existing_sentence,From german_3000.,A2
"Best regards,","Beste Grüße,",neutral,german_3000;existing_sentence,From german_3000.,A2
I strongly believe that...,"Ich bin fest davon überzeugt, dass...",neutral,german_3000;existing_sentence,From german_3000.,A2
This shows that...,"Das zeigt, dass...",neutral,german_3000;existing_sentence,From german_3000.,A2
It is worth noting that...,"Es ist erwähnenswert, dass...",neutral,german_3000;existing_sentence,From german_3000.,A2
That's a valid concern.,Das ist eine berechtigte Sorge.,neutral,german_3000;existing_sentence,From german_3000.,A2
I see where you're coming from.,"Ich verstehe, woher Sie kommen.",neutral,german_3000;existing_sentence,From german_3000.,A2
That's not what I meant.,Das habe ich nicht so gemeint.,neutral,german_3000;existing_sentence,From german_3000.,A2
Allow me to clarify.,Erlauben Sie mir zu klären.,neutral,german_3000;existing_sentence,From german_3000.,A2
To be more precise...,Um genauer zu sein...,neutral,german_3000;existing_sentence,From german_3000.,A2
So to speak.,Sozusagen.,neutral,german_3000;existing_sentence,From german_3000.,A2
The fact remains that...,"Die Tatsache bleibt, dass...",neutral,german_3000;existing_sentence,From german_3000.,A2
That changes everything.,Das ändert alles.,neutral,german_3000;existing_sentence,From german_3000.,A2
What's the bottom line?,Was ist das Fazit?,neutral,german_3000;existing_sentence,From german_3000.,A2
We need to find a compromise.,Wir müssen einen Kompromiss finden.,neutral,german_3000;existing_sentence,From german_3000.,A2
The ball is in your court.,Der Ball liegt bei Ihnen.,neutral,german_3000;existing_sentence,From german_3000.,A2
Let's touch base later.,Lassen Sie uns später Kontakt aufnehmen.,neutral,german_3000;existing_sentence,From german_3000.,A2
We're on the same page.,Wir sind uns einig.,neutral,german_3000;existing_sentence,From german_3000.,A2
I'm in over my head.,Das überfordert mich.,neutral,german_3000;existing_sentence,From german_3000.,A2
It's now or never.,Jetzt oder nie.,neutral,german_3000;existing_sentence,From german_3000.,A2
Better safe than sorry.,Vorsicht ist besser als Nachsicht.,neutral,german_3000;existing_sentence,From german_3000.,A2
One step at a time.,Schritt für Schritt.,neutral,german_3000;existing_sentence,From german_3000.,A2
Hard work pays off.,Harte Arbeit zahlt sich aus.,neutral,german_3000;existing_sentence,From german_3000.,A2
I washed myself.,Ich habe mich gewaschen.,neutral,german_3000;existing_sentence,From german_3000.,A2
She combed her hair.,Sie hat sich gekämmt.,neutral,german_3000;existing_sentence,From german_3000.,A2
He shaved.,Er hat sich rasiert.,neutral,german_3000;existing_sentence,From german_3000.,A2
We enjoyed ourselves.,Wir haben uns amüsiert.,neutral,german_3000;existing_sentence,From german_3000.,A2
She got used to it.,Sie hat sich daran gewöhnt.,neutral,german_3000;existing_sentence,From german_3000.,A2
He concentrated.,Er hat sich konzentriert.,neutral,german_3000;existing_sentence,From german_3000.,A2
I'm interested in art.,Ich interessiere mich für Kunst.,neutral,german_3000;existing_sentence,From german_3000.,A2
She complains about everything.,Sie beschwert sich über alles.,neutral,german_3000;existing_sentence,From german_3000.,A2
It was a long time ago.,Das war vor langer Zeit.,neutral,german_3000;existing_sentence,From german_3000.,A2
It won't take long.,Es dauert nicht lange.,neutral,german_3000;existing_sentence,From german_3000.,A2
I've been waiting for an hour.,Ich warte seit einer Stunde.,neutral,german_3000;existing_sentence,From german_3000.,A2
She has been living here for two years.,Sie wohnt seit zwei Jahren hier.,neutral,german_3000;existing_sentence,From german_3000.,A2
He has been working since morning.,Er arbeitet seit dem Morgen.,neutral,german_3000;existing_sentence,From german_3000.,A2
We haven't spoken for weeks.,Wir haben seit Wochen nicht gesprochen.,neutral,german_3000;existing_sentence,From german_3000.,A2
I'll be there in five minutes.,Ich bin in fünf Minuten da.,neutral,german_3000;existing_sentence,From german_3000.,A2
She left three days ago.,Sie ist vor drei Tagen abgereist.,neutral,german_3000;existing_sentence,From german_3000.,A2
The meeting starts at half past two.,Das Meeting beginnt um halb drei.,neutral,german_3000;existing_sentence,From german_3000.,A2
I have no idea.,Ich habe keine Ahnung.,neutral,german_3000;existing_sentence,From german_3000.,A2
That's obvious.,Das ist offensichtlich.,neutral,german_3000;existing_sentence,From german_3000.,A2
What a surprise!,Was für eine Überraschung!,neutral,german_3000;existing_sentence,From german_3000.,A2
I can't believe it.,Ich kann es nicht glauben.,neutral,german_3000;existing_sentence,From german_3000.,A2
That's incredible!,Das ist unglaublich!,neutral,german_3000;existing_sentence,From german_3000.,A2
Well done!,Gut gemacht!,neutral,german_3000;existing_sentence,From german_3000.,A2
Keep it up!,Weiter so!,neutral,german_3000;existing_sentence,From german_3000.,A2
I'm proud of you.,Ich bin stolz auf dich.,neutral,german_3000;existing_sentence,From german_3000.,A2
You did great!,Du hast das toll gemacht!,neutral,german_3000;existing_sentence,From german_3000.,A2
I'm not feeling well.,Ich fühle mich nicht wohl.,neutral,german_3000;existing_sentence,From german_3000.,A2
I need to see a doctor.,Ich muss zum Arzt.,neutral,german_3000;existing_sentence,From german_3000.,A2
Can you call an ambulance?,Können Sie einen Krankenwagen rufen?,neutral,german_3000;existing_sentence,From german_3000.,A2
I've lost my passport.,Ich habe meinen Reisepass verloren.,neutral,german_3000;existing_sentence,From german_3000.,A2
I've been robbed.,Ich wurde bestohlen.,neutral,german_3000;existing_sentence,From german_3000.,A2
Call the police!,Rufen Sie die Polizei!,neutral,german_3000;existing_sentence,From german_3000.,A2
Where is the nearest hospital?,Wo ist das nächste Krankenhaus?,neutral,german_3000;existing_sentence,From german_3000.,A2
I need help.,Ich brauche Hilfe.,neutral,german_3000;existing_sentence,From german_3000.,A2
It's an emergency.,Es ist ein Notfall.,neutral,german_3000;existing_sentence,From german_3000.,A2
The phone number for emergencies in Germany is 112.,Die Notrufnummer in Deutschland ist 112.,neutral,german_3000;existing_sentence,From german_3000.,A2
Can I use your phone?,Kann ich Ihr Telefon benutzen?,neutral,german_3000;existing_sentence,From german_3000.,A2
I've forgotten my wallet.,Ich habe meine Geldbörse vergessen.,neutral,german_3000;existing_sentence,From german_3000.,A2
I don't have any cash.,Ich habe kein Bargeld.,neutral,german_3000;existing_sentence,From german_3000.,A2
Is there a cash machine nearby?,Gibt es einen Geldautomaten in der Nähe?,neutral,german_3000;existing_sentence,From german_3000.,B1
Could you lend me some money?,Könntest du mir etwas Geld leihen?,neutral,german_3000;existing_sentence,From german_3000.,A2
I'll pay you back tomorrow.,Ich zahle es dir morgen zurück.,neutral,german_3000;existing_sentence,From german_3000.,A2
Let's split the cost.,Lass uns die Kosten teilen.,neutral,german_3000;existing_sentence,From german_3000.,A2
I would like to register.,Ich möchte mich anmelden.,neutral,german_3000;existing_sentence,From german_3000.,A2
I would like to deregister.,Ich möchte mich abmelden.,neutral,german_3000;existing_sentence,From german_3000.,A2
I would like to renew my visa.,Ich möchte mein Visum verlängern.,neutral,german_3000;existing_sentence,From german_3000.,A2
I would like to open a bank account.,Ich möchte ein Konto eröffnen.,neutral,german_3000;existing_sentence,From german_3000.,A2
I would like to apply for a job.,Ich möchte mich um eine Stelle bewerben.,neutral,german_3000;existing_sentence,From german_3000.,B1
I have an appointment at 3 pm.,Ich habe einen Termin um 15 Uhr.,neutral,german_3000;existing_sentence,From german_3000.,B1
Can I reschedule?,Kann ich den Termin verschieben?,neutral,german_3000;existing_sentence,From german_3000.,A2
Where do I sign?,Wo muss ich unterschreiben?,neutral,german_3000;existing_sentence,From german_3000.,A2
Do I need to bring any documents?,Muss ich Dokumente mitbringen?,neutral,german_3000;existing_sentence,From german_3000.,A2
Is this form correct?,Ist dieses Formular richtig?,neutral,german_3000;existing_sentence,From german_3000.,A2
How long does it take to process?,Wie lange dauert die Bearbeitung?,neutral,german_3000;existing_sentence,From german_3000.,A2
When will I hear back?,Wann bekomme ich eine Rückmeldung?,neutral,german_3000;existing_sentence,From german_3000.,A2
I feel great today.,Ich fühle mich heute großartig.,neutral,german_3000;existing_sentence,From german_3000.,A2
She is in good shape.,Sie ist in guter Form.,neutral,german_3000;existing_sentence,From german_3000.,A2
He leads a healthy life.,Er führt ein gesundes Leben.,neutral,german_3000;existing_sentence,From german_3000.,A2
They work out every day.,Sie trainieren jeden Tag.,neutral,german_3000;existing_sentence,From german_3000.,A2
I go to bed early.,Ich gehe früh ins Bett.,neutral,german_3000;existing_sentence,From german_3000.,A2
She meditates in the morning.,Sie meditiert morgens.,neutral,german_3000;existing_sentence,From german_3000.,A2
He eats a lot of vegetables.,Er isst viel Gemüse.,neutral,german_3000;existing_sentence,From german_3000.,A2
We cook at home most of the time.,Wir kochen meistens zu Hause.,neutral,german_3000;existing_sentence,From german_3000.,A2
I try to avoid sugar.,Ich versuche Zucker zu vermeiden.,neutral,german_3000;existing_sentence,From german_3000.,A2
She drinks two liters of water a day.,Sie trinkt täglich zwei Liter Wasser.,neutral,german_3000;existing_sentence,From german_3000.,A2
What time does the film start?,Wann beginnt der Film?,neutral,german_3000;existing_sentence,From german_3000.,A2
Is there a pharmacy open on Sunday?,"Gibt es eine Apotheke, die sonntags geöffnet ist?",neutral,german_3000;existing_sentence,From german_3000.,B1
Could you turn down the music?,Könnten Sie die Musik leiser machen?,neutral,german_3000;existing_sentence,From german_3000.,A2
Could you open the window?,Könnten Sie das Fenster öffnen?,neutral,german_3000;existing_sentence,From german_3000.,A2
Do you have a map of the city?,Haben Sie einen Stadtplan?,neutral,german_3000;existing_sentence,From german_3000.,A2
Can I take a picture here?,Darf ich hier fotografieren?,neutral,german_3000;existing_sentence,From german_3000.,A2
Is the museum open today?,Ist das Museum heute geöffnet?,neutral,german_3000;existing_sentence,From german_3000.,A2
How long is the waiting time?,Wie lang ist die Wartezeit?,neutral,german_3000;existing_sentence,From german_3000.,A2
I have a question about my bill.,Ich habe eine Frage zu meiner Rechnung.,neutral,german_3000;existing_sentence,From german_3000.,B1
The service was excellent.,Der Service war ausgezeichnet.,neutral,german_3000;existing_sentence,From german_3000.,A2
I'd like to leave a review.,Ich möchte eine Bewertung hinterlassen.,neutral,german_3000;existing_sentence,From german_3000.,A2
That's not what I ordered.,Das habe ich nicht bestellt.,neutral,german_3000;existing_sentence,From german_3000.,A2
My order hasn't arrived yet.,Meine Bestellung ist noch nicht angekommen.,neutral,german_3000;existing_sentence,From german_3000.,A2
Can I speak to the manager?,Kann ich mit dem Manager sprechen?,neutral,german_3000;existing_sentence,From german_3000.,A2
I'd like a refund.,Ich möchte eine Rückerstattung.,neutral,german_3000;existing_sentence,From german_3000.,A2
The product is defective.,Das Produkt ist defekt.,neutral,german_3000;existing_sentence,From german_3000.,A2
I'm a regular customer.,Ich bin Stammkunde.,neutral,german_3000;existing_sentence,From german_3000.,A2
Do you offer a student discount?,Bieten Sie einen Studentenrabatt an?,neutral,german_3000;existing_sentence,From german_3000.,A2
Is there a loyalty card?,Gibt es eine Kundenkarte?,neutral,german_3000;existing_sentence,From german_3000.,A2
I have a voucher.,Ich habe einen Gutschein.,neutral,german_3000;existing_sentence,From german_3000.,A2
I'm looking forward to it.,Ich freue mich darauf.,neutral,german_3000;existing_sentence,From german_3000.,A2
See you next time!,Bis zum nächsten Mal!,neutral,german_3000;existing_sentence,From german_3000.,A2
It was a pleasure.,Es war mir ein Vergnügen.,neutral,german_3000;existing_sentence,From german_3000.,A2
This is the man.,Das ist der Mann.,neutral,german_3000;noun_sentence;article,Generated from german_3000 noun: der Mann.,A1
This is the woman.,Das ist die Frau.,neutral,german_3000;noun_sentence;article,Generated from german_3000 noun: die Frau.,A1
This is the child.,Das ist das Kind.,neutral,german_3000;noun_sentence;article,Generated from german_3000 noun: das Kind.,A1
This is the boy.,Das ist der Junge.,neutral,german_3000;noun_sentence;article,Generated from german_3000 noun: der Junge.,A1
This is the girl.,Das ist das Mädchen.,neutral,german_3000;noun_sentence;article,Generated from german_3000 noun: das Mädchen.,A1
This is the baby.,Das ist das Baby.,neutral,german_3000;noun_sentence;article,Generated from german_3000 noun: das Baby.,A1
This is the person.,Das ist die Person.,neutral,german_3000;noun_sentence;article,Generated from german_3000 noun: die Person.,A1
This is the teenager.,Das ist der Teenager.,neutral,german_3000;noun_sentence;article,Generated from german_3000 noun: der Teenager.,A1
This is the father.,Das ist der Vater.,neutral,german_3000;noun_sentence;article,Generated from german_3000 noun: der Vater.,A1
This is the mother.,Das ist die Mutter.,neutral,german_3000;noun_sentence;article,Generated from german_3000 noun: die Mutter.,A1
This is the son.,Das ist der Sohn.,neutral,german_3000;noun_sentence;article,Generated from german_3000 noun: der Sohn.,A1
This is the daughter.,Das ist die Tochter.,neutral,german_3000;noun_sentence;article,Generated from german_3000 noun: die Tochter.,A1
This is the brother.,Das ist der Bruder.,neutral,german_3000;noun_sentence;article,Generated from german_3000 noun: der Bruder.,A1
This is the sister.,Das ist die Schwester.,neutral,german_3000;noun_sentence;article,Generated from german_3000 noun: die Schwester.,A1
This is the husband.,Das ist der Ehemann.,neutral,german_3000;noun_sentence;article,Generated from german_3000 noun: der Ehemann.,A1
This is the wife.,Das ist die Ehefrau.,neutral,german_3000;noun_sentence;article,Generated from german_3000 noun: die Ehefrau.,A1
This is the grandfather.,Das ist der Großvater.,neutral,german_3000;noun_sentence;article,Generated from german_3000 noun: der Großvater.,A1
This is the grandmother.,Das ist die Großmutter.,neutral,german_3000;noun_sentence;article,Generated from german_3000 noun: die Großmutter.,A1
This is the grandson.,Das ist der Enkel.,neutral,german_3000;noun_sentence;article,Generated from german_3000 noun: der Enkel.,A1
This is the granddaughter.,Das ist die Enkelin.,neutral,german_3000;noun_sentence;article,Generated from german_3000 noun: die Enkelin.,A1
This is the uncle.,Das ist der Onkel.,neutral,german_3000;noun_sentence;article,Generated from german_3000 noun: der Onkel.,A1
This is the aunt.,Das ist die Tante.,neutral,german_3000;noun_sentence;article,Generated from german_3000 noun: die Tante.,A1
This is the cousin.,Das ist der Cousin.,neutral,german_3000;noun_sentence;article,Generated from german_3000 noun: der Cousin.,A1
This is the cousin.,Das ist die Cousine.,neutral,german_3000;noun_sentence;article,Generated from german_3000 noun: die Cousine.,A1
This is the nephew.,Das ist der Neffe.,neutral,german_3000;noun_sentence;article,Generated from german_3000 noun: der Neffe.,A1
This is the niece.,Das ist die Nichte.,neutral,german_3000;noun_sentence;article,Generated from german_3000 noun: die Nichte.,A1
This is the friend.,Das ist der Freund.,neutral,german_3000;noun_sentence;article,Generated from german_3000 noun: der Freund.,A1
This is the friend.,Das ist die Freundin.,neutral,german_3000;noun_sentence;article,Generated from german_3000 noun: die Freundin.,A1
This is the neighbor.,Das ist der Nachbar.,neutral,german_3000;noun_sentence;article,Generated from german_3000 noun: der Nachbar.,A1
This is the neighbor.,Das ist die Nachbarin.,neutral,german_3000;noun_sentence;article,Generated from german_3000 noun: die Nachbarin.,A1
This is the colleague.,Das ist der Kollege.,neutral,german_3000;noun_sentence;article,Generated from german_3000 noun: der Kollege.,A1
This is the colleague.,Das ist die Kollegin.,neutral,german_3000;noun_sentence;article,Generated from german_3000 noun: die Kollegin.,A1
This is the partner.,Das ist der Partner.,neutral,german_3000;noun_sentence;article,Generated from german_3000 noun: der Partner.,A1
This is the guest.,Das ist der Gast.,neutral,german_3000;noun_sentence;article,Generated from german_3000 noun: der Gast.,A1
These are the parents.,Das sind die Eltern.,neutral,german_3000;noun_sentence;article,Generated from german_3000 noun: die Eltern.,A1
These are the twins.,Das sind die Zwillinge.,neutral,german_3000;noun_sentence;article,Generated from german_3000 noun: die Zwillinge.,A1
This is the stepfather.,Das ist der Stiefvater.,neutral,german_3000;noun_sentence;article,Generated from german_3000 noun: der Stiefvater.,A1
This is the stepmother.,Das ist die Stiefmutter.,neutral,german_3000;noun_sentence;article,Generated from german_3000 noun: die Stiefmutter.,A1
This is the doctor.,Das ist der Arzt.,neutral,german_3000;noun_sentence;article,Generated from german_3000 noun: der Arzt.,A1
This is the doctor.,Das ist die Ärztin.,neutral,german_3000;noun_sentence;article,Generated from german_3000 noun: die Ärztin.,A1
This is the nurse.,Das ist der Krankenpfleger.,neutral,german_3000;noun_sentence;article,Generated from german_3000 noun: der Krankenpfleger.,A1
This is the nurse.,Das ist die Krankenschwester.,neutral,german_3000;noun_sentence;article,Generated from german_3000 noun: die Krankenschwester.,A1
This is the teacher.,Das ist der Lehrer.,neutral,german_3000;noun_sentence;article,Generated from german_3000 noun: der Lehrer.,A1
This is the teacher.,Das ist die Lehrerin.,neutral,german_3000;noun_sentence;article,Generated from german_3000 noun: die Lehrerin.,A1
This is the student.,Das ist der Student.,neutral,german_3000;noun_sentence;article,Generated from german_3000 noun: der Student.,A1
This is the student.,Das ist die Studentin.,neutral,german_3000;noun_sentence;article,Generated from german_3000 noun: die Studentin.,A1
This is the pupil.,Das ist der Schüler.,neutral,german_3000;noun_sentence;article,Generated from german_3000 noun: der Schüler.,A1
This is the professor.,Das ist der Professor.,neutral,german_3000;noun_sentence;article,Generated from german_3000 noun: der Professor.,A1
This is the lawyer.,Das ist der Anwalt.,neutral,german_3000;noun_sentence;article,Generated from german_3000 noun: der Anwalt.,A1
This is the lawyer.,Das ist die Anwältin.,neutral,german_3000;noun_sentence;article,Generated from german_3000 noun: die Anwältin.,A1
This is the judge.,Das ist der Richter.,neutral,german_3000;noun_sentence;article,Generated from german_3000 noun: der Richter.,A1
This is the engineer.,Das ist der Ingenieur.,neutral,german_3000;noun_sentence;article,Generated from german_3000 noun: der Ingenieur.,A1
This is the architect.,Das ist der Architekt.,neutral,german_3000;noun_sentence;article,Generated from german_3000 noun: der Architekt.,A1
This is the scientist.,Das ist der Wissenschaftler.,neutral,german_3000;noun_sentence;article,Generated from german_3000 noun: der Wissenschaftler.,A1
This is the programmer.,Das ist der Programmierer.,neutral,german_3000;noun_sentence;article,Generated from german_3000 noun: der Programmierer.,A1
This is the designer.,Das ist der Designer.,neutral,german_3000;noun_sentence;article,Generated from german_3000 noun: der Designer.,A1
This is the artist.,Das ist der Künstler.,neutral,german_3000;noun_sentence;article,Generated from german_3000 noun: der Künstler.,A1
This is the writer.,Das ist der Schriftsteller.,neutral,german_3000;noun_sentence;article,Generated from german_3000 noun: der Schriftsteller.,A1
This is the journalist.,Das ist der Journalist.,neutral,german_3000;noun_sentence;article,Generated from german_3000 noun: der Journalist.,A1
This is the photographer.,Das ist der Fotograf.,neutral,german_3000;noun_sentence;article,Generated from german_3000 noun: der Fotograf.,A1
This is the musician.,Das ist der Musiker.,neutral,german_3000;noun_sentence;article,Generated from german_3000 noun: der Musiker.,A1
This is the singer.,Das ist der Sänger.,neutral,german_3000;noun_sentence;article,Generated from german_3000 noun: der Sänger.,A1
This is the actor.,Das ist der Schauspieler.,neutral,german_3000;noun_sentence;article,Generated from german_3000 noun: der Schauspieler.,A1
This is the director.,Das ist der Regisseur.,neutral,german_3000;noun_sentence;article,Generated from german_3000 noun: der Regisseur.,A1
This is the painter.,Das ist der Maler.,neutral,german_3000;noun_sentence;article,Generated from german_3000 noun: der Maler.,A1
This is the chef.,Das ist der Küchenchef.,neutral,german_3000;noun_sentence;article,Generated from german_3000 noun: der Küchenchef.,A1
This is the cook.,Das ist der Koch.,neutral,german_3000;noun_sentence;article,Generated from german_3000 noun: der Koch.,A1
This is the waiter.,Das ist der Kellner.,neutral,german_3000;noun_sentence;article,Generated from german_3000 noun: der Kellner.,A1
This is the waiter.,Das ist die Kellnerin.,neutral,german_3000;noun_sentence;article,Generated from german_3000 noun: die Kellnerin.,A1
This is the baker.,Das ist der Bäcker.,neutral,german_3000;noun_sentence;article,Generated from german_3000 noun: der Bäcker.,A1
This is the butcher.,Das ist der Metzger.,neutral,german_3000;noun_sentence;article,Generated from german_3000 noun: der Metzger.,A1
This is the farmer.,Das ist der Bauer.,neutral,german_3000;noun_sentence;article,Generated from german_3000 noun: der Bauer.,A1
This is the driver.,Das ist der Fahrer.,neutral,german_3000;noun_sentence;article,Generated from german_3000 noun: der Fahrer.,A1
This is the pilot.,Das ist der Pilot.,neutral,german_3000;noun_sentence;article,Generated from german_3000 noun: der Pilot.,A1
This is the soldier.,Das ist der Soldat.,neutral,german_3000;noun_sentence;article,Generated from german_3000 noun: der Soldat.,A1
This is the police officer.,Das ist der Polizist.,neutral,german_3000;noun_sentence;article,Generated from german_3000 noun: der Polizist.,A1
This is the firefighter.,Das ist der Feuerwehrmann.,neutral,german_3000;noun_sentence;article,Generated from german_3000 noun: der Feuerwehrmann.,A1
This is the electrician.,Das ist der Elektriker.,neutral,german_3000;noun_sentence;article,Generated from german_3000 noun: der Elektriker.,A1
This is the mechanic.,Das ist der Mechaniker.,neutral,german_3000;noun_sentence;article,Generated from german_3000 noun: der Mechaniker.,A1
This is the accountant.,Das ist der Buchhalter.,neutral,german_3000;noun_sentence;article,Generated from german_3000 noun: der Buchhalter.,A1
This is the manager.,Das ist der Manager.,neutral,german_3000;noun_sentence;article,Generated from german_3000 noun: der Manager.,A1
This is the boss.,Das ist der Chef.,neutral,german_3000;noun_sentence;article,Generated from german_3000 noun: der Chef.,A1
This is the dentist.,Das ist der Zahnarzt.,neutral,german_3000;noun_sentence;article,Generated from german_3000 noun: der Zahnarzt.,A1
This is the pharmacist.,Das ist der Apotheker.,neutral,german_3000;noun_sentence;article,Generated from german_3000 noun: der Apotheker.,A1
This is the psychologist.,Das ist der Psychologe.,neutral,german_3000;noun_sentence;article,Generated from german_3000 noun: der Psychologe.,A1
This is the politician.,Das ist der Politiker.,neutral,german_3000;noun_sentence;article,Generated from german_3000 noun: der Politiker.,A1
This is the priest.,Das ist der Priester.,neutral,german_3000;noun_sentence;article,Generated from german_3000 noun: der Priester.,A1
This is the veterinarian.,Das ist der Tierarzt.,neutral,german_3000;noun_sentence;article,Generated from german_3000 noun: der Tierarzt.,A1
This is the head.,Das ist der Kopf.,neutral,german_3000;noun_sentence;article,Generated from german_3000 noun: der Kopf.,A1
This is the face.,Das ist das Gesicht.,neutral,german_3000;noun_sentence;article,Generated from german_3000 noun: das Gesicht.,A1
This is the eye.,Das ist das Auge.,neutral,german_3000;noun_sentence;article,Generated from german_3000 noun: das Auge.,A1
This is the ear.,Das ist das Ohr.,neutral,german_3000;noun_sentence;article,Generated from german_3000 noun: das Ohr.,A1
This is the nose.,Das ist die Nase.,neutral,german_3000;noun_sentence;article,Generated from german_3000 noun: die Nase.,A1
This is the mouth.,Das ist der Mund.,neutral,german_3000;noun_sentence;article,Generated from german_3000 noun: der Mund.,A1
This is the tooth.,Das ist der Zahn.,neutral,german_3000;noun_sentence;article,Generated from german_3000 noun: der Zahn.,A1
This is the tongue.,Das ist die Zunge.,neutral,german_3000;noun_sentence;article,Generated from german_3000 noun: die Zunge.,A1
This is the lip.,Das ist die Lippe.,neutral,german_3000;noun_sentence;article,Generated from german_3000 noun: die Lippe.,A1
This is the chin.,Das ist das Kinn.,neutral,german_3000;noun_sentence;article,Generated from german_3000 noun: das Kinn.,A1
This is the cheek.,Das ist die Wange.,neutral,german_3000;noun_sentence;article,Generated from german_3000 noun: die Wange.,A1
This is the forehead.,Das ist die Stirn.,neutral,german_3000;noun_sentence;article,Generated from german_3000 noun: die Stirn.,A1
This is the hair.,Das ist das Haar.,neutral,german_3000;noun_sentence;article,Generated from german_3000 noun: das Haar.,A1
This is the neck.,Das ist der Hals.,neutral,german_3000;noun_sentence;article,Generated from german_3000 noun: der Hals.,A1
This is the shoulder.,Das ist die Schulter.,neutral,german_3000;noun_sentence;article,Generated from german_3000 noun: die Schulter.,A1
This is the arm.,Das ist der Arm.,neutral,german_3000;noun_sentence;article,Generated from german_3000 noun: der Arm.,A1
This is the elbow.,Das ist der Ellbogen.,neutral,german_3000;noun_sentence;article,Generated from german_3000 noun: der Ellbogen.,A1
This is the wrist.,Das ist das Handgelenk.,neutral,german_3000;noun_sentence;article,Generated from german_3000 noun: das Handgelenk.,A1
This is the hand.,Das ist die Hand.,neutral,german_3000;noun_sentence;article,Generated from german_3000 noun: die Hand.,A1
This is the finger.,Das ist der Finger.,neutral,german_3000;noun_sentence;article,Generated from german_3000 noun: der Finger.,A1
This is the thumb.,Das ist der Daumen.,neutral,german_3000;noun_sentence;article,Generated from german_3000 noun: der Daumen.,A1
This is the nail.,Das ist der Nagel.,neutral,german_3000;noun_sentence;article,Generated from german_3000 noun: der Nagel.,A1
This is the chest.,Das ist die Brust.,neutral,german_3000;noun_sentence;article,Generated from german_3000 noun: die Brust.,A1
This is the back.,Das ist der Rücken.,neutral,german_3000;noun_sentence;article,Generated from german_3000 noun: der Rücken.,A1
This is the stomach.,Das ist der Bauch.,neutral,german_3000;noun_sentence;article,Generated from german_3000 noun: der Bauch.,A1
This is the hip.,Das ist die Hüfte.,neutral,german_3000;noun_sentence;article,Generated from german_3000 noun: die Hüfte.,A1
This is the leg.,Das ist das Bein.,neutral,german_3000;noun_sentence;article,Generated from german_3000 noun: das Bein.,A1
This is the knee.,Das ist das Knie.,neutral,german_3000;noun_sentence;article,Generated from german_3000 noun: das Knie.,A1
This is the ankle.,Das ist der Knöchel.,neutral,german_3000;noun_sentence;article,Generated from german_3000 noun: der Knöchel.,A1
This is the foot.,Das ist der Fuß.,neutral,german_3000;noun_sentence;article,Generated from german_3000 noun: der Fuß.,A1
This is the toe.,Das ist der Zeh.,neutral,german_3000;noun_sentence;article,Generated from german_3000 noun: der Zeh.,A1
This is the heart.,Das ist das Herz.,neutral,german_3000;noun_sentence;article,Generated from german_3000 noun: das Herz.,A1
This is the lung.,Das ist die Lunge.,neutral,german_3000;noun_sentence;article,Generated from german_3000 noun: die Lunge.,A1
This is the liver.,Das ist die Leber.,neutral,german_3000;noun_sentence;article,Generated from german_3000 noun: die Leber.,A1
This is the kidney.,Das ist die Niere.,neutral,german_3000;noun_sentence;article,Generated from german_3000 noun: die Niere.,A1
This is the brain.,Das ist das Gehirn.,neutral,german_3000;noun_sentence;article,Generated from german_3000 noun: das Gehirn.,A1
This is the bone.,Das ist der Knochen.,neutral,german_3000;noun_sentence;article,Generated from german_3000 noun: der Knochen.,A1
This is the muscle.,Das ist der Muskel.,neutral,german_3000;noun_sentence;article,Generated from german_3000 noun: der Muskel.,A1
This is the skin.,Das ist die Haut.,neutral,german_3000;noun_sentence;article,Generated from german_3000 noun: die Haut.,A1
This is the blood.,Das ist das Blut.,neutral,german_3000;noun_sentence;article,Generated from german_3000 noun: das Blut.,A1
This is the bread.,Das ist das Brot.,neutral,german_3000;noun_sentence;article,Generated from german_3000 noun: das Brot.,A1
This is the roll.,Das ist das Brötchen.,neutral,german_3000;noun_sentence;article,Generated from german_3000 noun: das Brötchen.,A1
This is the butter.,Das ist die Butter.,neutral,german_3000;noun_sentence;article,Generated from german_3000 noun: die Butter.,A1
This is the milk.,Das ist die Milch.,neutral,german_3000;noun_sentence;article,Generated from german_3000 noun: die Milch.,A1
This is the egg.,Das ist das Ei.,neutral,german_3000;noun_sentence;article,Generated from german_3000 noun: das Ei.,A1
This is the cheese.,Das ist der Käse.,neutral,german_3000;noun_sentence;article,Generated from german_3000 noun: der Käse.,A1
This is the meat.,Das ist das Fleisch.,neutral,german_3000;noun_sentence;article,Generated from german_3000 noun: das Fleisch.,A1
This is the chicken.,Das ist das Hähnchen.,neutral,german_3000;noun_sentence;article,Generated from german_3000 noun: das Hähnchen.,A1
This is the beef.,Das ist das Rindfleisch.,neutral,german_3000;noun_sentence;article,Generated from german_3000 noun: das Rindfleisch.,A1
This is the pork.,Das ist das Schweinefleisch.,neutral,german_3000;noun_sentence;article,Generated from german_3000 noun: das Schweinefleisch.,A1
This is the fish.,Das ist der Fisch.,neutral,german_3000;noun_sentence;article,Generated from german_3000 noun: der Fisch.,A1
This is the sausage.,Das ist die Wurst.,neutral,german_3000;noun_sentence;article,Generated from german_3000 noun: die Wurst.,A1
This is the ham.,Das ist der Schinken.,neutral,german_3000;noun_sentence;article,Generated from german_3000 noun: der Schinken.,A1
This is the soup.,Das ist die Suppe.,neutral,german_3000;noun_sentence;article,Generated from german_3000 noun: die Suppe.,A1
This is the salad.,Das ist der Salat.,neutral,german_3000;noun_sentence;article,Generated from german_3000 noun: der Salat.,A1
These are the pasta.,Das sind die Nudeln.,neutral,german_3000;noun_sentence;article,Generated from german_3000 noun: die Nudeln.,A1
This is the rice.,Das ist der Reis.,neutral,german_3000;noun_sentence;article,Generated from german_3000 noun: der Reis.,A1
This is the potato.,Das ist die Kartoffel.,neutral,german_3000;noun_sentence;article,Generated from german_3000 noun: die Kartoffel.,A1
This is the tomato.,Das ist die Tomate.,neutral,german_3000;noun_sentence;article,Generated from german_3000 noun: die Tomate.,A1
This is the cucumber.,Das ist die Gurke.,neutral,german_3000;noun_sentence;article,Generated from german_3000 noun: die Gurke.,A1
This is the carrot.,Das ist die Karotte.,neutral,german_3000;noun_sentence;article,Generated from german_3000 noun: die Karotte.,A1
This is the onion.,Das ist die Zwiebel.,neutral,german_3000;noun_sentence;article,Generated from german_3000 noun: die Zwiebel.,A1
This is the garlic.,Das ist der Knoblauch.,neutral,german_3000;noun_sentence;article,Generated from german_3000 noun: der Knoblauch.,A1
This is the pepper.,Das ist der Pfeffer.,neutral,german_3000;noun_sentence;article,Generated from german_3000 noun: der Pfeffer.,A1
This is the salt.,Das ist das Salz.,neutral,german_3000;noun_sentence;article,Generated from german_3000 noun: das Salz.,A1
This is the sugar.,Das ist der Zucker.,neutral,german_3000;noun_sentence;article,Generated from german_3000 noun: der Zucker.,A1
This is the oil.,Das ist das Öl.,neutral,german_3000;noun_sentence;article,Generated from german_3000 noun: das Öl.,A1
This is the vinegar.,Das ist der Essig.,neutral,german_3000;noun_sentence;article,Generated from german_3000 noun: der Essig.,A1
This is the mustard.,Das ist der Senf.,neutral,german_3000;noun_sentence;article,Generated from german_3000 noun: der Senf.,A1
This is the apple.,Das ist der Apfel.,neutral,german_3000;noun_sentence;article,Generated from german_3000 noun: der Apfel.,A1
This is the pear.,Das ist die Birne.,neutral,german_3000;noun_sentence;article,Generated from german_3000 noun: die Birne.,A1
This is the banana.,Das ist die Banane.,neutral,german_3000;noun_sentence;article,Generated from german_3000 noun: die Banane.,A1
This is the orange.,Das ist die Orange.,neutral,german_3000;noun_sentence;article,Generated from german_3000 noun: die Orange.,A1
This is the strawberry.,Das ist die Erdbeere.,neutral,german_3000;noun_sentence;article,Generated from german_3000 noun: die Erdbeere.,A1
This is the cherry.,Das ist die Kirsche.,neutral,german_3000;noun_sentence;article,Generated from german_3000 noun: die Kirsche.,A1
This is the grape.,Das ist die Traube.,neutral,german_3000;noun_sentence;article,Generated from german_3000 noun: die Traube.,A1
This is the lemon.,Das ist die Zitrone.,neutral,german_3000;noun_sentence;article,Generated from german_3000 noun: die Zitrone.,A1
This is the peach.,Das ist der Pfirsich.,neutral,german_3000;noun_sentence;article,Generated from german_3000 noun: der Pfirsich.,A1
This is the plum.,Das ist die Pflaume.,neutral,german_3000;noun_sentence;article,Generated from german_3000 noun: die Pflaume.,A1
This is the watermelon.,Das ist die Wassermelone.,neutral,german_3000;noun_sentence;article,Generated from german_3000 noun: die Wassermelone.,A1
This is the water.,Das ist das Wasser.,neutral,german_3000;noun_sentence;article,Generated from german_3000 noun: das Wasser.,A1
This is the juice.,Das ist der Saft.,neutral,german_3000;noun_sentence;article,Generated from german_3000 noun: der Saft.,A1
This is the coffee.,Das ist der Kaffee.,neutral,german_3000;noun_sentence;article,Generated from german_3000 noun: der Kaffee.,A1
This is the tea.,Das ist der Tee.,neutral,german_3000;noun_sentence;article,Generated from german_3000 noun: der Tee.,A1
This is the beer.,Das ist das Bier.,neutral,german_3000;noun_sentence;article,Generated from german_3000 noun: das Bier.,A1
This is the wine.,Das ist der Wein.,neutral,german_3000;noun_sentence;article,Generated from german_3000 noun: der Wein.,A1
This is the lemonade.,Das ist die Limonade.,neutral,german_3000;noun_sentence;article,Generated from german_3000 noun: die Limonade.,A1
This is the cake.,Das ist der Kuchen.,neutral,german_3000;noun_sentence;article,Generated from german_3000 noun: der Kuchen.,A1
This is the cookie.,Das ist der Keks.,neutral,german_3000;noun_sentence;article,Generated from german_3000 noun: der Keks.,A1
This is the chocolate.,Das ist die Schokolade.,neutral,german_3000;noun_sentence;article,Generated from german_3000 noun: die Schokolade.,A1
This is the ice cream.,Das ist das Eis.,neutral,german_3000;noun_sentence;article,Generated from german_3000 noun: das Eis.,A1
This is the jam.,Das ist die Marmelade.,neutral,german_3000;noun_sentence;article,Generated from german_3000 noun: die Marmelade.,A1
This is the honey.,Das ist der Honig.,neutral,german_3000;noun_sentence;article,Generated from german_3000 noun: der Honig.,A1
This is the flour.,Das ist das Mehl.,neutral,german_3000;noun_sentence;article,Generated from german_3000 noun: das Mehl.,A1
This is the breakfast.,Das ist das Frühstück.,neutral,german_3000;noun_sentence;article,Generated from german_3000 noun: das Frühstück.,A1
This is the lunch.,Das ist das Mittagessen.,neutral,german_3000;noun_sentence;article,Generated from german_3000 noun: das Mittagessen.,A1
This is the dinner.,Das ist das Abendessen.,neutral,german_3000;noun_sentence;article,Generated from german_3000 noun: das Abendessen.,A1
This is the snack.,Das ist der Snack.,neutral,german_3000;noun_sentence;article,Generated from german_3000 noun: der Snack.,A1
This is the dessert.,Das ist das Dessert.,neutral,german_3000;noun_sentence;article,Generated from german_3000 noun: das Dessert.,A1
This is the recipe.,Das ist das Rezept.,neutral,german_3000;noun_sentence;article,Generated from german_3000 noun: das Rezept.,A1
This is the meal.,Das ist die Mahlzeit.,neutral,german_3000;noun_sentence;article,Generated from german_3000 noun: die Mahlzeit.,A1
This is the menu.,Das ist die Speisekarte.,neutral,german_3000;noun_sentence;article,Generated from german_3000 noun: die Speisekarte.,A1
This is the dish.,Das ist das Gericht.,neutral,german_3000;noun_sentence;article,Generated from german_3000 noun: das Gericht.,A1
This is the ingredient.,Das ist die Zutat.,neutral,german_3000;noun_sentence;article,Generated from german_3000 noun: die Zutat.,A1
This is the mushroom.,Das ist der Pilz.,neutral,german_3000;noun_sentence;article,Generated from german_3000 noun: der Pilz.,A1
This is the lettuce.,Das ist der Salat.,neutral,german_3000;noun_sentence;article,Generated from german_3000 noun: der Salat.,A1
This is the spinach.,Das ist der Spinat.,neutral,german_3000;noun_sentence;article,Generated from german_3000 noun: der Spinat.,A1
This is the broccoli.,Das ist der Brokkoli.,neutral,german_3000;noun_sentence;article,Generated from german_3000 noun: der Brokkoli.,A1
This is the corn.,Das ist der Mais.,neutral,german_3000;noun_sentence;article,Generated from german_3000 noun: der Mais.,A1
This is the pea.,Das ist die Erbse.,neutral,german_3000;noun_sentence;article,Generated from german_3000 noun: die Erbse.,A1
This is the bean.,Das ist die Bohne.,neutral,german_3000;noun_sentence;article,Generated from german_3000 noun: die Bohne.,A1
This is the house.,Das ist das Haus.,neutral,german_3000;noun_sentence;article,Generated from german_3000 noun: das Haus.,A1
This is the apartment.,Das ist die Wohnung.,neutral,german_3000;noun_sentence;article,Generated from german_3000 noun: die Wohnung.,A1
This is the building.,Das ist das Gebäude.,neutral,german_3000;noun_sentence;article,Generated from german_3000 noun: das Gebäude.,A1
This is the room.,Das ist das Zimmer.,neutral,german_3000;noun_sentence;article,Generated from german_3000 noun: das Zimmer.,A1
This is the kitchen.,Das ist die Küche.,neutral,german_3000;noun_sentence;article,Generated from german_3000 noun: die Küche.,A1
This is the bathroom.,Das ist das Badezimmer.,neutral,german_3000;noun_sentence;article,Generated from german_3000 noun: das Badezimmer.,A1
This is the bedroom.,Das ist das Schlafzimmer.,neutral,german_3000;noun_sentence;article,Generated from german_3000 noun: das Schlafzimmer.,A1
This is the living room.,Das ist das Wohnzimmer.,neutral,german_3000;noun_sentence;article,Generated from german_3000 noun: das Wohnzimmer.,A1
This is the dining room.,Das ist das Esszimmer.,neutral,german_3000;noun_sentence;article,Generated from german_3000 noun: das Esszimmer.,A1
This is the hallway.,Das ist der Flur.,neutral,german_3000;noun_sentence;article,Generated from german_3000 noun: der Flur.,A1
This is the cellar.,Das ist der Keller.,neutral,german_3000;noun_sentence;article,Generated from german_3000 noun: der Keller.,A1
This is the attic.,Das ist der Dachboden.,neutral,german_3000;noun_sentence;article,Generated from german_3000 noun: der Dachboden.,A1
This is the garage.,Das ist die Garage.,neutral,german_3000;noun_sentence;article,Generated from german_3000 noun: die Garage.,A1
This is the garden.,Das ist der Garten.,neutral,german_3000;noun_sentence;article,Generated from german_3000 noun: der Garten.,A1
This is the balcony.,Das ist der Balkon.,neutral,german_3000;noun_sentence;article,Generated from german_3000 noun: der Balkon.,A1
This is the terrace.,Das ist die Terrasse.,neutral,german_3000;noun_sentence;article,Generated from german_3000 noun: die Terrasse.,A1
These are the stairs.,Das sind die Treppe.,neutral,german_3000;noun_sentence;article,Generated from german_3000 noun: die Treppe.,A1
This is the elevator.,Das ist der Aufzug.,neutral,german_3000;noun_sentence;article,Generated from german_3000 noun: der Aufzug.,A1
This is the door.,Das ist die Tür.,neutral,german_3000;noun_sentence;article,Generated from german_3000 noun: die Tür.,A1
This is the window.,Das ist das Fenster.,neutral,german_3000;noun_sentence;article,Generated from german_3000 noun: das Fenster.,A1
This is the wall.,Das ist die Wand.,neutral,german_3000;noun_sentence;article,Generated from german_3000 noun: die Wand.,A1
This is the floor.,Das ist der Boden.,neutral,german_3000;noun_sentence;article,Generated from german_3000 noun: der Boden.,A1
This is the ceiling.,Das ist die Decke.,neutral,german_3000;noun_sentence;article,Generated from german_3000 noun: die Decke.,A1
This is the roof.,Das ist das Dach.,neutral,german_3000;noun_sentence;article,Generated from german_3000 noun: das Dach.,A1
This is the bed.,Das ist das Bett.,neutral,german_3000;noun_sentence;article,Generated from german_3000 noun: das Bett.,A1
This is the sofa.,Das ist das Sofa.,neutral,german_3000;noun_sentence;article,Generated from german_3000 noun: das Sofa.,A1
This is the armchair.,Das ist der Sessel.,neutral,german_3000;noun_sentence;article,Generated from german_3000 noun: der Sessel.,A1
This is the table.,Das ist der Tisch.,neutral,german_3000;noun_sentence;article,Generated from german_3000 noun: der Tisch.,A1
This is the chair.,Das ist der Stuhl.,neutral,german_3000;noun_sentence;article,Generated from german_3000 noun: der Stuhl.,A1
This is the desk.,Das ist der Schreibtisch.,neutral,german_3000;noun_sentence;article,Generated from german_3000 noun: der Schreibtisch.,A1
This is the shelf.,Das ist das Regal.,neutral,german_3000;noun_sentence;article,Generated from german_3000 noun: das Regal.,A1
This is the wardrobe.,Das ist der Kleiderschrank.,neutral,german_3000;noun_sentence;article,Generated from german_3000 noun: der Kleiderschrank.,A1
This is the drawer.,Das ist die Schublade.,neutral,german_3000;noun_sentence;article,Generated from german_3000 noun: die Schublade.,A1
This is the mirror.,Das ist der Spiegel.,neutral,german_3000;noun_sentence;article,Generated from german_3000 noun: der Spiegel.,A1
This is the lamp.,Das ist die Lampe.,neutral,german_3000;noun_sentence;article,Generated from german_3000 noun: die Lampe.,A1
This is the carpet.,Das ist der Teppich.,neutral,german_3000;noun_sentence;article,Generated from german_3000 noun: der Teppich.,A1
This is the curtain.,Das ist der Vorhang.,neutral,german_3000;noun_sentence;article,Generated from german_3000 noun: der Vorhang.,A1
This is the pillow.,Das ist das Kissen.,neutral,german_3000;noun_sentence;article,Generated from german_3000 noun: das Kissen.,A1
This is the blanket.,Das ist die Decke.,neutral,german_3000;noun_sentence;article,Generated from german_3000 noun: die Decke.,A1
This is the towel.,Das ist das Handtuch.,neutral,german_3000;noun_sentence;article,Generated from german_3000 noun: das Handtuch.,A1
This is the key.,Das ist der Schlüssel.,neutral,german_3000;noun_sentence;article,Generated from german_3000 noun: der Schlüssel.,A1
This is the lock.,Das ist das Schloss.,neutral,german_3000;noun_sentence;article,Generated from german_3000 noun: das Schloss.,A1
This is the bell.,Das ist die Klingel.,neutral,german_3000;noun_sentence;article,Generated from german_3000 noun: die Klingel.,A1
This is the washing machine.,Das ist die Waschmaschine.,neutral,german_3000;noun_sentence;article,Generated from german_3000 noun: die Waschmaschine.,A1
This is the dishwasher.,Das ist die Spülmaschine.,neutral,german_3000;noun_sentence;article,Generated from german_3000 noun: die Spülmaschine.,A1
This is the refrigerator.,Das ist der Kühlschrank.,neutral,german_3000;noun_sentence;article,Generated from german_3000 noun: der Kühlschrank.,A1
This is the microwave.,Das ist die Mikrowelle.,neutral,german_3000;noun_sentence;article,Generated from german_3000 noun: die Mikrowelle.,A1
This is the vacuum cleaner.,Das ist der Staubsauger.,neutral,german_3000;noun_sentence;article,Generated from german_3000 noun: der Staubsauger.,A1
This is the coffee machine.,Das ist die Kaffeemaschine.,neutral,german_3000;noun_sentence;article,Generated from german_3000 noun: die Kaffeemaschine.,A1
This is the tap.,Das ist der Wasserhahn.,neutral,german_3000;noun_sentence;article,Generated from german_3000 noun: der Wasserhahn.,A1
This is the light switch.,Das ist der Lichtschalter.,neutral,german_3000;noun_sentence;article,Generated from german_3000 noun: der Lichtschalter.,A1
This is the power outlet.,Das ist die Steckdose.,neutral,german_3000;noun_sentence;article,Generated from german_3000 noun: die Steckdose.,A1
This is the trash can.,Das ist der Mülleimer.,neutral,german_3000;noun_sentence;article,Generated from german_3000 noun: der Mülleimer.,A1
This is the street.,Das ist die Straße.,neutral,german_3000;noun_sentence;article,Generated from german_3000 noun: die Straße.,A1
This is the road.,Das ist die Straße.,neutral,german_3000;noun_sentence;article,Generated from german_3000 noun: die Straße.,A1
This is the path.,Das ist der Weg.,neutral,german_3000;noun_sentence;article,Generated from german_3000 noun: der Weg.,A1
This is the bridge.,Das ist die Brücke.,neutral,german_3000;noun_sentence;article,Generated from german_3000 noun: die Brücke.,A1
This is the square.,Das ist der Platz.,neutral,german_3000;noun_sentence;article,Generated from german_3000 noun: der Platz.,A1
This is the park.,Das ist der Park.,neutral,german_3000;noun_sentence;article,Generated from german_3000 noun: der Park.,A1
This is the city.,Das ist die Stadt.,neutral,german_3000;noun_sentence;article,Generated from german_3000 noun: die Stadt.,A1
This is the village.,Das ist das Dorf.,neutral,german_3000;noun_sentence;article,Generated from german_3000 noun: das Dorf.,A1
This is the district.,Das ist das Viertel.,neutral,german_3000;noun_sentence;article,Generated from german_3000 noun: das Viertel.,A1
This is the neighborhood.,Das ist die Nachbarschaft.,neutral,german_3000;noun_sentence;article,Generated from german_3000 noun: die Nachbarschaft.,A1
This is the city center.,Das ist das Stadtzentrum.,neutral,german_3000;noun_sentence;article,Generated from german_3000 noun: das Stadtzentrum.,A1
This is the suburb.,Das ist der Vorort.,neutral,german_3000;noun_sentence;article,Generated from german_3000 noun: der Vorort.,A1
This is the country.,Das ist das Land.,neutral,german_3000;noun_sentence;article,Generated from german_3000 noun: das Land.,A1
This is the region.,Das ist die Region.,neutral,german_3000;noun_sentence;article,Generated from german_3000 noun: die Region.,A1
This is the border.,Das ist die Grenze.,neutral,german_3000;noun_sentence;article,Generated from german_3000 noun: die Grenze.,A1
This is the airport.,Das ist der Flughafen.,neutral,german_3000;noun_sentence;article,Generated from german_3000 noun: der Flughafen.,A1
This is the train station.,Das ist der Bahnhof.,neutral,german_3000;noun_sentence;article,Generated from german_3000 noun: der Bahnhof.,A1
This is the bus stop.,Das ist die Bushaltestelle.,neutral,german_3000;noun_sentence;article,Generated from german_3000 noun: die Bushaltestelle.,A1
This is the subway.,Das ist die U-Bahn.,neutral,german_3000;noun_sentence;article,Generated from german_3000 noun: die U-Bahn.,A1
This is the tram.,Das ist die Straßenbahn.,neutral,german_3000;noun_sentence;article,Generated from german_3000 noun: die Straßenbahn.,A1
This is the taxi.,Das ist das Taxi.,neutral,german_3000;noun_sentence;article,Generated from german_3000 noun: das Taxi.,A1
This is the car.,Das ist das Auto.,neutral,german_3000;noun_sentence;article,Generated from german_3000 noun: das Auto.,A1
This is the bus.,Das ist der Bus.,neutral,german_3000;noun_sentence;article,Generated from german_3000 noun: der Bus.,A1
This is the train.,Das ist der Zug.,neutral,german_3000;noun_sentence;article,Generated from german_3000 noun: der Zug.,A1
This is the plane.,Das ist das Flugzeug.,neutral,german_3000;noun_sentence;article,Generated from german_3000 noun: das Flugzeug.,A1
This is the ship.,Das ist das Schiff.,neutral,german_3000;noun_sentence;article,Generated from german_3000 noun: das Schiff.,A1
This is the bicycle.,Das ist das Fahrrad.,neutral,german_3000;noun_sentence;article,Generated from german_3000 noun: das Fahrrad.,A1
This is the motorcycle.,Das ist das Motorrad.,neutral,german_3000;noun_sentence;article,Generated from german_3000 noun: das Motorrad.,A1
This is the traffic.,Das ist der Verkehr.,neutral,german_3000;noun_sentence;article,Generated from german_3000 noun: der Verkehr.,A1
This is the traffic light.,Das ist die Ampel.,neutral,german_3000;noun_sentence;article,Generated from german_3000 noun: die Ampel.,A1
This is the parking lot.,Das ist der Parkplatz.,neutral,german_3000;noun_sentence;article,Generated from german_3000 noun: der Parkplatz.,A1
This is the highway.,Das ist die Autobahn.,neutral,german_3000;noun_sentence;article,Generated from german_3000 noun: die Autobahn.,A1
This is the ticket.,Das ist die Fahrkarte.,neutral,german_3000;noun_sentence;article,Generated from german_3000 noun: die Fahrkarte.,A1
This is the map.,Das ist die Karte.,neutral,german_3000;noun_sentence;article,Generated from german_3000 noun: die Karte.,A1
This is the traffic jam.,Das ist der Stau.,neutral,german_3000;noun_sentence;article,Generated from german_3000 noun: der Stau.,A1
This is the driving license.,Das ist der Führerschein.,neutral,german_3000;noun_sentence;article,Generated from german_3000 noun: der Führerschein.,A1
This is the fuel station.,Das ist die Tankstelle.,neutral,german_3000;noun_sentence;article,Generated from german_3000 noun: die Tankstelle.,A1
This is the pedestrian crossing.,Das ist der Fußgängerüberweg.,neutral,german_3000;noun_sentence;article,Generated from german_3000 noun: der Fußgängerüberweg.,A1
This is the roundabout.,Das ist der Kreisverkehr.,neutral,german_3000;noun_sentence;article,Generated from german_3000 noun: der Kreisverkehr.,A1
This is the bicycle lane.,Das ist der Fahrradweg.,neutral,german_3000;noun_sentence;article,Generated from german_3000 noun: der Fahrradweg.,A1
This is the one-way street.,Das ist die Einbahnstraße.,neutral,german_3000;noun_sentence;article,Generated from german_3000 noun: die Einbahnstraße.,A1
This is the shop.,Das ist der Laden.,neutral,german_3000;noun_sentence;article,Generated from german_3000 noun: der Laden.,A1
This is the store.,Das ist das Geschäft.,neutral,german_3000;noun_sentence;article,Generated from german_3000 noun: das Geschäft.,A1
This is the supermarket.,Das ist der Supermarkt.,neutral,german_3000;noun_sentence;article,Generated from german_3000 noun: der Supermarkt.,A1
This is the bakery.,Das ist die Bäckerei.,neutral,german_3000;noun_sentence;article,Generated from german_3000 noun: die Bäckerei.,A1
This is the butcher shop.,Das ist die Metzgerei.,neutral,german_3000;noun_sentence;article,Generated from german_3000 noun: die Metzgerei.,A1
This is the pharmacy.,Das ist die Apotheke.,neutral,german_3000;noun_sentence;article,Generated from german_3000 noun: die Apotheke.,A1
This is the hospital.,Das ist das Krankenhaus.,neutral,german_3000;noun_sentence;article,Generated from german_3000 noun: das Krankenhaus.,A1
This is the clinic.,Das ist die Klinik.,neutral,german_3000;noun_sentence;article,Generated from german_3000 noun: die Klinik.,A1
This is the school.,Das ist die Schule.,neutral,german_3000;noun_sentence;article,Generated from german_3000 noun: die Schule.,A1
This is the university.,Das ist die Universität.,neutral,german_3000;noun_sentence;article,Generated from german_3000 noun: die Universität.,A1
This is the library.,Das ist die Bibliothek.,neutral,german_3000;noun_sentence;article,Generated from german_3000 noun: die Bibliothek.,A1
This is the museum.,Das ist das Museum.,neutral,german_3000;noun_sentence;article,Generated from german_3000 noun: das Museum.,A1
This is the theater.,Das ist das Theater.,neutral,german_3000;noun_sentence;article,Generated from german_3000 noun: das Theater.,A1
This is the cinema.,Das ist das Kino.,neutral,german_3000;noun_sentence;article,Generated from german_3000 noun: das Kino.,A1
This is the church.,Das ist die Kirche.,neutral,german_3000;noun_sentence;article,Generated from german_3000 noun: die Kirche.,A1
This is the mosque.,Das ist die Moschee.,neutral,german_3000;noun_sentence;article,Generated from german_3000 noun: die Moschee.,A1
This is the bank.,Das ist die Bank.,neutral,german_3000;noun_sentence;article,Generated from german_3000 noun: die Bank.,A1
This is the post office.,Das ist das Postamt.,neutral,german_3000;noun_sentence;article,Generated from german_3000 noun: das Postamt.,A1
This is the hotel.,Das ist das Hotel.,neutral,german_3000;noun_sentence;article,Generated from german_3000 noun: das Hotel.,A1
This is the restaurant.,Das ist das Restaurant.,neutral,german_3000;noun_sentence;article,Generated from german_3000 noun: das Restaurant.,A1
This is the café.,Das ist das Café.,neutral,german_3000;noun_sentence;article,Generated from german_3000 noun: das Café.,A1
This is the bar.,Das ist die Bar.,neutral,german_3000;noun_sentence;article,Generated from german_3000 noun: die Bar.,A1
This is the office.,Das ist das Büro.,neutral,german_3000;noun_sentence;article,Generated from german_3000 noun: das Büro.,A1
This is the factory.,Das ist die Fabrik.,neutral,german_3000;noun_sentence;article,Generated from german_3000 noun: die Fabrik.,A1
This is the farm.,Das ist der Bauernhof.,neutral,german_3000;noun_sentence;article,Generated from german_3000 noun: der Bauernhof.,A1
This is the market.,Das ist der Markt.,neutral,german_3000;noun_sentence;article,Generated from german_3000 noun: der Markt.,A1
This is the bookstore.,Das ist die Buchhandlung.,neutral,german_3000;noun_sentence;article,Generated from german_3000 noun: die Buchhandlung.,A1
This is the gym.,Das ist das Fitnessstudio.,neutral,german_3000;noun_sentence;article,Generated from german_3000 noun: das Fitnessstudio.,A1
This is the swimming pool.,Das ist das Schwimmbad.,neutral,german_3000;noun_sentence;article,Generated from german_3000 noun: das Schwimmbad.,A1
This is the stadium.,Das ist das Stadion.,neutral,german_3000;noun_sentence;article,Generated from german_3000 noun: das Stadion.,A1
This is the police station.,Das ist die Polizeiwache.,neutral,german_3000;noun_sentence;article,Generated from german_3000 noun: die Polizeiwache.,A1
This is the fire station.,Das ist die Feuerwache.,neutral,german_3000;noun_sentence;article,Generated from german_3000 noun: die Feuerwache.,A1
This is the courthouse.,Das ist das Gericht.,neutral,german_3000;noun_sentence;article,Generated from german_3000 noun: das Gericht.,A1
This is the embassy.,Das ist die Botschaft.,neutral,german_3000;noun_sentence;article,Generated from german_3000 noun: die Botschaft.,A1
This is the town hall.,Das ist das Rathaus.,neutral,german_3000;noun_sentence;article,Generated from german_3000 noun: das Rathaus.,A1
This is the nature.,Das ist die Natur.,neutral,german_3000;noun_sentence;article,Generated from german_3000 noun: die Natur.,A1
This is the forest.,Das ist der Wald.,neutral,german_3000;noun_sentence;article,Generated from german_3000 noun: der Wald.,A1
This is the tree.,Das ist der Baum.,neutral,german_3000;noun_sentence;article,Generated from german_3000 noun: der Baum.,A1
This is the flower.,Das ist die Blume.,neutral,german_3000;noun_sentence;article,Generated from german_3000 noun: die Blume.,A1
This is the grass.,Das ist das Gras.,neutral,german_3000;noun_sentence;article,Generated from german_3000 noun: das Gras.,A1
This is the leaf.,Das ist das Blatt.,neutral,german_3000;noun_sentence;article,Generated from german_3000 noun: das Blatt.,A1
This is the root.,Das ist die Wurzel.,neutral,german_3000;noun_sentence;article,Generated from german_3000 noun: die Wurzel.,A1
This is the branch.,Das ist der Ast.,neutral,german_3000;noun_sentence;article,Generated from german_3000 noun: der Ast.,A1
This is the bush.,Das ist der Busch.,neutral,german_3000;noun_sentence;article,Generated from german_3000 noun: der Busch.,A1
This is the mountain.,Das ist der Berg.,neutral,german_3000;noun_sentence;article,Generated from german_3000 noun: der Berg.,A1
This is the hill.,Das ist der Hügel.,neutral,german_3000;noun_sentence;article,Generated from german_3000 noun: der Hügel.,A1
This is the valley.,Das ist das Tal.,neutral,german_3000;noun_sentence;article,Generated from german_3000 noun: das Tal.,A1
This is the river.,Das ist der Fluss.,neutral,german_3000;noun_sentence;article,Generated from german_3000 noun: der Fluss.,A1
This is the lake.,Das ist der See.,neutral,german_3000;noun_sentence;article,Generated from german_3000 noun: der See.,A1
This is the sea.,Das ist das Meer.,neutral,german_3000;noun_sentence;article,Generated from german_3000 noun: das Meer.,A1
This is the ocean.,Das ist der Ozean.,neutral,german_3000;noun_sentence;article,Generated from german_3000 noun: der Ozean.,A1
This is the beach.,Das ist der Strand.,neutral,german_3000;noun_sentence;article,Generated from german_3000 noun: der Strand.,A1
This is the island.,Das ist die Insel.,neutral,german_3000;noun_sentence;article,Generated from german_3000 noun: die Insel.,A1
This is the desert.,Das ist die Wüste.,neutral,german_3000;noun_sentence;article,Generated from german_3000 noun: die Wüste.,A1
This is the jungle.,Das ist der Dschungel.,neutral,german_3000;noun_sentence;article,Generated from german_3000 noun: der Dschungel.,A1
This is the field.,Das ist das Feld.,neutral,german_3000;noun_sentence;article,Generated from german_3000 noun: das Feld.,A1
This is the meadow.,Das ist die Wiese.,neutral,german_3000;noun_sentence;article,Generated from german_3000 noun: die Wiese.,A1
This is the cave.,Das ist die Höhle.,neutral,german_3000;noun_sentence;article,Generated from german_3000 noun: die Höhle.,A1
This is the waterfall.,Das ist der Wasserfall.,neutral,german_3000;noun_sentence;article,Generated from german_3000 noun: der Wasserfall.,A1
This is the volcano.,Das ist der Vulkan.,neutral,german_3000;noun_sentence;article,Generated from german_3000 noun: der Vulkan.,A1
This is the glacier.,Das ist der Gletscher.,neutral,german_3000;noun_sentence;article,Generated from german_3000 noun: der Gletscher.,A1
This is the sky.,Das ist der Himmel.,neutral,german_3000;noun_sentence;article,Generated from german_3000 noun: der Himmel.,A1
This is the sun.,Das ist die Sonne.,neutral,german_3000;noun_sentence;article,Generated from german_3000 noun: die Sonne.,A1
This is the moon.,Das ist der Mond.,neutral,german_3000;noun_sentence;article,Generated from german_3000 noun: der Mond.,A1
This is the star.,Das ist der Stern.,neutral,german_3000;noun_sentence;article,Generated from german_3000 noun: der Stern.,A1
This is the cloud.,Das ist die Wolke.,neutral,german_3000;noun_sentence;article,Generated from german_3000 noun: die Wolke.,A1
This is the rain.,Das ist der Regen.,neutral,german_3000;noun_sentence;article,Generated from german_3000 noun: der Regen.,A1
This is the snow.,Das ist der Schnee.,neutral,german_3000;noun_sentence;article,Generated from german_3000 noun: der Schnee.,A1
This is the wind.,Das ist der Wind.,neutral,german_3000;noun_sentence;article,Generated from german_3000 noun: der Wind.,A1
This is the storm.,Das ist der Sturm.,neutral,german_3000;noun_sentence;article,Generated from german_3000 noun: der Sturm.,A1
This is the thunder.,Das ist der Donner.,neutral,german_3000;noun_sentence;article,Generated from german_3000 noun: der Donner.,A1
This is the lightning.,Das ist der Blitz.,neutral,german_3000;noun_sentence;article,Generated from german_3000 noun: der Blitz.,A1
This is the rainbow.,Das ist der Regenbogen.,neutral,german_3000;noun_sentence;article,Generated from german_3000 noun: der Regenbogen.,A1
This is the fog.,Das ist der Nebel.,neutral,german_3000;noun_sentence;article,Generated from german_3000 noun: der Nebel.,A1
This is the ice.,Das ist das Eis.,neutral,german_3000;noun_sentence;article,Generated from german_3000 noun: das Eis.,A1
This is the frost.,Das ist der Frost.,neutral,german_3000;noun_sentence;article,Generated from german_3000 noun: der Frost.,A1
This is the earth.,Das ist die Erde.,neutral,german_3000;noun_sentence;article,Generated from german_3000 noun: die Erde.,A1
This is the stone.,Das ist der Stein.,neutral,german_3000;noun_sentence;article,Generated from german_3000 noun: der Stein.,A1
This is the sand.,Das ist der Sand.,neutral,german_3000;noun_sentence;article,Generated from german_3000 noun: der Sand.,A1
This is the fire.,Das ist das Feuer.,neutral,german_3000;noun_sentence;article,Generated from german_3000 noun: das Feuer.,A1
This is the smoke.,Das ist der Rauch.,neutral,german_3000;noun_sentence;article,Generated from german_3000 noun: der Rauch.,A1
This is the air.,Das ist die Luft.,neutral,german_3000;noun_sentence;article,Generated from german_3000 noun: die Luft.,A1
This is the wave.,Das ist die Welle.,neutral,german_3000;noun_sentence;article,Generated from german_3000 noun: die Welle.,A1
This is the coast.,Das ist die Küste.,neutral,german_3000;noun_sentence;article,Generated from german_3000 noun: die Küste.,A1
This is the cliff.,Das ist die Klippe.,neutral,german_3000;noun_sentence;article,Generated from german_3000 noun: die Klippe.,A1
This is the dog.,Das ist der Hund.,neutral,german_3000;noun_sentence;article,Generated from german_3000 noun: der Hund.,A1
This is the cat.,Das ist die Katze.,neutral,german_3000;noun_sentence;article,Generated from german_3000 noun: die Katze.,A1
This is the horse.,Das ist das Pferd.,neutral,german_3000;noun_sentence;article,Generated from german_3000 noun: das Pferd.,A1
This is the cow.,Das ist die Kuh.,neutral,german_3000;noun_sentence;article,Generated from german_3000 noun: die Kuh.,A1
This is the pig.,Das ist das Schwein.,neutral,german_3000;noun_sentence;article,Generated from german_3000 noun: das Schwein.,A1
This is the sheep.,Das ist das Schaf.,neutral,german_3000;noun_sentence;article,Generated from german_3000 noun: das Schaf.,A1
This is the goat.,Das ist die Ziege.,neutral,german_3000;noun_sentence;article,Generated from german_3000 noun: die Ziege.,A1
This is the chicken.,Das ist das Huhn.,neutral,german_3000;noun_sentence;article,Generated from german_3000 noun: das Huhn.,A1
This is the duck.,Das ist die Ente.,neutral,german_3000;noun_sentence;article,Generated from german_3000 noun: die Ente.,A1
This is the rabbit.,Das ist das Kaninchen.,neutral,german_3000;noun_sentence;article,Generated from german_3000 noun: das Kaninchen.,A1
This is the mouse.,Das ist die Maus.,neutral,german_3000;noun_sentence;article,Generated from german_3000 noun: die Maus.,A1
This is the rat.,Das ist die Ratte.,neutral,german_3000;noun_sentence;article,Generated from german_3000 noun: die Ratte.,A1
This is the bird.,Das ist der Vogel.,neutral,german_3000;noun_sentence;article,Generated from german_3000 noun: der Vogel.,A1
This is the eagle.,Das ist der Adler.,neutral,german_3000;noun_sentence;article,Generated from german_3000 noun: der Adler.,A1
This is the owl.,Das ist die Eule.,neutral,german_3000;noun_sentence;article,Generated from german_3000 noun: die Eule.,A1
This is the parrot.,Das ist der Papagei.,neutral,german_3000;noun_sentence;article,Generated from german_3000 noun: der Papagei.,A1
This is the pigeon.,Das ist die Taube.,neutral,german_3000;noun_sentence;article,Generated from german_3000 noun: die Taube.,A1
This is the crow.,Das ist die Krähe.,neutral,german_3000;noun_sentence;article,Generated from german_3000 noun: die Krähe.,A1
This is the shark.,Das ist der Hai.,neutral,german_3000;noun_sentence;article,Generated from german_3000 noun: der Hai.,A1
This is the whale.,Das ist der Wal.,neutral,german_3000;noun_sentence;article,Generated from german_3000 noun: der Wal.,A1
This is the dolphin.,Das ist der Delfin.,neutral,german_3000;noun_sentence;article,Generated from german_3000 noun: der Delfin.,A1
This is the frog.,Das ist der Frosch.,neutral,german_3000;noun_sentence;article,Generated from german_3000 noun: der Frosch.,A1
This is the snake.,Das ist die Schlange.,neutral,german_3000;noun_sentence;article,Generated from german_3000 noun: die Schlange.,A1
This is the turtle.,Das ist die Schildkröte.,neutral,german_3000;noun_sentence;article,Generated from german_3000 noun: die Schildkröte.,A1
This is the crocodile.,Das ist das Krokodil.,neutral,german_3000;noun_sentence;article,Generated from german_3000 noun: das Krokodil.,A1
This is the lizard.,Das ist die Eidechse.,neutral,german_3000;noun_sentence;article,Generated from german_3000 noun: die Eidechse.,A1
This is the lion.,Das ist der Löwe.,neutral,german_3000;noun_sentence;article,Generated from german_3000 noun: der Löwe.,A1
This is the tiger.,Das ist der Tiger.,neutral,german_3000;noun_sentence;article,Generated from german_3000 noun: der Tiger.,A1
This is the bear.,Das ist der Bär.,neutral,german_3000;noun_sentence;article,Generated from german_3000 noun: der Bär.,A1
This is the wolf.,Das ist der Wolf.,neutral,german_3000;noun_sentence;article,Generated from german_3000 noun: der Wolf.,A1
This is the fox.,Das ist der Fuchs.,neutral,german_3000;noun_sentence;article,Generated from german_3000 noun: der Fuchs.,A1
This is the deer.,Das ist das Reh.,neutral,german_3000;noun_sentence;article,Generated from german_3000 noun: das Reh.,A1
This is the elephant.,Das ist der Elefant.,neutral,german_3000;noun_sentence;article,Generated from german_3000 noun: der Elefant.,A1
This is the giraffe.,Das ist die Giraffe.,neutral,german_3000;noun_sentence;article,Generated from german_3000 noun: die Giraffe.,A1
This is the zebra.,Das ist das Zebra.,neutral,german_3000;noun_sentence;article,Generated from german_3000 noun: das Zebra.,A1
This is the monkey.,Das ist der Affe.,neutral,german_3000;noun_sentence;article,Generated from german_3000 noun: der Affe.,A1
This is the gorilla.,Das ist der Gorilla.,neutral,german_3000;noun_sentence;article,Generated from german_3000 noun: der Gorilla.,A1
This is the camel.,Das ist das Kamel.,neutral,german_3000;noun_sentence;article,Generated from german_3000 noun: das Kamel.,A1
This is the kangaroo.,Das ist das Känguru.,neutral,german_3000;noun_sentence;article,Generated from german_3000 noun: das Känguru.,A1
This is the penguin.,Das ist der Pinguin.,neutral,german_3000;noun_sentence;article,Generated from german_3000 noun: der Pinguin.,A1
This is the butterfly.,Das ist der Schmetterling.,neutral,german_3000;noun_sentence;article,Generated from german_3000 noun: der Schmetterling.,A1
This is the bee.,Das ist die Biene.,neutral,german_3000;noun_sentence;article,Generated from german_3000 noun: die Biene.,A1
This is the ant.,Das ist die Ameise.,neutral,german_3000;noun_sentence;article,Generated from german_3000 noun: die Ameise.,A1
This is the spider.,Das ist die Spinne.,neutral,german_3000;noun_sentence;article,Generated from german_3000 noun: die Spinne.,A1
This is the fly.,Das ist die Fliege.,neutral,german_3000;noun_sentence;article,Generated from german_3000 noun: die Fliege.,A1
This is the mosquito.,Das ist die Mücke.,neutral,german_3000;noun_sentence;article,Generated from german_3000 noun: die Mücke.,A1
This is the time.,Das ist die Zeit.,neutral,german_3000;noun_sentence;article,Generated from german_3000 noun: die Zeit.,A1
This is the hour.,Das ist die Stunde.,neutral,german_3000;noun_sentence;article,Generated from german_3000 noun: die Stunde.,A1
This is the minute.,Das ist die Minute.,neutral,german_3000;noun_sentence;article,Generated from german_3000 noun: die Minute.,A1
This is the second.,Das ist die Sekunde.,neutral,german_3000;noun_sentence;article,Generated from german_3000 noun: die Sekunde.,A1
This is the day.,Das ist der Tag.,neutral,german_3000;noun_sentence;article,Generated from german_3000 noun: der Tag.,A1
This is the week.,Das ist die Woche.,neutral,german_3000;noun_sentence;article,Generated from german_3000 noun: die Woche.,A1
This is the month.,Das ist der Monat.,neutral,german_3000;noun_sentence;article,Generated from german_3000 noun: der Monat.,A1
This is the year.,Das ist das Jahr.,neutral,german_3000;noun_sentence;article,Generated from german_3000 noun: das Jahr.,A1
This is the decade.,Das ist das Jahrzehnt.,neutral,german_3000;noun_sentence;article,Generated from german_3000 noun: das Jahrzehnt.,A1
This is the century.,Das ist das Jahrhundert.,neutral,german_3000;noun_sentence;article,Generated from german_3000 noun: das Jahrhundert.,A1
This is the morning.,Das ist der Morgen.,neutral,german_3000;noun_sentence;article,Generated from german_3000 noun: der Morgen.,A1
This is the afternoon.,Das ist der Nachmittag.,neutral,german_3000;noun_sentence;article,Generated from german_3000 noun: der Nachmittag.,A1
This is the evening.,Das ist der Abend.,neutral,german_3000;noun_sentence;article,Generated from german_3000 noun: der Abend.,A1
This is the night.,Das ist die Nacht.,neutral,german_3000;noun_sentence;article,Generated from german_3000 noun: die Nacht.,A1
This is the noon.,Das ist der Mittag.,neutral,german_3000;noun_sentence;article,Generated from german_3000 noun: der Mittag.,A1
This is the midnight.,Das ist die Mitternacht.,neutral,german_3000;noun_sentence;article,Generated from german_3000 noun: die Mitternacht.,A1
This is the dawn.,Das ist die Morgendämmerung.,neutral,german_3000;noun_sentence;article,Generated from german_3000 noun: die Morgendämmerung.,A1
This is the Monday.,Das ist der Montag.,neutral,german_3000;noun_sentence;article,Generated from german_3000 noun: der Montag.,A1
This is the Tuesday.,Das ist der Dienstag.,neutral,german_3000;noun_sentence;article,Generated from german_3000 noun: der Dienstag.,A1
This is the Wednesday.,Das ist der Mittwoch.,neutral,german_3000;noun_sentence;article,Generated from german_3000 noun: der Mittwoch.,A1
This is the Thursday.,Das ist der Donnerstag.,neutral,german_3000;noun_sentence;article,Generated from german_3000 noun: der Donnerstag.,A1
This is the Friday.,Das ist der Freitag.,neutral,german_3000;noun_sentence;article,Generated from german_3000 noun: der Freitag.,A1
This is the Saturday.,Das ist der Samstag.,neutral,german_3000;noun_sentence;article,Generated from german_3000 noun: der Samstag.,A1
This is the Sunday.,Das ist der Sonntag.,neutral,german_3000;noun_sentence;article,Generated from german_3000 noun: der Sonntag.,A1
This is the January.,Das ist der Januar.,neutral,german_3000;noun_sentence;article,Generated from german_3000 noun: der Januar.,A1
This is the February.,Das ist der Februar.,neutral,german_3000;noun_sentence;article,Generated from german_3000 noun: der Februar.,A1
This is the March.,Das ist der März.,neutral,german_3000;noun_sentence;article,Generated from german_3000 noun: der März.,A1
This is the April.,Das ist der April.,neutral,german_3000;noun_sentence;article,Generated from german_3000 noun: der April.,A1
This is the May.,Das ist der Mai.,neutral,german_3000;noun_sentence;article,Generated from german_3000 noun: der Mai.,A1
This is the June.,Das ist der Juni.,neutral,german_3000;noun_sentence;article,Generated from german_3000 noun: der Juni.,A1
This is the July.,Das ist der Juli.,neutral,german_3000;noun_sentence;article,Generated from german_3000 noun: der Juli.,A1
This is the August.,Das ist der August.,neutral,german_3000;noun_sentence;article,Generated from german_3000 noun: der August.,A1
This is the September.,Das ist der September.,neutral,german_3000;noun_sentence;article,Generated from german_3000 noun: der September.,A1
This is the October.,Das ist der Oktober.,neutral,german_3000;noun_sentence;article,Generated from german_3000 noun: der Oktober.,A1
This is the November.,Das ist der November.,neutral,german_3000;noun_sentence;article,Generated from german_3000 noun: der November.,A1
This is the December.,Das ist der Dezember.,neutral,german_3000;noun_sentence;article,Generated from german_3000 noun: der Dezember.,A1
This is the spring.,Das ist der Frühling.,neutral,german_3000;noun_sentence;article,Generated from german_3000 noun: der Frühling.,A1
This is the summer.,Das ist der Sommer.,neutral,german_3000;noun_sentence;article,Generated from german_3000 noun: der Sommer.,A1
This is the autumn.,Das ist der Herbst.,neutral,german_3000;noun_sentence;article,Generated from german_3000 noun: der Herbst.,A1
This is the winter.,Das ist der Winter.,neutral,german_3000;noun_sentence;article,Generated from german_3000 noun: der Winter.,A1
This is the holiday.,Das ist der Urlaub.,neutral,german_3000;noun_sentence;article,Generated from german_3000 noun: der Urlaub.,A1
These are the vacation.,Das sind die Ferien.,neutral,german_3000;noun_sentence;article,Generated from german_3000 noun: die Ferien.,A1
This is the birthday.,Das ist der Geburtstag.,neutral,german_3000;noun_sentence;article,Generated from german_3000 noun: der Geburtstag.,A1
This is the anniversary.,Das ist der Jahrestag.,neutral,german_3000;noun_sentence;article,Generated from german_3000 noun: der Jahrestag.,A1
This is the wedding.,Das ist die Hochzeit.,neutral,german_3000;noun_sentence;article,Generated from german_3000 noun: die Hochzeit.,A1
This is the past.,Das ist die Vergangenheit.,neutral,german_3000;noun_sentence;article,Generated from german_3000 noun: die Vergangenheit.,A1
This is the present.,Das ist die Gegenwart.,neutral,german_3000;noun_sentence;article,Generated from german_3000 noun: die Gegenwart.,A1
This is the future.,Das ist die Zukunft.,neutral,german_3000;noun_sentence;article,Generated from german_3000 noun: die Zukunft.,A1
This is the weekend.,Das ist das Wochenende.,neutral,german_3000;noun_sentence;article,Generated from german_3000 noun: das Wochenende.,A1
This is the deadline.,Das ist die Frist.,neutral,german_3000;noun_sentence;article,Generated from german_3000 noun: die Frist.,A1
This is the class.,Das ist die Klasse.,neutral,german_3000;noun_sentence;article,Generated from german_3000 noun: die Klasse.,A1
This is the lesson.,Das ist die Stunde.,neutral,german_3000;noun_sentence;article,Generated from german_3000 noun: die Stunde.,A1
This is the subject.,Das ist das Fach.,neutral,german_3000;noun_sentence;article,Generated from german_3000 noun: das Fach.,A1
This is the homework.,Das ist die Hausaufgabe.,neutral,german_3000;noun_sentence;article,Generated from german_3000 noun: die Hausaufgabe.,A1
This is the exam.,Das ist die Prüfung.,neutral,german_3000;noun_sentence;article,Generated from german_3000 noun: die Prüfung.,A1
This is the grade.,Das ist die Note.,neutral,german_3000;noun_sentence;article,Generated from german_3000 noun: die Note.,A1
This is the diploma.,Das ist das Diplom.,neutral,german_3000;noun_sentence;article,Generated from german_3000 noun: das Diplom.,A1
This is the degree.,Das ist der Abschluss.,neutral,german_3000;noun_sentence;article,Generated from german_3000 noun: der Abschluss.,A1
This is the knowledge.,Das ist das Wissen.,neutral,german_3000;noun_sentence;article,Generated from german_3000 noun: das Wissen.,A1
This is the skill.,Das ist die Fähigkeit.,neutral,german_3000;noun_sentence;article,Generated from german_3000 noun: die Fähigkeit.,A1
This is the language.,Das ist die Sprache.,neutral,german_3000;noun_sentence;article,Generated from german_3000 noun: die Sprache.,A1
This is the word.,Das ist das Wort.,neutral,german_3000;noun_sentence;article,Generated from german_3000 noun: das Wort.,A1
This is the sentence.,Das ist der Satz.,neutral,german_3000;noun_sentence;article,Generated from german_3000 noun: der Satz.,A1
This is the grammar.,Das ist die Grammatik.,neutral,german_3000;noun_sentence;article,Generated from german_3000 noun: die Grammatik.,A1
This is the vocabulary.,Das ist der Wortschatz.,neutral,german_3000;noun_sentence;article,Generated from german_3000 noun: der Wortschatz.,A1
This is the pronunciation.,Das ist die Aussprache.,neutral,german_3000;noun_sentence;article,Generated from german_3000 noun: die Aussprache.,A1
This is the translation.,Das ist die Übersetzung.,neutral,german_3000;noun_sentence;article,Generated from german_3000 noun: die Übersetzung.,A1
This is the dictionary.,Das ist das Wörterbuch.,neutral,german_3000;noun_sentence;article,Generated from german_3000 noun: das Wörterbuch.,A1
This is the book.,Das ist das Buch.,neutral,german_3000;noun_sentence;article,Generated from german_3000 noun: das Buch.,A1
This is the notebook.,Das ist das Notizbuch.,neutral,german_3000;noun_sentence;article,Generated from german_3000 noun: das Notizbuch.,A1
This is the pen.,Das ist der Stift.,neutral,german_3000;noun_sentence;article,Generated from german_3000 noun: der Stift.,A1
This is the pencil.,Das ist der Bleistift.,neutral,german_3000;noun_sentence;article,Generated from german_3000 noun: der Bleistift.,A1
This is the paper.,Das ist das Papier.,neutral,german_3000;noun_sentence;article,Generated from german_3000 noun: das Papier.,A1
This is the page.,Das ist die Seite.,neutral,german_3000;noun_sentence;article,Generated from german_3000 noun: die Seite.,A1
This is the chapter.,Das ist das Kapitel.,neutral,german_3000;noun_sentence;article,Generated from german_3000 noun: das Kapitel.,A1
This is the paragraph.,Das ist der Absatz.,neutral,german_3000;noun_sentence;article,Generated from german_3000 noun: der Absatz.,A1
This is the text.,Das ist der Text.,neutral,german_3000;noun_sentence;article,Generated from german_3000 noun: der Text.,A1
This is the question.,Das ist die Frage.,neutral,german_3000;noun_sentence;article,Generated from german_3000 noun: die Frage.,A1
This is the answer.,Das ist die Antwort.,neutral,german_3000;noun_sentence;article,Generated from german_3000 noun: die Antwort.,A1
This is the exercise.,Das ist die Übung.,neutral,german_3000;noun_sentence;article,Generated from german_3000 noun: die Übung.,A1
This is the math.,Das ist die Mathematik.,neutral,german_3000;noun_sentence;article,Generated from german_3000 noun: die Mathematik.,A1
This is the physics.,Das ist die Physik.,neutral,german_3000;noun_sentence;article,Generated from german_3000 noun: die Physik.,A1
This is the chemistry.,Das ist die Chemie.,neutral,german_3000;noun_sentence;article,Generated from german_3000 noun: die Chemie.,A1
This is the biology.,Das ist die Biologie.,neutral,german_3000;noun_sentence;article,Generated from german_3000 noun: die Biologie.,A1
This is the history.,Das ist die Geschichte.,neutral,german_3000;noun_sentence;article,Generated from german_3000 noun: die Geschichte.,A1
This is the geography.,Das ist die Geografie.,neutral,german_3000;noun_sentence;article,Generated from german_3000 noun: die Geografie.,A1
This is the art.,Das ist die Kunst.,neutral,german_3000;noun_sentence;article,Generated from german_3000 noun: die Kunst.,A1
This is the music.,Das ist die Musik.,neutral,german_3000;noun_sentence;article,Generated from german_3000 noun: die Musik.,A1
This is the sport.,Das ist der Sport.,neutral,german_3000;noun_sentence;article,Generated from german_3000 noun: der Sport.,A1
This is the lecture.,Das ist die Vorlesung.,neutral,german_3000;noun_sentence;article,Generated from german_3000 noun: die Vorlesung.,A1
This is the seminar.,Das ist das Seminar.,neutral,german_3000;noun_sentence;article,Generated from german_3000 noun: das Seminar.,A1
These are the thesis.,Das sind die Abschlussarbeit.,neutral,german_3000;noun_sentence;article,Generated from german_3000 noun: die Abschlussarbeit.,A1
This is the scholarship.,Das ist das Stipendium.,neutral,german_3000;noun_sentence;article,Generated from german_3000 noun: das Stipendium.,A1
This is the campus.,Das ist der Campus.,neutral,german_3000;noun_sentence;article,Generated from german_3000 noun: der Campus.,A1
This is the classroom.,Das ist das Klassenzimmer.,neutral,german_3000;noun_sentence;article,Generated from german_3000 noun: das Klassenzimmer.,A1
This is the blackboard.,Das ist die Tafel.,neutral,german_3000;noun_sentence;article,Generated from german_3000 noun: die Tafel.,A1
This is the work.,Das ist die Arbeit.,neutral,german_3000;noun_sentence;article,Generated from german_3000 noun: die Arbeit.,A1
This is the job.,Das ist der Job.,neutral,german_3000;noun_sentence;article,Generated from german_3000 noun: der Job.,A1
This is the career.,Das ist die Karriere.,neutral,german_3000;noun_sentence;article,Generated from german_3000 noun: die Karriere.,A1
This is the salary.,Das ist das Gehalt.,neutral,german_3000;noun_sentence;article,Generated from german_3000 noun: das Gehalt.,A1
This is the wage.,Das ist der Lohn.,neutral,german_3000;noun_sentence;article,Generated from german_3000 noun: der Lohn.,A1
This is the income.,Das ist das Einkommen.,neutral,german_3000;noun_sentence;article,Generated from german_3000 noun: das Einkommen.,A1
This is the money.,Das ist das Geld.,neutral,german_3000;noun_sentence;article,Generated from german_3000 noun: das Geld.,A1
This is the price.,Das ist der Preis.,neutral,german_3000;noun_sentence;article,Generated from german_3000 noun: der Preis.,A1
These are the cost.,Das sind die Kosten.,neutral,german_3000;noun_sentence;article,Generated from german_3000 noun: die Kosten.,A1
This is the budget.,Das ist das Budget.,neutral,german_3000;noun_sentence;article,Generated from german_3000 noun: das Budget.,A1
This is the profit.,Das ist der Gewinn.,neutral,german_3000;noun_sentence;article,Generated from german_3000 noun: der Gewinn.,A1
This is the loss.,Das ist der Verlust.,neutral,german_3000;noun_sentence;article,Generated from german_3000 noun: der Verlust.,A1
This is the tax.,Das ist die Steuer.,neutral,german_3000;noun_sentence;article,Generated from german_3000 noun: die Steuer.,A1
This is the bill.,Das ist die Rechnung.,neutral,german_3000;noun_sentence;article,Generated from german_3000 noun: die Rechnung.,A1
This is the receipt.,Das ist die Quittung.,neutral,german_3000;noun_sentence;article,Generated from german_3000 noun: die Quittung.,A1
This is the contract.,Das ist der Vertrag.,neutral,german_3000;noun_sentence;article,Generated from german_3000 noun: der Vertrag.,A1
This is the meeting.,Das ist das Meeting.,neutral,german_3000;noun_sentence;article,Generated from german_3000 noun: das Meeting.,A1
This is the project.,Das ist das Projekt.,neutral,german_3000;noun_sentence;article,Generated from german_3000 noun: das Projekt.,A1
This is the report.,Das ist der Bericht.,neutral,german_3000;noun_sentence;article,Generated from german_3000 noun: der Bericht.,A1
This is the email.,Das ist die E-Mail.,neutral,german_3000;noun_sentence;article,Generated from german_3000 noun: die E-Mail.,A1
This is the company.,Das ist die Firma.,neutral,german_3000;noun_sentence;article,Generated from german_3000 noun: die Firma.,A1
This is the team.,Das ist das Team.,neutral,german_3000;noun_sentence;article,Generated from german_3000 noun: das Team.,A1
This is the interview.,Das ist das Vorstellungsgespräch.,neutral,german_3000;noun_sentence;article,Generated from german_3000 noun: das Vorstellungsgespräch.,A1
This is the application.,Das ist die Bewerbung.,neutral,german_3000;noun_sentence;article,Generated from german_3000 noun: die Bewerbung.,A1
This is the resume.,Das ist der Lebenslauf.,neutral,german_3000;noun_sentence;article,Generated from german_3000 noun: der Lebenslauf.,A1
This is the investment.,Das ist die Investition.,neutral,german_3000;noun_sentence;article,Generated from german_3000 noun: die Investition.,A1
This is the loan.,Das ist das Darlehen.,neutral,german_3000;noun_sentence;article,Generated from german_3000 noun: das Darlehen.,A1
This is the debt.,Das ist die Schulden.,neutral,german_3000;noun_sentence;article,Generated from german_3000 noun: die Schulden.,A1
These are the savings.,Das sind die Ersparnisse.,neutral,german_3000;noun_sentence;article,Generated from german_3000 noun: die Ersparnisse.,A1
This is the insurance.,Das ist die Versicherung.,neutral,german_3000;noun_sentence;article,Generated from german_3000 noun: die Versicherung.,A1
This is the pension.,Das ist die Rente.,neutral,german_3000;noun_sentence;article,Generated from german_3000 noun: die Rente.,A1
This is the trade union.,Das ist die Gewerkschaft.,neutral,german_3000;noun_sentence;article,Generated from german_3000 noun: die Gewerkschaft.,A1
This is the stock market.,Das ist die Börse.,neutral,german_3000;noun_sentence;article,Generated from german_3000 noun: die Börse.,A1
These are the crisis.,Das sind die Krise.,neutral,german_3000;noun_sentence;article,Generated from german_3000 noun: die Krise.,A1
This is the economy.,Das ist die Wirtschaft.,neutral,german_3000;noun_sentence;article,Generated from german_3000 noun: die Wirtschaft.,A1
This is the industry.,Das ist die Industrie.,neutral,german_3000;noun_sentence;article,Generated from german_3000 noun: die Industrie.,A1
This is the product.,Das ist das Produkt.,neutral,german_3000;noun_sentence;article,Generated from german_3000 noun: das Produkt.,A1
This is the brand.,Das ist die Marke.,neutral,german_3000;noun_sentence;article,Generated from german_3000 noun: die Marke.,A1
This is the quality.,Das ist die Qualität.,neutral,german_3000;noun_sentence;article,Generated from german_3000 noun: die Qualität.,A1
This is the offer.,Das ist das Angebot.,neutral,german_3000;noun_sentence;article,Generated from german_3000 noun: das Angebot.,A1
This is the sale.,Das ist der Verkauf.,neutral,german_3000;noun_sentence;article,Generated from german_3000 noun: der Verkauf.,A1
This is the discount.,Das ist der Rabatt.,neutral,german_3000;noun_sentence;article,Generated from german_3000 noun: der Rabatt.,A1
This is the computer.,Das ist der Computer.,neutral,german_3000;noun_sentence;article,Generated from german_3000 noun: der Computer.,A1
This is the laptop.,Das ist der Laptop.,neutral,german_3000;noun_sentence;article,Generated from german_3000 noun: der Laptop.,A1
This is the phone.,Das ist das Telefon.,neutral,german_3000;noun_sentence;article,Generated from german_3000 noun: das Telefon.,A1
This is the smartphone.,Das ist das Smartphone.,neutral,german_3000;noun_sentence;article,Generated from german_3000 noun: das Smartphone.,A1
This is the tablet.,Das ist das Tablet.,neutral,german_3000;noun_sentence;article,Generated from german_3000 noun: das Tablet.,A1
This is the screen.,Das ist der Bildschirm.,neutral,german_3000;noun_sentence;article,Generated from german_3000 noun: der Bildschirm.,A1
This is the keyboard.,Das ist die Tastatur.,neutral,german_3000;noun_sentence;article,Generated from german_3000 noun: die Tastatur.,A1
This is the cable.,Das ist das Kabel.,neutral,german_3000;noun_sentence;article,Generated from german_3000 noun: das Kabel.,A1
This is the internet.,Das ist das Internet.,neutral,german_3000;noun_sentence;article,Generated from german_3000 noun: das Internet.,A1
This is the website.,Das ist die Webseite.,neutral,german_3000;noun_sentence;article,Generated from german_3000 noun: die Webseite.,A1
This is the app.,Das ist die App.,neutral,german_3000;noun_sentence;article,Generated from german_3000 noun: die App.,A1
This is the software.,Das ist die Software.,neutral,german_3000;noun_sentence;article,Generated from german_3000 noun: die Software.,A1
This is the program.,Das ist das Programm.,neutral,german_3000;noun_sentence;article,Generated from german_3000 noun: das Programm.,A1
This is the file.,Das ist die Datei.,neutral,german_3000;noun_sentence;article,Generated from german_3000 noun: die Datei.,A1
This is the folder.,Das ist der Ordner.,neutral,german_3000;noun_sentence;article,Generated from german_3000 noun: der Ordner.,A1
This is the password.,Das ist das Passwort.,neutral,german_3000;noun_sentence;article,Generated from german_3000 noun: das Passwort.,A1
This is the account.,Das ist das Konto.,neutral,german_3000;noun_sentence;article,Generated from german_3000 noun: das Konto.,A1
This is the message.,Das ist die Nachricht.,neutral,german_3000;noun_sentence;article,Generated from german_3000 noun: die Nachricht.,A1
This is the photo.,Das ist das Foto.,neutral,german_3000;noun_sentence;article,Generated from german_3000 noun: das Foto.,A1
This is the video.,Das ist das Video.,neutral,german_3000;noun_sentence;article,Generated from german_3000 noun: das Video.,A1
This is the camera.,Das ist die Kamera.,neutral,german_3000;noun_sentence;article,Generated from german_3000 noun: die Kamera.,A1
This is the television.,Das ist der Fernseher.,neutral,german_3000;noun_sentence;article,Generated from german_3000 noun: der Fernseher.,A1
This is the radio.,Das ist das Radio.,neutral,german_3000;noun_sentence;article,Generated from german_3000 noun: das Radio.,A1
This is the battery.,Das ist die Batterie.,neutral,german_3000;noun_sentence;article,Generated from german_3000 noun: die Batterie.,A1
This is the charger.,Das ist das Ladegerät.,neutral,german_3000;noun_sentence;article,Generated from german_3000 noun: das Ladegerät.,A1
This is the printer.,Das ist der Drucker.,neutral,german_3000;noun_sentence;article,Generated from german_3000 noun: der Drucker.,A1
This is the network.,Das ist das Netzwerk.,neutral,german_3000;noun_sentence;article,Generated from german_3000 noun: das Netzwerk.,A1
These are the data.,Das sind die Daten.,neutral,german_3000;noun_sentence;article,Generated from german_3000 noun: die Daten.,A1
This is the cloud.,Das ist die Cloud.,neutral,german_3000;noun_sentence;article,Generated from german_3000 noun: die Cloud.,A1
This is the username.,Das ist der Benutzername.,neutral,german_3000;noun_sentence;article,Generated from german_3000 noun: der Benutzername.,A1
This is the notification.,Das ist die Benachrichtigung.,neutral,german_3000;noun_sentence;article,Generated from german_3000 noun: die Benachrichtigung.,A1
This is the algorithm.,Das ist der Algorithmus.,neutral,german_3000;noun_sentence;article,Generated from german_3000 noun: der Algorithmus.,A1
This is the database.,Das ist die Datenbank.,neutral,german_3000;noun_sentence;article,Generated from german_3000 noun: die Datenbank.,A1
This is the operating system.,Das ist das Betriebssystem.,neutral,german_3000;noun_sentence;article,Generated from german_3000 noun: das Betriebssystem.,A1
This is the programming language.,Das ist die Programmiersprache.,neutral,german_3000;noun_sentence;article,Generated from german_3000 noun: die Programmiersprache.,A1
This is the bug.,Das ist der Fehler.,neutral,german_3000;noun_sentence;article,Generated from german_3000 noun: der Fehler.,A1
This is the update.,Das ist die Aktualisierung.,neutral,german_3000;noun_sentence;article,Generated from german_3000 noun: die Aktualisierung.,A1
This is the download.,Das ist der Download.,neutral,german_3000;noun_sentence;article,Generated from german_3000 noun: der Download.,A1
This is the upload.,Das ist der Upload.,neutral,german_3000;noun_sentence;article,Generated from german_3000 noun: der Upload.,A1
This is the health.,Das ist die Gesundheit.,neutral,german_3000;noun_sentence;article,Generated from german_3000 noun: die Gesundheit.,A1
This is the illness.,Das ist die Krankheit.,neutral,german_3000;noun_sentence;article,Generated from german_3000 noun: die Krankheit.,A1
This is the pain.,Das ist der Schmerz.,neutral,german_3000;noun_sentence;article,Generated from german_3000 noun: der Schmerz.,A1
This is the fever.,Das ist das Fieber.,neutral,german_3000;noun_sentence;article,Generated from german_3000 noun: das Fieber.,A1
This is the cold.,Das ist die Erkältung.,neutral,german_3000;noun_sentence;article,Generated from german_3000 noun: die Erkältung.,A1
This is the flu.,Das ist die Grippe.,neutral,german_3000;noun_sentence;article,Generated from german_3000 noun: die Grippe.,A1
This is the allergy.,Das ist die Allergie.,neutral,german_3000;noun_sentence;article,Generated from german_3000 noun: die Allergie.,A1
This is the medicine.,Das ist das Medikament.,neutral,german_3000;noun_sentence;article,Generated from german_3000 noun: das Medikament.,A1
This is the pill.,Das ist die Tablette.,neutral,german_3000;noun_sentence;article,Generated from german_3000 noun: die Tablette.,A1
This is the injection.,Das ist die Spritze.,neutral,german_3000;noun_sentence;article,Generated from german_3000 noun: die Spritze.,A1
This is the bandage.,Das ist der Verband.,neutral,german_3000;noun_sentence;article,Generated from german_3000 noun: der Verband.,A1
This is the operation.,Das ist die Operation.,neutral,german_3000;noun_sentence;article,Generated from german_3000 noun: die Operation.,A1
This is the appointment.,Das ist der Termin.,neutral,german_3000;noun_sentence;article,Generated from german_3000 noun: der Termin.,A1
This is the diet.,Das ist die Diät.,neutral,german_3000;noun_sentence;article,Generated from german_3000 noun: die Diät.,A1
This is the sleep.,Das ist der Schlaf.,neutral,german_3000;noun_sentence;article,Generated from german_3000 noun: der Schlaf.,A1
This is the stress.,Das ist der Stress.,neutral,german_3000;noun_sentence;article,Generated from german_3000 noun: der Stress.,A1
This is the weight.,Das ist das Gewicht.,neutral,german_3000;noun_sentence;article,Generated from german_3000 noun: das Gewicht.,A1
This is the headache.,Das ist die Kopfschmerzen.,neutral,german_3000;noun_sentence;article,Generated from german_3000 noun: die Kopfschmerzen.,A1
This is the stomachache.,Das ist die Bauchschmerzen.,neutral,german_3000;noun_sentence;article,Generated from german_3000 noun: die Bauchschmerzen.,A1
This is the prescription.,Das ist das Rezept.,neutral,german_3000;noun_sentence;article,Generated from german_3000 noun: das Rezept.,A1
This is the symptom.,Das ist das Symptom.,neutral,german_3000;noun_sentence;article,Generated from german_3000 noun: das Symptom.,A1
These are the diagnosis.,Das sind die Diagnose.,neutral,german_3000;noun_sentence;article,Generated from german_3000 noun: die Diagnose.,A1
This is the treatment.,Das ist die Behandlung.,neutral,german_3000;noun_sentence;article,Generated from german_3000 noun: die Behandlung.,A1
This is the vaccine.,Das ist der Impfstoff.,neutral,german_3000;noun_sentence;article,Generated from german_3000 noun: der Impfstoff.,A1
This is the virus.,Das ist das Virus.,neutral,german_3000;noun_sentence;article,Generated from german_3000 noun: das Virus.,A1
This is the bacteria.,Das ist die Bakterien.,neutral,german_3000;noun_sentence;article,Generated from german_3000 noun: die Bakterien.,A1
This is the blood pressure.,Das ist der Blutdruck.,neutral,german_3000;noun_sentence;article,Generated from german_3000 noun: der Blutdruck.,A1
This is the heart rate.,Das ist die Herzfrequenz.,neutral,german_3000;noun_sentence;article,Generated from german_3000 noun: die Herzfrequenz.,A1
This is the first aid.,Das ist die Erste Hilfe.,neutral,german_3000;noun_sentence;article,Generated from german_3000 noun: die Erste Hilfe.,A1
This is the emergency.,Das ist der Notfall.,neutral,german_3000;noun_sentence;article,Generated from german_3000 noun: der Notfall.,A1
This is the waiting room.,Das ist das Wartezimmer.,neutral,german_3000;noun_sentence;article,Generated from german_3000 noun: das Wartezimmer.,A1
This is the doctor's office.,Das ist die Arztpraxis.,neutral,german_3000;noun_sentence;article,Generated from german_3000 noun: die Arztpraxis.,A1
These are the clothes.,Das sind die Kleidung.,neutral,german_3000;noun_sentence;article,Generated from german_3000 noun: die Kleidung.,A1
This is the shirt.,Das ist das Hemd.,neutral,german_3000;noun_sentence;article,Generated from german_3000 noun: das Hemd.,A1
This is the t-shirt.,Das ist das T-Shirt.,neutral,german_3000;noun_sentence;article,Generated from german_3000 noun: das T-Shirt.,A1
These are the pants.,Das sind die Hose.,neutral,german_3000;noun_sentence;article,Generated from german_3000 noun: die Hose.,A1
These are the jeans.,Das sind die Jeans.,neutral,german_3000;noun_sentence;article,Generated from german_3000 noun: die Jeans.,A1
This is the dress.,Das ist das Kleid.,neutral,german_3000;noun_sentence;article,Generated from german_3000 noun: das Kleid.,A1
This is the skirt.,Das ist der Rock.,neutral,german_3000;noun_sentence;article,Generated from german_3000 noun: der Rock.,A1
This is the jacket.,Das ist die Jacke.,neutral,german_3000;noun_sentence;article,Generated from german_3000 noun: die Jacke.,A1
This is the coat.,Das ist der Mantel.,neutral,german_3000;noun_sentence;article,Generated from german_3000 noun: der Mantel.,A1
This is the sweater.,Das ist der Pullover.,neutral,german_3000;noun_sentence;article,Generated from german_3000 noun: der Pullover.,A1
This is the suit.,Das ist der Anzug.,neutral,german_3000;noun_sentence;article,Generated from german_3000 noun: der Anzug.,A1
This is the tie.,Das ist die Krawatte.,neutral,german_3000;noun_sentence;article,Generated from german_3000 noun: die Krawatte.,A1
These are the shoes.,Das sind die Schuhe.,neutral,german_3000;noun_sentence;article,Generated from german_3000 noun: die Schuhe.,A1
These are the boots.,Das sind die Stiefel.,neutral,german_3000;noun_sentence;article,Generated from german_3000 noun: die Stiefel.,A1
These are the socks.,Das sind die Socken.,neutral,german_3000;noun_sentence;article,Generated from german_3000 noun: die Socken.,A1
This is the hat.,Das ist die Mütze.,neutral,german_3000;noun_sentence;article,Generated from german_3000 noun: die Mütze.,A1
This is the scarf.,Das ist der Schal.,neutral,german_3000;noun_sentence;article,Generated from german_3000 noun: der Schal.,A1
These are the gloves.,Das sind die Handschuhe.,neutral,german_3000;noun_sentence;article,Generated from german_3000 noun: die Handschuhe.,A1
These are the glasses.,Das sind die Brille.,neutral,german_3000;noun_sentence;article,Generated from german_3000 noun: die Brille.,A1
This is the bag.,Das ist die Tasche.,neutral,german_3000;noun_sentence;article,Generated from german_3000 noun: die Tasche.,A1
This is the ring.,Das ist der Ring.,neutral,german_3000;noun_sentence;article,Generated from german_3000 noun: der Ring.,A1
This is the watch.,Das ist die Uhr.,neutral,german_3000;noun_sentence;article,Generated from german_3000 noun: die Uhr.,A1
This is the necklace.,Das ist die Halskette.,neutral,german_3000;noun_sentence;article,Generated from german_3000 noun: die Halskette.,A1
This is the earring.,Das ist der Ohrring.,neutral,german_3000;noun_sentence;article,Generated from german_3000 noun: der Ohrring.,A1
This is the umbrella.,Das ist der Regenschirm.,neutral,german_3000;noun_sentence;article,Generated from german_3000 noun: der Regenschirm.,A1
This is the belt.,Das ist der Gürtel.,neutral,german_3000;noun_sentence;article,Generated from german_3000 noun: der Gürtel.,A1
This is the pocket.,Das ist die Tasche.,neutral,german_3000;noun_sentence;article,Generated from german_3000 noun: die Tasche.,A1
This is the button.,Das ist der Knopf.,neutral,german_3000;noun_sentence;article,Generated from german_3000 noun: der Knopf.,A1
This is the zipper.,Das ist der Reißverschluss.,neutral,german_3000;noun_sentence;article,Generated from german_3000 noun: der Reißverschluss.,A1
This is the underwear.,Das ist die Unterwäsche.,neutral,german_3000;noun_sentence;article,Generated from german_3000 noun: die Unterwäsche.,A1
These are the pajamas.,Das sind die Schlafanzug.,neutral,german_3000;noun_sentence;article,Generated from german_3000 noun: der Schlafanzug.,A1
This is the swimsuit.,Das ist der Badeanzug.,neutral,german_3000;noun_sentence;article,Generated from german_3000 noun: der Badeanzug.,A1
This is the sportswear.,Das ist die Sportkleidung.,neutral,german_3000;noun_sentence;article,Generated from german_3000 noun: die Sportkleidung.,A1
This is the idea.,Das ist die Idee.,neutral,german_3000;noun_sentence;article,Generated from german_3000 noun: die Idee.,A1
This is the thought.,Das ist der Gedanke.,neutral,german_3000;noun_sentence;article,Generated from german_3000 noun: der Gedanke.,A1
This is the opinion.,Das ist die Meinung.,neutral,german_3000;noun_sentence;article,Generated from german_3000 noun: die Meinung.,A1
This is the feeling.,Das ist das Gefühl.,neutral,german_3000;noun_sentence;article,Generated from german_3000 noun: das Gefühl.,A1
This is the dream.,Das ist der Traum.,neutral,german_3000;noun_sentence;article,Generated from german_3000 noun: der Traum.,A1
This is the memory.,Das ist die Erinnerung.,neutral,german_3000;noun_sentence;article,Generated from german_3000 noun: die Erinnerung.,A1
This is the imagination.,Das ist die Vorstellung.,neutral,german_3000;noun_sentence;article,Generated from german_3000 noun: die Vorstellung.,A1
This is the decision.,Das ist die Entscheidung.,neutral,german_3000;noun_sentence;article,Generated from german_3000 noun: die Entscheidung.,A1
This is the choice.,Das ist die Wahl.,neutral,german_3000;noun_sentence;article,Generated from german_3000 noun: die Wahl.,A1
This is the plan.,Das ist der Plan.,neutral,german_3000;noun_sentence;article,Generated from german_3000 noun: der Plan.,A1
This is the goal.,Das ist das Ziel.,neutral,german_3000;noun_sentence;article,Generated from german_3000 noun: das Ziel.,A1
This is the wish.,Das ist der Wunsch.,neutral,german_3000;noun_sentence;article,Generated from german_3000 noun: der Wunsch.,A1
This is the hope.,Das ist die Hoffnung.,neutral,german_3000;noun_sentence;article,Generated from german_3000 noun: die Hoffnung.,A1
This is the fear.,Das ist die Angst.,neutral,german_3000;noun_sentence;article,Generated from german_3000 noun: die Angst.,A1
This is the love.,Das ist die Liebe.,neutral,german_3000;noun_sentence;article,Generated from german_3000 noun: die Liebe.,A1
This is the hate.,Das ist der Hass.,neutral,german_3000;noun_sentence;article,Generated from german_3000 noun: der Hass.,A1
This is the joy.,Das ist die Freude.,neutral,german_3000;noun_sentence;article,Generated from german_3000 noun: die Freude.,A1
This is the sadness.,Das ist die Traurigkeit.,neutral,german_3000;noun_sentence;article,Generated from german_3000 noun: die Traurigkeit.,A1
This is the anger.,Das ist die Wut.,neutral,german_3000;noun_sentence;article,Generated from german_3000 noun: die Wut.,A1
This is the surprise.,Das ist die Überraschung.,neutral,german_3000;noun_sentence;article,Generated from german_3000 noun: die Überraschung.,A1
This is the trust.,Das ist das Vertrauen.,neutral,german_3000;noun_sentence;article,Generated from german_3000 noun: das Vertrauen.,A1
This is the respect.,Das ist der Respekt.,neutral,german_3000;noun_sentence;article,Generated from german_3000 noun: der Respekt.,A1
This is the friendship.,Das ist die Freundschaft.,neutral,german_3000;noun_sentence;article,Generated from german_3000 noun: die Freundschaft.,A1
This is the freedom.,Das ist die Freiheit.,neutral,german_3000;noun_sentence;article,Generated from german_3000 noun: die Freiheit.,A1
This is the peace.,Das ist der Frieden.,neutral,german_3000;noun_sentence;article,Generated from german_3000 noun: der Frieden.,A1
This is the war.,Das ist der Krieg.,neutral,german_3000;noun_sentence;article,Generated from german_3000 noun: der Krieg.,A1
This is the danger.,Das ist die Gefahr.,neutral,german_3000;noun_sentence;article,Generated from german_3000 noun: die Gefahr.,A1
This is the luck.,Das ist das Glück.,neutral,german_3000;noun_sentence;article,Generated from german_3000 noun: das Glück.,A1
This is the success.,Das ist der Erfolg.,neutral,german_3000;noun_sentence;article,Generated from german_3000 noun: der Erfolg.,A1
This is the failure.,Das ist der Misserfolg.,neutral,german_3000;noun_sentence;article,Generated from german_3000 noun: der Misserfolg.,A1
This is the mistake.,Das ist der Fehler.,neutral,german_3000;noun_sentence;article,Generated from german_3000 noun: der Fehler.,A1
This is the problem.,Das ist das Problem.,neutral,german_3000;noun_sentence;article,Generated from german_3000 noun: das Problem.,A1
This is the solution.,Das ist die Lösung.,neutral,german_3000;noun_sentence;article,Generated from german_3000 noun: die Lösung.,A1
This is the reason.,Das ist der Grund.,neutral,german_3000;noun_sentence;article,Generated from german_3000 noun: der Grund.,A1
This is the cause.,Das ist die Ursache.,neutral,german_3000;noun_sentence;article,Generated from german_3000 noun: die Ursache.,A1
This is the effect.,Das ist die Wirkung.,neutral,german_3000;noun_sentence;article,Generated from german_3000 noun: die Wirkung.,A1
This is the result.,Das ist das Ergebnis.,neutral,german_3000;noun_sentence;article,Generated from german_3000 noun: das Ergebnis.,A1
This is the experience.,Das ist die Erfahrung.,neutral,german_3000;noun_sentence;article,Generated from german_3000 noun: die Erfahrung.,A1
This is the advice.,Das ist der Rat.,neutral,german_3000;noun_sentence;article,Generated from german_3000 noun: der Rat.,A1
This is the rule.,Das ist die Regel.,neutral,german_3000;noun_sentence;article,Generated from german_3000 noun: die Regel.,A1
This is the law.,Das ist das Gesetz.,neutral,german_3000;noun_sentence;article,Generated from german_3000 noun: das Gesetz.,A1
This is the right.,Das ist das Recht.,neutral,german_3000;noun_sentence;article,Generated from german_3000 noun: das Recht.,A1
This is the responsibility.,Das ist die Verantwortung.,neutral,german_3000;noun_sentence;article,Generated from german_3000 noun: die Verantwortung.,A1
This is the truth.,Das ist die Wahrheit.,neutral,german_3000;noun_sentence;article,Generated from german_3000 noun: die Wahrheit.,A1
This is the lie.,Das ist die Lüge.,neutral,german_3000;noun_sentence;article,Generated from german_3000 noun: die Lüge.,A1
This is the importance.,Das ist die Wichtigkeit.,neutral,german_3000;noun_sentence;article,Generated from german_3000 noun: die Wichtigkeit.,A1
This is the value.,Das ist der Wert.,neutral,german_3000;noun_sentence;article,Generated from german_3000 noun: der Wert.,A1
This is the difference.,Das ist der Unterschied.,neutral,german_3000;noun_sentence;article,Generated from german_3000 noun: der Unterschied.,A1
This is the similarity.,Das ist die Ähnlichkeit.,neutral,german_3000;noun_sentence;article,Generated from german_3000 noun: die Ähnlichkeit.,A1
This is the change.,Das ist die Änderung.,neutral,german_3000;noun_sentence;article,Generated from german_3000 noun: die Änderung.,A1
This is the progress.,Das ist der Fortschritt.,neutral,german_3000;noun_sentence;article,Generated from german_3000 noun: der Fortschritt.,A1
This is the culture.,Das ist die Kultur.,neutral,german_3000;noun_sentence;article,Generated from german_3000 noun: die Kultur.,A1
This is the tradition.,Das ist die Tradition.,neutral,german_3000;noun_sentence;article,Generated from german_3000 noun: die Tradition.,A1
This is the religion.,Das ist die Religion.,neutral,german_3000;noun_sentence;article,Generated from german_3000 noun: die Religion.,A1
These are the politics.,Das sind die Politik.,neutral,german_3000;noun_sentence;article,Generated from german_3000 noun: die Politik.,A1
This is the society.,Das ist die Gesellschaft.,neutral,german_3000;noun_sentence;article,Generated from german_3000 noun: die Gesellschaft.,A1
This is the environment.,Das ist die Umwelt.,neutral,german_3000;noun_sentence;article,Generated from german_3000 noun: die Umwelt.,A1
This is the science.,Das ist die Wissenschaft.,neutral,german_3000;noun_sentence;article,Generated from german_3000 noun: die Wissenschaft.,A1
This is the technology.,Das ist die Technologie.,neutral,german_3000;noun_sentence;article,Generated from german_3000 noun: die Technologie.,A1
This is the education.,Das ist die Bildung.,neutral,german_3000;noun_sentence;article,Generated from german_3000 noun: die Bildung.,A1
This is the opportunity.,Das ist die Möglichkeit.,neutral,german_3000;noun_sentence;article,Generated from german_3000 noun: die Möglichkeit.,A1
This is the risk.,Das ist das Risiko.,neutral,german_3000;noun_sentence;article,Generated from german_3000 noun: das Risiko.,A1
This is the loneliness.,Das ist die Einsamkeit.,neutral,german_3000;noun_sentence;article,Generated from german_3000 noun: die Einsamkeit.,A1
This is the nostalgia.,Das ist die Nostalgie.,neutral,german_3000;noun_sentence;article,Generated from german_3000 noun: die Nostalgie.,A1
This is the enthusiasm.,Das ist die Begeisterung.,neutral,german_3000;noun_sentence;article,Generated from german_3000 noun: die Begeisterung.,A1
This is the passion.,Das ist die Leidenschaft.,neutral,german_3000;noun_sentence;article,Generated from german_3000 noun: die Leidenschaft.,A1
This is the guilt.,Das ist die Schuld.,neutral,german_3000;noun_sentence;article,Generated from german_3000 noun: die Schuld.,A1
This is the pride.,Das ist der Stolz.,neutral,german_3000;noun_sentence;article,Generated from german_3000 noun: der Stolz.,A1
This is the gratitude.,Das ist die Dankbarkeit.,neutral,german_3000;noun_sentence;article,Generated from german_3000 noun: die Dankbarkeit.,A1
This is the relief.,Das ist die Erleichterung.,neutral,german_3000;noun_sentence;article,Generated from german_3000 noun: die Erleichterung.,A1
This is the boredom.,Das ist die Langeweile.,neutral,german_3000;noun_sentence;article,Generated from german_3000 noun: die Langeweile.,A1
This is the anxiety.,Das ist die Besorgnis.,neutral,german_3000;noun_sentence;article,Generated from german_3000 noun: die Besorgnis.,A1
This is the empathy.,Das ist die Empathie.,neutral,german_3000;noun_sentence;article,Generated from german_3000 noun: die Empathie.,A1
This is the compassion.,Das ist das Mitgefühl.,neutral,german_3000;noun_sentence;article,Generated from german_3000 noun: das Mitgefühl.,A1
This is the football.,Das ist der Fußball.,neutral,german_3000;noun_sentence;article,Generated from german_3000 noun: der Fußball.,A1
This is the basketball.,Das ist der Basketball.,neutral,german_3000;noun_sentence;article,Generated from german_3000 noun: der Basketball.,A1
This is the volleyball.,Das ist der Volleyball.,neutral,german_3000;noun_sentence;article,Generated from german_3000 noun: der Volleyball.,A1
These are the tennis.,Das sind die Tennis.,neutral,german_3000;noun_sentence;article,Generated from german_3000 noun: das Tennis.,A1
This is the swimming.,Das ist das Schwimmen.,neutral,german_3000;noun_sentence;article,Generated from german_3000 noun: das Schwimmen.,A1
This is the cycling.,Das ist das Radfahren.,neutral,german_3000;noun_sentence;article,Generated from german_3000 noun: das Radfahren.,A1
This is the running.,Das ist das Laufen.,neutral,german_3000;noun_sentence;article,Generated from german_3000 noun: das Laufen.,A1
This is the hiking.,Das ist das Wandern.,neutral,german_3000;noun_sentence;article,Generated from german_3000 noun: das Wandern.,A1
This is the skiing.,Das ist das Skifahren.,neutral,german_3000;noun_sentence;article,Generated from german_3000 noun: das Skifahren.,A1
This is the snowboarding.,Das ist das Snowboarden.,neutral,german_3000;noun_sentence;article,Generated from german_3000 noun: das Snowboarden.,A1
This is the yoga.,Das ist das Yoga.,neutral,german_3000;noun_sentence;article,Generated from german_3000 noun: das Yoga.,A1
This is the dancing.,Das ist das Tanzen.,neutral,german_3000;noun_sentence;article,Generated from german_3000 noun: das Tanzen.,A1
This is the boxing.,Das ist das Boxen.,neutral,german_3000;noun_sentence;article,Generated from german_3000 noun: das Boxen.,A1
These are the gymnastics.,Das sind die Turnen.,neutral,german_3000;noun_sentence;article,Generated from german_3000 noun: das Turnen.,A1
This is the chess.,Das ist das Schach.,neutral,german_3000;noun_sentence;article,Generated from german_3000 noun: das Schach.,A1
This is the reading.,Das ist das Lesen.,neutral,german_3000;noun_sentence;article,Generated from german_3000 noun: das Lesen.,A1
This is the painting.,Das ist das Malen.,neutral,german_3000;noun_sentence;article,Generated from german_3000 noun: das Malen.,A1
This is the photography.,Das ist die Fotografie.,neutral,german_3000;noun_sentence;article,Generated from german_3000 noun: die Fotografie.,A1
This is the cooking.,Das ist das Kochen.,neutral,german_3000;noun_sentence;article,Generated from german_3000 noun: das Kochen.,A1
This is the baking.,Das ist das Backen.,neutral,german_3000;noun_sentence;article,Generated from german_3000 noun: das Backen.,A1
This is the gardening.,Das ist das Gärtnern.,neutral,german_3000;noun_sentence;article,Generated from german_3000 noun: das Gärtnern.,A1
This is the knitting.,Das ist das Stricken.,neutral,german_3000;noun_sentence;article,Generated from german_3000 noun: das Stricken.,A1
This is the singing.,Das ist das Singen.,neutral,german_3000;noun_sentence;article,Generated from german_3000 noun: das Singen.,A1
This is the guitar.,Das ist die Gitarre.,neutral,german_3000;noun_sentence;article,Generated from german_3000 noun: die Gitarre.,A1
This is the piano.,Das ist das Klavier.,neutral,german_3000;noun_sentence;article,Generated from german_3000 noun: das Klavier.,A1
This is the violin.,Das ist die Geige.,neutral,german_3000;noun_sentence;article,Generated from german_3000 noun: die Geige.,A1
These are the drums.,Das sind die Schlagzeug.,neutral,german_3000;noun_sentence;article,Generated from german_3000 noun: das Schlagzeug.,A1
This is the concert.,Das ist das Konzert.,neutral,german_3000;noun_sentence;article,Generated from german_3000 noun: das Konzert.,A1
This is the film.,Das ist der Film.,neutral,german_3000;noun_sentence;article,Generated from german_3000 noun: der Film.,A1
These are the series.,Das sind die Serie.,neutral,german_3000;noun_sentence;article,Generated from german_3000 noun: die Serie.,A1
This is the episode.,Das ist die Folge.,neutral,german_3000;noun_sentence;article,Generated from german_3000 noun: die Folge.,A1
This is the board game.,Das ist das Brettspiel.,neutral,german_3000;noun_sentence;article,Generated from german_3000 noun: das Brettspiel.,A1
This is the video game.,Das ist das Videospiel.,neutral,german_3000;noun_sentence;article,Generated from german_3000 noun: das Videospiel.,A1
This is the train ticket.,Das ist die Bahnfahrkarte.,neutral,german_3000;noun_sentence;article,Generated from german_3000 noun: die Bahnfahrkarte.,A1
This is the platform.,Das ist der Bahnsteig.,neutral,german_3000;noun_sentence;article,Generated from german_3000 noun: der Bahnsteig.,A1
This is the boarding pass.,Das ist die Bordkarte.,neutral,german_3000;noun_sentence;article,Generated from german_3000 noun: die Bordkarte.,A1
This is the suitcase.,Das ist der Koffer.,neutral,german_3000;noun_sentence;article,Generated from german_3000 noun: der Koffer.,A1
This is the hand luggage.,Das ist das Handgepäck.,neutral,german_3000;noun_sentence;article,Generated from german_3000 noun: das Handgepäck.,A1
This is the checkout.,Das ist die Kasse.,neutral,german_3000;noun_sentence;article,Generated from german_3000 noun: die Kasse.,A1
This is the shopping cart.,Das ist der Einkaufswagen.,neutral,german_3000;noun_sentence;article,Generated from german_3000 noun: der Einkaufswagen.,A1
This is the price tag.,Das ist das Preisschild.,neutral,german_3000;noun_sentence;article,Generated from german_3000 noun: das Preisschild.,A1
This is the business trip.,Das ist die Geschäftsreise.,neutral,german_3000;noun_sentence;article,Generated from german_3000 noun: die Geschäftsreise.,A1
This is the business card.,Das ist die Visitenkarte.,neutral,german_3000;noun_sentence;article,Generated from german_3000 noun: die Visitenkarte.,A1
These are the working hours.,Das sind die Arbeitszeit.,neutral,german_3000;noun_sentence;article,Generated from german_3000 noun: die Arbeitszeit.,A1
This is the fitting room.,Das ist die Umkleidekabine.,neutral,german_3000;noun_sentence;article,Generated from german_3000 noun: die Umkleidekabine.,A1
This is the emergency exit.,Das ist der Notausgang.,neutral,german_3000;noun_sentence;article,Generated from german_3000 noun: der Notausgang.,A1
This is the fire extinguisher.,Das ist der Feuerlöscher.,neutral,german_3000;noun_sentence;article,Generated from german_3000 noun: der Feuerlöscher.,A1
This is the fire alarm.,Das ist der Feueralarm.,neutral,german_3000;noun_sentence;article,Generated from german_3000 noun: der Feueralarm.,A1
This is the sports hall.,Das ist die Sporthalle.,neutral,german_3000;noun_sentence;article,Generated from german_3000 noun: die Sporthalle.,A1
This is the sports club.,Das ist der Sportverein.,neutral,german_3000;noun_sentence;article,Generated from german_3000 noun: der Sportverein.,A1
This is the art gallery.,Das ist die Kunstgalerie.,neutral,german_3000;noun_sentence;article,Generated from german_3000 noun: die Kunstgalerie.,A1
This is the nature reserve.,Das ist das Naturschutzgebiet.,neutral,german_3000;noun_sentence;article,Generated from german_3000 noun: das Naturschutzgebiet.,A1
This is the hiking trail.,Das ist der Wanderweg.,neutral,german_3000;noun_sentence;article,Generated from german_3000 noun: der Wanderweg.,A1
This is the mountain top.,Das ist der Berggipfel.,neutral,german_3000;noun_sentence;article,Generated from german_3000 noun: der Berggipfel.,A1
This is the world record.,Das ist der Weltrekord.,neutral,german_3000;noun_sentence;article,Generated from german_3000 noun: der Weltrekord.,A1
This is the mother tongue.,Das ist die Muttersprache.,neutral,german_3000;noun_sentence;article,Generated from german_3000 noun: die Muttersprache.,A1
This is the foreign language.,Das ist die Fremdsprache.,neutral,german_3000;noun_sentence;article,Generated from german_3000 noun: die Fremdsprache.,A1
This is the language course.,Das ist der Sprachkurs.,neutral,german_3000;noun_sentence;article,Generated from german_3000 noun: der Sprachkurs.,A1
This is the Christmas tree.,Das ist der Weihnachtsbaum.,neutral,german_3000;noun_sentence;article,Generated from german_3000 noun: der Weihnachtsbaum.,A1
This is the Christmas market.,Das ist der Weihnachtsmarkt.,neutral,german_3000;noun_sentence;article,Generated from german_3000 noun: der Weihnachtsmarkt.,A1
This is the Easter egg.,Das ist das Osterei.,neutral,german_3000;noun_sentence;article,Generated from german_3000 noun: das Osterei.,A1
These are the fireworks.,Das sind die Feuerwerk.,neutral,german_3000;noun_sentence;article,Generated from german_3000 noun: das Feuerwerk.,A1
This is the credit card.,Das ist die Kreditkarte.,neutral,german_3000;noun_sentence;article,Generated from german_3000 noun: die Kreditkarte.,A1
This is the bank account.,Das ist das Bankkonto.,neutral,german_3000;noun_sentence;article,Generated from german_3000 noun: das Bankkonto.,A1
This is the health insurance.,Das ist die Krankenversicherung.,neutral,german_3000;noun_sentence;article,Generated from german_3000 noun: die Krankenversicherung.,A1
This is the first aid kit.,Das ist das Erste-Hilfe-Set.,neutral,german_3000;noun_sentence;article,Generated from german_3000 noun: das Erste-Hilfe-Set.,A1
This is the climate change.,Das ist der Klimawandel.,neutral,german_3000;noun_sentence;article,Generated from german_3000 noun: der Klimawandel.,A1
This is the greenhouse effect.,Das ist der Treibhauseffekt.,neutral,german_3000;noun_sentence;article,Generated from german_3000 noun: der Treibhauseffekt.,A1
This is the renewable energy.,Das ist die erneuerbare Energie.,neutral,german_3000;noun_sentence;article,Generated from german_3000 noun: die erneuerbare Energie.,A1
This is the solar panel.,Das ist das Solarpanel.,neutral,german_3000;noun_sentence;article,Generated from german_3000 noun: das Solarpanel.,A1
This is the wind turbine.,Das ist die Windkraftanlage.,neutral,german_3000;noun_sentence;article,Generated from german_3000 noun: die Windkraftanlage.,A1
This is the artificial intelligence.,Das ist die Künstliche Intelligenz.,neutral,german_3000;noun_sentence;article,Generated from german_3000 noun: die Künstliche Intelligenz.,A1
This is the machine learning.,Das ist das maschinelles Lernen.,neutral,german_3000;noun_sentence;article,Generated from german_3000 noun: das maschinelles Lernen.,A1
This is the virtual reality.,Das ist die virtuelle Realität.,neutral,german_3000;noun_sentence;article,Generated from german_3000 noun: die virtuelle Realität.,A1
This is the video call.,Das ist der Videoanruf.,neutral,german_3000;noun_sentence;article,Generated from german_3000 noun: der Videoanruf.,A1
This is the email address.,Das ist die E-Mail-Adresse.,neutral,german_3000;noun_sentence;article,Generated from german_3000 noun: die E-Mail-Adresse.,A1
This is the phone number.,Das ist die Telefonnummer.,neutral,german_3000;noun_sentence;article,Generated from german_3000 noun: die Telefonnummer.,A1
This is the return ticket.,Das ist die Rückfahrkarte.,neutral,german_3000;noun_sentence;article,Generated from german_3000 noun: die Rückfahrkarte.,A1
This is the window seat.,Das ist der Fensterplatz.,neutral,german_3000;noun_sentence;article,Generated from german_3000 noun: der Fensterplatz.,A1
This is the room service.,Das ist der Zimmerservice.,neutral,german_3000;noun_sentence;article,Generated from german_3000 noun: der Zimmerservice.,A1
This is the single room.,Das ist das Einzelzimmer.,neutral,german_3000;noun_sentence;article,Generated from german_3000 noun: das Einzelzimmer.,A1
This is the double room.,Das ist das Doppelzimmer.,neutral,german_3000;noun_sentence;article,Generated from german_3000 noun: das Doppelzimmer.,A1
This is the baggage claim.,Das ist die Gepäckausgabe.,neutral,german_3000;noun_sentence;article,Generated from german_3000 noun: die Gepäckausgabe.,A1
This is the stopover.,Das ist der Zwischenstopp.,neutral,german_3000;noun_sentence;article,Generated from german_3000 noun: der Zwischenstopp.,A1
This is the exchange rate.,Das ist der Wechselkurs.,neutral,german_3000;noun_sentence;article,Generated from german_3000 noun: der Wechselkurs.,A1
This is the travel insurance.,Das ist die Reiseversicherung.,neutral,german_3000;noun_sentence;article,Generated from german_3000 noun: die Reiseversicherung.,A1
This is the dialect.,Das ist der Dialekt.,neutral,german_3000;noun_sentence;article,Generated from german_3000 noun: der Dialekt.,A1
This is the mobile phone.,Das ist das Natel.,neutral,german_3000;noun_sentence;article,Generated from german_3000 noun: das Natel.,A1
This is the pretzel.,Das ist die Brezel.,neutral,german_3000;noun_sentence;article,Generated from german_3000 noun: die Brezel.,A1
This is the bratwurst.,Das ist die Bratwurst.,neutral,german_3000;noun_sentence;article,Generated from german_3000 noun: die Bratwurst.,A1
This is the schnitzel.,Das ist das Schnitzel.,neutral,german_3000;noun_sentence;article,Generated from german_3000 noun: das Schnitzel.,A1
This is the sauerkraut.,Das ist das Sauerkraut.,neutral,german_3000;noun_sentence;article,Generated from german_3000 noun: das Sauerkraut.,A1
This is the rye bread.,Das ist das Schwarzbrot.,neutral,german_3000;noun_sentence;article,Generated from german_3000 noun: das Schwarzbrot.,A1
This is the Christmas Eve.,Das ist der Heiligabend.,neutral,german_3000;noun_sentence;article,Generated from german_3000 noun: der Heiligabend.,A1
This is the New Year's Eve.,Das ist der Silvester.,neutral,german_3000;noun_sentence;article,Generated from german_3000 noun: der Silvester.,A1
This is the research.,Das ist die Forschung.,neutral,german_3000;noun_sentence;article,Generated from german_3000 noun: die Forschung.,A1
This is the experiment.,Das ist das Experiment.,neutral,german_3000;noun_sentence;article,Generated from german_3000 noun: das Experiment.,A1
This is the theory.,Das ist die Theorie.,neutral,german_3000;noun_sentence;article,Generated from german_3000 noun: die Theorie.,A1
These are the hypothesis.,Das sind die Hypothese.,neutral,german_3000;noun_sentence;article,Generated from german_3000 noun: die Hypothese.,A1
These are the analysis.,Das sind die Analyse.,neutral,german_3000;noun_sentence;article,Generated from german_3000 noun: die Analyse.,A1
This is the conclusion.,Das ist die Schlussfolgerung.,neutral,german_3000;noun_sentence;article,Generated from german_3000 noun: die Schlussfolgerung.,A1
This is the innovation.,Das ist die Innovation.,neutral,german_3000;noun_sentence;article,Generated from german_3000 noun: die Innovation.,A1
This is the invention.,Das ist die Erfindung.,neutral,german_3000;noun_sentence;article,Generated from german_3000 noun: die Erfindung.,A1
This is the discovery.,Das ist die Entdeckung.,neutral,german_3000;noun_sentence;article,Generated from german_3000 noun: die Entdeckung.,A1
This is the evolution.,Das ist die Evolution.,neutral,german_3000;noun_sentence;article,Generated from german_3000 noun: die Evolution.,A1
This is the revolution.,Das ist die Revolution.,neutral,german_3000;noun_sentence;article,Generated from german_3000 noun: die Revolution.,A1
This is the democracy.,Das ist die Demokratie.,neutral,german_3000;noun_sentence;article,Generated from german_3000 noun: die Demokratie.,A1
This is the election.,Das ist die Wahl.,neutral,german_3000;noun_sentence;article,Generated from german_3000 noun: die Wahl.,A1
This is the parliament.,Das ist das Parlament.,neutral,german_3000;noun_sentence;article,Generated from german_3000 noun: das Parlament.,A1
This is the constitution.,Das ist die Verfassung.,neutral,german_3000;noun_sentence;article,Generated from german_3000 noun: die Verfassung.,A1
These are the human rights.,Das sind die Menschenrechte.,neutral,german_3000;noun_sentence;article,Generated from german_3000 noun: die Menschenrechte.,A1
This is the equality.,Das ist die Gleichheit.,neutral,german_3000;noun_sentence;article,Generated from german_3000 noun: die Gleichheit.,A1
This is the justice.,Das ist die Gerechtigkeit.,neutral,german_3000;noun_sentence;article,Generated from german_3000 noun: die Gerechtigkeit.,A1
This is the corruption.,Das ist die Korruption.,neutral,german_3000;noun_sentence;article,Generated from german_3000 noun: die Korruption.,A1
This is the protest.,Das ist der Protest.,neutral,german_3000;noun_sentence;article,Generated from german_3000 noun: der Protest.,A1
This is the globalization.,Das ist die Globalisierung.,neutral,german_3000;noun_sentence;article,Generated from german_3000 noun: die Globalisierung.,A1
This is the immigration.,Das ist die Einwanderung.,neutral,german_3000;noun_sentence;article,Generated from german_3000 noun: die Einwanderung.,A1
This is the integration.,Das ist die Integration.,neutral,german_3000;noun_sentence;article,Generated from german_3000 noun: die Integration.,A1
This is the discrimination.,Das ist die Diskriminierung.,neutral,german_3000;noun_sentence;article,Generated from german_3000 noun: die Diskriminierung.,A1
This is the poverty.,Das ist die Armut.,neutral,german_3000;noun_sentence;article,Generated from german_3000 noun: die Armut.,A1
This is the wealth.,Das ist der Reichtum.,neutral,german_3000;noun_sentence;article,Generated from german_3000 noun: der Reichtum.,A1
This is the inflation.,Das ist die Inflation.,neutral,german_3000;noun_sentence;article,Generated from german_3000 noun: die Inflation.,A1
This is the recession.,Das ist die Rezession.,neutral,german_3000;noun_sentence;article,Generated from german_3000 noun: die Rezession.,A1
This is the growth.,Das ist das Wachstum.,neutral,german_3000;noun_sentence;article,Generated from german_3000 noun: das Wachstum.,A1
This is the export.,Das ist der Export.,neutral,german_3000;noun_sentence;article,Generated from german_3000 noun: der Export.,A1
This is the import.,Das ist der Import.,neutral,german_3000;noun_sentence;article,Generated from german_3000 noun: der Import.,A1
This is the bankruptcy.,Das ist die Insolvenz.,neutral,german_3000;noun_sentence;article,Generated from german_3000 noun: die Insolvenz.,A1
This is the merger.,Das ist die Fusion.,neutral,german_3000;noun_sentence;article,Generated from german_3000 noun: die Fusion.,A1
This is the startup.,Das ist das Start-up.,neutral,german_3000;noun_sentence;article,Generated from german_3000 noun: das Start-up.,A1
This is the ecosystem.,Das ist das Ökosystem.,neutral,german_3000;noun_sentence;article,Generated from german_3000 noun: das Ökosystem.,A1
This is the biodiversity.,Das ist die Artenvielfalt.,neutral,german_3000;noun_sentence;article,Generated from german_3000 noun: die Artenvielfalt.,A1
This is the cell.,Das ist die Zelle.,neutral,german_3000;noun_sentence;article,Generated from german_3000 noun: die Zelle.,A1
This is the gene.,Das ist das Gen.,neutral,german_3000;noun_sentence;article,Generated from german_3000 noun: das Gen.,A1
These are the photosynthesis.,Das sind die Photosynthese.,neutral,german_3000;noun_sentence;article,Generated from german_3000 noun: die Photosynthese.,A1
This is the immune system.,Das ist das Immunsystem.,neutral,german_3000;noun_sentence;article,Generated from german_3000 noun: das Immunsystem.,A1
This is the antibiotic.,Das ist das Antibiotikum.,neutral,german_3000;noun_sentence;article,Generated from german_3000 noun: das Antibiotikum.,A1
This is the pandemic.,Das ist die Pandemie.,neutral,german_3000;noun_sentence;article,Generated from german_3000 noun: die Pandemie.,A1
This is the epidemic.,Das ist die Epidemie.,neutral,german_3000;noun_sentence;article,Generated from german_3000 noun: die Epidemie.,A1
This is the neural network.,Das ist das neuronales Netz.,neutral,german_3000;noun_sentence;article,Generated from german_3000 noun: das neuronales Netz.,A1
This is the automation.,Das ist die Automatisierung.,neutral,german_3000;noun_sentence;article,Generated from german_3000 noun: die Automatisierung.,A1
This is the cybersecurity.,Das ist die Cybersicherheit.,neutral,german_3000;noun_sentence;article,Generated from german_3000 noun: die Cybersicherheit.,A1
This is the encryption.,Das ist die Verschlüsselung.,neutral,german_3000;noun_sentence;article,Generated from german_3000 noun: die Verschlüsselung.,A1
This is the wood.,Das ist das Holz.,neutral,german_3000;noun_sentence;article,Generated from german_3000 noun: das Holz.,A1
This is the metal.,Das ist das Metall.,neutral,german_3000;noun_sentence;article,Generated from german_3000 noun: das Metall.,A1
This is the plastic.,Das ist das Plastik.,neutral,german_3000;noun_sentence;article,Generated from german_3000 noun: das Plastik.,A1
This is the glass.,Das ist das Glas.,neutral,german_3000;noun_sentence;article,Generated from german_3000 noun: das Glas.,A1
This is the leather.,Das ist das Leder.,neutral,german_3000;noun_sentence;article,Generated from german_3000 noun: das Leder.,A1
This is the cotton.,Das ist die Baumwolle.,neutral,german_3000;noun_sentence;article,Generated from german_3000 noun: die Baumwolle.,A1
This is the silk.,Das ist die Seide.,neutral,german_3000;noun_sentence;article,Generated from german_3000 noun: die Seide.,A1
This is the wool.,Das ist die Wolle.,neutral,german_3000;noun_sentence;article,Generated from german_3000 noun: die Wolle.,A1
This is the rubber.,Das ist das Gummi.,neutral,german_3000;noun_sentence;article,Generated from german_3000 noun: das Gummi.,A1
This is the gold.,Das ist das Gold.,neutral,german_3000;noun_sentence;article,Generated from german_3000 noun: das Gold.,A1
This is the silver.,Das ist das Silber.,neutral,german_3000;noun_sentence;article,Generated from german_3000 noun: das Silber.,A1
This is the iron.,Das ist das Eisen.,neutral,german_3000;noun_sentence;article,Generated from german_3000 noun: das Eisen.,A1
This is the steel.,Das ist der Stahl.,neutral,german_3000;noun_sentence;article,Generated from german_3000 noun: der Stahl.,A1
This is the copper.,Das ist das Kupfer.,neutral,german_3000;noun_sentence;article,Generated from german_3000 noun: das Kupfer.,A1
This is the concrete.,Das ist der Beton.,neutral,german_3000;noun_sentence;article,Generated from german_3000 noun: der Beton.,A1
This is the clay.,Das ist der Ton.,neutral,german_3000;noun_sentence;article,Generated from german_3000 noun: der Ton.,A1
This is the wax.,Das ist das Wachs.,neutral,german_3000;noun_sentence;article,Generated from german_3000 noun: das Wachs.,A1
This is the knife.,Das ist das Messer.,neutral,german_3000;noun_sentence;article,Generated from german_3000 noun: das Messer.,A1
I would like to be.,Ich möchte sein.,neutral,german_3000;verb_sentence,Generated from german_3000 verb: sein.,A1
I would like to have.,Ich möchte haben.,neutral,german_3000;verb_sentence,Generated from german_3000 verb: haben.,A1
I would like to do / make.,Ich möchte machen.,neutral,german_3000;verb_sentence,Generated from german_3000 verb: machen.,A1
I would like to say.,Ich möchte sagen.,neutral,german_3000;verb_sentence,Generated from german_3000 verb: sagen.,A1
I would like to go.,Ich möchte gehen.,neutral,german_3000;verb_sentence,Generated from german_3000 verb: gehen.,A1
I would like to come.,Ich möchte kommen.,neutral,german_3000;verb_sentence,Generated from german_3000 verb: kommen.,A1
I would like to know.,Ich möchte wissen.,neutral,german_3000;verb_sentence,Generated from german_3000 verb: wissen.,A1
I would like to know.,Ich möchte kennen.,neutral,german_3000;verb_sentence,Generated from german_3000 verb: kennen.,A1
I would like to think.,Ich möchte denken.,neutral,german_3000;verb_sentence,Generated from german_3000 verb: denken.,A1
I would like to see.,Ich möchte sehen.,neutral,german_3000;verb_sentence,Generated from german_3000 verb: sehen.,A1
I would like to want.,Ich möchte wollen.,neutral,german_3000;verb_sentence,Generated from german_3000 verb: wollen.,A1
I would like to give.,Ich möchte geben.,neutral,german_3000;verb_sentence,Generated from german_3000 verb: geben.,A1
I would like to take.,Ich möchte nehmen.,neutral,german_3000;verb_sentence,Generated from german_3000 verb: nehmen.,A1
I would like to find.,Ich möchte finden.,neutral,german_3000;verb_sentence,Generated from german_3000 verb: finden.,A1
I would like to tell.,Ich möchte erzählen.,neutral,german_3000;verb_sentence,Generated from german_3000 verb: erzählen.,A1
I would like to ask.,Ich möchte fragen.,neutral,german_3000;verb_sentence,Generated from german_3000 verb: fragen.,A1
I would like to work.,Ich möchte arbeiten.,neutral,german_3000;verb_sentence,Generated from german_3000 verb: arbeiten.,A1
I would like to try.,Ich möchte versuchen.,neutral,german_3000;verb_sentence,Generated from german_3000 verb: versuchen.,A1
I would like to need.,Ich möchte brauchen.,neutral,german_3000;verb_sentence,Generated from german_3000 verb: brauchen.,A1
I would like to feel.,Ich möchte fühlen.,neutral,german_3000;verb_sentence,Generated from german_3000 verb: fühlen.,A1
I would like to become.,Ich möchte werden.,neutral,german_3000;verb_sentence,Generated from german_3000 verb: werden.,A1
I would like to leave.,Ich möchte verlassen.,neutral,german_3000;verb_sentence,Generated from german_3000 verb: verlassen.,A1
I would like to mean.,Ich möchte bedeuten.,neutral,german_3000;verb_sentence,Generated from german_3000 verb: bedeuten.,A1
I would like to keep.,Ich möchte behalten.,neutral,german_3000;verb_sentence,Generated from german_3000 verb: behalten.,A1
I would like to let.,Ich möchte lassen.,neutral,german_3000;verb_sentence,Generated from german_3000 verb: lassen.,A1
I would like to show.,Ich möchte zeigen.,neutral,german_3000;verb_sentence,Generated from german_3000 verb: zeigen.,A1
I would like to hear.,Ich möchte hören.,neutral,german_3000;verb_sentence,Generated from german_3000 verb: hören.,A1
I would like to play.,Ich möchte spielen.,neutral,german_3000;verb_sentence,Generated from german_3000 verb: spielen.,A1
I would like to run.,Ich möchte laufen.,neutral,german_3000;verb_sentence,Generated from german_3000 verb: laufen.,A1
I would like to move.,Ich möchte bewegen.,neutral,german_3000;verb_sentence,Generated from german_3000 verb: bewegen.,A1
I would like to live.,Ich möchte leben.,neutral,german_3000;verb_sentence,Generated from german_3000 verb: leben.,A1
I would like to believe.,Ich möchte glauben.,neutral,german_3000;verb_sentence,Generated from german_3000 verb: glauben.,A1
I would like to hold.,Ich möchte halten.,neutral,german_3000;verb_sentence,Generated from german_3000 verb: halten.,A1
I would like to bring.,Ich möchte bringen.,neutral,german_3000;verb_sentence,Generated from german_3000 verb: bringen.,A1
I would like to write.,Ich möchte schreiben.,neutral,german_3000;verb_sentence,Generated from german_3000 verb: schreiben.,A1
I would like to stand.,Ich möchte stehen.,neutral,german_3000;verb_sentence,Generated from german_3000 verb: stehen.,A1
I would like to lose.,Ich möchte verlieren.,neutral,german_3000;verb_sentence,Generated from german_3000 verb: verlieren.,A1
I would like to meet.,Ich möchte treffen.,neutral,german_3000;verb_sentence,Generated from german_3000 verb: treffen.,A1
I would like to learn.,Ich möchte lernen.,neutral,german_3000;verb_sentence,Generated from german_3000 verb: lernen.,A1
I would like to change.,Ich möchte ändern.,neutral,german_3000;verb_sentence,Generated from german_3000 verb: ändern.,A1
I would like to lead.,Ich möchte führen.,neutral,german_3000;verb_sentence,Generated from german_3000 verb: führen.,A1
I would like to understand.,Ich möchte verstehen.,neutral,german_3000;verb_sentence,Generated from german_3000 verb: verstehen.,A1
I would like to follow.,Ich möchte folgen.,neutral,german_3000;verb_sentence,Generated from german_3000 verb: folgen.,A1
I would like to speak.,Ich möchte sprechen.,neutral,german_3000;verb_sentence,Generated from german_3000 verb: sprechen.,A1
I would like to read.,Ich möchte lesen.,neutral,german_3000;verb_sentence,Generated from german_3000 verb: lesen.,A1
I would like to spend.,Ich möchte verbringen.,neutral,german_3000;verb_sentence,Generated from german_3000 verb: verbringen.,A1
I would like to spend.,Ich möchte ausgeben.,neutral,german_3000;verb_sentence,Generated from german_3000 verb: ausgeben.,A1
I would like to grow.,Ich möchte wachsen.,neutral,german_3000;verb_sentence,Generated from german_3000 verb: wachsen.,A1
I would like to win.,Ich möchte gewinnen.,neutral,german_3000;verb_sentence,Generated from german_3000 verb: gewinnen.,A1
I would like to offer.,Ich möchte anbieten.,neutral,german_3000;verb_sentence,Generated from german_3000 verb: anbieten.,A1
I would like to remember.,Ich möchte mich erinnern.,neutral,german_3000;verb_sentence,Generated from german_3000 verb: sich erinnern.,A1
I would like to love.,Ich möchte lieben.,neutral,german_3000;verb_sentence,Generated from german_3000 verb: lieben.,A1
I would like to buy.,Ich möchte kaufen.,neutral,german_3000;verb_sentence,Generated from german_3000 verb: kaufen.,A1
I would like to wait.,Ich möchte warten.,neutral,german_3000;verb_sentence,Generated from german_3000 verb: warten.,A1
I would like to die.,Ich möchte sterben.,neutral,german_3000;verb_sentence,Generated from german_3000 verb: sterben.,A1
I would like to send.,Ich möchte schicken.,neutral,german_3000;verb_sentence,Generated from german_3000 verb: schicken.,A1
I would like to build.,Ich möchte bauen.,neutral,german_3000;verb_sentence,Generated from german_3000 verb: bauen.,A1
I would like to stay.,Ich möchte bleiben.,neutral,german_3000;verb_sentence,Generated from german_3000 verb: bleiben.,A1
I would like to fall.,Ich möchte fallen.,neutral,german_3000;verb_sentence,Generated from german_3000 verb: fallen.,A1
I would like to cut.,Ich möchte schneiden.,neutral,german_3000;verb_sentence,Generated from german_3000 verb: schneiden.,A1
I would like to reach.,Ich möchte erreichen.,neutral,german_3000;verb_sentence,Generated from german_3000 verb: erreichen.,A1
I would like to sell.,Ich möchte verkaufen.,neutral,german_3000;verb_sentence,Generated from german_3000 verb: verkaufen.,A1
I would like to decide.,Ich möchte entscheiden.,neutral,german_3000;verb_sentence,Generated from german_3000 verb: entscheiden.,A1
I would like to return.,Ich möchte zurückkehren.,neutral,german_3000;verb_sentence,Generated from german_3000 verb: zurückkehren.,A1
I would like to explain.,Ich möchte erklären.,neutral,german_3000;verb_sentence,Generated from german_3000 verb: erklären.,A1
I would like to hope.,Ich möchte hoffen.,neutral,german_3000;verb_sentence,Generated from german_3000 verb: hoffen.,A1
I would like to develop.,Ich möchte entwickeln.,neutral,german_3000;verb_sentence,Generated from german_3000 verb: entwickeln.,A1
I would like to carry.,Ich möchte tragen.,neutral,german_3000;verb_sentence,Generated from german_3000 verb: tragen.,A1
I would like to break.,Ich möchte brechen.,neutral,german_3000;verb_sentence,Generated from german_3000 verb: brechen.,A1
I would like to agree.,Ich möchte zustimmen.,neutral,german_3000;verb_sentence,Generated from german_3000 verb: zustimmen.,A1
I would like to support.,Ich möchte unterstützen.,neutral,german_3000;verb_sentence,Generated from german_3000 verb: unterstützen.,A1
I would like to eat.,Ich möchte essen.,neutral,german_3000;verb_sentence,Generated from german_3000 verb: essen.,A1
I would like to drink.,Ich möchte trinken.,neutral,german_3000;verb_sentence,Generated from german_3000 verb: trinken.,A1
I would like to sleep.,Ich möchte schlafen.,neutral,german_3000;verb_sentence,Generated from german_3000 verb: schlafen.,A1
I would like to sit.,Ich möchte sitzen.,neutral,german_3000;verb_sentence,Generated from german_3000 verb: sitzen.,A1
I would like to help.,Ich möchte helfen.,neutral,german_3000;verb_sentence,Generated from german_3000 verb: helfen.,A1
I would like to travel.,Ich möchte reisen.,neutral,german_3000;verb_sentence,Generated from german_3000 verb: reisen.,A1
I would like to fly.,Ich möchte fliegen.,neutral,german_3000;verb_sentence,Generated from german_3000 verb: fliegen.,A1
I would like to swim.,Ich möchte schwimmen.,neutral,german_3000;verb_sentence,Generated from german_3000 verb: schwimmen.,A1
I would like to cook.,Ich möchte kochen.,neutral,german_3000;verb_sentence,Generated from german_3000 verb: kochen.,A1
I would like to drive.,Ich möchte fahren.,neutral,german_3000;verb_sentence,Generated from german_3000 verb: fahren.,A1
I would like to turn.,Ich möchte drehen.,neutral,german_3000;verb_sentence,Generated from german_3000 verb: drehen.,A1
I would like to pull.,Ich möchte ziehen.,neutral,german_3000;verb_sentence,Generated from german_3000 verb: ziehen.,A1
I would like to push.,Ich möchte drücken.,neutral,german_3000;verb_sentence,Generated from german_3000 verb: drücken.,A1
I would like to jump.,Ich möchte springen.,neutral,german_3000;verb_sentence,Generated from german_3000 verb: springen.,A1
I would like to throw.,Ich möchte werfen.,neutral,german_3000;verb_sentence,Generated from german_3000 verb: werfen.,A1
I would like to catch.,Ich möchte fangen.,neutral,german_3000;verb_sentence,Generated from german_3000 verb: fangen.,A1
I would like to sing.,Ich möchte singen.,neutral,german_3000;verb_sentence,Generated from german_3000 verb: singen.,A1
I would like to dance.,Ich möchte tanzen.,neutral,german_3000;verb_sentence,Generated from german_3000 verb: tanzen.,A1
I would like to laugh.,Ich möchte lachen.,neutral,german_3000;verb_sentence,Generated from german_3000 verb: lachen.,A1
I would like to cry.,Ich möchte weinen.,neutral,german_3000;verb_sentence,Generated from german_3000 verb: weinen.,A1
I would like to smile.,Ich möchte lächeln.,neutral,german_3000;verb_sentence,Generated from german_3000 verb: lächeln.,A1
I would like to kiss.,Ich möchte küssen.,neutral,german_3000;verb_sentence,Generated from german_3000 verb: küssen.,A1
I would like to hug.,Ich möchte umarmen.,neutral,german_3000;verb_sentence,Generated from german_3000 verb: umarmen.,A1
I would like to fight.,Ich möchte kämpfen.,neutral,german_3000;verb_sentence,Generated from german_3000 verb: kämpfen.,A1
I would like to choose.,Ich möchte wählen.,neutral,german_3000;verb_sentence,Generated from german_3000 verb: wählen.,A1
I would like to fix.,Ich möchte reparieren.,neutral,german_3000;verb_sentence,Generated from german_3000 verb: reparieren.,A1
I would like to check.,Ich möchte überprüfen.,neutral,german_3000;verb_sentence,Generated from german_3000 verb: überprüfen.,A1
I would like to plan.,Ich möchte planen.,neutral,german_3000;verb_sentence,Generated from german_3000 verb: planen.,A1
I would like to prepare.,Ich möchte vorbereiten.,neutral,german_3000;verb_sentence,Generated from german_3000 verb: vorbereiten.,A1
I would like to measure.,Ich möchte messen.,neutral,german_3000;verb_sentence,Generated from german_3000 verb: messen.,A1
I would like to count.,Ich möchte zählen.,neutral,german_3000;verb_sentence,Generated from german_3000 verb: zählen.,A1
I would like to share.,Ich möchte teilen.,neutral,german_3000;verb_sentence,Generated from german_3000 verb: teilen.,A1
I would like to visit.,Ich möchte besuchen.,neutral,german_3000;verb_sentence,Generated from german_3000 verb: besuchen.,A1
I would like to invite.,Ich möchte einladen.,neutral,german_3000;verb_sentence,Generated from german_3000 verb: einladen.,A1
I would like to refuse.,Ich möchte ablehnen.,neutral,german_3000;verb_sentence,Generated from german_3000 verb: ablehnen.,A1
I would like to forget.,Ich möchte vergessen.,neutral,german_3000;verb_sentence,Generated from german_3000 verb: vergessen.,A1
I would like to promise.,Ich möchte versprechen.,neutral,german_3000;verb_sentence,Generated from german_3000 verb: versprechen.,A1
I would like to suggest.,Ich möchte vorschlagen.,neutral,german_3000;verb_sentence,Generated from german_3000 verb: vorschlagen.,A1
I would like to recommend.,Ich möchte empfehlen.,neutral,german_3000;verb_sentence,Generated from german_3000 verb: empfehlen.,A1
I would like to thank.,Ich möchte danken.,neutral,german_3000;verb_sentence,Generated from german_3000 verb: danken.,A1
I would like to greet.,Ich möchte begrüßen.,neutral,german_3000;verb_sentence,Generated from german_3000 verb: begrüßen.,A1
I would like to introduce.,Ich möchte vorstellen.,neutral,german_3000;verb_sentence,Generated from german_3000 verb: vorstellen.,A1
I would like to confirm.,Ich möchte bestätigen.,neutral,german_3000;verb_sentence,Generated from german_3000 verb: bestätigen.,A1
I would like to reserve.,Ich möchte reservieren.,neutral,german_3000;verb_sentence,Generated from german_3000 verb: reservieren.,A1
I would like to order.,Ich möchte bestellen.,neutral,german_3000;verb_sentence,Generated from german_3000 verb: bestellen.,A1
I would like to lend.,Ich möchte verleihen.,neutral,german_3000;verb_sentence,Generated from german_3000 verb: verleihen.,A1
I would like to rent.,Ich möchte mieten.,neutral,german_3000;verb_sentence,Generated from german_3000 verb: mieten.,A1
I would like to earn.,Ich möchte verdienen.,neutral,german_3000;verb_sentence,Generated from german_3000 verb: verdienen.,A1
I would like to save.,Ich möchte sparen.,neutral,german_3000;verb_sentence,Generated from german_3000 verb: sparen.,A1
I would like to organize.,Ich möchte organisieren.,neutral,german_3000;verb_sentence,Generated from german_3000 verb: organisieren.,A1
I would like to solve.,Ich möchte lösen.,neutral,german_3000;verb_sentence,Generated from german_3000 verb: lösen.,A1
I would like to protect.,Ich möchte schützen.,neutral,german_3000;verb_sentence,Generated from german_3000 verb: schützen.,A1
I would like to avoid.,Ich möchte vermeiden.,neutral,german_3000;verb_sentence,Generated from german_3000 verb: vermeiden.,A1
I would like to allow.,Ich möchte erlauben.,neutral,german_3000;verb_sentence,Generated from german_3000 verb: erlauben.,A1
I would like to prevent.,Ich möchte verhindern.,neutral,german_3000;verb_sentence,Generated from german_3000 verb: verhindern.,A1
I would like to improve.,Ich möchte verbessern.,neutral,german_3000;verb_sentence,Generated from german_3000 verb: verbessern.,A1
I would like to decrease.,Ich möchte verringern.,neutral,german_3000;verb_sentence,Generated from german_3000 verb: verringern.,A1
I would like to collect.,Ich möchte sammeln.,neutral,german_3000;verb_sentence,Generated from german_3000 verb: sammeln.,A1
I would like to search.,Ich möchte suchen.,neutral,german_3000;verb_sentence,Generated from german_3000 verb: suchen.,A1
I would like to find out.,Ich möchte herausfinden.,neutral,german_3000;verb_sentence,Generated from german_3000 verb: herausfinden.,A1
I would like to notice.,Ich möchte bemerken.,neutral,german_3000;verb_sentence,Generated from german_3000 verb: bemerken.,A1
I would like to imagine.,Ich möchte mich vorstellen.,neutral,german_3000;verb_sentence,Generated from german_3000 verb: sich vorstellen.,A1
I would like to worry.,Ich möchte mich sorgen.,neutral,german_3000;verb_sentence,Generated from german_3000 verb: sich sorgen.,A1
I would like to enjoy.,Ich möchte genießen.,neutral,german_3000;verb_sentence,Generated from german_3000 verb: genießen.,A1
I would like to suffer.,Ich möchte leiden.,neutral,german_3000;verb_sentence,Generated from german_3000 verb: leiden.,A1
I would like to celebrate.,Ich möchte feiern.,neutral,german_3000;verb_sentence,Generated from german_3000 verb: feiern.,A1
I would like to relax.,Ich möchte mich entspannen.,neutral,german_3000;verb_sentence,Generated from german_3000 verb: sich entspannen.,A1
I would like to draw.,Ich möchte zeichnen.,neutral,german_3000;verb_sentence,Generated from german_3000 verb: zeichnen.,A1
I would like to paint.,Ich möchte malen.,neutral,german_3000;verb_sentence,Generated from german_3000 verb: malen.,A1
I would like to photograph.,Ich möchte fotografieren.,neutral,german_3000;verb_sentence,Generated from german_3000 verb: fotografieren.,A1
I would like to record.,Ich möchte aufnehmen.,neutral,german_3000;verb_sentence,Generated from german_3000 verb: aufnehmen.,A1
I would like to print.,Ich möchte drucken.,neutral,german_3000;verb_sentence,Generated from german_3000 verb: drucken.,A1
I would like to save.,Ich möchte speichern.,neutral,german_3000;verb_sentence,Generated from german_3000 verb: speichern.,A1
I would like to delete.,Ich möchte löschen.,neutral,german_3000;verb_sentence,Generated from german_3000 verb: löschen.,A1
I would like to install.,Ich möchte installieren.,neutral,german_3000;verb_sentence,Generated from german_3000 verb: installieren.,A1
I would like to download.,Ich möchte herunterladen.,neutral,german_3000;verb_sentence,Generated from german_3000 verb: herunterladen.,A1
I would like to upload.,Ich möchte hochladen.,neutral,german_3000;verb_sentence,Generated from german_3000 verb: hochladen.,A1
I would like to connect.,Ich möchte verbinden.,neutral,german_3000;verb_sentence,Generated from german_3000 verb: verbinden.,A1
I would like to translate.,Ich möchte übersetzen.,neutral,german_3000;verb_sentence,Generated from german_3000 verb: übersetzen.,A1
I would like to repeat.,Ich möchte wiederholen.,neutral,german_3000;verb_sentence,Generated from german_3000 verb: wiederholen.,A1
I would like to practice.,Ich möchte üben.,neutral,german_3000;verb_sentence,Generated from german_3000 verb: üben.,A1
I would like to hire.,Ich möchte einstellen.,neutral,german_3000;verb_sentence,Generated from german_3000 verb: einstellen.,A1
I would like to fire.,Ich möchte entlassen.,neutral,german_3000;verb_sentence,Generated from german_3000 verb: entlassen.,A1
I would like to apply.,Ich möchte mich bewerben.,neutral,german_3000;verb_sentence,Generated from german_3000 verb: sich bewerben.,A1
I would like to participate.,Ich möchte teilnehmen.,neutral,german_3000;verb_sentence,Generated from german_3000 verb: teilnehmen.,A1
I would like to compare.,Ich möchte vergleichen.,neutral,german_3000;verb_sentence,Generated from german_3000 verb: vergleichen.,A1
I would like to lie down.,Ich möchte mich hinlegen.,neutral,german_3000;verb_sentence,Generated from german_3000 verb: sich hinlegen.,A1
I would like to stand up.,Ich möchte aufstehen.,neutral,german_3000;verb_sentence,Generated from german_3000 verb: aufstehen.,A1
I would like to sit down.,Ich möchte mich setzen.,neutral,german_3000;verb_sentence,Generated from german_3000 verb: sich setzen.,A1
I would like to get up.,Ich möchte aufstehen.,neutral,german_3000;verb_sentence,Generated from german_3000 verb: aufstehen.,A1
I would like to wake up.,Ich möchte aufwachen.,neutral,german_3000;verb_sentence,Generated from german_3000 verb: aufwachen.,A1
I would like to fall asleep.,Ich möchte einschlafen.,neutral,german_3000;verb_sentence,Generated from german_3000 verb: einschlafen.,A1
I would like to get dressed.,Ich möchte mich anziehen.,neutral,german_3000;verb_sentence,Generated from german_3000 verb: sich anziehen.,A1
I would like to get undressed.,Ich möchte mich ausziehen.,neutral,german_3000;verb_sentence,Generated from german_3000 verb: sich ausziehen.,A1
I would like to hurry.,Ich möchte mich beeilen.,neutral,german_3000;verb_sentence,Generated from german_3000 verb: sich beeilen.,A1
I would like to calm down.,Ich möchte mich beruhigen.,neutral,german_3000;verb_sentence,Generated from german_3000 verb: sich beruhigen.,A1
I would like to fall in love.,Ich möchte mich verlieben.,neutral,german_3000;verb_sentence,Generated from german_3000 verb: sich verlieben.,A1
I would like to get lost.,Ich möchte mich verirren.,neutral,german_3000;verb_sentence,Generated from german_3000 verb: sich verirren.,A1
I would like to complain.,Ich möchte mich beschweren.,neutral,german_3000;verb_sentence,Generated from german_3000 verb: sich beschweren.,A1
I would like to apologize.,Ich möchte mich entschuldigen.,neutral,german_3000;verb_sentence,Generated from german_3000 verb: sich entschuldigen.,A1
I would like to concentrate.,Ich möchte mich konzentrieren.,neutral,german_3000;verb_sentence,Generated from german_3000 verb: sich konzentrieren.,A1
I would like to put on.,Ich möchte anziehen.,neutral,german_3000;verb_sentence,Generated from german_3000 verb: anziehen.,A1
I would like to take off.,Ich möchte ausziehen.,neutral,german_3000;verb_sentence,Generated from german_3000 verb: ausziehen.,A1
I would like to arrive.,Ich möchte ankommen.,neutral,german_3000;verb_sentence,Generated from german_3000 verb: ankommen.,A1
I would like to depart.,Ich möchte abfahren.,neutral,german_3000;verb_sentence,Generated from german_3000 verb: abfahren.,A1
I would like to get in.,Ich möchte einsteigen.,neutral,german_3000;verb_sentence,Generated from german_3000 verb: einsteigen.,A1
I would like to get out.,Ich möchte aussteigen.,neutral,german_3000;verb_sentence,Generated from german_3000 verb: aussteigen.,A1
I would like to go out.,Ich möchte ausgehen.,neutral,german_3000;verb_sentence,Generated from german_3000 verb: ausgehen.,A1
I would like to come back.,Ich möchte zurückkommen.,neutral,german_3000;verb_sentence,Generated from german_3000 verb: zurückkommen.,A1
I would like to bring along.,Ich möchte mitbringen.,neutral,german_3000;verb_sentence,Generated from german_3000 verb: mitbringen.,A1
I would like to take along.,Ich möchte mitnehmen.,neutral,german_3000;verb_sentence,Generated from german_3000 verb: mitnehmen.,A1
I would like to come along.,Ich möchte mitkommen.,neutral,german_3000;verb_sentence,Generated from german_3000 verb: mitkommen.,A1
I would like to call.,Ich möchte anrufen.,neutral,german_3000;verb_sentence,Generated from german_3000 verb: anrufen.,A1
I would like to call back.,Ich möchte zurückrufen.,neutral,german_3000;verb_sentence,Generated from german_3000 verb: zurückrufen.,A1
I would like to open.,Ich möchte aufmachen.,neutral,german_3000;verb_sentence,Generated from german_3000 verb: aufmachen.,A1
I would like to close.,Ich möchte zumachen.,neutral,german_3000;verb_sentence,Generated from german_3000 verb: zumachen.,A1
I would like to fill in / complete.,Ich möchte ausfüllen.,neutral,german_3000;verb_sentence,Generated from german_3000 verb: ausfüllen.,A1
I would like to pick up.,Ich möchte abholen.,neutral,german_3000;verb_sentence,Generated from german_3000 verb: abholen.,A1
I would like to hand in.,Ich möchte abgeben.,neutral,german_3000;verb_sentence,Generated from german_3000 verb: abgeben.,A1
I would like to try on.,Ich möchte anprobieren.,neutral,german_3000;verb_sentence,Generated from german_3000 verb: anprobieren.,A1
I would like to look at.,Ich möchte ansehen.,neutral,german_3000;verb_sentence,Generated from german_3000 verb: ansehen.,A1
I would like to write down.,Ich möchte aufschreiben.,neutral,german_3000;verb_sentence,Generated from german_3000 verb: aufschreiben.,A1
I would like to listen to.,Ich möchte zuhören.,neutral,german_3000;verb_sentence,Generated from german_3000 verb: zuhören.,A1
I would like to look up.,Ich möchte nachschlagen.,neutral,german_3000;verb_sentence,Generated from german_3000 verb: nachschlagen.,A1
I would like to throw away.,Ich möchte wegwerfen.,neutral,german_3000;verb_sentence,Generated from german_3000 verb: wegwerfen.,A1
I would like to clean up.,Ich möchte aufräumen.,neutral,german_3000;verb_sentence,Generated from german_3000 verb: aufräumen.,A1
I would like to take part.,Ich möchte teilnehmen.,neutral,german_3000;verb_sentence,Generated from german_3000 verb: teilnehmen.,A1
I would like to agree / arrange.,Ich möchte ausmachen.,neutral,german_3000;verb_sentence,Generated from german_3000 verb: ausmachen.,A1
I would like to add.,Ich möchte hinzufügen.,neutral,german_3000;verb_sentence,Generated from german_3000 verb: hinzufügen.,A1
I would like to break off.,Ich möchte abbrechen.,neutral,german_3000;verb_sentence,Generated from german_3000 verb: abbrechen.,A1
I would like to give back.,Ich möchte zurückgeben.,neutral,german_3000;verb_sentence,Generated from german_3000 verb: zurückgeben.,A1
I would like to read through.,Ich möchte durchlesen.,neutral,german_3000;verb_sentence,Generated from german_3000 verb: durchlesen.,A1
I would like to charge.,Ich möchte aufladen.,neutral,german_3000;verb_sentence,Generated from german_3000 verb: aufladen.,A1
I would like to forward.,Ich möchte weiterleiten.,neutral,german_3000;verb_sentence,Generated from german_3000 verb: weiterleiten.,A1
I would like to wash oneself.,Ich möchte mich waschen.,neutral,german_3000;verb_sentence,Generated from german_3000 verb: sich waschen.,A1
I would like to comb one's hair.,Ich möchte mich kämmen.,neutral,german_3000;verb_sentence,Generated from german_3000 verb: sich kämmen.,A1
I would like to shave.,Ich möchte mich rasieren.,neutral,german_3000;verb_sentence,Generated from german_3000 verb: sich rasieren.,A1
I would like to brush one's teeth.,Ich möchte mich die Zähne putzen.,neutral,german_3000;verb_sentence,Generated from german_3000 verb: sich die Zähne putzen.,A1
I would like to feel.,Ich möchte mich fühlen.,neutral,german_3000;verb_sentence,Generated from german_3000 verb: sich fühlen.,A1
I would like to enjoy oneself.,Ich möchte mich amüsieren.,neutral,german_3000;verb_sentence,Generated from german_3000 verb: sich amüsieren.,A1
I would like to introduce oneself.,Ich möchte mich vorstellen.,neutral,german_3000;verb_sentence,Generated from german_3000 verb: sich vorstellen.,A1
I would like to meet.,Ich möchte mich treffen.,neutral,german_3000;verb_sentence,Generated from german_3000 verb: sich treffen.,A1
I would like to be wrong.,Ich möchte mich irren.,neutral,german_3000;verb_sentence,Generated from german_3000 verb: sich irren.,A1
I would like to turn around.,Ich möchte mich umdrehen.,neutral,german_3000;verb_sentence,Generated from german_3000 verb: sich umdrehen.,A1
I would like to hit the road.,Ich möchte mich auf den Weg machen.,neutral,german_3000;verb_sentence,Generated from german_3000 verb: sich auf den Weg machen.,A1
I would like to bite off more than you can chew.,Ich möchte mich zu viel vornehmen.,neutral,german_3000;verb_sentence,Generated from german_3000 verb: sich zu viel vornehmen.,A1
I would like to lose weight.,Ich möchte abnehmen.,neutral,german_3000;verb_sentence,Generated from german_3000 verb: abnehmen.,A1
I would like to gain weight.,Ich möchte zunehmen.,neutral,german_3000;verb_sentence,Generated from german_3000 verb: zunehmen.,A1
I would like to catch a cold.,Ich möchte mich erkälten.,neutral,german_3000;verb_sentence,Generated from german_3000 verb: sich erkälten.,A1
I would like to feel at home.,Ich möchte mich wie zu Hause fühlen.,neutral,german_3000;verb_sentence,Generated from german_3000 verb: sich wie zu Hause fühlen.,A1
I would like to get ready.,Ich möchte mich fertigmachen.,neutral,german_3000;verb_sentence,Generated from german_3000 verb: sich fertigmachen.,A1
I would like to get worse.,Ich möchte mich verschlechtern.,neutral,german_3000;verb_sentence,Generated from german_3000 verb: sich verschlechtern.,A1
I would like to get rid of.,Ich möchte loswerden.,neutral,german_3000;verb_sentence,Generated from german_3000 verb: loswerden.,A1
I would like to go wrong.,Ich möchte schiefgehen.,neutral,german_3000;verb_sentence,Generated from german_3000 verb: schiefgehen.,A1
I would like to fall apart.,Ich möchte auseinanderfallen.,neutral,german_3000;verb_sentence,Generated from german_3000 verb: auseinanderfallen.,A1
I would like to subscribe.,Ich möchte abonnieren.,neutral,german_3000;verb_sentence,Generated from german_3000 verb: abonnieren.,A1
I would like to unsubscribe.,Ich möchte abbestellen.,neutral,german_3000;verb_sentence,Generated from german_3000 verb: abbestellen.,A1
I would like to block.,Ich möchte blockieren.,neutral,german_3000;verb_sentence,Generated from german_3000 verb: blockieren.,A1
I would like to report.,Ich möchte melden.,neutral,german_3000;verb_sentence,Generated from german_3000 verb: melden.,A1
I would like to scroll.,Ich möchte scrollen.,neutral,german_3000;verb_sentence,Generated from german_3000 verb: scrollen.,A1
I would like to click.,Ich möchte klicken.,neutral,german_3000;verb_sentence,Generated from german_3000 verb: klicken.,A1
I would like to tap.,Ich möchte tippen.,neutral,german_3000;verb_sentence,Generated from german_3000 verb: tippen.,A1
I would like to zoom in.,Ich möchte reinzoomen.,neutral,german_3000;verb_sentence,Generated from german_3000 verb: reinzoomen.,A1
I would like to zoom out.,Ich möchte rauszoomen.,neutral,german_3000;verb_sentence,Generated from german_3000 verb: rauszoomen.,A1
I would like to update.,Ich möchte aktualisieren.,neutral,german_3000;verb_sentence,Generated from german_3000 verb: aktualisieren.,A1
I would like to backup.,Ich möchte sichern.,neutral,german_3000;verb_sentence,Generated from german_3000 verb: sichern.,A1
I would like to encrypt.,Ich möchte verschlüsseln.,neutral,german_3000;verb_sentence,Generated from german_3000 verb: verschlüsseln.,A1
I would like to stream.,Ich möchte streamen.,neutral,german_3000;verb_sentence,Generated from german_3000 verb: streamen.,A1
I would like to tag.,Ich möchte markieren.,neutral,german_3000;verb_sentence,Generated from german_3000 verb: markieren.,A1
I would like to negotiate.,Ich möchte verhandeln.,neutral,german_3000;verb_sentence,Generated from german_3000 verb: verhandeln.,A1
I would like to sign.,Ich möchte unterschreiben.,neutral,german_3000;verb_sentence,Generated from german_3000 verb: unterschreiben.,A1
I would like to submit.,Ich möchte einreichen.,neutral,german_3000;verb_sentence,Generated from german_3000 verb: einreichen.,A1
I would like to approve.,Ich möchte genehmigen.,neutral,german_3000;verb_sentence,Generated from german_3000 verb: genehmigen.,A1
I would like to reject.,Ich möchte ablehnen.,neutral,german_3000;verb_sentence,Generated from german_3000 verb: ablehnen.,A1
I would like to fund.,Ich möchte finanzieren.,neutral,german_3000;verb_sentence,Generated from german_3000 verb: finanzieren.,A1
I would like to budget.,Ich möchte budgetieren.,neutral,german_3000;verb_sentence,Generated from german_3000 verb: budgetieren.,A1
I would like to export.,Ich möchte exportieren.,neutral,german_3000;verb_sentence,Generated from german_3000 verb: exportieren.,A1
I would like to import.,Ich möchte importieren.,neutral,german_3000;verb_sentence,Generated from german_3000 verb: importieren.,A1
I would like to recycle.,Ich möchte recyceln.,neutral,german_3000;verb_sentence,Generated from german_3000 verb: recyceln.,A1
I would like to compost.,Ich möchte kompostieren.,neutral,german_3000;verb_sentence,Generated from german_3000 verb: kompostieren.,A1
I would like to pollute.,Ich möchte verschmutzen.,neutral,german_3000;verb_sentence,Generated from german_3000 verb: verschmutzen.,A1
I would like to vote.,Ich möchte wählen.,neutral,german_3000;verb_sentence,Generated from german_3000 verb: wählen.,A1
I would like to govern.,Ich möchte regieren.,neutral,german_3000;verb_sentence,Generated from german_3000 verb: regieren.,A1
I would like to ban.,Ich möchte verbieten.,neutral,german_3000;verb_sentence,Generated from german_3000 verb: verbieten.,A1
I would like to legalize.,Ich möchte legalisieren.,neutral,german_3000;verb_sentence,Generated from german_3000 verb: legalisieren.,A1
I would like to regulate.,Ich möchte regulieren.,neutral,german_3000;verb_sentence,Generated from german_3000 verb: regulieren.,A1
I would like to investigate.,Ich möchte untersuchen.,neutral,german_3000;verb_sentence,Generated from german_3000 verb: untersuchen.,A1
I would like to prosecute.,Ich möchte verfolgen.,neutral,german_3000;verb_sentence,Generated from german_3000 verb: verfolgen.,A1
I would like to sentence.,Ich möchte verurteilen.,neutral,german_3000;verb_sentence,Generated from german_3000 verb: verurteilen.,A1
I would like to donate.,Ich möchte spenden.,neutral,german_3000;verb_sentence,Generated from german_3000 verb: spenden.,A1
I would like to convince.,Ich möchte überzeugen.,neutral,german_3000;verb_sentence,Generated from german_3000 verb: überzeugen.,A1
I would like to persuade.,Ich möchte überreden.,neutral,german_3000;verb_sentence,Generated from german_3000 verb: überreden.,A1
I would like to debate.,Ich möchte debattieren.,neutral,german_3000;verb_sentence,Generated from german_3000 verb: debattieren.,A1
I would like to protest.,Ich möchte protestieren.,neutral,german_3000;verb_sentence,Generated from german_3000 verb: protestieren.,A1
I would like to demonstrate.,Ich möchte demonstrieren.,neutral,german_3000;verb_sentence,Generated from german_3000 verb: demonstrieren.,A1
I would like to strike.,Ich möchte streiken.,neutral,german_3000;verb_sentence,Generated from german_3000 verb: streiken.,A1
I would like to publish.,Ich möchte veröffentlichen.,neutral,german_3000;verb_sentence,Generated from german_3000 verb: veröffentlichen.,A1
I would like to edit.,Ich möchte bearbeiten.,neutral,german_3000;verb_sentence,Generated from german_3000 verb: bearbeiten.,A1
I would like to cite.,Ich möchte zitieren.,neutral,german_3000;verb_sentence,Generated from german_3000 verb: zitieren.,A1
I would like to summarize.,Ich möchte zusammenfassen.,neutral,german_3000;verb_sentence,Generated from german_3000 verb: zusammenfassen.,A1
I would like to analyze.,Ich möchte analysieren.,neutral,german_3000;verb_sentence,Generated from german_3000 verb: analysieren.,A1
I would like to calculate.,Ich möchte berechnen.,neutral,german_3000;verb_sentence,Generated from german_3000 verb: berechnen.,A1
I would like to estimate.,Ich möchte schätzen.,neutral,german_3000;verb_sentence,Generated from german_3000 verb: schätzen.,A1
I would like to predict.,Ich möchte vorhersagen.,neutral,german_3000;verb_sentence,Generated from german_3000 verb: vorhersagen.,A1
I would like to simulate.,Ich möchte simulieren.,neutral,german_3000;verb_sentence,Generated from german_3000 verb: simulieren.,A1
I would like to program.,Ich möchte programmieren.,neutral,german_3000;verb_sentence,Generated from german_3000 verb: programmieren.,A1
I would like to debug.,Ich möchte debuggen.,neutral,german_3000;verb_sentence,Generated from german_3000 verb: debuggen.,A1
I would like to test.,Ich möchte testen.,neutral,german_3000;verb_sentence,Generated from german_3000 verb: testen.,A1
I would like to automate.,Ich möchte automatisieren.,neutral,german_3000;verb_sentence,Generated from german_3000 verb: automatisieren.,A1
I would like to optimize.,Ich möchte optimieren.,neutral,german_3000;verb_sentence,Generated from german_3000 verb: optimieren.,A1
I would like to check in.,Ich möchte einchecken.,neutral,german_3000;verb_sentence,Generated from german_3000 verb: einchecken.,A1
I would like to check out.,Ich möchte auschecken.,neutral,german_3000;verb_sentence,Generated from german_3000 verb: auschecken.,A1
