"lexeme_id","english","target","article","pos","level"
"de.noun.3d-druck","3D printing","3D-Druck","der","noun",""
"de.noun.abend","evening","Abend","der","noun",""
"de.noun.abendessen","dinner","Abendessen","das","noun",""
"de.noun.abendroutine","evening routine","Abendroutine","die","noun",""
"de.noun.abenteuer","the adventure","Abenteuer","das","noun",""
"de.noun.abgemacht","That's a deal.","Abgemacht!","","noun",""
"de.noun.abonnement","subscription","Abonnement","das","noun",""
"de.noun.absatz","paragraph","Absatz","der","noun",""
"de.noun.abschliessend","To conclude...","Abschließend...","","noun",""
"de.noun.abschluss","degree","Abschluss","der","noun",""
"de.noun.abschlussarbeit","thesis","Abschlussarbeit","die","noun",""
"de.noun.abschlussfeier","graduation ceremony","Abschlussfeier","die","noun",""
"de.noun.abschnitt","the section","Abschnitt","der","noun",""
"de.noun.adler","eagle","Adler","der","noun",""
"de.noun.adresse","address","Adresse","die","noun",""
"de.noun.aehnlichkeit","similarity","Ähnlichkeit","die","noun",""
"de.noun.aenderung","change","Änderung","die","noun",""
"de.noun.aerztin","doctor (f)","Ärztin","die","noun",""
"de.noun.affe.monkey","monkey","Affe","der","noun",""
"de.noun.affe.ape-monkey","ape / monkey","Affe","der","noun",""
"de.noun.aktion","the action","Aktion","die","noun",""
"de.noun.aktivitaet","the activity","Aktivität","die","noun",""
"de.noun.aktualisierung","update","Aktualisierung","die","noun",""
"de.noun.algorithmus","algorithm","Algorithmus","der","noun",""
"de.noun.allergie","allergy","Allergie","die","noun",""
"de.noun.ameise","ant","Ameise","die","noun",""
"de.noun.ampel","traffic light","Ampel","die","noun",""
"de.noun.analyse","analysis","Analyse","die","noun",""
"de.noun.anfang.the-beginning","the beginning","Anfang","der","noun",""
"de.noun.anfang.beginning","beginning","Anfang","der","noun",""
"de.noun.anfrage","the request","Anfrage","die","noun",""
"de.noun.angebot","offer","Angebot","das","noun",""
"de.noun.angestellte","employee (f)","Angestellte","die","noun",""
"de.noun.angestellter","employee (m)","Angestellter","der","noun",""
"de.noun.angst.fear","fear","Angst","die","noun",""
"de.noun.angst.fear-anxiety","fear / anxiety","Angst","die","noun",""
"de.noun.anhang","attachment","Anhang","der","noun",""
"de.noun.anker","anchor","Anker","der","noun",""
"de.noun.anmeldung","registration","Anmeldung","die","noun",""
"de.noun.anscheinend.apparently","Apparently...","Anscheinend...","","noun",""
"de.noun.anscheinend.apparently-2","Apparently.","Anscheinend.","","noun",""
"de.noun.anschluss","connection","Anschluss","der","noun",""
"de.noun.ansicht","view","Ansicht","die","noun",""
"de.noun.antibiotikum","antibiotic","Antibiotikum","das","noun",""
"de.noun.antwort.answer","answer","Antwort","die","noun",""
"de.noun.antwort.the-response","the response","Antwort","die","noun",""
"de.noun.anwaeltin","lawyer (f)","Anwältin","die","noun",""
"de.noun.anwalt","lawyer (m)","Anwalt","der","noun",""
"de.noun.anweisung","the instruction","Anweisung","die","noun",""
"de.noun.anzahlung","deposit","Anzahlung","die","noun",""
"de.noun.anzug","suit","Anzug","der","noun",""
"de.noun.apfel","apple","Apfel","der","noun",""
"de.noun.apotheke","pharmacy","Apotheke","die","noun",""
"de.noun.apotheker","pharmacist","Apotheker","der","noun",""
"de.noun.app","app","App","die","noun",""
"de.noun.april","April","April","der","noun",""
"de.noun.arbeit","work","Arbeit","die","noun",""
"de.noun.arbeitszeit","working hours","Arbeitszeit","die","noun",""
"de.noun.architekt","architect","Architekt","der","noun",""
"de.noun.arm","arm","Arm","der","noun",""
"de.noun.armut","poverty","Armut","die","noun",""
"de.noun.art","kind / type / species","Art","die","noun",""
"de.noun.artenvielfalt","biodiversity","Artenvielfalt","die","noun",""
"de.noun.artikel","article","Artikel","der","noun",""
"de.noun.arzt.doctor-m","doctor (m)","Arzt","der","noun",""
"de.noun.arzt.doctor","doctor","Arzt","der","noun",""
"de.noun.arztpraxis","doctor's office","Arztpraxis","die","noun",""
"de.noun.asche","ash","Asche","die","noun",""
"de.noun.ast","branch","Ast","der","noun",""
"de.noun.atem","breath","Atem","der","noun",""
"de.noun.atom","atom","Atom","das","noun",""
"de.noun.aufenthaltserlaubnis","residence permit","Aufenthaltserlaubnis","die","noun",""
"de.noun.aufgabe.the-task","the task","Aufgabe","die","noun",""
"de.noun.aufgabe.task","task","Aufgabe","die","noun",""
"de.noun.aufsatz","essay","Aufsatz","der","noun",""
"de.noun.aufzug","elevator","Aufzug","der","noun",""
"de.noun.auge","eye","Auge","das","noun",""
"de.noun.august","August","August","der","noun",""
"de.noun.ausdruck","expression","Ausdruck","der","noun",""
"de.noun.ausnahme","the exception","Ausnahme","die","noun",""
"de.noun.aussprache","pronunciation","Aussprache","die","noun",""
"de.noun.auto.car","car","Auto","das","noun",""
"de.noun.auto.car-automobile","car / automobile","Auto","das","noun",""
"de.noun.autobahn","highway","Autobahn","die","noun",""
"de.noun.automatisierung","automation","Automatisierung","die","noun",""
"de.noun.baby","baby","Baby","das","noun",""
"de.noun.backen","baking","Backen","das","noun",""
"de.noun.bad","bath","Bad","das","noun",""
"de.noun.badeanzug","swimsuit","Badeanzug","der","noun",""
"de.noun.badezimmer","bathroom","Badezimmer","das","noun",""
"de.noun.baecker","baker","Bäcker","der","noun",""
"de.noun.baeckerei","bakery","Bäckerei","die","noun",""
"de.noun.baer","bear","Bär","der","noun",""
"de.noun.bahnfahrkarte","train ticket","Bahnfahrkarte","die","noun",""
"de.noun.bahnhof.train-station","train station","Bahnhof","der","noun",""
"de.noun.bahnhof.station","station","Bahnhof","der","noun",""
"de.noun.bahnsteig","platform","Bahnsteig","der","noun",""
"de.noun.bakterien","bacteria","Bakterien","die","noun",""
"de.noun.balkon","balcony","Balkon","der","noun",""
"de.noun.banane","banana","Banane","die","noun",""
"de.noun.band","ribbon / bond","Band","das","noun",""
"de.noun.bank","bank","Bank","die","noun",""
"de.noun.bankkonto","bank account","Bankkonto","das","noun",""
"de.noun.bar","bar","Bar","die","noun",""
"de.noun.bargeld","cash","Bargeld","das","noun",""
"de.noun.bart","beard","Bart","der","noun",""
"de.noun.basketball","basketball","Basketball","der","noun",""
"de.noun.batterie","battery","Batterie","die","noun",""
"de.noun.bauch.stomach","stomach","Bauch","der","noun",""
"de.noun.bauch.belly","belly","Bauch","der","noun",""
"de.noun.bauchschmerzen","stomachache","Bauchschmerzen","die","noun",""
"de.noun.bauer","farmer","Bauer","der","noun",""
"de.noun.bauernhof","farm","Bauernhof","der","noun",""
"de.noun.baum","tree","Baum","der","noun",""
"de.noun.baumwolle","cotton","Baumwolle","die","noun",""
"de.noun.beamer","video projector","Beamer","der","noun",""
"de.noun.bedingung","the condition","Bedingung","die","noun",""
"de.noun.beere","berry","Beere","die","noun",""
"de.noun.begeisterung","enthusiasm","Begeisterung","die","noun",""
"de.noun.behandlung","treatment","Behandlung","die","noun",""
"de.noun.bein","leg","Bein","das","noun",""
"de.noun.beispiel.the-example","the example","Beispiel","das","noun",""
"de.noun.beispiel.example","example","Beispiel","das","noun",""
"de.noun.beitrag","post (social media)","Beitrag","der","noun",""
"de.noun.benachrichtigung","notification","Benachrichtigung","die","noun",""
"de.noun.benutzername","username","Benutzername","der","noun",""
"de.noun.berg","mountain","Berg","der","noun",""
"de.noun.berggipfel","mountain top","Berggipfel","der","noun",""
"de.noun.bericht","report","Bericht","der","noun",""
"de.noun.berlin","Berlin","Berlin","","noun",""
"de.noun.berufsschule","vocational school","Berufsschule","die","noun",""
"de.noun.beschwerde","complaint","Beschwerde","die","noun",""
"de.noun.besichtigung","sightseeing","Besichtigung","die","noun",""
"de.noun.besorgnis","anxiety","Besorgnis","die","noun",""
"de.noun.bestaetigung","confirmation","Bestätigung","die","noun",""
"de.noun.bestellung","the order","Bestellung","die","noun",""
"de.noun.beton","concrete","Beton","der","noun",""
"de.noun.betreffzeile","subject line","Betreffzeile","die","noun",""
"de.noun.betriebssystem","operating system","Betriebssystem","das","noun",""
"de.noun.bett","bed","Bett","das","noun",""
"de.noun.bewegung","the movement","Bewegung","die","noun",""
"de.noun.bewerbung","application","Bewerbung","die","noun",""
"de.noun.bewertung.review","review","Bewertung","die","noun",""
"de.noun.bewertung.rating","rating","Bewertung","die","noun",""
"de.noun.beziehung","the relationship","Beziehung","die","noun",""
"de.noun.biber","beaver","Biber","der","noun",""
"de.noun.bibliothek","library","Bibliothek","die","noun",""
"de.noun.biene.bee","bee","Biene","die","noun",""
"de.noun.biene.the-bee","the bee","Biene","die","noun",""
"de.noun.bienenstock","the beehive","Bienenstock","der","noun",""
"de.noun.bier","beer","Bier","das","noun",""
"de.noun.bildschirm","screen","Bildschirm","der","noun",""
"de.noun.bildung","education","Bildung","die","noun",""
"de.noun.billion","trillion","Billion","die","noun",""
"de.noun.biologie","biology","Biologie","die","noun",""
"de.noun.birne","pear","Birne","die","noun",""
"de.noun.bitte","Please.","Bitte.","","noun",""
"de.noun.blase","bladder / bubble / blister","Blase","die","noun",""
"de.noun.blatt.leaf","leaf","Blatt","das","noun",""
"de.noun.blatt.the-leaf","the leaf","Blatt","das","noun",""
"de.noun.bleistift","pencil","Bleistift","der","noun",""
"de.noun.blitz","lightning","Blitz","der","noun",""
"de.noun.blume.flower","flower","Blume","die","noun",""
"de.noun.blume.the-flower","the flower","Blume","die","noun",""
"de.noun.blut","blood","Blut","das","noun",""
"de.noun.blutdruck","blood pressure","Blutdruck","der","noun",""
"de.noun.boden.floor","floor","Boden","der","noun",""
"de.noun.boden.the-bottom","the bottom","Boden","der","noun",""
"de.noun.boden.floor-ground","floor / ground","Boden","der","noun",""
"de.noun.boerse","stock market","Börse","die","noun",""
"de.noun.bogen.arch","arch","Bogen","der","noun",""
"de.noun.bogen.bow-curve-weapon","bow (curve / weapon)","Bogen","der","noun",""
"de.noun.bohne","bean","Bohne","die","noun",""
"de.noun.bohrer","drill","Bohrer","der","noun",""
"de.noun.boot","boat","Boot","das","noun",""
"de.noun.bordkarte","boarding pass","Bordkarte","die","noun",""
"de.noun.botschaft","embassy","Botschaft","die","noun",""
"de.noun.boxen","boxing","Boxen","das","noun",""
"de.noun.bratwurst","bratwurst","Bratwurst","die","noun",""
"de.noun.braut","bride","Braut","die","noun",""
"de.noun.brettspiel","board game","Brettspiel","das","noun",""
"de.noun.brezel","pretzel","Brezel","die","noun",""
"de.noun.brief","letter (mail)","Brief","der","noun",""
"de.noun.briefmarke","stamp","Briefmarke","die","noun",""
"de.noun.briefumschlag","envelope","Briefumschlag","der","noun",""
"de.noun.brille","glasses","Brille","die","noun",""
"de.noun.broetchen","roll","Brötchen","das","noun",""
"de.noun.brokkoli","broccoli","Brokkoli","der","noun",""
"de.noun.brot.bread","bread","Brot","das","noun",""
"de.noun.brot.the-bread","the bread","Brot","das","noun",""
"de.noun.bruder","brother","Bruder","der","noun",""
"de.noun.bruecke","bridge","Brücke","die","noun",""
"de.noun.brunnen","fountain","Brunnen","der","noun",""
"de.noun.brust","chest","Brust","die","noun",""
"de.noun.buch","book","Buch","das","noun",""
"de.noun.buchhalter","accountant","Buchhalter","der","noun",""
"de.noun.buchhandlung","bookstore","Buchhandlung","die","noun",""
"de.noun.budget","budget","Budget","das","noun",""
"de.noun.buergersteig","sidewalk","Bürgersteig","der","noun",""
"de.noun.buero","office","Büro","das","noun",""
"de.noun.buerste","brush","Bürste","die","noun",""
"de.noun.bus","bus","Bus","der","noun",""
"de.noun.busch","bush","Busch","der","noun",""
"de.noun.bushaltestelle","bus stop","Bushaltestelle","die","noun",""
"de.noun.butter","butter","Butter","die","noun",""
"de.noun.cafe.cafe","café","Café","das","noun",""
"de.noun.cafe.cafe-2","cafe","Café","das","noun",""
"de.noun.campus","campus","Campus","der","noun",""
"de.noun.chef","boss","Chef","der","noun",""
"de.noun.chemie","chemistry","Chemie","die","noun",""
"de.noun.cloud","cloud (computing)","Cloud","die","noun",""
"de.noun.co2-fussabdruck","carbon footprint","CO2-Fußabdruck","der","noun",""
"de.noun.computer","computer","Computer","der","noun",""
"de.noun.cousin","cousin (m)","Cousin","der","noun",""
"de.noun.cousine","cousin (f)","Cousine","die","noun",""
"de.noun.cybersicherheit","cybersecurity","Cybersicherheit","die","noun",""
"de.noun.dach","roof","Dach","das","noun",""
"de.noun.dachboden","attic","Dachboden","der","noun",""
"de.noun.damm","dam","Damm","der","noun",""
"de.noun.dankbarkeit","gratitude","Dankbarkeit","die","noun",""
"de.noun.danke","Thank you.","Danke.","","noun",""
"de.noun.darlehen","loan","Darlehen","das","noun",""
"de.noun.datei","file","Datei","die","noun",""
"de.noun.daten","data","Daten","die","noun",""
"de.noun.datenbank","database","Datenbank","die","noun",""
"de.noun.daumen","thumb","Daumen","der","noun",""
"de.noun.decke.ceiling","ceiling","Decke","die","noun",""
"de.noun.decke.blanket","blanket","Decke","die","noun",""
"de.noun.decke.blanket-ceiling","blanket / ceiling","Decke","die","noun",""
"de.noun.delfin","dolphin","Delfin","der","noun",""
"de.noun.demokratie","democracy","Demokratie","die","noun",""
"de.noun.denkmal","monument","Denkmal","das","noun",""
"de.noun.depression","depression","Depression","die","noun",""
"de.noun.designer","designer","Designer","der","noun",""
"de.noun.dessert","dessert","Dessert","das","noun",""
"de.noun.detail","the detail","Detail","das","noun",""
"de.noun.deutschland","Germany","Deutschland","","noun",""
"de.noun.dezember","December","Dezember","der","noun",""
"de.noun.diaet","diet","Diät","die","noun",""
"de.noun.diagnose","diagnosis","Diagnose","die","noun",""
"de.noun.dialekt","dialect","Dialekt","der","noun",""
"de.noun.dieb","thief","Dieb","der","noun",""
"de.noun.dienstag","Tuesday","Dienstag","der","noun",""
"de.noun.ding","thing","Ding","das","noun",""
"de.noun.diplom","diploma","Diplom","das","noun",""
"de.noun.direktflug","direct flight","Direktflug","der","noun",""
"de.noun.diskriminierung","discrimination","Diskriminierung","die","noun",""
"de.noun.diskussion","discussion","Diskussion","die","noun",""
"de.noun.doktor","doctor (title)","Doktor","der","noun",""
"de.noun.dokumentarfilm","documentary","Dokumentarfilm","der","noun",""
"de.noun.donner","thunder","Donner","der","noun",""
"de.noun.donnerstag","Thursday","Donnerstag","der","noun",""
"de.noun.doppelzimmer","double room","Doppelzimmer","das","noun",""
"de.noun.dorf","village","Dorf","das","noun",""
"de.noun.dorn","thorn","Dorn","der","noun",""
"de.noun.dose","can / tin","Dose","die","noun",""
"de.noun.download","download","Download","der","noun",""
"de.noun.dreieck","triangle","Dreieck","das","noun",""
"de.noun.drucker","printer","Drucker","der","noun",""
"de.noun.dschungel","jungle","Dschungel","der","noun",""
"de.noun.durst","thirst","Durst","der","noun",""
"de.noun.e-mail","email","E-Mail","die","noun",""
"de.noun.e-mail-adresse","email address","E-Mail-Adresse","die","noun",""
"de.noun.ebbe","low tide / ebb","Ebbe","die","noun",""
"de.noun.ecke","corner","Ecke","die","noun",""
"de.noun.ehefrau","wife","Ehefrau","die","noun",""
"de.noun.ehemann","husband","Ehemann","der","noun",""
"de.noun.ei","egg","Ei","das","noun",""
"de.noun.eidechse","lizard","Eidechse","die","noun",""
"de.noun.einbahnstrasse","one-way street","Einbahnstraße","die","noun",""
"de.noun.einkaufswagen","shopping cart","Einkaufswagen","der","noun",""
"de.noun.einkommen","income","Einkommen","das","noun",""
"de.noun.einsamkeit","loneliness","Einsamkeit","die","noun",""
"de.noun.einschreibung","enrollment","Einschreibung","die","noun",""
"de.noun.einstellung","attitude","Einstellung","die","noun",""
"de.noun.einwanderung","immigration","Einwanderung","die","noun",""
"de.noun.einzelzimmer","single room","Einzelzimmer","das","noun",""
"de.noun.eis.ice-cream","ice cream","Eis","das","noun",""
"de.noun.eis.ice","ice","Eis","das","noun",""
"de.noun.eisen","iron","Eisen","das","noun",""
"de.noun.elefant","elephant","Elefant","der","noun",""
"de.noun.elektriker","electrician","Elektriker","der","noun",""
"de.noun.elektrizitaet","electricity","Elektrizität","die","noun",""
"de.noun.element","element","Element","das","noun",""
"de.noun.ellbogen","elbow","Ellbogen","der","noun",""
"de.noun.eltern","parents","Eltern","die","noun",""
"de.noun.empathie","empathy","Empathie","die","noun",""
"de.noun.empfehlung","recommendation","Empfehlung","die","noun",""
"de.noun.ende.the-end","the end","Ende","das","noun",""
"de.noun.ende.end","end","Ende","das","noun",""
"de.noun.energie","energy","Energie","die","noun",""
"de.noun.engel","angel","Engel","der","noun",""
"de.noun.enkel","grandson","Enkel","der","noun",""
"de.noun.enkelin","granddaughter","Enkelin","die","noun",""
"de.noun.entdeckung","discovery","Entdeckung","die","noun",""
"de.noun.ente","duck","Ente","die","noun",""
"de.noun.entfernung","the distance","Entfernung","die","noun",""
"de.noun.entscheidung","decision","Entscheidung","die","noun",""
"de.noun.entschuldigung.excuse-me","Excuse me.","Entschuldigung.","","noun",""
"de.noun.entschuldigung.excuse-me-sorry","excuse me / sorry","Entschuldigung","","noun",""
"de.noun.entwicklung","the development","Entwicklung","die","noun",""
"de.noun.epidemie","epidemic","Epidemie","die","noun",""
"de.noun.erbse","pea","Erbse","die","noun",""
"de.noun.erdbeere","strawberry","Erdbeere","die","noun",""
"de.noun.erde.earth-soil","earth / soil","Erde","die","noun",""
"de.noun.erde.earth","earth","Erde","die","noun",""
"de.noun.erfahrung","experience","Erfahrung","die","noun",""
"de.noun.erfindung","invention","Erfindung","die","noun",""
"de.noun.erfolg","success","Erfolg","der","noun",""
"de.noun.ergaenzung","the addition","Ergänzung","die","noun",""
"de.noun.ergebnis","result","Ergebnis","das","noun",""
"de.noun.erhoehung","the increase","Erhöhung","die","noun",""
"de.noun.erinnerung.memory","memory","Erinnerung","die","noun",""
"de.noun.erinnerung.reminder","reminder","Erinnerung","die","noun",""
"de.noun.erkaeltung","cold (illness)","Erkältung","die","noun",""
"de.noun.erlaubnis","the permission","Erlaubnis","die","noun",""
"de.noun.erleichterung","relief","Erleichterung","die","noun",""
"de.noun.ersparnisse","savings","Ersparnisse","die","noun",""
"de.noun.erste-hilfe-set","first aid kit","Erste-Hilfe-Set","das","noun",""
"de.noun.erwachsene","adult (f)","Erwachsene","die","noun",""
"de.noun.erwachsener","adult (m)","Erwachsener","der","noun",""
"de.noun.essen","food","Essen","das","noun",""
"de.noun.essig","vinegar","Essig","der","noun",""
"de.noun.esszimmer","dining room","Esszimmer","das","noun",""
"de.noun.etikett","label","Etikett","das","noun",""
"de.noun.eule","owl","Eule","die","noun",""
"de.noun.evolution","evolution","Evolution","die","noun",""
"de.noun.experiment","experiment (scientific)","Experiment","das","noun",""
"de.noun.export","export","Export","der","noun",""
"de.noun.expresslieferung","express delivery","Expresslieferung","die","noun",""
"de.noun.fabrik","factory","Fabrik","die","noun",""
"de.noun.fach","subject","Fach","das","noun",""
"de.noun.faden","thread","Faden","der","noun",""
"de.noun.faehigkeit","skill","Fähigkeit","die","noun",""
"de.noun.fahrer","driver","Fahrer","der","noun",""
"de.noun.fahrkarte","ticket","Fahrkarte","die","noun",""
"de.noun.fahrrad.bicycle","bicycle","Fahrrad","das","noun",""
"de.noun.fahrrad.bike","bike","Fahrrad","das","noun",""
"de.noun.fahrradweg","bicycle lane","Fahrradweg","der","noun",""
"de.noun.fahrt","trip / ride","Fahrt","die","noun",""
"de.noun.fall","the case","Fall","der","noun",""
"de.noun.falten","wrinkles","Falten","die","noun",""
"de.noun.familie","family","Familie","die","noun",""
"de.noun.farbe","the color","Farbe","die","noun",""
"de.noun.faultier","sloth (animal)","Faultier","das","noun",""
"de.noun.februar","February","Februar","der","noun",""
"de.noun.feder","feather / pen","Feder","die","noun",""
"de.noun.feedback","feedback","Feedback","das","noun",""
"de.noun.fehler.bug","bug","Fehler","der","noun",""
"de.noun.fehler.mistake","mistake","Fehler","der","noun",""
"de.noun.feind.enemy","enemy","Feind","der","noun",""
"de.noun.feind.the-enemy","the enemy","Feind","der","noun",""
"de.noun.feld.field","field","Feld","das","noun",""
"de.noun.feld.the-field","the field","Feld","das","noun",""
"de.noun.fenster","window","Fenster","das","noun",""
"de.noun.fensterplatz","window seat","Fensterplatz","der","noun",""
"de.noun.ferien","vacation","Ferien","die","noun",""
"de.noun.fernseher","television","Fernseher","der","noun",""
"de.noun.feuer","fire","Feuer","das","noun",""
"de.noun.feueralarm","fire alarm","Feueralarm","der","noun",""
"de.noun.feuerloescher","fire extinguisher","Feuerlöscher","der","noun",""
"de.noun.feuerwache","fire station","Feuerwache","die","noun",""
"de.noun.feuerwehrmann","firefighter","Feuerwehrmann","der","noun",""
"de.noun.feuerwerk","fireworks","Feuerwerk","das","noun",""
"de.noun.feuerzeug","lighter","Feuerzeug","das","noun",""
"de.noun.fieber","fever","Fieber","das","noun",""
"de.noun.film","film / movie","Film","der","noun",""
"de.noun.finger","finger","Finger","der","noun",""
"de.noun.firma","company","Firma","die","noun",""
"de.noun.fisch","fish","Fisch","der","noun",""
"de.noun.fitnessstudio","gym","Fitnessstudio","das","noun",""
"de.noun.flamme","flame","Flamme","die","noun",""
"de.noun.flasche","bottle","Flasche","die","noun",""
"de.noun.fledermaus","bat (animal)","Fledermaus","die","noun",""
"de.noun.fleisch","meat","Fleisch","das","noun",""
"de.noun.fliege","fly","Fliege","die","noun",""
"de.noun.fluegel.wing","wing","Flügel","der","noun",""
"de.noun.fluegel.the-wing","the wing","Flügel","der","noun",""
"de.noun.flughafen","airport","Flughafen","der","noun",""
"de.noun.flugzeug.plane","plane","Flugzeug","das","noun",""
"de.noun.flugzeug.airplane","airplane","Flugzeug","das","noun",""
"de.noun.flur","hallway","Flur","der","noun",""
"de.noun.fluss","river","Fluss","der","noun",""
"de.noun.flut","flood / high tide","Flut","die","noun",""
"de.noun.fohlen","foal","Fohlen","das","noun",""
"de.noun.folge","episode","Folge","die","noun",""
"de.noun.form","the shape","Form","die","noun",""
"de.noun.forschung","research","Forschung","die","noun",""
"de.noun.forschungsarbeit","research paper","Forschungsarbeit","die","noun",""
"de.noun.fortschritt","progress","Fortschritt","der","noun",""
"de.noun.foto","photo","Foto","das","noun",""
"de.noun.fotograf","photographer","Fotograf","der","noun",""
"de.noun.fotografie","photography","Fotografie","die","noun",""
"de.noun.frage","question","Frage","die","noun",""
"de.noun.frau","woman","Frau","die","noun",""
"de.noun.freiheit.freedom","freedom","Freiheit","die","noun",""
"de.noun.freiheit.the-freedom","the freedom","Freiheit","die","noun",""
"de.noun.freitag","Friday","Freitag","der","noun",""
"de.noun.freizeit.free-time","free time","Freizeit","die","noun",""
"de.noun.freizeit.leisure","leisure","Freizeit","die","noun",""
"de.noun.fremde","stranger (f)","Fremde","die","noun",""
"de.noun.fremder","stranger (m)","Fremder","der","noun",""
"de.noun.fremdsprache","foreign language","Fremdsprache","die","noun",""
"de.noun.frequenz","frequency","Frequenz","die","noun",""
"de.noun.freude","joy","Freude","die","noun",""
"de.noun.freund.friend-m","friend (m)","Freund","der","noun",""
"de.noun.freund.friend","friend","Freund","der","noun",""
"de.noun.freundin.friend-f","friend (f)","Freundin","die","noun",""
"de.noun.freundin.female-friend","female friend","Freundin","die","noun",""
"de.noun.freundschaft","friendship","Freundschaft","die","noun",""
"de.noun.frieden","peace","Frieden","der","noun",""
"de.noun.frist","deadline","Frist","die","noun",""
"de.noun.frosch","frog","Frosch","der","noun",""
"de.noun.frost","frost","Frost","der","noun",""
"de.noun.fruehling","spring","Frühling","der","noun",""
"de.noun.fruehstueck","breakfast","Frühstück","das","noun",""
"de.noun.fuchs","fox","Fuchs","der","noun",""
"de.noun.fuehrerschein","driving license","Führerschein","der","noun",""
"de.noun.funktion","the function","Funktion","die","noun",""
"de.noun.furcht","fear","Furcht","die","noun",""
"de.noun.fusion","merger","Fusion","die","noun",""
"de.noun.fuss","foot","Fuß","der","noun",""
"de.noun.fussball","football / soccer","Fußball","der","noun",""
"de.noun.fussgaengerueberweg","pedestrian crossing","Fußgängerüberweg","der","noun",""
"de.noun.gabel","fork","Gabel","die","noun",""
"de.noun.gaertnern","gardening","Gärtnern","das","noun",""
"de.noun.galgen","gallows","Galgen","der","noun",""
"de.noun.gangplatz","aisle seat","Gangplatz","der","noun",""
"de.noun.gans","goose","Gans","die","noun",""
"de.noun.ganze","the whole","Ganze","das","noun",""
"de.noun.garage","garage","Garage","die","noun",""
"de.noun.garn","yarn / thread","Garn","das","noun",""
"de.noun.garten","garden","Garten","der","noun",""
"de.noun.gast","guest","Gast","der","noun",""
"de.noun.gebaeude","building","Gebäude","das","noun",""
"de.noun.geburtstag","birthday","Geburtstag","der","noun",""
"de.noun.gedanke","thought","Gedanke","der","noun",""
"de.noun.gefahr","danger","Gefahr","die","noun",""
"de.noun.gefuehl","feeling","Gefühl","das","noun",""
"de.noun.gegenwart","present","Gegenwart","die","noun",""
"de.noun.geh","Go! (du)","Geh!","","noun",""
"de.noun.gehalt","salary","Gehalt","das","noun",""
"de.noun.gehirn","brain","Gehirn","das","noun",""
"de.noun.geige","violin","Geige","die","noun",""
"de.noun.geist","spirit / ghost","Geist","der","noun",""
"de.noun.geld","money","Geld","das","noun",""
"de.noun.geldautomat","cash machine / ATM","Geldautomat","der","noun",""
"de.noun.geldboerse","wallet","Geldbörse","die","noun",""
"de.noun.geldschein","banknote","Geldschein","der","noun",""
"de.noun.gemeinschaft","the community","Gemeinschaft","die","noun",""
"de.noun.gemuese","vegetables","Gemüse","das","noun",""
"de.noun.gen","gene","Gen","das","noun",""
"de.noun.genau","Exactly.","Genau.","","noun",""
"de.noun.genehmigung","permit","Genehmigung","die","noun",""
"de.noun.genuss","enjoyment","Genuss","der","noun",""
"de.noun.geografie","geography","Geografie","die","noun",""
"de.noun.gepaeckausgabe","baggage claim","Gepäckausgabe","die","noun",""
"de.noun.gerechtigkeit","justice","Gerechtigkeit","die","noun",""
"de.noun.gericht.dish","dish","Gericht","das","noun",""
"de.noun.gericht.courthouse","courthouse","Gericht","das","noun",""
"de.noun.gesamtbetrag","total","Gesamtbetrag","der","noun",""
"de.noun.geschaeft","store","Geschäft","das","noun",""
"de.noun.geschaeftsreise","business trip","Geschäftsreise","die","noun",""
"de.noun.geschichte","history","Geschichte","die","noun",""
"de.noun.geschwindigkeit","the speed","Geschwindigkeit","die","noun",""
"de.noun.gesellschaft","society","Gesellschaft","die","noun",""
"de.noun.gesetz","law","Gesetz","das","noun",""
"de.noun.gesicht.face","face","Gesicht","das","noun",""
"de.noun.gesicht.the-face","the face","Gesicht","das","noun",""
"de.noun.gespraech","conversation","Gespräch","das","noun",""
"de.noun.gesundheit.health","health","Gesundheit","die","noun",""
"de.noun.gesundheit.bless-you","Bless you!","Gesundheit!","","noun",""
"de.noun.gewerkschaft","trade union","Gewerkschaft","die","noun",""
"de.noun.gewicht","weight","Gewicht","das","noun",""
"de.noun.gewinn","profit","Gewinn","der","noun",""
"de.noun.gewohnheit","habit","Gewohnheit","die","noun",""
"de.noun.giebel","gable","Giebel","der","noun",""
"de.noun.gift","poison","Gift","das","noun",""
"de.noun.giraffe","giraffe","Giraffe","die","noun",""
"de.noun.gitarre","guitar","Gitarre","die","noun",""
"de.noun.glas.glass","glass","Glas","das","noun",""
"de.noun.glas.glass-drinking","glass (drinking)","Glas","das","noun",""
"de.noun.glaube","faith / belief","Glaube","der","noun",""
"de.noun.gleichheit","equality","Gleichheit","die","noun",""
"de.noun.gletscher","glacier","Gletscher","der","noun",""
"de.noun.globalisierung","globalization","Globalisierung","die","noun",""
"de.noun.glueck.luck","luck","Glück","das","noun",""
"de.noun.glueck.happiness","happiness","Glück","das","noun",""
"de.noun.glueck.luck-happiness","luck / happiness","Glück","das","noun",""
"de.noun.gluehbirne","light bulb","Glühbirne","die","noun",""
"de.noun.gold","gold","Gold","das","noun",""
"de.noun.golf","golf","Golf","das","noun",""
"de.noun.gorilla","gorilla","Gorilla","der","noun",""
"de.noun.gott","god","Gott","der","noun",""
"de.noun.grab","grave","Grab","das","noun",""
"de.noun.grammatik","grammar","Grammatik","die","noun",""
"de.noun.gras","grass","Gras","das","noun",""
"de.noun.grenze.border","border","Grenze","die","noun",""
"de.noun.grenze.the-limit","the limit","Grenze","die","noun",""
"de.noun.grenze.boundary","boundary","Grenze","die","noun",""
"de.noun.grippe","flu","Grippe","die","noun",""
"de.noun.grossmutter","grandmother","Großmutter","die","noun",""
"de.noun.grossvater","grandfather","Großvater","der","noun",""
"de.noun.grueezi","hello (Swiss formal)","Grüezi!","","noun",""
"de.noun.grund","reason","Grund","der","noun",""
"de.noun.grundschule","primary school","Grundschule","die","noun",""
"de.noun.gruppe","the group","Gruppe","die","noun",""
"de.noun.guertel.belt","belt","Gürtel","der","noun",""
"de.noun.guertel.belt-girdle","belt / girdle","Gürtel","der","noun",""
"de.noun.gummi","rubber","Gummi","das","noun",""
"de.noun.gurke","cucumber","Gurke","die","noun",""
"de.noun.gutschein","coupon / voucher","Gutschein","der","noun",""
"de.noun.gymnasium.high-school-grammar-school","high school / grammar school","Gymnasium","das","noun",""
"de.noun.gymnasium.high-school","high school","Gymnasium","das","noun",""
"de.noun.gymnasium.grammar-school-high-school","grammar school / high school","Gymnasium","das","noun",""
"de.noun.haar","hair","Haar","das","noun",""
"de.noun.haehnchen","chicken (roast, meat)","Hähnchen","das","noun",""
"de.noun.haelfte","the half","Hälfte","die","noun",""
"de.noun.hafen.harbor","harbor","Hafen","der","noun",""
"de.noun.hafen.harbour","harbour","Hafen","der","noun",""
"de.noun.hagel","hail","Hagel","der","noun",""
"de.noun.hai","shark","Hai","der","noun",""
"de.noun.haken","hook","Haken","der","noun",""
"de.noun.halle","hall","Halle","die","noun",""
"de.noun.hallo","Hello!","Hallo!","","noun",""
"de.noun.hals","neck","Hals","der","noun",""
"de.noun.halskette","necklace","Halskette","die","noun",""
"de.noun.hamburg","Hamburg","Hamburg","","noun",""
"de.noun.hammer","hammer","Hammer","der","noun",""
"de.noun.hand","hand","Hand","die","noun",""
"de.noun.handgelenk","wrist","Handgelenk","das","noun",""
"de.noun.handgepaeck","hand luggage","Handgepäck","das","noun",""
"de.noun.handschuh","glove","Handschuh","der","noun",""
"de.noun.handschuhe","gloves","Handschuhe","die","noun",""
"de.noun.handtuch","towel","Handtuch","das","noun",""
"de.noun.handy","mobile phone","Handy","das","noun",""
"de.noun.hase","hare","Hase","der","noun",""
"de.noun.hashtag","hashtag","Hashtag","der","noun",""
"de.noun.hass.hate","hate","Hass","der","noun",""
"de.noun.hass.hatred","hatred","Hass","der","noun",""
"de.noun.haupt","head (figurative) / main","Haupt","das","noun",""
"de.noun.hauptschule","secondary school","Hauptschule","die","noun",""
"de.noun.haus","house","Haus","das","noun",""
"de.noun.hausaufgabe","homework","Hausaufgabe","die","noun",""
"de.noun.haut","skin","Haut","die","noun",""
"de.noun.heiligabend","Christmas Eve","Heiligabend","der","noun",""
"de.noun.heimat","the home / homeland","Heimat","die","noun",""
"de.noun.held","hero","Held","der","noun",""
"de.noun.hemd.shirt","shirt","Hemd","das","noun",""
"de.noun.hemd.the-shirt","the shirt","Hemd","das","noun",""
"de.noun.herbst","autumn","Herbst","der","noun",""
"de.noun.herd","stove / cooker / hearth","Herd","der","noun",""
"de.noun.herz.heart","heart","Herz","das","noun",""
"de.noun.herz.the-heart","the heart","Herz","das","noun",""
"de.noun.herzfrequenz","heart rate","Herzfrequenz","die","noun",""
"de.noun.hilfe.help","Help!","Hilfe!","","noun",""
"de.noun.hilfe.the-help","the help","Hilfe","die","noun",""
"de.noun.himmel.sky","sky","Himmel","der","noun",""
"de.noun.himmel.sky-heaven","sky / heaven","Himmel","der","noun",""
"de.noun.himmel.the-sky-heaven","the sky / heaven","Himmel","der","noun",""
"de.noun.hirsch","stag / deer","Hirsch","der","noun",""
"de.noun.hitze","heat","Hitze","die","noun",""
"de.noun.hobby","hobby","Hobby","das","noun",""
"de.noun.hochzeit","wedding","Hochzeit","die","noun",""
"de.noun.hoehle","cave","Höhle","die","noun",""
"de.noun.hoelle","hell","Hölle","die","noun",""
"de.noun.hoffnung.hope","hope","Hoffnung","die","noun",""
"de.noun.hoffnung.hope-noun","hope (noun)","Hoffnung","die","noun",""
"de.noun.holz","wood","Holz","das","noun",""
"de.noun.honig.honey","honey","Honig","der","noun",""
"de.noun.honig.the-honey","the honey","Honig","der","noun",""
"de.noun.horn","horn","Horn","das","noun",""
"de.noun.hornisse","the hornet","Hornisse","die","noun",""
"de.noun.hose.pants","pants","Hose","die","noun",""
"de.noun.hose.trousers","trousers","Hose","die","noun",""
"de.noun.hotel","hotel","Hotel","das","noun",""
"de.noun.huefte","hip","Hüfte","die","noun",""
"de.noun.huegel","hill","Hügel","der","noun",""
"de.noun.huhn.chicken-hen","chicken (hen)","Huhn","das","noun",""
"de.noun.huhn.chicken-hen-2","chicken / hen","Huhn","das","noun",""
"de.noun.hund","dog","Hund","der","noun",""
"de.noun.hunger.hunger","hunger","Hunger","der","noun",""
"de.noun.hunger.the-hunger","the hunger","Hunger","der","noun",""
"de.noun.hut","hat","Hut","der","noun",""
"de.noun.hypothese","hypothesis","Hypothese","die","noun",""
"de.noun.idee","idea","Idee","die","noun",""
"de.noun.immunsystem","immune system","Immunsystem","das","noun",""
"de.noun.impfstoff","vaccine","Impfstoff","der","noun",""
"de.noun.import","import","Import","der","noun",""
"de.noun.industrie","industry","Industrie","die","noun",""
"de.noun.inflation","inflation","Inflation","die","noun",""
"de.noun.influencer","influencer","Influencer","der","noun",""
"de.noun.information.the-information","the information","Information","die","noun",""
"de.noun.information.information","information","Information","die","noun",""
"de.noun.ingenieur","engineer","Ingenieur","der","noun",""
"de.noun.innovation","innovation","Innovation","die","noun",""
"de.noun.insel","island","Insel","die","noun",""
"de.noun.insolvenz","bankruptcy","Insolvenz","die","noun",""
"de.noun.integration","integration","Integration","die","noun",""
"de.noun.interesse","interest","Interesse","das","noun",""
"de.noun.internet","internet","Internet","das","noun",""
"de.noun.investition","investment","Investition","die","noun",""
"de.noun.jacke.jacket","jacket","Jacke","die","noun",""
"de.noun.jacke.the-jacket","the jacket","Jacke","die","noun",""
"de.noun.jahr","year","Jahr","das","noun",""
"de.noun.jahrestag","anniversary","Jahrestag","der","noun",""
"de.noun.jahrhundert","century","Jahrhundert","das","noun",""
"de.noun.jahrzehnt","decade","Jahrzehnt","das","noun",""
"de.noun.januar","January","Januar","der","noun",""
"de.noun.jeans","jeans","Jeans","die","noun",""
"de.noun.jedenfalls","Anyway.","Jedenfalls.","","noun",""
"de.noun.jetlag","jet lag","Jetlag","der","noun",""
"de.noun.job","job","Job","der","noun",""
"de.noun.journalist","journalist","Journalist","der","noun",""
"de.noun.juli","July","Juli","der","noun",""
"de.noun.junge","boy","Junge","der","noun",""
"de.noun.juni","June","Juni","der","noun",""
"de.noun.kabel","cable","Kabel","das","noun",""
"de.noun.kaenguru","kangaroo","Känguru","das","noun",""
"de.noun.kaese","cheese","Käse","der","noun",""
"de.noun.kaffee","coffee","Kaffee","der","noun",""
"de.noun.kaffeemaschine","coffee machine","Kaffeemaschine","die","noun",""
"de.noun.kalb","calf","Kalb","das","noun",""
"de.noun.kalender","calendar","Kalender","der","noun",""
"de.noun.kamel","camel","Kamel","das","noun",""
"de.noun.kamera","camera","Kamera","die","noun",""
"de.noun.kamin","fireplace / chimney","Kamin","der","noun",""
"de.noun.kamm","comb","Kamm","der","noun",""
"de.noun.kammer","chamber / small room","Kammer","die","noun",""
"de.noun.kanal.channel","channel","Kanal","der","noun",""
"de.noun.kanal.canal","canal","Kanal","der","noun",""
"de.noun.kaninchen","rabbit","Kaninchen","das","noun",""
"de.noun.kapazitaet","the capacity","Kapazität","die","noun",""
"de.noun.kapitel","chapter","Kapitel","das","noun",""
"de.noun.karotte","carrot","Karotte","die","noun",""
"de.noun.karriere","career","Karriere","die","noun",""
"de.noun.karte.map","map","Karte","die","noun",""
"de.noun.karte.card-map","card / map","Karte","die","noun",""
"de.noun.karte.card","card","Karte","die","noun",""
"de.noun.kartoffel","potato","Kartoffel","die","noun",""
"de.noun.kasse","checkout (supermarket)","Kasse","die","noun",""
"de.noun.katze","cat","Katze","die","noun",""
"de.noun.kaution","security deposit","Kaution","die","noun",""
"de.noun.keks","cookie","Keks","der","noun",""
"de.noun.keller.cellar","cellar","Keller","der","noun",""
"de.noun.keller.cellar-basement","cellar / basement","Keller","der","noun",""
"de.noun.kellner","waiter (m)","Kellner","der","noun",""
"de.noun.kellnerin","waiter (f)","Kellnerin","die","noun",""
"de.noun.kette","chain","Kette","die","noun",""
"de.noun.kind","child","Kind","das","noun",""
"de.noun.kinn","chin","Kinn","das","noun",""
"de.noun.kino","cinema","Kino","das","noun",""
"de.noun.kirche","church","Kirche","die","noun",""
"de.noun.kirsche","cherry","Kirsche","die","noun",""
"de.noun.kissen","pillow","Kissen","das","noun",""
"de.noun.klarheit","clarity","Klarheit","die","noun",""
"de.noun.klasse","class","Klasse","die","noun",""
"de.noun.klassenzimmer","classroom","Klassenzimmer","das","noun",""
"de.noun.klavier","piano","Klavier","das","noun",""
"de.noun.kleid","dress","Kleid","das","noun",""
"de.noun.kleiderschrank","wardrobe","Kleiderschrank","der","noun",""
"de.noun.kleidung","clothes","Kleidung","die","noun",""
"de.noun.klimawandel","climate change","Klimawandel","der","noun",""
"de.noun.klingel","bell","Klingel","die","noun",""
"de.noun.klinik","clinic","Klinik","die","noun",""
"de.noun.klippe","cliff","Klippe","die","noun",""
"de.noun.knabe","boy / lad","Knabe","der","noun",""
"de.noun.knecht","servant / farmhand","Knecht","der","noun",""
"de.noun.knie","knee","Knie","das","noun",""
"de.noun.knoblauch","garlic","Knoblauch","der","noun",""
"de.noun.knochen","bone","Knochen","der","noun",""
"de.noun.knoechel","ankle","Knöchel","der","noun",""
"de.noun.knopf","button","Knopf","der","noun",""
"de.noun.knoten","knot","Knoten","der","noun",""
"de.noun.koch","cook","Koch","der","noun",""
"de.noun.kochen","cooking","Kochen","das","noun",""
"de.noun.koeln","Cologne","Köln","","noun",""
"de.noun.koenig","king","König","der","noun",""
"de.noun.koenigin","queen","Königin","die","noun",""
"de.noun.koffer","suitcase","Koffer","der","noun",""
"de.noun.kohl","cabbage","Kohl","der","noun",""
"de.noun.kohle","coal","Kohle","die","noun",""
"de.noun.kollege","colleague (m)","Kollege","der","noun",""
"de.noun.kollegin","colleague (f)","Kollegin","die","noun",""
"de.noun.komm","Come! (du)","Komm!","","noun",""
"de.noun.kommentar","comment","Kommentar","der","noun",""
"de.noun.kommt","Come! (ihr)","Kommt!","","noun",""
"de.noun.konflikt","conflict","Konflikt","der","noun",""
"de.noun.konto","account","Konto","das","noun",""
"de.noun.konzert","concert","Konzert","das","noun",""
"de.noun.kopf.head","head","Kopf","der","noun",""
"de.noun.kopf.the-head","the head","Kopf","der","noun",""
"de.noun.kopfschmerzen","headache","Kopfschmerzen","die","noun",""
"de.noun.korb","basket","Korb","der","noun",""
"de.noun.korn","grain","Korn","das","noun",""
"de.noun.korruption","corruption","Korruption","die","noun",""
"de.noun.kosten","cost","Kosten","die","noun",""
"de.noun.kraehe","crow","Krähe","die","noun",""
"de.noun.kraft.power","power","Kraft","die","noun",""
"de.noun.kraft.strength-power","strength / power","Kraft","die","noun",""
"de.noun.krankenhaus","hospital","Krankenhaus","das","noun",""
"de.noun.krankenpfleger","nurse (m)","Krankenpfleger","der","noun",""
"de.noun.krankenschwester","nurse (f)","Krankenschwester","die","noun",""
"de.noun.krankenversicherung","health insurance","Krankenversicherung","die","noun",""
"de.noun.krankenwagen","ambulance","Krankenwagen","der","noun",""
"de.noun.krankheit","illness","Krankheit","die","noun",""
"de.noun.krawatte","tie","Krawatte","die","noun",""
"de.noun.krebs","crab / cancer","Krebs","der","noun",""
"de.noun.kreditkarte","credit card","Kreditkarte","die","noun",""
"de.noun.kreis","circle","Kreis","der","noun",""
"de.noun.kreisverkehr","roundabout","Kreisverkehr","der","noun",""
"de.noun.kreuzung","crossroads","Kreuzung","die","noun",""
"de.noun.krieg","war","Krieg","der","noun",""
"de.noun.krise","crisis","Krise","die","noun",""
"de.noun.krokodil","crocodile","Krokodil","das","noun",""
"de.noun.kuchen","cake","Kuchen","der","noun",""
"de.noun.kueche","kitchen","Küche","die","noun",""
"de.noun.kuechenchef","chef","Küchenchef","der","noun",""
"de.noun.kuehlschrank","refrigerator","Kühlschrank","der","noun",""
"de.noun.kuenstler","artist","Künstler","der","noun",""
"de.noun.kueste","coast","Küste","die","noun",""
"de.noun.kuh","cow","Kuh","die","noun",""
"de.noun.kultur","culture","Kultur","die","noun",""
"de.noun.kummer","worry / grief","Kummer","der","noun",""
"de.noun.kundenkarte","loyalty card","Kundenkarte","die","noun",""
"de.noun.kunst","art","Kunst","die","noun",""
"de.noun.kunstgalerie","art gallery","Kunstgalerie","die","noun",""
"de.noun.kupfer","copper","Kupfer","das","noun",""
"de.noun.labor","laboratory","Labor","das","noun",""
"de.noun.ladegeraet","charger","Ladegerät","das","noun",""
"de.noun.laden","shop","Laden","der","noun",""
"de.noun.lamm","lamb","Lamm","das","noun",""
"de.noun.lampe","lamp","Lampe","die","noun",""
"de.noun.land","country","Land","das","noun",""
"de.noun.langeweile","boredom","Langeweile","die","noun",""
"de.noun.laptop","laptop","Laptop","der","noun",""
"de.noun.last-minute-buchung","last-minute booking","Last-Minute-Buchung","die","noun",""
"de.noun.laub","foliage / leaves","Laub","das","noun",""
"de.noun.laufen","running","Laufen","das","noun",""
"de.noun.laus","louse","Laus","die","noun",""
"de.noun.leben.the-life","the life","Leben","das","noun",""
"de.noun.leben.life","life","Leben","das","noun",""
"de.noun.lebenslauf","resume","Lebenslauf","der","noun",""
"de.noun.lebensqualitaet","quality of life","Lebensqualität","die","noun",""
"de.noun.leber","liver","Leber","die","noun",""
"de.noun.leder","leather","Leder","das","noun",""
"de.noun.lehrer.teacher-m","teacher (m)","Lehrer","der","noun",""
"de.noun.lehrer.teacher","teacher","Lehrer","der","noun",""
"de.noun.lehrerin.teacher-f","teacher (f)","Lehrerin","die","noun",""
"de.noun.lehrerin.the-female-teacher","the (female) teacher","Lehrerin","die","noun",""
"de.noun.lehrplan","curriculum","Lehrplan","der","noun",""
"de.noun.leidenschaft","passion","Leidenschaft","die","noun",""
"de.noun.leider","Unfortunately.","Leider.","","noun",""
"de.noun.leinen.linen","linen","Leinen","das","noun",""
"de.noun.leinen.the-linen","the linen","Leinen","das","noun",""
"de.noun.leistung","the performance","Leistung","die","noun",""
"de.noun.leiter","ladder","Leiter","die","noun",""
"de.noun.lesen","reading","Lesen","das","noun",""
"de.noun.letztendlich","Ultimately...","Letztendlich...","","noun",""
"de.noun.leuchtturm","lighthouse","Leuchtturm","der","noun",""
"de.noun.leute","people","Leute","die","noun",""
"de.noun.licht","light","Licht","das","noun",""
"de.noun.lichtschalter","light switch","Lichtschalter","der","noun",""
"de.noun.liebe","love","Liebe","die","noun",""
"de.noun.liechtenstein","Liechtenstein (also German-speaking)","Liechtenstein","","noun",""
"de.noun.lieferung","delivery","Lieferung","die","noun",""
"de.noun.limonade","lemonade","Limonade","die","noun",""
"de.noun.lineal","ruler","Lineal","das","noun",""
"de.noun.linie","line","Linie","die","noun",""
"de.noun.lippe","lip","Lippe","die","noun",""
"de.noun.lizenz","license","Lizenz","die","noun",""
"de.noun.loeffel","spoon","Löffel","der","noun",""
"de.noun.loesung","solution","Lösung","die","noun",""
"de.noun.loewe","lion","Löwe","der","noun",""
"de.noun.lohn","wage","Lohn","der","noun",""
"de.noun.lokal","pub / restaurant","Lokal","das","noun",""
"de.noun.luege","lie","Lüge","die","noun",""
"de.noun.luft.air","air","Luft","die","noun",""
"de.noun.luft.the-air","the air","Luft","die","noun",""
"de.noun.lunge","lung","Lunge","die","noun",""
"de.noun.macht","power","Macht","die","noun",""
"de.noun.maedchen.girl","girl","Mädchen","das","noun",""
"de.noun.maedchen.the-girl","the girl","Mädchen","das","noun",""
"de.noun.maerz","March","März","der","noun",""
"de.noun.magen","stomach","Magen","der","noun",""
"de.noun.mahlzeit","meal","Mahlzeit","die","noun",""
"de.noun.mai","May","Mai","der","noun",""
"de.noun.mais","corn","Mais","der","noun",""
"de.noun.malen","painting","Malen","das","noun",""
"de.noun.maler","painter","Maler","der","noun",""
"de.noun.manager","manager","Manager","der","noun",""
"de.noun.mann","man","Mann","der","noun",""
"de.noun.mannschaft","team (sports)","Mannschaft","die","noun",""
"de.noun.mantel","coat","Mantel","der","noun",""
"de.noun.marke","brand","Marke","die","noun",""
"de.noun.markt","market","Markt","der","noun",""
"de.noun.marmelade","jam","Marmelade","die","noun",""
"de.noun.massband","tape measure","Maßband","das","noun",""
"de.noun.mathematik","math","Mathematik","die","noun",""
"de.noun.mauer.wall-outer","wall (outer)","Mauer","die","noun",""
"de.noun.mauer.wall-freestanding-outdoor","wall (freestanding / outdoor)","Mauer","die","noun",""
"de.noun.maus","mouse","Maus","die","noun",""
"de.noun.mechaniker","mechanic","Mechaniker","der","noun",""
"de.noun.medaille","medal","Medaille","die","noun",""
"de.noun.medikament","medicine","Medikament","das","noun",""
"de.noun.medizin","medicine","Medizin","die","noun",""
"de.noun.meer.sea","sea","Meer","das","noun",""
"de.noun.meer.sea-ocean","sea / ocean","Meer","das","noun",""
"de.noun.meerschweinchen","guinea pig","Meerschweinchen","das","noun",""
"de.noun.meeting","meeting","Meeting","das","noun",""
"de.noun.mehl","flour","Mehl","das","noun",""
"de.noun.mehrwertsteuer","value added tax","Mehrwertsteuer","die","noun",""
"de.noun.meinung","opinion","Meinung","die","noun",""
"de.noun.meisterschaft","championship","Meisterschaft","die","noun",""
"de.noun.menge","the amount","Menge","die","noun",""
"de.noun.mensa","canteen / mensa","Mensa","die","noun",""
"de.noun.menschenrechte","human rights","Menschenrechte","die","noun",""
"de.noun.messe","trade fair / mass","Messe","die","noun",""
"de.noun.messer","knife","Messer","das","noun",""
"de.noun.metall","metal","Metall","das","noun",""
"de.noun.methode","the method","Methode","die","noun",""
"de.noun.metzger","butcher","Metzger","der","noun",""
"de.noun.metzgerei","butcher shop","Metzgerei","die","noun",""
"de.noun.mikroskop","microscope","Mikroskop","das","noun",""
"de.noun.mikrowelle","microwave","Mikrowelle","die","noun",""
"de.noun.milch","milk","Milch","die","noun",""
"de.noun.minute","minute","Minute","die","noun",""
"de.noun.misserfolg","failure","Misserfolg","der","noun",""
"de.noun.mist","manure / rubbish","Mist","der","noun",""
"de.noun.mitgefuehl","compassion","Mitgefühl","das","noun",""
"de.noun.mitgliedschaft","membership","Mitgliedschaft","die","noun",""
"de.noun.mittag","noon","Mittag","der","noun",""
"de.noun.mittagessen","lunch","Mittagessen","das","noun",""
"de.noun.mitte","the center","Mitte","die","noun",""
"de.noun.mitternacht","midnight","Mitternacht","die","noun",""
"de.noun.mittwoch","Wednesday","Mittwoch","der","noun",""
"de.noun.mode","fashion","Mode","die","noun",""
"de.noun.modell","model","Modell","das","noun",""
"de.noun.moeglichkeit","opportunity","Möglichkeit","die","noun",""
"de.noun.molekuel","molecule","Molekül","das","noun",""
"de.noun.moment","moment","Moment","der","noun",""
"de.noun.monat","month","Monat","der","noun",""
"de.noun.mond","moon","Mond","der","noun",""
"de.noun.montag","Monday","Montag","der","noun",""
"de.noun.morgen","morning","Morgen","der","noun",""
"de.noun.morgendaemmerung","dawn","Morgendämmerung","die","noun",""
"de.noun.morgenroutine","morning routine","Morgenroutine","die","noun",""
"de.noun.moschee","mosque","Moschee","die","noun",""
"de.noun.motivation","motivation","Motivation","die","noun",""
"de.noun.motorrad","motorcycle","Motorrad","das","noun",""
"de.noun.muecke","mosquito","Mücke","die","noun",""
"de.noun.muelleimer","trash can","Mülleimer","der","noun",""
"de.noun.muenchen","Munich","München","","noun",""
"de.noun.muenze","coin","Münze","die","noun",""
"de.noun.muetze.hat","hat","Mütze","die","noun",""
"de.noun.muetze.the-cap","the cap","Mütze","die","noun",""
"de.noun.mund","mouth","Mund","der","noun",""
"de.noun.museum","museum","Museum","das","noun",""
"de.noun.musik","music","Musik","die","noun",""
"de.noun.musiker","musician","Musiker","der","noun",""
"de.noun.muskel","muscle","Muskel","der","noun",""
"de.noun.mut","courage","Mut","der","noun",""
"de.noun.mutter","mother","Mutter","die","noun",""
"de.noun.muttersprache","mother tongue","Muttersprache","die","noun",""
"de.noun.nachbar.neighbor-m","neighbor (m)","Nachbar","der","noun",""
"de.noun.nachbar.neighbour","neighbour","Nachbar","der","noun",""
"de.noun.nachbarin","neighbor (f)","Nachbarin","die","noun",""
"de.noun.nachbarschaft","neighborhood","Nachbarschaft","die","noun",""
"de.noun.nachmittag","afternoon","Nachmittag","der","noun",""
"de.noun.nachricht","message","Nachricht","die","noun",""
"de.noun.nacht.night","night","Nacht","die","noun",""
"de.noun.nacht.the-night","the night","Nacht","die","noun",""
"de.noun.nadel","needle","Nadel","die","noun",""
"de.noun.nagel.nail","nail","Nagel","der","noun",""
"de.noun.nagel.nail-hardware","nail (hardware)","Nagel","der","noun",""
"de.noun.nagel.nail-finger-and-metal","nail (finger and metal)","Nagel","der","noun",""
"de.noun.name.the-name","the name","Name","der","noun",""
"de.noun.name.name","name","Name","der","noun",""
"de.noun.narbe","scar","Narbe","die","noun",""
"de.noun.nase","nose","Nase","die","noun",""
"de.noun.natel","mobile phone (Swiss)","Natel","das","noun",""
"de.noun.nation","nation","Nation","die","noun",""
"de.noun.nationalitaet","nationality","Nationalität","die","noun",""
"de.noun.natuerlich.of-course","Of course!","Natürlich!","","noun",""
"de.noun.natuerlich.of-course-2","Of course.","Natürlich.","","noun",""
"de.noun.natur","nature","Natur","die","noun",""
"de.noun.naturschutzgebiet","nature reserve","Naturschutzgebiet","das","noun",""
"de.noun.nebel","fog","Nebel","der","noun",""
"de.noun.neffe","nephew","Neffe","der","noun",""
"de.noun.nest","nest","Nest","das","noun",""
"de.noun.netz","net","Netz","das","noun",""
"de.noun.netzwerk","network","Netzwerk","das","noun",""
"de.noun.nichte","niece","Nichte","die","noun",""
"de.noun.niere","kidney","Niere","die","noun",""
"de.noun.nilpferd","hippopotamus","Nilpferd","das","noun",""
"de.noun.niveau.the-level","the level","Niveau","das","noun",""
"de.noun.niveau.level","level","Niveau","das","noun",""
"de.noun.norden","north","Norden","der","noun",""
"de.noun.nostalgie","nostalgia","Nostalgie","die","noun",""
"de.noun.notausgang","emergency exit","Notausgang","der","noun",""
"de.noun.note","grade","Note","die","noun",""
"de.noun.notfall","emergency","Notfall","der","noun",""
"de.noun.notizbuch","notebook","Notizbuch","das","noun",""
"de.noun.november","November","November","der","noun",""
"de.noun.nudel","noodle / pasta","Nudel","die","noun",""
"de.noun.nudeln","pasta","Nudeln","die","noun",""
"de.noun.nummer.the-number","the number","Nummer","die","noun",""
"de.noun.nummer.number-of-a-house-phone","number (of a house, phone)","Nummer","die","noun",""
"de.noun.nuss","nut","Nuss","die","noun",""
"de.noun.oberflaeche","the surface","Oberfläche","die","noun",""
"de.noun.ochse","ox","Ochse","der","noun",""
"de.noun.oekosystem","ecosystem","Ökosystem","das","noun",""
"de.noun.oel","oil","Öl","das","noun",""
"de.noun.oesterreich","Austria","Österreich","","noun",""
"de.noun.ofen","oven / stove","Ofen","der","noun",""
"de.noun.ohr","ear","Ohr","das","noun",""
"de.noun.ohrring","earring","Ohrring","der","noun",""
"de.noun.oktober","October","Oktober","der","noun",""
"de.noun.oldtimer","classic car","Oldtimer","der","noun",""
"de.noun.onkel","uncle","Onkel","der","noun",""
"de.noun.oper","opera","Oper","die","noun",""
"de.noun.operation","operation","Operation","die","noun",""
"de.noun.orange","orange","Orange","die","noun",""
"de.noun.ordner","folder","Ordner","der","noun",""
"de.noun.organisation","organisation","Organisation","die","noun",""
"de.noun.ort","the place","Ort","der","noun",""
"de.noun.ortszeit","local time","Ortszeit","die","noun",""
"de.noun.osterei","Easter egg","Osterei","das","noun",""
"de.noun.ostern","Easter","Ostern","","noun",""
"de.noun.ozean","ocean","Ozean","der","noun",""
"de.noun.pandemie","pandemic","Pandemie","die","noun",""
"de.noun.papagei","parrot","Papagei","der","noun",""
"de.noun.papier","paper","Papier","das","noun",""
"de.noun.parameter","parameter","Parameter","der","noun",""
"de.noun.park","park","Park","der","noun",""
"de.noun.parkplatz","parking lot","Parkplatz","der","noun",""
"de.noun.parlament","parliament","Parlament","das","noun",""
"de.noun.partner","partner","Partner","der","noun",""
"de.noun.party","party","Party","die","noun",""
"de.noun.passwort","password","Passwort","das","noun",""
"de.noun.person","person","Person","die","noun",""
"de.noun.personal","staff / personnel","Personal","das","noun",""
"de.noun.personalausweis","identity card","Personalausweis","der","noun",""
"de.noun.pfad","path","Pfad","der","noun",""
"de.noun.pfanne","pan","Pfanne","die","noun",""
"de.noun.pfeffer.pepper-spice","pepper (spice)","Pfeffer","der","noun",""
"de.noun.pfeffer.pepper","pepper","Pfeffer","der","noun",""
"de.noun.pferd","horse","Pferd","das","noun",""
"de.noun.pfirsich","peach","Pfirsich","der","noun",""
"de.noun.pflanze","plant","Pflanze","die","noun",""
"de.noun.pflaume","plum","Pflaume","die","noun",""
"de.noun.pfund","pound","Pfund","das","noun",""
"de.noun.photosynthese","photosynthesis","Photosynthese","die","noun",""
"de.noun.physik","physics","Physik","die","noun",""
"de.noun.pilot","pilot","Pilot","der","noun",""
"de.noun.pilz","mushroom","Pilz","der","noun",""
"de.noun.pinguin","penguin","Pinguin","der","noun",""
"de.noun.plagiat","plagiarism","Plagiat","das","noun",""
"de.noun.plan","plan","Plan","der","noun",""
"de.noun.plastik","plastic","Plastik","das","noun",""
"de.noun.platz.square-in-a-town","square (in a town)","Platz","der","noun",""
"de.noun.platz.square-place","square / place","Platz","der","noun",""
"de.noun.plural","plural","Plural","der","noun",""
"de.noun.podcast","podcast","Podcast","der","noun",""
"de.noun.pokal","trophy","Pokal","der","noun",""
"de.noun.politik","politics","Politik","die","noun",""
"de.noun.politiker","politician","Politiker","der","noun",""
"de.noun.polizei","police","Polizei","die","noun",""
"de.noun.polizeiwache","police station","Polizeiwache","die","noun",""
"de.noun.polizist","police officer","Polizist","der","noun",""
"de.noun.position","the position","Position","die","noun",""
"de.noun.postamt","post office","Postamt","das","noun",""
"de.noun.postfach","inbox","Postfach","das","noun",""
"de.noun.praesentation","presentation","Präsentation","die","noun",""
"de.noun.praeservativ","condom","Präservativ","das","noun",""
"de.noun.praxis","the practice","Praxis","die","noun",""
"de.noun.preis","price","Preis","der","noun",""
"de.noun.preisliste","price list","Preisliste","die","noun",""
"de.noun.preisschild","price tag","Preisschild","das","noun",""
"de.noun.priester","priest","Priester","der","noun",""
"de.noun.prinzip","the principle","Prinzip","das","noun",""
"de.noun.problem","problem","Problem","das","noun",""
"de.noun.produkt","product","Produkt","das","noun",""
"de.noun.professor","professor","Professor","der","noun",""
"de.noun.profilbild","profile picture","Profilbild","das","noun",""
"de.noun.programm","program","Programm","das","noun",""
"de.noun.programmierer","programmer","Programmierer","der","noun",""
"de.noun.programmiersprache","programming language","Programmiersprache","die","noun",""
"de.noun.projekt","project","Projekt","das","noun",""
"de.noun.prospekt","brochure","Prospekt","der","noun",""
"de.noun.prost","Cheers!","Prost!","","noun",""
"de.noun.protest","protest","Protest","der","noun",""
"de.noun.provision","commission (payment)","Provision","die","noun",""
"de.noun.prozess.the-process","the process","Prozess","der","noun",""
"de.noun.prozess.process","process","Prozess","der","noun",""
"de.noun.pruefung","exam","Prüfung","die","noun",""
"de.noun.psychologe","psychologist","Psychologe","der","noun",""
"de.noun.pullover","sweater","Pullover","der","noun",""
"de.noun.punkt.point","point","Punkt","der","noun",""
"de.noun.punkt.the-point","the point","Punkt","der","noun",""
"de.noun.punktestand","score","Punktestand","der","noun",""
"de.noun.quadrat","square (shape)","Quadrat","das","noun",""
"de.noun.qualitaet","quality","Qualität","die","noun",""
"de.noun.quark","quark (cheese)","Quark","der","noun",""
"de.noun.quittung","receipt","Quittung","die","noun",""
"de.noun.rabatt","discount","Rabatt","der","noun",""
"de.noun.rabe","raven","Rabe","der","noun",""
"de.noun.rad","wheel","Rad","das","noun",""
"de.noun.radfahren","cycling","Radfahren","das","noun",""
"de.noun.radio","radio","Radio","das","noun",""
"de.noun.raeuber","the robber","Räuber","der","noun",""
"de.noun.raeumungsverkauf","clearance sale","Räumungsverkauf","der","noun",""
"de.noun.rand","the edge","Rand","der","noun",""
"de.noun.rat.advice","advice","Rat","der","noun",""
"de.noun.rat.advice-council","advice/council","Rat","der","noun",""
"de.noun.rat.advice-council-2","advice / council","Rat","der","noun",""
"de.noun.rate","installment","Rate","die","noun",""
"de.noun.rathaus","town hall","Rathaus","das","noun",""
"de.noun.ratte","rat","Ratte","die","noun",""
"de.noun.rauch","smoke","Rauch","der","noun",""
"de.noun.raum","room / space","Raum","der","noun",""
"de.noun.reaktion","the reaction","Reaktion","die","noun",""
"de.noun.rechnung.bill","bill","Rechnung","die","noun",""
"de.noun.rechnung.invoice","invoice","Rechnung","die","noun",""
"de.noun.rechnung.bill-invoice","bill / invoice","Rechnung","die","noun",""
"de.noun.recht.right","right","Recht","das","noun",""
"de.noun.recht.law-right","law / right","Recht","das","noun",""
"de.noun.referenz","reference","Referenz","die","noun",""
"de.noun.regal","shelf","Regal","das","noun",""
"de.noun.regel","rule","Regel","die","noun",""
"de.noun.regen","rain","Regen","der","noun",""
"de.noun.regenbogen","rainbow","Regenbogen","der","noun",""
"de.noun.regenschirm","umbrella","Regenschirm","der","noun",""
"de.noun.region","region","Region","die","noun",""
"de.noun.regisseur","director","Regisseur","der","noun",""
"de.noun.reh","deer","Reh","das","noun",""
"de.noun.reich","empire / realm","Reich","das","noun",""
"de.noun.reichtum","wealth","Reichtum","der","noun",""
"de.noun.reis","rice","Reis","der","noun",""
"de.noun.reise","journey","Reise","die","noun",""
"de.noun.reisefuehrer","tour guide","Reiseführer","der","noun",""
"de.noun.reiseplan","itinerary","Reiseplan","der","noun",""
"de.noun.reiseversicherung","travel insurance","Reiseversicherung","die","noun",""
"de.noun.reissverschluss","zipper","Reißverschluss","der","noun",""
"de.noun.religion","religion","Religion","die","noun",""
"de.noun.rennen","race","Rennen","das","noun",""
"de.noun.rente","pension","Rente","die","noun",""
"de.noun.respekt","respect","Respekt","der","noun",""
"de.noun.restaurant","restaurant","Restaurant","das","noun",""
"de.noun.revolution","revolution","Revolution","die","noun",""
"de.noun.rezept.recipe","recipe","Rezept","das","noun",""
"de.noun.rezept.prescription","prescription","Rezept","das","noun",""
"de.noun.rezept.recipe-prescription","recipe / prescription","Rezept","das","noun",""
"de.noun.rezeption","reception","Rezeption","die","noun",""
"de.noun.rezession","recession","Rezession","die","noun",""
"de.noun.richter","judge","Richter","der","noun",""
"de.noun.richtung.the-direction","the direction","Richtung","die","noun",""
"de.noun.richtung.direction","direction","Richtung","die","noun",""
"de.noun.rindfleisch","beef","Rindfleisch","das","noun",""
"de.noun.ring","ring","Ring","der","noun",""
"de.noun.rippe","rib","Rippe","die","noun",""
"de.noun.risiko","risk","Risiko","das","noun",""
"de.noun.rock.skirt","skirt","Rock","der","noun",""
"de.noun.rock.the-skirt","the skirt","Rock","der","noun",""
"de.noun.roggen","rye","Roggen","der","noun",""
"de.noun.rolle","the role","Rolle","die","noun",""
"de.noun.roman","novel","Roman","der","noun",""
"de.noun.routine","routine","Routine","die","noun",""
"de.noun.rucksack","backpack","Rucksack","der","noun",""
"de.noun.ruecken.back","back","Rücken","der","noun",""
"de.noun.ruecken.back-body","back (body)","Rücken","der","noun",""
"de.noun.rueckerstattung","refund","Rückerstattung","die","noun",""
"de.noun.rueckfahrkarte","return ticket","Rückfahrkarte","die","noun",""
"de.noun.rueckgabebedingungen","return policy","Rückgabebedingungen","die","noun",""
"de.noun.sache","the thing","Sache","die","noun",""
"de.noun.saege","saw","Säge","die","noun",""
"de.noun.saenger","singer","Sänger","der","noun",""
"de.noun.saeule","column","Säule","die","noun",""
"de.noun.saft","juice","Saft","der","noun",""
"de.noun.salat.salad","salad","Salat","der","noun",""
"de.noun.salat.lettuce","lettuce","Salat","der","noun",""
"de.noun.salat.salad-lettuce","salad / lettuce","Salat","der","noun",""
"de.noun.salbe","ointment / salve","Salbe","die","noun",""
"de.noun.salz","salt","Salz","das","noun",""
"de.noun.samstag","Saturday","Samstag","der","noun",""
"de.noun.sand","sand","Sand","der","noun",""
"de.noun.sattel","saddle","Sattel","der","noun",""
"de.noun.satz","sentence","Satz","der","noun",""
"de.noun.sauerkraut","sauerkraut","Sauerkraut","das","noun",""
"de.noun.schach","chess","Schach","das","noun",""
"de.noun.schachtel","box","Schachtel","die","noun",""
"de.noun.schaf","sheep","Schaf","das","noun",""
"de.noun.schal","scarf","Schal","der","noun",""
"de.noun.scham","shame","Scham","die","noun",""
"de.noun.schatz","treasure / darling","Schatz","der","noun",""
"de.noun.schau","Look! (du)","Schau!","","noun",""
"de.noun.schauspieler","actor","Schauspieler","der","noun",""
"de.noun.scheinwerfer","headlight","Scheinwerfer","der","noun",""
"de.noun.schere","scissors","Schere","die","noun",""
"de.noun.schiedsrichter","referee","Schiedsrichter","der","noun",""
"de.noun.schiff","ship","Schiff","das","noun",""
"de.noun.schildkroete.turtle","turtle","Schildkröte","die","noun",""
"de.noun.schildkroete.turtle-tortoise","turtle / tortoise","Schildkröte","die","noun",""
"de.noun.schinken","ham","Schinken","der","noun",""
"de.noun.schirm","umbrella / shield","Schirm","der","noun",""
"de.noun.schlaf.sleep","sleep","Schlaf","der","noun",""
"de.noun.schlaf.sleep-noun","sleep (noun)","Schlaf","der","noun",""
"de.noun.schlafanzug","pajamas","Schlafanzug","der","noun",""
"de.noun.schlafzimmer","bedroom","Schlafzimmer","das","noun",""
"de.noun.schlagzeug","drums","Schlagzeug","das","noun",""
"de.noun.schlange","snake","Schlange","die","noun",""
"de.noun.schlitten","sled / sleigh","Schlitten","der","noun",""
"de.noun.schloss","lock","Schloss","das","noun",""
"de.noun.schluessel","key","Schlüssel","der","noun",""
"de.noun.schlussfolgerung","conclusion","Schlussfolgerung","die","noun",""
"de.noun.schmerz","pain","Schmerz","der","noun",""
"de.noun.schmetterling","butterfly","Schmetterling","der","noun",""
"de.noun.schmied","smith / blacksmith","Schmied","der","noun",""
"de.noun.schnaeppchen","bargain","Schnäppchen","das","noun",""
"de.noun.schnecke","snail","Schnecke","die","noun",""
"de.noun.schnee","snow","Schnee","der","noun",""
"de.noun.schnitzel","schnitzel","Schnitzel","das","noun",""
"de.noun.schnurrbart","mustache","Schnurrbart","der","noun",""
"de.noun.schokolade","chocolate","Schokolade","die","noun",""
"de.noun.schrank","wardrobe / cupboard","Schrank","der","noun",""
"de.noun.schraube","screw","Schraube","die","noun",""
"de.noun.schraubenzieher","screwdriver","Schraubenzieher","der","noun",""
"de.noun.schrecken","fright / terror","Schrecken","der","noun",""
"de.noun.schreibtisch","desk","Schreibtisch","der","noun",""
"de.noun.schriftsteller","writer","Schriftsteller","der","noun",""
"de.noun.schritt","the step","Schritt","der","noun",""
"de.noun.schublade","drawer","Schublade","die","noun",""
"de.noun.schueler","pupil","Schüler","der","noun",""
"de.noun.schuessel","bowl","Schüssel","die","noun",""
"de.noun.schuh","shoe","Schuh","der","noun",""
"de.noun.schuhe","shoes","Schuhe","die","noun",""
"de.noun.schuld.guilt","guilt","Schuld","die","noun",""
"de.noun.schuld.debt-guilt","debt / guilt","Schuld","die","noun",""
"de.noun.schulden","debt","Schulden","die","noun",""
"de.noun.schule","school","Schule","die","noun",""
"de.noun.schulter","shoulder","Schulter","die","noun",""
"de.noun.schuss","shot","Schuss","der","noun",""
"de.noun.schwalbe","swallow (bird)","Schwalbe","die","noun",""
"de.noun.schwan","swan","Schwan","der","noun",""
"de.noun.schwarzbrot","rye bread","Schwarzbrot","das","noun",""
"de.noun.schwein","pig","Schwein","das","noun",""
"de.noun.schweinefleisch","pork","Schweinefleisch","das","noun",""
"de.noun.schweiss","sweat","Schweiß","der","noun",""
"de.noun.schwerkraft","gravity","Schwerkraft","die","noun",""
"de.noun.schwert","sword","Schwert","das","noun",""
"de.noun.schwester","sister","Schwester","die","noun",""
"de.noun.schwimmbad","swimming pool","Schwimmbad","das","noun",""
"de.noun.schwimmen","swimming","Schwimmen","das","noun",""
"de.noun.screenshot","screenshot","Screenshot","der","noun",""
"de.noun.see.lake","lake","See","der","noun",""
"de.noun.see.sea-formal-poetic","sea (formal/poetic)","See","die","noun",""
"de.noun.see.sea-lake-die-see-sea","sea / lake (die See = sea)","See","die","noun",""
"de.noun.seele","soul","Seele","die","noun",""
"de.noun.segel","sail","Segel","das","noun",""
"de.noun.seide","silk","Seide","die","noun",""
"de.noun.seife","soap","Seife","die","noun",""
"de.noun.seil","rope","Seil","das","noun",""
"de.noun.seite.page","page","Seite","die","noun",""
"de.noun.seite.the-side","the side","Seite","die","noun",""
"de.noun.seite.side-page","side / page","Seite","die","noun",""
"de.noun.sekunde.second-unit-of-time","second (unit of time)","Sekunde","die","noun",""
"de.noun.sekunde.second-time","second (time)","Sekunde","die","noun",""
"de.noun.selbstvertrauen","self-confidence","Selbstvertrauen","das","noun",""
"de.noun.selbstwertgefuehl","self-esteem","Selbstwertgefühl","das","noun",""
"de.noun.semester","semester","Semester","das","noun",""
"de.noun.seminar","seminar","Seminar","das","noun",""
"de.noun.sendungsnummer","tracking number","Sendungsnummer","die","noun",""
"de.noun.senf","mustard","Senf","der","noun",""
"de.noun.september","September","September","der","noun",""
"de.noun.serie","series","Serie","die","noun",""
"de.noun.servus.hello-austrian-southern","Hello! (Austrian/Southern)","Servus!","","noun",""
"de.noun.servus.hello-austrian-southern-2","hello (Austrian/Southern)","Servus!","","noun",""
"de.noun.sessel","armchair","Sessel","der","noun",""
"de.noun.sicherheit","safety","Sicherheit","die","noun",""
"de.noun.sie","you (formal)","Sie","","noun",""
"de.noun.sieb","sieve","Sieb","das","noun",""
"de.noun.silber","silver","Silber","das","noun",""
"de.noun.silvester","New Year's Eve","Silvester","der","noun",""
"de.noun.singen","singing","Singen","das","noun",""
"de.noun.situation.the-situation","the situation","Situation","die","noun",""
"de.noun.situation.situation","situation","Situation","die","noun",""
"de.noun.skifahren","skiing","Skifahren","das","noun",""
"de.noun.smartphone","smartphone","Smartphone","das","noun",""
"de.noun.smoking","tuxedo","Smoking","der","noun",""
"de.noun.snack","snack","Snack","der","noun",""
"de.noun.snowboarden","snowboarding","Snowboarden","das","noun",""
"de.noun.socken","socks","Socken","die","noun",""
"de.noun.sofa","sofa","Sofa","das","noun",""
"de.noun.software","software","Software","die","noun",""
"de.noun.sohn","son","Sohn","der","noun",""
"de.noun.solarpanel","solar panel","Solarpanel","das","noun",""
"de.noun.soldat","soldier","Soldat","der","noun",""
"de.noun.sommer","summer","Sommer","der","noun",""
"de.noun.sommersprossen","freckles","Sommersprossen","die","noun",""
"de.noun.sonderangebot","special deal","Sonderangebot","das","noun",""
"de.noun.sonne.sun","sun","Sonne","die","noun",""
"de.noun.sonne.the-sun","the sun","Sonne","die","noun",""
"de.noun.sonntag","Sunday","Sonntag","der","noun",""
"de.noun.sorge","worry / care","Sorge","die","noun",""
"de.noun.souvenir","souvenir","Souvenir","das","noun",""
"de.noun.sozusagen","So to speak.","Sozusagen.","","noun",""
"de.noun.spam","spam","Spam","der","noun",""
"de.noun.spannung","voltage","Spannung","die","noun",""
"de.noun.speisekarte","menu","Speisekarte","die","noun",""
"de.noun.spiegel","mirror","Spiegel","der","noun",""
"de.noun.spiel","game","Spiel","das","noun",""
"de.noun.spieler","player","Spieler","der","noun",""
"de.noun.spielzeug","toy","Spielzeug","das","noun",""
"de.noun.spinat","spinach","Spinat","der","noun",""
"de.noun.spinne","spider","Spinne","die","noun",""
"de.noun.spitze","the top","Spitze","die","noun",""
"de.noun.sport","sport","Sport","der","noun",""
"de.noun.sporthalle","sports hall","Sporthalle","die","noun",""
"de.noun.sportkleidung","sportswear","Sportkleidung","die","noun",""
"de.noun.sportverein","sports club","Sportverein","der","noun",""
"de.noun.sprache.language","language","Sprache","die","noun",""
"de.noun.sprache.language-speech","language / speech","Sprache","die","noun",""
"de.noun.sprachkurs","language course","Sprachkurs","der","noun",""
"de.noun.spritze","injection","Spritze","die","noun",""
"de.noun.spuelmaschine","dishwasher","Spülmaschine","die","noun",""
"de.noun.staatsbuergerschaft","citizenship","Staatsbürgerschaft","die","noun",""
"de.noun.stab","staff / rod","Stab","der","noun",""
"de.noun.stadion","stadium","Stadion","das","noun",""
"de.noun.stadt.city","city","Stadt","die","noun",""
"de.noun.stadt.city-town","city / town","Stadt","die","noun",""
"de.noun.stadtzentrum","city center","Stadtzentrum","das","noun",""
"de.noun.stahl","steel","Stahl","der","noun",""
"de.noun.start-up","startup","Start-up","das","noun",""
"de.noun.statue","statue","Statue","die","noun",""
"de.noun.stau","traffic jam","Stau","der","noun",""
"de.noun.staubsauger","vacuum cleaner","Staubsauger","der","noun",""
"de.noun.steckdose","power outlet","Steckdose","die","noun",""
"de.noun.stein","stone","Stein","der","noun",""
"de.noun.stern.star","star","Stern","der","noun",""
"de.noun.stern.the-star","the star","Stern","der","noun",""
"de.noun.steuer","tax","Steuer","die","noun",""
"de.noun.stich","stitch / sting (noun)","Stich","der","noun",""
"de.noun.stiefel","boots","Stiefel","die","noun",""
"de.noun.stiefmutter","stepmother","Stiefmutter","die","noun",""
"de.noun.stiefvater","stepfather","Stiefvater","der","noun",""
"de.noun.stift","pen","Stift","der","noun",""
"de.noun.stinktier","skunk","Stinktier","das","noun",""
"de.noun.stipendium","scholarship","Stipendium","das","noun",""
"de.noun.stirn","forehead","Stirn","die","noun",""
"de.noun.stolz","pride","Stolz","der","noun",""
"de.noun.storch","stork","Storch","der","noun",""
"de.noun.stornierung","cancellation","Stornierung","die","noun",""
"de.noun.strahlung","radiation","Strahlung","die","noun",""
"de.noun.strand.beach","beach","Strand","der","noun",""
"de.noun.strand.beach-shore","beach / shore","Strand","der","noun",""
"de.noun.strasse.street","street","Straße","die","noun",""
"de.noun.strasse.road","road","Straße","die","noun",""
"de.noun.strassenbahn","tram","Straßenbahn","die","noun",""
"de.noun.strategie","the strategy","Strategie","die","noun",""
"de.noun.streamingdienst","streaming service","Streamingdienst","der","noun",""
"de.noun.stress","stress","Stress","der","noun",""
"de.noun.stricken","knitting","Stricken","das","noun",""
"de.noun.stroh","straw","Stroh","das","noun",""
"de.noun.strom.current","current","Strom","der","noun",""
"de.noun.strom.stream-electric-current","stream / electric current","Strom","der","noun",""
"de.noun.struktur","structure","Struktur","die","noun",""
"de.noun.student.student-m","student (m)","Student","der","noun",""
"de.noun.student.student","student","Student","der","noun",""
"de.noun.studentin","student (f)","Studentin","die","noun",""
"de.noun.studiengebuehr","tuition fee","Studiengebühr","die","noun",""
"de.noun.stueck","the piece","Stück","das","noun",""
"de.noun.stufe","the stage","Stufe","die","noun",""
"de.noun.stuhl","chair","Stuhl","der","noun",""
"de.noun.stunde.hour","hour","Stunde","die","noun",""
"de.noun.stunde.lesson","lesson","Stunde","die","noun",""
"de.noun.sturm","storm","Sturm","der","noun",""
"de.noun.sueden","south","Süden","der","noun",""
"de.noun.supermarkt","supermarket","Supermarkt","der","noun",""
"de.noun.suppe","soup","Suppe","die","noun",""
"de.noun.symptom","symptom","Symptom","das","noun",""
"de.noun.system","system","System","das","noun",""
"de.noun.t-shirt","t-shirt","T-Shirt","das","noun",""
"de.noun.tablet","tablet","Tablet","das","noun",""
"de.noun.tablett","tray","Tablett","das","noun",""
"de.noun.tablette","pill","Tablette","die","noun",""
"de.noun.tafel","blackboard","Tafel","die","noun",""
"de.noun.tag","day","Tag","der","noun",""
"de.noun.tal","valley","Tal","das","noun",""
"de.noun.taler","the taler (old coin)","Taler","der","noun",""
"de.noun.tankstelle","fuel station","Tankstelle","die","noun",""
"de.noun.tante","aunt","Tante","die","noun",""
"de.noun.tanzen","dancing","Tanzen","das","noun",""
"de.noun.tasche.bag","bag","Tasche","die","noun",""
"de.noun.tasche.pocket","pocket","Tasche","die","noun",""
"de.noun.tasche.bag-pocket","bag / pocket","Tasche","die","noun",""
"de.noun.tasse","cup","Tasse","die","noun",""
"de.noun.tastatur","keyboard","Tastatur","die","noun",""
"de.noun.taste","key / button (to press)","Taste","die","noun",""
"de.noun.tatsache","the fact","Tatsache","die","noun",""
"de.noun.tattoo","tattoo","Tattoo","das","noun",""
"de.noun.tau.dew","dew","Tau","der","noun",""
"de.noun.tau.the-dew","the dew","Tau","der","noun",""
"de.noun.taube.pigeon","pigeon","Taube","die","noun",""
"de.noun.taube.dove-pigeon","dove / pigeon","Taube","die","noun",""
"de.noun.taxi","taxi","Taxi","das","noun",""
"de.noun.team","team","Team","das","noun",""
"de.noun.technologie","technology","Technologie","die","noun",""
"de.noun.tee","tea","Tee","der","noun",""
"de.noun.teenager","teenager","Teenager","der","noun",""
"de.noun.teig","dough","Teig","der","noun",""
"de.noun.teil","part / share","Teil","der","noun",""
"de.noun.telefon.phone","phone","Telefon","das","noun",""
"de.noun.telefon.telephone","telephone","Telefon","das","noun",""
"de.noun.telefonnummer","phone number","Telefonnummer","die","noun",""
"de.noun.teleskop","telescope","Teleskop","das","noun",""
"de.noun.teller","plate","Teller","der","noun",""
"de.noun.temperatur","the temperature","Temperatur","die","noun",""
"de.noun.tennis","tennis","Tennis","das","noun",""
"de.noun.teppich","carpet","Teppich","der","noun",""
"de.noun.termin.appointment","appointment","Termin","der","noun",""
"de.noun.termin.appointment-deadline","appointment / deadline","Termin","der","noun",""
"de.noun.termin.date-appointment","date / appointment","Termin","der","noun",""
"de.noun.terrasse","terrace","Terrasse","die","noun",""
"de.noun.teufel","devil","Teufel","der","noun",""
"de.noun.text","text","Text","der","noun",""
"de.noun.theater.theater","theater","Theater","das","noun",""
"de.noun.theater.theatre","theatre","Theater","das","noun",""
"de.noun.theorie","theory","Theorie","die","noun",""
"de.noun.therapie","therapy","Therapie","die","noun",""
"de.noun.ticket","ticket","Ticket","das","noun",""
"de.noun.tierarzt","veterinarian","Tierarzt","der","noun",""
"de.noun.tiger","tiger","Tiger","der","noun",""
"de.noun.tisch","table","Tisch","der","noun",""
"de.noun.tochter","daughter","Tochter","die","noun",""
"de.noun.tod","death","Tod","der","noun",""
"de.noun.tomate","tomato","Tomate","die","noun",""
"de.noun.ton","clay","Ton","der","noun",""
"de.noun.topf","pot","Topf","der","noun",""
"de.noun.tor.gate","gate","Tor","das","noun",""
"de.noun.tor.goal-in-sports","goal (in sports)","Tor","das","noun",""
"de.noun.tradition","tradition","Tradition","die","noun",""
"de.noun.trainer","coach","Trainer","der","noun",""
"de.noun.traube","grape","Traube","die","noun",""
"de.noun.trauer","mourning / grief","Trauer","die","noun",""
"de.noun.traum","dream","Traum","der","noun",""
"de.noun.trauma","trauma","Trauma","das","noun",""
"de.noun.traurigkeit","sadness","Traurigkeit","die","noun",""
"de.noun.treibhauseffekt","greenhouse effect","Treibhauseffekt","der","noun",""
"de.noun.treppe","stairs","Treppe","die","noun",""
"de.noun.trinkgeld","tip","Trinkgeld","das","noun",""
"de.noun.trost","comfort / consolation","Trost","der","noun",""
"de.noun.tschuess","Bye! (informal)","Tschüss!","","noun",""
"de.noun.tuer","door","Tür","die","noun",""
"de.noun.tunnel","tunnel","Tunnel","der","noun",""
"de.noun.turm","tower","Turm","der","noun",""
"de.noun.turnen","gymnastics","Turnen","das","noun",""
"de.noun.turnier","tournament","Turnier","das","noun",""
"de.noun.u-bahn","subway","U-Bahn","die","noun",""
"de.noun.ueberraschung","surprise","Überraschung","die","noun",""
"de.noun.ueberschrift","headline","Überschrift","die","noun",""
"de.noun.uebersetzung","translation","Übersetzung","die","noun",""
"de.noun.uebrigens","By the way.","Übrigens.","","noun",""
"de.noun.uebung","exercise","Übung","die","noun",""
"de.noun.uhr.watch","watch","Uhr","die","noun",""
"de.noun.uhr.clock","clock","Uhr","die","noun",""
"de.noun.uhr.clock-watch","clock / watch","Uhr","die","noun",""
"de.noun.umkleidekabine","fitting room","Umkleidekabine","die","noun",""
"de.noun.umwelt","environment","Umwelt","die","noun",""
"de.noun.universitaet","university","Universität","die","noun",""
"de.noun.unruhe","the unrest","Unruhe","die","noun",""
"de.noun.unterhaltung","entertainment","Unterhaltung","die","noun",""
"de.noun.unternehmer","entrepreneur","Unternehmer","der","noun",""
"de.noun.unterschied","difference","Unterschied","der","noun",""
"de.noun.unterstuetzung","the support","Unterstützung","die","noun",""
"de.noun.unterwaesche","underwear","Unterwäsche","die","noun",""
"de.noun.upload","upload","Upload","der","noun",""
"de.noun.urlaub","holiday","Urlaub","der","noun",""
"de.noun.ursache","cause","Ursache","die","noun",""
"de.noun.vater","father","Vater","der","noun",""
"de.noun.verantwortung","responsibility","Verantwortung","die","noun",""
"de.noun.verband","bandage","Verband","der","noun",""
"de.noun.verbesserung","the improvement","Verbesserung","die","noun",""
"de.noun.verbindung","the connection","Verbindung","die","noun",""
"de.noun.vereinbarung","the agreement","Vereinbarung","die","noun",""
"de.noun.verfassung","constitution","Verfassung","die","noun",""
"de.noun.vergangenheit","past","Vergangenheit","die","noun",""
"de.noun.verhalten","the behavior","Verhalten","das","noun",""
"de.noun.verkauf","sale","Verkauf","der","noun",""
"de.noun.verkehr","traffic","Verkehr","der","noun",""
"de.noun.verlust","loss","Verlust","der","noun",""
"de.noun.verringerung","the decrease","Verringerung","die","noun",""
"de.noun.versand","shipping","Versand","der","noun",""
"de.noun.verschluesselung","encryption","Verschlüsselung","die","noun",""
"de.noun.versicherung","insurance","Versicherung","die","noun",""
"de.noun.versicherungskarte","insurance card","Versicherungskarte","die","noun",""
"de.noun.versuch","experiment / attempt","Versuch","der","noun",""
"de.noun.vertrag","contract","Vertrag","der","noun",""
"de.noun.vertrauen","trust","Vertrauen","das","noun",""
"de.noun.video","video","Video","das","noun",""
"de.noun.videoanruf","video call","Videoanruf","der","noun",""
"de.noun.videospiel","video game","Videospiel","das","noun",""
"de.noun.vielleicht","Maybe.","Vielleicht.","","noun",""
"de.noun.viertel","district","Viertel","das","noun",""
"de.noun.virus","virus","Virus","das","noun",""
"de.noun.visitenkarte","business card","Visitenkarte","die","noun",""
"de.noun.visum","visa","Visum","das","noun",""
"de.noun.vogel","bird","Vogel","der","noun",""
"de.noun.volk.people-folk","people / folk","Volk","das","noun",""
"de.noun.volk.the-nation-people","the nation / people","Volk","das","noun",""
"de.noun.volleyball","volleyball","Volleyball","der","noun",""
"de.noun.vorhang","curtain","Vorhang","der","noun",""
"de.noun.vorlesung","lecture","Vorlesung","die","noun",""
"de.noun.vorort","suburb","Vorort","der","noun",""
"de.noun.vorstellung","imagination","Vorstellung","die","noun",""
"de.noun.vorstellungsgespraech","interview","Vorstellungsgespräch","das","noun",""
"de.noun.vulkan","volcano","Vulkan","der","noun",""
"de.noun.wachs","wax","Wachs","das","noun",""
"de.noun.wachstum","growth","Wachstum","das","noun",""
"de.noun.waffe","weapon","Waffe","die","noun",""
"de.noun.wagen","car / wagon","Wagen","der","noun",""
"de.noun.wahl.choice","choice","Wahl","die","noun",""
"de.noun.wahl.election","election","Wahl","die","noun",""
"de.noun.wahrheit","truth","Wahrheit","die","noun",""
"de.noun.wahrscheinlich","Probably.","Wahrscheinlich.","","noun",""
"de.noun.wal","whale","Wal","der","noun",""
"de.noun.wald.forest","forest","Wald","der","noun",""
"de.noun.wald.the-forest","the forest","Wald","der","noun",""
"de.noun.wand","wall","Wand","die","noun",""
"de.noun.wandern","hiking","Wandern","das","noun",""
"de.noun.wanderweg","hiking trail","Wanderweg","der","noun",""
"de.noun.wange","cheek","Wange","die","noun",""
"de.noun.wann","When?","Wann?","","noun",""
"de.noun.ware","goods","Ware","die","noun",""
"de.noun.warnung","the warning","Warnung","die","noun",""
"de.noun.warte","Wait! (du)","Warte!","","noun",""
"de.noun.wartet","Wait! (ihr)","Wartet!","","noun",""
"de.noun.wartezimmer","waiting room","Wartezimmer","das","noun",""
"de.noun.warum","Why?","Warum?","","noun",""
"de.noun.was","What?","Was?","","noun",""
"de.noun.waschbaer","raccoon","Waschbär","der","noun",""
"de.noun.waschmaschine","washing machine","Waschmaschine","die","noun",""
"de.noun.wasser","water","Wasser","das","noun",""
"de.noun.wasserfall","waterfall","Wasserfall","der","noun",""
"de.noun.wasserhahn","tap / faucet","Wasserhahn","der","noun",""
"de.noun.wassermelone","watermelon","Wassermelone","die","noun",""
"de.noun.webseite","website","Webseite","die","noun",""
"de.noun.wechselgeld","change (coins)","Wechselgeld","das","noun",""
"de.noun.wechselkurs","exchange rate","Wechselkurs","der","noun",""
"de.noun.wecker","alarm clock","Wecker","der","noun",""
"de.noun.weg.path","path","Weg","der","noun",""
"de.noun.weg.the-way","the way","Weg","der","noun",""
"de.noun.weg.way-path","way / path","Weg","der","noun",""
"de.noun.weib","wife / woman (archaic, coarse today)","Weib","das","noun",""
"de.noun.weihnachtsbaum","Christmas tree","Weihnachtsbaum","der","noun",""
"de.noun.weihnachtsmarkt","Christmas market","Weihnachtsmarkt","der","noun",""
"de.noun.wein","wine","Wein","der","noun",""
"de.noun.weizen","wheat","Weizen","der","noun",""
"de.noun.welche","Which? (f)","Welche?","","noun",""
"de.noun.welcher","Which? (m)","Welcher?","","noun",""
"de.noun.welches","Which? (n)","Welches?","","noun",""
"de.noun.welle.wave","wave","Welle","die","noun",""
"de.noun.welle.wave-water","wave (water)","Welle","die","noun",""
"de.noun.welt.the-world","the world","Welt","die","noun",""
"de.noun.welt.world","world","Welt","die","noun",""
"de.noun.weltrekord","world record","Weltrekord","der","noun",""
"de.noun.wem","To whom? (dative)","Wem?","","noun",""
"de.noun.wen","Whom? (accusative)","Wen?","","noun",""
"de.noun.wer","Who?","Wer?","","noun",""
"de.noun.werk","work / plant","Werk","das","noun",""
"de.noun.werkzeug","tool","Werkzeug","das","noun",""
"de.noun.wert.value","value","Wert","der","noun",""
"de.noun.wert.value-worth","value / worth","Wert","der","noun",""
"de.noun.wessen","Whose?","Wessen?","","noun",""
"de.noun.wetter","weather","Wetter","das","noun",""
"de.noun.wichtigkeit","importance","Wichtigkeit","die","noun",""
"de.noun.wie","How?","Wie?","","noun",""
"de.noun.wien","Vienna","Wien","","noun",""
"de.noun.wiese.meadow","meadow","Wiese","die","noun",""
"de.noun.wiese.the-meadow","the meadow","Wiese","die","noun",""
"de.noun.wind","wind","Wind","der","noun",""
"de.noun.windkraftanlage","wind turbine","Windkraftanlage","die","noun",""
"de.noun.winter","winter","Winter","der","noun",""
"de.noun.wirklich","Really?!","Wirklich?!","","noun",""
"de.noun.wirkung","effect","Wirkung","die","noun",""
"de.noun.wirtschaft","economy","Wirtschaft","die","noun",""
"de.noun.wissen","knowledge","Wissen","das","noun",""
"de.noun.wissenschaft","science","Wissenschaft","die","noun",""
"de.noun.wissenschaftler","scientist","Wissenschaftler","der","noun",""
"de.noun.witz","joke","Witz","der","noun",""
"de.noun.wo","Where?","Wo?","","noun",""
"de.noun.woche","week","Woche","die","noun",""
"de.noun.wochenende","weekend","Wochenende","das","noun",""
"de.noun.woerterbuch","dictionary","Wörterbuch","das","noun",""
"de.noun.wofuer","For what?","Wofür?","","noun",""
"de.noun.woher","Where from?","Woher?","","noun",""
"de.noun.wohin","Where to?","Wohin?","","noun",""
"de.noun.wohlbefinden","well-being","Wohlbefinden","das","noun",""
"de.noun.wohnheim","dormitory","Wohnheim","das","noun",""
"de.noun.wohnung","apartment","Wohnung","die","noun",""
"de.noun.wohnzimmer","living room","Wohnzimmer","das","noun",""
"de.noun.wolf","wolf","Wolf","der","noun",""
"de.noun.wolke.cloud-in-the-sky","cloud (in the sky)","Wolke","die","noun",""
"de.noun.wolke.cloud","cloud","Wolke","die","noun",""
"de.noun.wolle","wool","Wolle","die","noun",""
"de.noun.womit","With what?","Womit?","","noun",""
"de.noun.work-life-balance","work-life balance","Work-Life-Balance","die","noun",""
"de.noun.wort.word","word","Wort","das","noun",""
"de.noun.wort.the-word","the word","Wort","das","noun",""
"de.noun.wortschatz","vocabulary","Wortschatz","der","noun",""
"de.noun.worueber","About what?","Worüber?","","noun",""
"de.noun.wueste","desert","Wüste","die","noun",""
"de.noun.wunsch","wish","Wunsch","der","noun",""
"de.noun.wurm","worm","Wurm","der","noun",""
"de.noun.wurst","sausage","Wurst","die","noun",""
"de.noun.wurzel","root","Wurzel","die","noun",""
"de.noun.wut","anger","Wut","die","noun",""
"de.noun.yoga","yoga","Yoga","das","noun",""
"de.noun.zahl","number (numeral / figure)","Zahl","die","noun",""
"de.noun.zahlung","payment","Zahlung","die","noun",""
"de.noun.zahn","tooth","Zahn","der","noun",""
"de.noun.zahnarzt","dentist","Zahnarzt","der","noun",""
"de.noun.zahnfleisch","gums","Zahnfleisch","das","noun",""
"de.noun.zange","tongs / pliers","Zange","die","noun",""
"de.noun.zaun","fence","Zaun","der","noun",""
"de.noun.zebra","zebra","Zebra","das","noun",""
"de.noun.zeh","toe","Zeh","der","noun",""
"de.noun.zehe","toe","Zehe","die","noun",""
"de.noun.zeit","time","Zeit","die","noun",""
"de.noun.zeitschrift","magazine","Zeitschrift","die","noun",""
"de.noun.zeitung","newspaper","Zeitung","die","noun",""
"de.noun.zelle","cell","Zelle","die","noun",""
"de.noun.zertifikat","certificate","Zertifikat","das","noun",""
"de.noun.ziege","goat","Ziege","die","noun",""
"de.noun.ziel.goal-aim","goal (aim)","Ziel","das","noun",""
"de.noun.ziel.goal-target","goal / target","Ziel","das","noun",""
"de.noun.ziellinie","finish line","Ziellinie","die","noun",""
"de.noun.zimmer","room","Zimmer","das","noun",""
"de.noun.zimmerservice","room service","Zimmerservice","der","noun",""
"de.noun.zitat","citation","Zitat","das","noun",""
"de.noun.zitrone","lemon","Zitrone","die","noun",""
"de.noun.zucker","sugar","Zucker","der","noun",""
"de.noun.zuerich","Zurich","Zürich","","noun",""
"de.noun.zufriedenheit","satisfaction","Zufriedenheit","die","noun",""
"de.noun.zug","train","Zug","der","noun",""
"de.noun.zukunft","future","Zukunft","die","noun",""
"de.noun.zunge","tongue","Zunge","die","noun",""
"de.noun.zusammenfassend","In summary...","Zusammenfassend...","","noun",""
"de.noun.zusammenfassung","the summary","Zusammenfassung","die","noun",""
"de.noun.zustand","state / condition","Zustand","der","noun",""
"de.noun.zutat","ingredient","Zutat","die","noun",""
"de.noun.zweck","the purpose","Zweck","der","noun",""
"de.noun.zwerg","dwarf","Zwerg","der","noun",""
"de.noun.zwiebel","onion","Zwiebel","die","noun",""
"de.noun.zwillinge","twins","Zwillinge","die","noun",""
"de.noun.zwischenstopp.stopover","stopover","Zwischenstopp","der","noun",""
"de.noun.zwischenstopp.layover","layover","Zwischenstopp","der","noun",""
"de.phrase.abgesagt-werden","to be cancelled","abgesagt werden","","phrase",""
"de.phrase.absagen-stornieren","to cancel","absagen / stornieren","","phrase",""
"de.phrase.akzeptieren-annehmen","to accept","akzeptieren / annehmen","","phrase",""
"de.phrase.alle-haende-voll-zu-tun-haben","to have one's hands full","alle Hände voll zu tun haben","","phrase",""
"de.phrase.alle-jubeljahre-einmal","once in a blue moon","alle Jubeljahre einmal","","phrase",""
"de.phrase.alles-auf-eine-karte-setzen","to put all eggs in one basket","alles auf eine Karte setzen","","phrase",""
"de.phrase.alles-ausplaudern","to spill the beans","alles ausplaudern","","phrase",""
"de.phrase.alles-gute-zum-geburtstag","Happy birthday!","Alles Gute zum Geburtstag!","","phrase",""
"de.phrase.alles-in-allem","All things considered...","Alles in allem...","","phrase",""
"de.phrase.als-ich-jung-war-spielte-ich-fussball","When I was young, I played football.","Als ich jung war, spielte ich Fußball.","","phrase",""
"de.phrase.alt-aelter-am-aeltesten","old – older – oldest","alt – älter – am ältesten","","phrase",""
"de.phrase.am-anfang","at the beginning","am Anfang","","phrase",""
"de.phrase.am-ende","at the end","am Ende","","phrase",""
"de.phrase.am-fluss","near the river","am Fluss","","phrase",""
"de.phrase.am-groessten","the biggest","am größten","","phrase",""
"de.phrase.am-meer","by the sea","am Meer","","phrase",""
"de.phrase.am-montag","on Monday","am Montag","","phrase",""
"de.phrase.am-montag-haben-wir-unterricht","On Monday we have class.","Am Montag haben wir Unterricht.","","phrase",""
"de.phrase.am-wochenende","on the weekend","am Wochenende","","phrase",""
"de.phrase.an-das-ans","onto the → ans","an + das → ans","","phrase",""
"de.phrase.an-dem-am","at the → am","an + dem → am","","phrase",""
"de.phrase.angst-haben-vor.to-be-afraid-of","to be afraid of","Angst haben vor","","phrase",""
"de.phrase.angst-haben-vor.to-be-afraid","to be afraid","Angst haben vor","","phrase",""
"de.phrase.arbeiten-arbeit-arbeiter","to work → work → worker","arbeiten → Arbeit → Arbeiter","","phrase",""
"de.phrase.auf-akkusativ","on + Akkusativ (movement)","auf (Akkusativ)","","phrase",""
"de.phrase.auf-dativ","on + Dativ (location)","auf (Dativ)","","phrase",""
"de.phrase.auf-dem-land","in the countryside","auf dem Land","","phrase",""
"de.phrase.auf-den-ersten-blick","at first glance","auf den ersten Blick","","phrase",""
"de.phrase.auf-der-anderen-strassenseite","across the street","auf der anderen Straßenseite","","phrase",""
"de.phrase.auf-der-linken-seite","on the left side","auf der linken Seite","","phrase",""
"de.phrase.auf-der-rechten-seite","on the right side","auf der rechten Seite","","phrase",""
"de.phrase.auf-derselben-wellenlaenge-sein","to be on the same page","auf derselben Wellenlänge sein","","phrase",""
"de.phrase.auf-duennem-eis-stehen","to be on thin ice","auf dünnem Eis stehen","","phrase",""
"de.phrase.auf-jeden-fall.definitely","Definitely.","Auf jeden Fall.","","phrase",""
"de.phrase.auf-jeden-fall.in-any-case","In any case.","Auf jeden Fall.","","phrase",""
"de.phrase.auf-lager","in stock","auf Lager","","phrase",""
"de.phrase.auf-lange-sicht","in the long run","auf lange Sicht","","phrase",""
"de.phrase.auf-wiedersehen.goodbye","Goodbye!","Auf Wiedersehen!","","phrase",""
"de.phrase.auf-wiedersehen.goodbye-2","goodbye","Auf Wiedersehen","","phrase",""
"de.phrase.aufhoeren-kuendigen","to quit","aufhören / kündigen","","phrase",""
"de.phrase.aufnehmen-absorbieren","to absorb","aufnehmen / absorbieren","","phrase",""
"de.phrase.aufpassen-achtgeben","to pay attention","aufpassen / achtgeben","","phrase",""
"de.phrase.aus-diesem-grund","for this reason","aus diesem Grund","","phrase",""
"de.phrase.aus-einer-muecke-einen-elefanten-machen","to make a mountain out of a molehill","aus einer Mücke einen Elefanten machen","","phrase",""
"de.phrase.ausgewogene-ernaehrung","balanced diet","ausgewogene Ernährung","die","phrase",""
"de.phrase.ausschalten-ausmachen","to turn off","ausschalten / ausmachen","","phrase",""
"de.phrase.ausstossen-emittieren","to emit","ausstoßen / emittieren","","phrase",""
"de.phrase.ausverkauf-sale","sale (reduced price)","Ausverkauf / Sale","der","phrase",""
"de.phrase.auswerten-bewerten","to evaluate","auswerten / bewerten","","phrase",""
"de.phrase.beenden-fertig-sein","to finish","beenden / fertig sein","","phrase",""
"de.phrase.beginnen-anfangen","to begin","beginnen / anfangen","","phrase",""
"de.phrase.beginnen-begonnen","to begin → begun","beginnen → begonnen","","phrase",""
"de.phrase.bei-dem-beim","at the → beim","bei + dem → beim","","phrase",""
"de.phrase.bekannt-gegeben-werden","to be announced","bekannt gegeben werden","","phrase",""
"de.phrase.bekommen-erhalten","to receive","bekommen / erhalten","","phrase",""
"de.phrase.benutzen-verwenden","to use","benutzen / verwenden","","phrase",""
"de.phrase.benutzt-werden","to be used","benutzt werden","","phrase",""
"de.phrase.berufung-einlegen","to appeal","Berufung einlegen","","phrase",""
"de.phrase.besonders-insbesondere","particularly","besonders / insbesondere","","phrase",""
"de.phrase.besser-als-erwartet","better than expected","besser als erwartet","","phrase",""
"de.phrase.besser-spaet-als-nie","better late than never","besser spät als nie","","phrase",""
"de.phrase.besser-werden-sich-erholen","to get better","besser werden / sich erholen","","phrase",""
"de.phrase.beste-gruesse","Best regards,","Beste Grüße,","","phrase",""
"de.phrase.bevor-ich-antworte","before I answer","bevor ich antworte","","phrase",""
"de.phrase.bevor-ich-rausgehe-schaue-ich-das-wetter-an","Before I go out, I check the weather.","Bevor ich rausgehe, schaue ich das Wetter an.","","phrase",""
"de.phrase.biegen-sie-links-ab","Turn left.","Biegen Sie links ab.","","phrase",""
"de.phrase.biegen-sie-rechts-ab","Turn right.","Biegen Sie rechts ab.","","phrase",""
"de.phrase.bieten-sie-einen-studentenrabatt-an","Do you offer a student discount?","Bieten Sie einen Studentenrabatt an?","","phrase",""
"de.phrase.bis-bald","See you soon!","Bis bald!","","phrase",""
"de.phrase.bis-freitag","until Friday","bis Freitag","","phrase",""
"de.phrase.bis-in-die-nacht-arbeiten","to burn the midnight oil","bis in die Nacht arbeiten","","phrase",""
"de.phrase.bis-jetzt","up until now","bis jetzt","","phrase",""
"de.phrase.bis-spaeter","See you later!","Bis später!","","phrase",""
"de.phrase.bis-ueber-beide-ohren-verliebt-sein","to be head over heels in love","bis über beide Ohren verliebt sein","","phrase",""
"de.phrase.bis-zum-naechsten-mal","See you next time!","Bis zum nächsten Mal!","","phrase",""
"de.phrase.bist-du-fertig","Are you ready?","Bist du fertig?","","phrase",""
"de.phrase.bitte-fuellen-sie-das-formular-aus","Please fill in the form! (Sie)","Bitte füllen Sie das Formular aus!","","phrase",""
"de.phrase.bitte-sehr-gern-geschehen","You're welcome.","Bitte sehr. / Gern geschehen.","","phrase",""
"de.phrase.bitte-setzen-sie-sich","Please sit down! (Sie)","Bitte setzen Sie sich!","","phrase",""
"de.phrase.bitte-sprechen-sie-langsam","Please speak slowly! (Sie)","Bitte sprechen Sie langsam!","","phrase",""
"de.phrase.bitte-unterschreiben-sie-hier","Please sign here! (Sie)","Bitte unterschreiben Sie hier!","","phrase",""
"de.phrase.bitte-warten-sie","Please wait! (Sie)","Bitte warten Sie!","","phrase",""
"de.phrase.bitten-um","to ask for","bitten um","","phrase",""
"de.phrase.blasse-haut","pale skin","blasse Haut","","phrase",""
"de.phrase.blaue-augen","blue eyes","blaue Augen","","phrase",""
"de.phrase.bleiben-geblieben","to stay → stayed","bleiben → geblieben","","phrase",""
"de.phrase.blonde-haare","blonde hair","blonde Haare","","phrase",""
"de.phrase.braune-augen","brown eyes","braune Augen","","phrase",""
"de.phrase.braune-haare","brown hair","braune Haare","","phrase",""
"de.phrase.brechen-gebrochen","to break → broken","brechen → gebrochen","","phrase",""
"de.phrase.bring-es","Bring it! (du)","Bring es!","","phrase",""
"de.phrase.bringen-gebracht","to bring → brought","bringen → gebracht","","phrase",""
"de.phrase.daher-deshalb","hence","daher / deshalb","","phrase",""
"de.phrase.damit-es-klar-ist","so that it is clear","damit es klar ist","","phrase",""
"de.phrase.darf-ich-dich-etwas-fragen","May I ask you something?","Darf ich dich etwas fragen?","","phrase",""
"de.phrase.darf-ich-hier-fotografieren","Can I take a picture here?","Darf ich hier fotografieren?","","phrase",""
"de.phrase.darum-geht-es","That is the point.","Darum geht es.","","phrase",""
"de.phrase.darum-geht-es-nicht","That is not the point.","Darum geht es nicht.","","phrase",""
"de.phrase.das-aendert-alles","That changes everything.","Das ändert alles.","","phrase",""
"de.phrase.das-auto-wird-repariert","The car is being repaired.","Das Auto wird repariert.","","phrase",""
"de.phrase.das-braucht-eine-robuste-loesung","This needs a robust solution.","Das braucht eine robuste Lösung.","","phrase",""
"de.phrase.das-buch-das-ich-gelesen-habe","the book that I read","das Buch, das ich gelesen habe","","phrase",""
"de.phrase.das-deutet-darauf-hin-dass","This suggests that...","Das deutet darauf hin, dass...","","phrase",""
"de.phrase.das-ergibt-keinen-sinn","That does not make sense.","Das ergibt keinen Sinn.","","phrase",""
"de.phrase.das-ergibt-sinn","That makes sense.","Das ergibt Sinn.","","phrase",""
"de.phrase.das-essen-ist-fertig","The meal is ready. (state)","Das Essen ist fertig.","","phrase",""
"de.phrase.das-formular-muss-ausgefuellt-werden","The form must be filled in.","Das Formular muss ausgefüllt werden.","","phrase",""
"de.phrase.das-funktioniert-fuer-mich-so-nicht","That does not work for me.","Das funktioniert für mich so nicht.","","phrase",""
"de.phrase.das-gefaellt-mir","I like that.","Das gefällt mir.","","phrase",""
"de.phrase.das-gesetz-brechen","to break the law","das Gesetz brechen","","phrase",""
"de.phrase.das-habe-ich-nicht-bestellt","That's not what I ordered.","Das habe ich nicht bestellt.","","phrase",""
"de.phrase.das-habe-ich-nicht-so-gemeint","That's not what I meant.","Das habe ich nicht so gemeint.","","phrase",""
"de.phrase.das-handtuch-werfen","to throw in the towel","das Handtuch werfen","","phrase",""
"de.phrase.das-hat-mich-verletzt","That hurt me.","Das hat mich verletzt.","","phrase",""
"de.phrase.das-ist-das-problem","That is the problem.","Das ist das Problem.","","phrase",""
"de.phrase.das-ist-der-beste-film-den-ich-gesehen-habe","This is the best film I've seen.","Das ist der beste Film, den ich gesehen habe.","","phrase",""
"de.phrase.das-ist-eine-berechtigte-sorge","That's a valid concern.","Das ist eine berechtigte Sorge.","","phrase",""
"de.phrase.das-ist-eine-gute-idee","That's a good idea.","Das ist eine gute Idee.","","phrase",""
"de.phrase.das-ist-in-ordnung","That is okay.","Das ist in Ordnung.","","phrase",""
"de.phrase.das-ist-mir-gerade-zu-viel","This is too much for me right now.","Das ist mir gerade zu viel.","","phrase",""
"de.phrase.das-ist-nicht-die-eigentliche-ursache","That is not the root cause.","Das ist nicht die eigentliche Ursache.","","phrase",""
"de.phrase.das-ist-nicht-verhandelbar","That's not negotiable.","Das ist nicht verhandelbar.","","phrase",""
"de.phrase.das-ist-offensichtlich","That's obvious.","Das ist offensichtlich.","","phrase",""
"de.phrase.das-ist-schwer-zu-sagen","It is hard to say.","Das ist schwer zu sagen.","","phrase",""
"de.phrase.das-ist-toll","That's great!","Das ist toll!","","phrase",""
"de.phrase.das-ist-unglaublich","That's incredible!","Das ist unglaublich!","","phrase",""
"de.phrase.das-ist-wahrscheinlich-die-sauberere-loesung","This is probably the cleaner solution.","Das ist wahrscheinlich die sauberere Lösung.","","phrase",""
"de.phrase.das-kam-falsch-rueber.this-came-across-wrong","This came across wrong.","Das kam falsch rüber.","","phrase",""
"de.phrase.das-kam-falsch-rueber.that-came-across-wrong","That came across wrong.","Das kam falsch rüber.","","phrase",""
"de.phrase.das-klingt-gut","That sounds good.","Das klingt gut.","","phrase",""
"de.phrase.das-klingt-schwierig","That sounds difficult.","Das klingt schwierig.","","phrase",""
"de.phrase.das-kommt-darauf-an.that-depends","That depends.","Das kommt darauf an.","","phrase",""
"de.phrase.das-kommt-darauf-an.that-depends-phrase","That depends. (phrase)","Das kommt darauf an.","","phrase",""
"de.phrase.das-macht-sinn","That makes sense.","Das macht Sinn.","","phrase",""
"de.phrase.das-meeting-beginnt-um-halb-drei","The meeting starts at half past two.","Das Meeting beginnt um halb drei.","","phrase",""
"de.phrase.das-oktoberfest","Oktoberfest","das Oktoberfest","","phrase",""
"de.phrase.das-produkt-ist-defekt","The product is defective.","Das Produkt ist defekt.","","phrase",""
"de.phrase.das-projekt-liegt-im-zeitplan","The project is on track.","Das Projekt liegt im Zeitplan.","","phrase",""
"de.phrase.das-sollte-die-bestehende-version-nicht-kaputtmachen","This should not break the existing version.","Das sollte die bestehende Version nicht kaputtmachen.","","phrase",""
"de.phrase.das-ueberfordert-mich","I'm in over my head.","Das überfordert mich.","","phrase",""
"de.phrase.das-verb-steht-immer-an-zweiter-stelle","Verb always in second position","Das Verb steht immer an zweiter Stelle","","phrase",""
"de.phrase.das-waere-toll","That would be great.","Das wäre toll.","","phrase",""
"de.phrase.das-war-vor-langer-zeit","It was a long time ago.","Das war vor langer Zeit.","","phrase",""
"de.phrase.das-weiss-ich-leider-nicht","I'm afraid I don't know.","Das weiß ich leider nicht.","","phrase",""
"de.phrase.das-wichtigste-ist","The most important thing is...","Das Wichtigste ist...","","phrase",""
"de.phrase.das-wird-schon","It will be alright.","Das wird schon.","","phrase",""
"de.phrase.das-wuerde-ich-lieber-nicht-machen","I would rather not do that.","Das würde ich lieber nicht machen.","","phrase",""
"de.phrase.das-zeigt-dass","This shows that...","Das zeigt, dass...","","phrase",""
"de.phrase.dass-ich-es-nicht-verstehe","that I do not understand it","dass ich es nicht verstehe","","phrase",""
"de.phrase.dass-wir-sprechen-sollten","that we should talk","dass wir sprechen sollten","","phrase",""
"de.phrase.dativ-dem-m-n-der-f-den-n-pl","der/die/das → dem/der/dem (Dativ)","Dativ: dem (m/n) / der (f) / den+n (pl.)","","phrase",""
"de.phrase.dativ-plural-immer-n-den-maennern-den-kindern","Dative plural always -n","Dativ Plural: immer -n → den Männern, den Kindern","","phrase",""
"de.phrase.dativ-vor-akkusativ-bei-nomen","Dative before Accusative (nouns)","Dativ vor Akkusativ bei Nomen","","phrase",""
"de.phrase.den-ball-ins-rollen-bringen","to get the ball rolling","den Ball ins Rollen bringen","","phrase",""
"de.phrase.den-bund-fuers-leben-schliessen","to tie the knot","den Bund fürs Leben schließen","","phrase",""
"de.phrase.den-bus-verpassen","to miss the bus","den Bus verpassen","","phrase",""
"de.phrase.den-nagel-auf-den-kopf-treffen","to hit the nail on the head","den Nagel auf den Kopf treffen","","phrase",""
"de.phrase.den-stier-bei-den-hoernern-packen","to take the bull by the horns","den Stier bei den Hörnern packen","","phrase",""
"de.phrase.den-zug-erwischen","to catch the train","den Zug erwischen","","phrase",""
"de.phrase.denken-gedacht","to think → thought","denken → gedacht","","phrase",""
"de.phrase.der-ball-liegt-bei-ihnen","The ball is in your court.","Der Ball liegt bei Ihnen.","","phrase",""
"de.phrase.der-bericht-soll-geschrieben-werden","The report should be written.","Der Bericht soll geschrieben werden.","","phrase",""
"de.phrase.der-brief-wird-geschrieben","The letter is written.","Der Brief wird geschrieben.","","phrase",""
"de.phrase.der-brief-wurde-geschrieben","The letter was written.","Der Brief wurde geschrieben.","","phrase",""
"de.phrase.der-brief-wurde-von-ihr-geschrieben","The letter was written by her.","Der Brief wurde von ihr geschrieben.","","phrase",""
"de.phrase.der-dieb-wurde-gefangen","The thief was caught.","Der Dieb wurde gefangen.","","phrase",""
"de.phrase.der-mann-der-dort-steht","the man who is standing there","der Mann, der dort steht","","phrase",""
"de.phrase.der-service-war-ausgezeichnet","The service was excellent.","Der Service war ausgezeichnet.","","phrase",""
"de.phrase.deshalb-daher","therefore","deshalb / daher","","phrase",""
"de.phrase.deutschsprachige-laender-d-a-ch","German-speaking countries (D-A-CH)","deutschsprachige Länder (D-A-CH)","","phrase",""
"de.phrase.dich-selbst","yourself","dich selbst","","phrase",""
"de.phrase.die-arbeit-ist-erledigt","The work is done. (state)","Die Arbeit ist erledigt.","","phrase",""
"de.phrase.die-daumen-druecken","to keep one's fingers crossed","die Daumen drücken","","phrase",""
"de.phrase.die-fassung-verlieren","to lose one's temper","die Fassung verlieren","","phrase",""
"de.phrase.die-geduld-verlieren","to lose patience","die Geduld verlieren","","phrase",""
"de.phrase.die-katze-aus-dem-sack-lassen","to let the cat out of the bag","die Katze aus dem Sack lassen","","phrase",""
"de.phrase.die-maschine-kann-repariert-werden","The machine can be repaired.","Die Maschine kann repariert werden.","","phrase",""
"de.phrase.die-nase-voll-haben-von","to be fed up with","die Nase voll haben von","","phrase",""
"de.phrase.die-notrufnummer-in-deutschland-ist-112","The phone number for emergencies in Germany is 112.","Die Notrufnummer in Deutschland ist 112.","","phrase",""
"de.phrase.die-rechnung-bitte","The bill, please.","Die Rechnung, bitte.","","phrase",""
"de.phrase.die-rechnung-ist-bezahlt-worden","The bill has been paid.","Die Rechnung ist bezahlt worden.","","phrase",""
"de.phrase.die-schweiz","Switzerland","die Schweiz","","phrase",""
"de.phrase.die-stadt-in-der-ich-geboren-wurde","the city where I was born","die Stadt, in der ich geboren wurde","","phrase",""
"de.phrase.die-tatsache-bleibt-dass","The fact remains that...","Die Tatsache bleibt, dass...","","phrase",""
"de.phrase.die-tuer-ist-geschlossen","The door is closed. (state)","Die Tür ist geschlossen.","","phrase",""
"de.phrase.doppelt-so-alt","twice as old","doppelt so alt","","phrase",""
"de.phrase.du-bist","you are (sg.)","du bist","","phrase",""
"de.phrase.du-bist-mir-wichtig","I care about you.","Du bist mir wichtig.","","phrase",""
"de.phrase.du-darfst","you may (sg.)","du darfst","","phrase",""
"de.phrase.du-faehrst","you drive (sg.)","du fährst","","phrase",""
"de.phrase.du-faellst","you fall (sg.)","du fällst","","phrase",""
"de.phrase.du-fehlst-mir","I miss you.","Du fehlst mir.","","phrase",""
"de.phrase.du-gibst","you give (sg.)","du gibst","","phrase",""
"de.phrase.du-haeltst","you hold (sg.)","du hältst","","phrase",""
"de.phrase.du-haettest","you would have (sg.)","du hättest","","phrase",""
"de.phrase.du-hast","you have (sg.)","du hast","","phrase",""
"de.phrase.du-hast-das-toll-gemacht","You did great!","Du hast das toll gemacht!","","phrase",""
"de.phrase.du-hattest","you had (sg.)","du hattest","","phrase",""
"de.phrase.du-hilfst","you help (sg.)","du hilfst","","phrase",""
"de.phrase.du-isst","you eat (sg.)","du isst","","phrase",""
"de.phrase.du-kannst","you can (sg.)","du kannst","","phrase",""
"de.phrase.du-koenntest","you could (sg.)","du könntest","","phrase",""
"de.phrase.du-laeufst","you run (sg.)","du läufst","","phrase",""
"de.phrase.du-liest","you read (sg.)","du liest","","phrase",""
"de.phrase.du-magst","you like (sg.)","du magst","","phrase",""
"de.phrase.du-moechtest","you would like (sg.)","du möchtest","","phrase",""
"de.phrase.du-musst","you must (sg.)","du musst","","phrase",""
"de.phrase.du-nimmst","you take (sg.)","du nimmst","","phrase",""
"de.phrase.du-schaffst-das","You can do it!","Du schaffst das!","","phrase",""
"de.phrase.du-schlaefst","you sleep (sg.)","du schläfst","","phrase",""
"de.phrase.du-siehst","you see (sg.)","du siehst","","phrase",""
"de.phrase.du-sollst","you should (sg.)","du sollst","","phrase",""
"de.phrase.du-sprichst","you speak (sg.)","du sprichst","","phrase",""
"de.phrase.du-traegst","you carry (sg.)","du trägst","","phrase",""
"de.phrase.du-triffst","you meet (sg.)","du triffst","","phrase",""
"de.phrase.du-waerst","you would be (sg.)","du wärst","","phrase",""
"de.phrase.du-waeschst","you wash (sg.)","du wäschst","","phrase",""
"de.phrase.du-warst","you were (sg.)","du warst","","phrase",""
"de.phrase.du-weisst","you know (sg.)","du weißt","","phrase",""
"de.phrase.du-willst","you want (sg.)","du willst","","phrase",""
"de.phrase.du-wirfst","you throw (sg.)","du wirfst","","phrase",""
"de.phrase.du-wirst","you become (sg.)","du wirst","","phrase",""
"de.phrase.ehrenamtlich-taetig-sein","to volunteer","ehrenamtlich tätig sein","","phrase",""
"de.phrase.ehrgeizig-ambitioniert","ambitious","ehrgeizig / ambitioniert","","phrase",""
"de.phrase.ehrlich-gesagt","To be honest...","Ehrlich gesagt...","","phrase",""
"de.phrase.ehrlich-gesagt-2","To be honest...","Ehrlich gesagt ...","","phrase",""
"de.phrase.eigentlich","Actually...","Eigentlich ...","","phrase",""
"de.phrase.ein-drittel","a third","ein Drittel","","phrase",""
"de.phrase.ein-foto-machen","to take a photo","ein Foto machen","","phrase",""
"de.phrase.ein-geheimnis-bewahren","to keep a secret","ein Geheimnis bewahren","","phrase",""
"de.phrase.ein-geschenk-geben","to give a present","ein Geschenk geben","","phrase",""
"de.phrase.ein-meeting-abhalten","to hold a meeting","ein Meeting abhalten","","phrase",""
"de.phrase.ein-versprechen-brechen","to break a promise","ein Versprechen brechen","","phrase",""
"de.phrase.ein-versprechen-halten","to keep a promise","ein Versprechen halten","","phrase",""
"de.phrase.ein-viertel","a quarter","ein Viertel","","phrase",""
"de.phrase.ein-wolf-im-schafspelz-sein","to be a wolf in sheep's clothing","ein Wolf im Schafspelz sein","","phrase",""
"de.phrase.eine-antwort-geben","to give an answer","eine Antwort geben","","phrase",""
"de.phrase.eine-entscheidung-treffen","to make a decision","eine Entscheidung treffen","","phrase",""
"de.phrase.eine-fahrkarte-nach-berlin-bitte","One ticket to Berlin, please.","Eine Fahrkarte nach Berlin, bitte.","","phrase",""
"de.phrase.eine-frage-stellen","to ask a question","eine Frage stellen","","phrase",""
"de.phrase.eine-million","million","eine Million","","phrase",""
"de.phrase.eine-nacht-darueber-schlafen","to sleep on it","eine Nacht darüber schlafen","","phrase",""
"de.phrase.eine-pause-machen","to take a break","eine Pause machen","","phrase",""
"de.phrase.eine-pruefung-bestehen","to pass an exam","eine Prüfung bestehen","","phrase",""
"de.phrase.eine-pruefung-nicht-bestehen","to fail an exam","eine Prüfung nicht bestehen","","phrase",""
"de.phrase.eine-rede-halten","to give a speech","eine Rede halten","","phrase",""
"de.phrase.eine-schoene-stange-geld-kosten","to cost a pretty penny","eine schöne Stange Geld kosten","","phrase",""
"de.phrase.einen-abschluss-machen","to graduate","einen Abschluss machen","","phrase",""
"de.phrase.einen-anruf-machen","to make a phone call","einen Anruf machen","","phrase",""
"de.phrase.einen-fehler-machen","to make a mistake","einen Fehler machen","","phrase",""
"de.phrase.einen-moment","One moment.","Einen Moment.","","phrase",""
"de.phrase.einen-moment-bitte","One moment, please.","Einen Moment, bitte.","","phrase",""
"de.phrase.einen-termin-vereinbaren","to make an appointment","einen Termin vereinbaren","","phrase",""
"de.phrase.einen-tisch-fuer-zwei-bitte","A table for two, please.","Einen Tisch für zwei, bitte.","","phrase",""
"de.phrase.einen-tisch-fuer-zwei-personen-bitte","A table for two, please.","Einen Tisch für zwei Personen, bitte.","","phrase",""
"de.phrase.einfach-leicht","easily","einfach / leicht","","phrase",""
"de.phrase.einfache-fahrkarte","one-way ticket","einfache Fahrkarte","die","phrase",""
"de.phrase.einkaufen-gehen","to go shopping","einkaufen gehen","","phrase",""
"de.phrase.einschalten-anmachen","to turn on","einschalten / anmachen","","phrase",""
"de.phrase.einsetzen-deployen","to deploy","einsetzen / deployen","","phrase",""
"de.phrase.empfehlen-empfohlen","to recommend → recommended","empfehlen → empfohlen","","phrase",""
"de.phrase.enthaelt-das-gluten","Does this contain gluten?","Enthält das Gluten?","","phrase",""
"de.phrase.entschuldigung-wo-ist-der-bahnhof","Excuse me, where is the station?","Entschuldigung, wo ist der Bahnhof?","","phrase",""
"de.phrase.enttaeuscht-sein-von","to be disappointed with","enttäuscht sein von","","phrase",""
"de.phrase.entweder-oder","either ... or ...","entweder ... oder ...","","phrase",""
"de.phrase.er-arbeitet-seit-dem-morgen","He has been working since morning.","Er arbeitet seit dem Morgen.","","phrase",""
"de.phrase.er-durfte","he was allowed to","er durfte","","phrase",""
"de.phrase.er-entschuldigt-sich","He apologizes.","Er entschuldigt sich.","","phrase",""
"de.phrase.er-fuehrt-ein-gesundes-leben","He leads a healthy life.","Er führt ein gesundes Leben.","","phrase",""
"de.phrase.er-fuellt-das-formular-aus","He fills in the form.","Er füllt das Formular aus.","","phrase",""
"de.phrase.er-geht-weil-er-hungrig-ist","He goes because he is hungry.","Er geht, weil er hungrig ist.","","phrase",""
"de.phrase.er-gibt-der-frau-das-buch","He gives the woman the book.","Er gibt der Frau das Buch.","","phrase",""
"de.phrase.er-gibt-es-ihr","He gives it to her. (pronouns)","Er gibt es ihr.","","phrase",""
"de.phrase.er-haette","he would have","er hätte","","phrase",""
"de.phrase.er-haette-kommen-koennen","He could have come.","Er hätte kommen können.","","phrase",""
"de.phrase.er-hat-sich-konzentriert","He concentrated.","Er hat sich konzentriert.","","phrase",""
"de.phrase.er-hat-sich-rasiert","He shaved.","Er hat sich rasiert.","","phrase",""
"de.phrase.er-isst-viel-gemuese","He eats a lot of vegetables.","Er isst viel Gemüse.","","phrase",""
"de.phrase.er-ist-30-jahre-alt","He is 30 years old.","Er ist 30 Jahre alt.","","phrase",""
"de.phrase.er-ist-gross-und-schlank","He is tall and slim.","Er ist groß und schlank.","","phrase",""
"de.phrase.er-koennte","he could (conditional)","er könnte","","phrase",""
"de.phrase.er-kommt-nicht","He doesn't come. (nicht)","Er kommt nicht.","","phrase",""
"de.phrase.er-konnte","he could (past: was able to)","er konnte","","phrase",""
"de.phrase.er-macht-das-licht-aus","He turns off the light.","Er macht das Licht aus.","","phrase",""
"de.phrase.er-muesste","he would have to","er müsste","","phrase",""
"de.phrase.er-musste","he had to","er musste","","phrase",""
"de.phrase.er-schlaegt-das-wort-nach","He looks the word up.","Er schlägt das Wort nach.","","phrase",""
"de.phrase.er-setzt-sich","He sits down.","Er setzt sich.","","phrase",""
"de.phrase.er-sie-es-darf","he / she / it may","er/sie/es darf","","phrase",""
"de.phrase.er-sie-es-faehrt","he / she / it drives","er/sie/es fährt","","phrase",""
"de.phrase.er-sie-es-faellt","he / she / it falls","er/sie/es fällt","","phrase",""
"de.phrase.er-sie-es-gibt","he / she / it gives","er/sie/es gibt","","phrase",""
"de.phrase.er-sie-es-haelt","he / she / it holds","er/sie/es hält","","phrase",""
"de.phrase.er-sie-es-hat","he / she / it has","er/sie/es hat","","phrase",""
"de.phrase.er-sie-es-hatte","he / she / it had","er/sie/es hatte","","phrase",""
"de.phrase.er-sie-es-hilft","he / she / it helps","er/sie/es hilft","","phrase",""
"de.phrase.er-sie-es-isst","he / she / it eats","er/sie/es isst","","phrase",""
"de.phrase.er-sie-es-ist","he / she / it is","er/sie/es ist","","phrase",""
"de.phrase.er-sie-es-kann","he / she / it can","er/sie/es kann","","phrase",""
"de.phrase.er-sie-es-laeuft","he / she / it runs","er/sie/es läuft","","phrase",""
"de.phrase.er-sie-es-liest","he / she / it reads","er/sie/es liest","","phrase",""
"de.phrase.er-sie-es-mag","he / she / it likes","er/sie/es mag","","phrase",""
"de.phrase.er-sie-es-moechte","he / she / it would like","er/sie/es möchte","","phrase",""
"de.phrase.er-sie-es-muss","he / she / it must","er/sie/es muss","","phrase",""
"de.phrase.er-sie-es-nimmt","he / she / it takes","er/sie/es nimmt","","phrase",""
"de.phrase.er-sie-es-schlaeft","he / she / it sleeps","er/sie/es schläft","","phrase",""
"de.phrase.er-sie-es-sieht","he / she / it sees","er/sie/es sieht","","phrase",""
"de.phrase.er-sie-es-soll","he / she / it should","er/sie/es soll","","phrase",""
"de.phrase.er-sie-es-spricht","he / she / it speaks","er/sie/es spricht","","phrase",""
"de.phrase.er-sie-es-traegt","he / she / it carries","er/sie/es trägt","","phrase",""
"de.phrase.er-sie-es-trifft","he / she / it meets","er/sie/es trifft","","phrase",""
"de.phrase.er-sie-es-waescht","he / she / it washes","er/sie/es wäscht","","phrase",""
"de.phrase.er-sie-es-war","he / she / it was","er/sie/es war","","phrase",""
"de.phrase.er-sie-es-weiss","he / she / it knows","er/sie/es weiß","","phrase",""
"de.phrase.er-sie-es-will","he / she / it wants","er/sie/es will","","phrase",""
"de.phrase.er-sie-es-wird","he / she / it becomes","er/sie/es wird","","phrase",""
"de.phrase.er-sie-es-wirft","he / she / it throws","er/sie/es wirft","","phrase",""
"de.phrase.er-sie-es-wurde","he / she / it became","er/sie/es wurde","","phrase",""
"de.phrase.er-sie-waere","he / she would be","er/sie wäre","","phrase",""
"de.phrase.er-sieht-seinem-vater-aehnlich","He looks like his father.","Er sieht seinem Vater ähnlich.","","phrase",""
"de.phrase.er-sollte.he-was-supposed-to","he was supposed to","er sollte","","phrase",""
"de.phrase.er-sollte.he-should","he should","er sollte","","phrase",""
"de.phrase.er-steht-frueh-auf","He gets up early.","Er steht früh auf.","","phrase",""
"de.phrase.er-wollte","he wanted","er wollte","","phrase",""
"de.phrase.erdapfel-statt-kartoffel","potato (Austrian)","Erdapfel (statt Kartoffel)","der","phrase",""
"de.phrase.erhalten-erhalten","to receive → received","erhalten → erhalten","","phrase",""
"de.phrase.erhoehen-steigern","to increase","erhöhen / steigern","","phrase",""
"de.phrase.erlauben-sie-mir-zu-klaeren","Allow me to clarify.","Erlauben Sie mir zu klären.","","phrase",""
"de.phrase.erneuerbare-energie","renewable energy","erneuerbare Energie","die","phrase",""
"de.phrase.erste-hilfe","first aid","Erste Hilfe","die","phrase",""
"de.phrase.erste-klasse","first class","erste Klasse","die","phrase",""
"de.phrase.erstellen-schaffen","to create","erstellen / schaffen","","phrase",""
"de.phrase.erzaehl-mir","Tell me! (du)","Erzähl mir!","","phrase",""
"de.phrase.es-dauert-nicht-lange","It won't take long.","Es dauert nicht lange.","","phrase",""
"de.phrase.es-gefaellt-mir","I like it.","Es gefällt mir.","","phrase",""
"de.phrase.es-gefaellt-mir-nicht","I don't like it.","Es gefällt mir nicht.","","phrase",""
"de.phrase.es-geht-nicht-ums-gewinnen","This is not about winning.","Es geht nicht ums Gewinnen.","","phrase",""
"de.phrase.es-geht-so","So so.","Es geht so.","","phrase",""
"de.phrase.es-haengt-davon-ab","It depends on it.","Es hängt davon ab.","","phrase",""
"de.phrase.es-haengt-von-ab","It depends on...","Es hängt von... ab.","","phrase",""
"de.phrase.es-ist-3-uhr","It is 3 o'clock.","Es ist 3 Uhr.","","phrase",""
"de.phrase.es-ist-egal","It doesn't matter.","Es ist egal.","","phrase",""
"de.phrase.es-ist-ein-notfall","It's an emergency.","Es ist ein Notfall.","","phrase",""
"de.phrase.es-ist-erwaehnenswert-dass","It is worth noting that...","Es ist erwähnenswert, dass...","","phrase",""
"de.phrase.es-ist-etwas-zu-eng","It's a bit too tight.","Es ist etwas zu eng.","","phrase",""
"de.phrase.es-ist-halb-vier","It is half past 3.","Es ist halb vier.","","phrase",""
"de.phrase.es-ist-kalt","It's cold.","Es ist kalt.","","phrase",""
"de.phrase.es-ist-mittag","It is noon.","Es ist Mittag.","","phrase",""
"de.phrase.es-ist-mitternacht","It is midnight.","Es ist Mitternacht.","","phrase",""
"de.phrase.es-ist-sonnig","It's sunny.","Es ist sonnig.","","phrase",""
"de.phrase.es-ist-ungefaehr-10-minuten-zu-fuss","It's about 10 minutes on foot.","Es ist ungefähr 10 Minuten zu Fuß.","","phrase",""
"de.phrase.es-ist-viertel-nach-drei","It is quarter past 3.","Es ist Viertel nach drei.","","phrase",""
"de.phrase.es-ist-viertel-vor-vier","It is quarter to 4.","Es ist Viertel vor vier.","","phrase",""
"de.phrase.es-passt-perfekt","It fits perfectly.","Es passt perfekt.","","phrase",""
"de.phrase.es-regnet","It's raining.","Es regnet.","","phrase",""
"de.phrase.es-scheint-als-ob","It seems like...","Es scheint, als ob...","","phrase",""
"de.phrase.es-scheint-dass","it seems that","es scheint, dass","","phrase",""
"de.phrase.es-schneit","It's snowing.","Es schneit.","","phrase",""
"de.phrase.es-tut-hier-weh","It hurts here.","Es tut hier weh.","","phrase",""
"de.phrase.es-tut-mir-leid.i-m-sorry","I'm sorry.","Es tut mir leid.","","phrase",""
"de.phrase.es-tut-mir-leid.i-am-sorry","I am sorry.","Es tut mir leid.","","phrase",""
"de.phrase.es-waere-besser","It would be better to...","Es wäre besser,...","","phrase",""
"de.phrase.es-war-anstrengend","It was exhausting.","Es war anstrengend.","","phrase",""
"de.phrase.es-war-koestlich","It was delicious!","Es war köstlich!","","phrase",""
"de.phrase.es-war-mir-ein-vergnuegen","It was a pleasure.","Es war mir ein Vergnügen.","","phrase",""
"de.phrase.essen-gegessen","to eat → eaten","essen → gegessen","","phrase",""
"de.phrase.essen-wir-lass-uns-essen","Let's eat!","Essen wir! / Lass uns essen!","","phrase",""
"de.phrase.etwas-besser","slightly better","etwas besser","","phrase",""
"de.phrase.euch-selbst","yourselves","euch selbst","","phrase",""
"de.phrase.fahren-fahrer-fahrt-fahrzeug","to drive → driver → ride → vehicle","fahren → Fahrer → Fahrt → Fahrzeug","","phrase",""
"de.phrase.fahren-gefahren","to drive → driven","fahren → gefahren","","phrase",""
"de.phrase.fallen-gefallen","to fall → fallen","fallen → gefallen","","phrase",""
"de.phrase.falsch-liegen-sich-irren","to be wrong","falsch liegen / sich irren","","phrase",""
"de.phrase.fangen-wir-an","Let's start!","Fangen wir an!","","phrase",""
"de.phrase.feierabend-machen","to call it a day","Feierabend machen","","phrase",""
"de.phrase.finden-gefunden","to find → found","finden → gefunden","","phrase",""
"de.phrase.fleissig-arbeitsam","hardworking","fleißig / arbeitsam","","phrase",""
"de.phrase.fliegen-geflogen","to fly → flown","fliegen → geflogen","","phrase",""
"de.phrase.fortschritte-machen","to make progress","Fortschritte machen","","phrase",""
"de.phrase.freund-freundschaft-freundlich","friend → friendship → friendly","Freund → Freundschaft → freundlich","","phrase",""
"de.phrase.freundliche-gruesse","Kind regards,","Freundliche Grüße,","","phrase",""
"de.phrase.freut-mich","Nice to meet you.","Freut mich.","","phrase",""
"de.phrase.frohe-weihnachten","Merry Christmas!","Frohe Weihnachten!","","phrase",""
"de.phrase.frohes-neues-jahr","Happy New Year!","Frohes Neues Jahr!","","phrase",""
"de.phrase.frueher-oder-spaeter","sooner or later","früher oder später","","phrase",""
"de.phrase.fuer-den-moment-ist-es-okay","It is fine for now.","Für den Moment ist es okay.","","phrase",""
"de.phrase.fussball-spielen","to play football","Fußball spielen","","phrase",""
"de.phrase.ganz-ehrlich","Honestly?","Ganz ehrlich?","","phrase",""
"de.phrase.ganz-ohr-sein","to be all ears","ganz Ohr sein","","phrase",""
"de.phrase.gar-nicht","not at all","gar nicht","","phrase",""
"de.phrase.gebaut-werden","to be built","gebaut werden","","phrase",""
"de.phrase.geben-gegeben","to give → given","geben → gegeben","","phrase",""
"de.phrase.geboren-werden","to be born","geboren werden","","phrase",""
"de.phrase.gebraeunte-haut","tanned skin","gebräunte Haut","","phrase",""
"de.phrase.gebraucht-second-hand","second-hand","gebraucht / Second-Hand","","phrase",""
"de.phrase.gefunden-werden","to be found","gefunden werden","","phrase",""
"de.phrase.gegenueber-dem-bahnhof","opposite the station","gegenüber dem Bahnhof","","phrase",""
"de.phrase.gehen-gegangen","to go → gone","gehen → gegangen","","phrase",""
"de.phrase.gehen-sie-geradeaus","Go straight ahead.","Gehen Sie geradeaus.","","phrase",""
"de.phrase.gehen-wir-lass-uns-gehen","Let's go!","Gehen wir! / Lass uns gehen!","","phrase",""
"de.phrase.geistige-gesundheit","mental health","geistige Gesundheit","die","phrase",""
"de.phrase.genauso-gross-wie","as big as","genauso groß wie","","phrase",""
"de.phrase.genitiv-des-m-n-der-f-der-pl","der/die/das → des/der/des (Genitiv)","Genitiv: des (m/n) / der (f) / der (pl.)","","phrase",""
"de.phrase.gern-geschehen","you are welcome","gern geschehen","","phrase",""
"de.phrase.geschickt-werden","to be sent","geschickt werden","","phrase",""
"de.phrase.gestern-hat-er-das-buch-gelesen","Yesterday he read the book.","Gestern hat er das Buch gelesen.","","phrase",""
"de.phrase.gesunder-lebensstil","healthy lifestyle","gesunder Lebensstil","der","phrase",""
"de.phrase.gewinnen-gewonnen","to win → won","gewinnen → gewonnen","","phrase",""
"de.phrase.gezeigt-werden","to be shown","gezeigt werden","","phrase",""
"de.phrase.gib-mir","Give me! (du)","Gib mir!","","phrase",""
"de.phrase.gib-nicht-auf","Don't give up!","Gib nicht auf!","","phrase",""
"de.phrase.gibt-es-eine-apotheke-die-sonntags-geoeffnet-ist","Is there a pharmacy open on Sunday?","Gibt es eine Apotheke, die sonntags geöffnet ist?","","phrase",""
"de.phrase.gibt-es-eine-kundenkarte","Is there a loyalty card?","Gibt es eine Kundenkarte?","","phrase",""
"de.phrase.gibt-es-einen-geldautomaten-in-der-naehe","Is there a cash machine nearby?","Gibt es einen Geldautomaten in der Nähe?","","phrase",""
"de.phrase.glatte-haare","straight hair","glatte Haare","","phrase",""
"de.phrase.graue-haare","grey hair","graue Haare","","phrase",""
"de.phrase.groesser-als","bigger than","größer als","","phrase",""
"de.phrase.gross-groesser-am-groessten","big – bigger – biggest","groß – größer – am größten","","phrase",""
"de.phrase.gross-hochgewachsen","tall","groß / hochgewachsen","","phrase",""
"de.phrase.gruen-vor-neid-sein","to be green with envy","grün vor Neid sein","","phrase",""
"de.phrase.gut-besser-am-besten","good – better – best","gut – besser – am besten","","phrase",""
"de.phrase.gut-gemacht","Well done!","Gut gemacht!","","phrase",""
"de.phrase.gute-besserung","Get well soon!","Gute Besserung!","","phrase",""
"de.phrase.gute-laune-haben","to be in a good mood","gute Laune haben","","phrase",""
"de.phrase.gute-nacht","Good night!","Gute Nacht!","","phrase",""
"de.phrase.guten-abend","Good evening!","Guten Abend!","","phrase",""
"de.phrase.guten-appetit","Enjoy your meal!","Guten Appetit!","","phrase",""
"de.phrase.guten-morgen","Good morning!","Guten Morgen!","","phrase",""
"de.phrase.guten-tag.good-afternoon","Good afternoon!","Guten Tag!","","phrase",""
"de.phrase.guten-tag.hello-good-day","hello / good day","Guten Tag","","phrase",""
"de.phrase.haben-gehabt","to have → had","haben → gehabt","","phrase",""
"de.phrase.haben-sie-allergien","Do you have any allergies?","Haben Sie Allergien?","","phrase",""
"de.phrase.haben-sie-das-in-einer-groesseren-groesse","Do you have this in a larger size?","Haben Sie das in einer größeren Größe?","","phrase",""
"de.phrase.haben-sie-einen-stadtplan","Do you have a map of the city?","Haben Sie einen Stadtplan?","","phrase",""
"de.phrase.hals-und-beinbruch","to break a leg!","Hals- und Beinbruch!","","phrase",""
"de.phrase.halten-gehalten","to hold → held","halten → gehalten","","phrase",""
"de.phrase.harte-arbeit-zahlt-sich-aus","Hard work pays off.","Harte Arbeit zahlt sich aus.","","phrase",""
"de.phrase.hast-du-gegessen","Did you eat?","Hast du gegessen?","","phrase",""
"de.phrase.hast-du-versucht-es-aus-und-einzuschalten","Have you tried turning it off and on?","Hast du versucht, es aus- und einzuschalten?","","phrase",""
"de.phrase.hast-du-zeit","Do you have time?","Hast du Zeit?","","phrase",""
"de.phrase.hattest-du-einen-guten-tag","Did you have a good day?","Hattest du einen guten Tag?","","phrase",""
"de.phrase.helfen-geholfen","to help → helped","helfen → geholfen","","phrase",""
"de.phrase.helft-mir","Help me! (ihr)","Helft mir!","","phrase",""
"de.phrase.herzlichen-glueckwunsch","Congratulations!","Herzlichen Glückwunsch!","","phrase",""
"de.phrase.hier-tut-es-weh","It hurts here.","Hier tut es weh.","","phrase",""
"de.phrase.hilf-mir","Help me! (du)","Hilf mir!","","phrase",""
"de.phrase.hinter-dativ","behind (Dativ)","hinter (Dativ)","","phrase",""
"de.phrase.hinter-dem-mond-leben","to be behind the times","hinter dem Mond leben","","phrase",""
"de.phrase.hoch-hoeher-am-hoechsten","high – higher – highest","hoch – höher – am höchsten","","phrase",""
"de.phrase.hochdeutsch-standarddeutsch","Standard German","Hochdeutsch / Standarddeutsch","","phrase",""
"de.phrase.hoer-auf","Stop! (du)","Hör auf!","","phrase",""
"de.phrase.hoer-zu","Listen! (du)","Hör zu!","","phrase",""
"de.phrase.ich-ass","I ate","ich aß","","phrase",""
"de.phrase.ich-begann","I began","ich begann","","phrase",""
"de.phrase.ich-bin","I am","ich bin","","phrase",""
"de.phrase.ich-bin-anderer-meinung","I disagree.","Ich bin anderer Meinung.","","phrase",""
"de.phrase.ich-bin-angekommen","I have arrived (Perfekt)","ich bin angekommen","","phrase",""
"de.phrase.ich-bin-dagegen-allergisch","I am allergic to this.","Ich bin dagegen allergisch.","","phrase",""
"de.phrase.ich-bin-erschoepft","I am exhausted.","Ich bin erschöpft.","","phrase",""
"de.phrase.ich-bin-fest-davon-ueberzeugt-dass","I strongly believe that...","Ich bin fest davon überzeugt, dass...","","phrase",""
"de.phrase.ich-bin-geblieben","I have stayed (Perfekt)","ich bin geblieben","","phrase",""
"de.phrase.ich-bin-gefahren","I have driven (Perfekt)","ich bin gefahren","","phrase",""
"de.phrase.ich-bin-gefallen","I have fallen (Perfekt)","ich bin gefallen","","phrase",""
"de.phrase.ich-bin-geflogen","I have flown (Perfekt)","ich bin geflogen","","phrase",""
"de.phrase.ich-bin-gegangen","I have gone (Perfekt)","ich bin gegangen","","phrase",""
"de.phrase.ich-bin-gekommen","I have come (Perfekt)","ich bin gekommen","","phrase",""
"de.phrase.ich-bin-gleich-zurueck","I will be right back.","Ich bin gleich zurück.","","phrase",""
"de.phrase.ich-bin-gluecklich","I'm happy.","Ich bin glücklich.","","phrase",""
"de.phrase.ich-bin-in-fuenf-minuten-da","I'll be there in five minutes.","Ich bin in fünf Minuten da.","","phrase",""
"de.phrase.ich-bin-muede.i-m-tired","I'm tired.","Ich bin müde.","","phrase",""
"de.phrase.ich-bin-muede.i-am-tired","I am tired.","Ich bin müde.","","phrase",""
"de.phrase.ich-bin-nicht-sicher","I'm not sure.","Ich bin nicht sicher.","","phrase",""
"de.phrase.ich-bin-noch-nicht-ueberzeugt","I am not convinced yet.","Ich bin noch nicht überzeugt.","","phrase",""
"de.phrase.ich-bin-spaet-zurueckgekommen","I came back late.","Ich bin spät zurückgekommen.","","phrase",""
"de.phrase.ich-bin-stammkunde","I'm a regular customer.","Ich bin Stammkunde.","","phrase",""
"de.phrase.ich-bin-stolz-auf-dich","I'm proud of you.","Ich bin stolz auf dich.","","phrase",""
"de.phrase.ich-bin-vegetarier-vegetarierin","I'm a vegetarian.","Ich bin Vegetarier/Vegetarierin.","","phrase",""
"de.phrase.ich-biss","I bit","ich biss","","phrase",""
"de.phrase.ich-bleibe-zu-hause","I'm staying home.","Ich bleibe zu Hause.","","phrase",""
"de.phrase.ich-brach","I broke","ich brach","","phrase",""
"de.phrase.ich-brachte","I brought","ich brachte","","phrase",""
"de.phrase.ich-brauche","I need...","Ich brauche...","","phrase",""
"de.phrase.ich-brauche-ein-rezept","I need a prescription.","Ich brauche ein Rezept.","","phrase",""
"de.phrase.ich-brauche-eine-fahrkarte","I need a ticket.","Ich brauche eine Fahrkarte.","","phrase",""
"de.phrase.ich-brauche-einen-arzt","I need a doctor.","Ich brauche einen Arzt.","","phrase",""
"de.phrase.ich-brauche-einen-moment","I need a moment.","Ich brauche einen Moment.","","phrase",""
"de.phrase.ich-brauche-hilfe","I need help.","Ich brauche Hilfe.","","phrase",""
"de.phrase.ich-brauche-klarheit","I need clarity.","Ich brauche Klarheit.","","phrase",""
"de.phrase.ich-brauche-kurz-frische-luft","I need some air.","Ich brauche kurz frische Luft.","","phrase",""
"de.phrase.ich-brauche-wasser","I need water.","Ich brauche Wasser.","","phrase",""
"de.phrase.ich-dachte","I thought","ich dachte","","phrase",""
"de.phrase.ich-darf","I may / am allowed to","ich darf","","phrase",""
"de.phrase.ich-denke-darueber-nach","I am thinking about it.","Ich denke darüber nach.","","phrase",""
"de.phrase.ich-denke-dass","I think that...","Ich denke, dass...","","phrase",""
"de.phrase.ich-denke-dass-er-muede-ist","I think that he is tired.","Ich denke, dass er müde ist.","","phrase",""
"de.phrase.ich-durfte","I was allowed to","ich durfte","","phrase",""
"de.phrase.ich-erinnere-mich-an-ihn","I remember him.","Ich erinnere mich an ihn.","","phrase",""
"de.phrase.ich-erzaehlte-ich-sagte","I told","ich erzählte / ich sagte","","phrase",""
"de.phrase.ich-esse","I eat","ich esse","","phrase",""
"de.phrase.ich-fahre","I drive","ich fahre","","phrase",""
"de.phrase.ich-falle","I fall","ich falle","","phrase",""
"de.phrase.ich-fand","I found","ich fand","","phrase",""
"de.phrase.ich-fange-jetzt-an","I am starting now.","Ich fange jetzt an.","","phrase",""
"de.phrase.ich-fiel","I fell","ich fiel","","phrase",""
"de.phrase.ich-flog","I flew","ich flog","","phrase",""
"de.phrase.ich-freue-mich-auf-ihre-antwort","I look forward to hearing from you.","Ich freue mich auf Ihre Antwort.","","phrase",""
"de.phrase.ich-freue-mich-darauf.i-m-looking-forward-to-it","I'm looking forward to it.","Ich freue mich darauf.","","phrase",""
"de.phrase.ich-freue-mich-darauf.i-am-looking-forward-to-it","I am looking forward to it.","Ich freue mich darauf.","","phrase",""
"de.phrase.ich-fuehle-mich-heute-grossartig","I feel great today.","Ich fühle mich heute großartig.","","phrase",""
"de.phrase.ich-fuehle-mich-krank","I feel sick.","Ich fühle mich krank.","","phrase",""
"de.phrase.ich-fuehle-mich-nicht-wohl","I'm not feeling well.","Ich fühle mich nicht wohl.","","phrase",""
"de.phrase.ich-fuhr","I drove","ich fuhr","","phrase",""
"de.phrase.ich-gab","I gave","ich gab","","phrase",""
"de.phrase.ich-gebe","I give","ich gebe","","phrase",""
"de.phrase.ich-gehe-frueh-ins-bett","I go to bed early.","Ich gehe früh ins Bett.","","phrase",""
"de.phrase.ich-gehe-jeden-morgen-joggen","I go jogging every morning.","Ich gehe jeden Morgen joggen.","","phrase",""
"de.phrase.ich-gewann","I won","ich gewann","","phrase",""
"de.phrase.ich-ging","I went","ich ging","","phrase",""
"de.phrase.ich-glaube-dir","I believe you.","Ich glaube dir.","","phrase",""
"de.phrase.ich-habe","I have","ich habe","","phrase",""
"de.phrase.ich-habe-angst-davor","I am afraid of it.","Ich habe Angst davor.","","phrase",""
"de.phrase.ich-habe-das-missverstanden","I have misunderstood that.","Ich habe das missverstanden.","","phrase",""
"de.phrase.ich-habe-durst","I'm thirsty.","Ich habe Durst.","","phrase",""
"de.phrase.ich-habe-eine-frage-zu-meiner-rechnung","I have a question about my bill.","Ich habe eine Frage zu meiner Rechnung.","","phrase",""
"de.phrase.ich-habe-eine-reservierung","I have a reservation.","Ich habe eine Reservierung.","","phrase",""
"de.phrase.ich-habe-einen-gutschein","I have a voucher.","Ich habe einen Gutschein.","","phrase",""
"de.phrase.ich-habe-einen-termin-um-15-uhr","I have an appointment at 3 pm.","Ich habe einen Termin um 15 Uhr.","","phrase",""
"de.phrase.ich-habe-es-eilig.i-m-in-a-hurry","I'm in a hurry.","Ich habe es eilig.","","phrase",""
"de.phrase.ich-habe-es-eilig.i-am-in-a-hurry","I am in a hurry.","Ich habe es eilig.","","phrase",""
"de.phrase.ich-habe-gearbeitet","I have worked (Perfekt)","ich habe gearbeitet","","phrase",""
"de.phrase.ich-habe-gedacht","I have thought (Perfekt)","ich habe gedacht","","phrase",""
"de.phrase.ich-habe-gegessen.i-have-eaten-perfekt","I have eaten (Perfekt)","ich habe gegessen","","phrase",""
"de.phrase.ich-habe-gegessen.i-have-eaten-perfekt-2","I have eaten. (Perfekt)","Ich habe gegessen.","","phrase",""
"de.phrase.ich-habe-gerade-keine-lust","I am not in the mood.","Ich habe gerade keine Lust.","","phrase",""
"de.phrase.ich-habe-geschlafen","I have slept (Perfekt)","ich habe geschlafen","","phrase",""
"de.phrase.ich-habe-geschrieben","I have written (Perfekt)","ich habe geschrieben","","phrase",""
"de.phrase.ich-habe-gesehen","I have seen (Perfekt)","ich habe gesehen","","phrase",""
"de.phrase.ich-habe-gesprochen","I have spoken (Perfekt)","ich habe gesprochen","","phrase",""
"de.phrase.ich-habe-hunger.i-m-hungry","I'm hungry.","Ich habe Hunger.","","phrase",""
"de.phrase.ich-habe-hunger.i-am-hungry","I am hungry.","Ich habe Hunger.","","phrase",""
"de.phrase.ich-habe-kein-bargeld","I don't have any cash.","Ich habe kein Bargeld.","","phrase",""
"de.phrase.ich-habe-keine-ahnung","I have no idea.","Ich habe keine Ahnung.","","phrase",""
"de.phrase.ich-habe-keine-zeit","I have no time. (kein)","Ich habe keine Zeit.","","phrase",""
"de.phrase.ich-habe-meine-geldboerse-vergessen","I've forgotten my wallet.","Ich habe meine Geldbörse vergessen.","","phrase",""
"de.phrase.ich-habe-meinen-reisepass-verloren","I've lost my passport.","Ich habe meinen Reisepass verloren.","","phrase",""
"de.phrase.ich-habe-mich-gewaschen","I washed myself.","Ich habe mich gewaschen.","","phrase",""
"de.phrase.ich-habe-mich-verlaufen","I am lost.","Ich habe mich verlaufen.","","phrase",""
"de.phrase.ich-habe-zeit","I have time.","Ich habe Zeit.","","phrase",""
"de.phrase.ich-haette","I would have","ich hätte","","phrase",""
"de.phrase.ich-haette-das-sagen-sollen","I should have said that.","Ich hätte das sagen sollen.","","phrase",""
"de.phrase.ich-haette-gern-ein-bier","I would like a beer.","Ich hätte gern ein Bier.","","phrase",""
"de.phrase.ich-haette-gern-einen-kaffee","I would like a coffee.","Ich hätte gern einen Kaffee.","","phrase",""
"de.phrase.ich-half","I helped","ich half","","phrase",""
"de.phrase.ich-halte","I hold","ich halte","","phrase",""
"de.phrase.ich-hatte","I had","ich hatte","","phrase",""
"de.phrase.ich-hatte-viel-zu-tun","I had a lot to do.","Ich hatte viel zu tun.","","phrase",""
"de.phrase.ich-heisse-mein-name-ist","My name is...","Ich heiße... / Mein Name ist...","","phrase",""
"de.phrase.ich-heisse-oliver","My name is Oliver.","Ich heiße Oliver.","","phrase",""
"de.phrase.ich-helfe","I help","ich helfe","","phrase",""
"de.phrase.ich-hielt","I held","ich hielt","","phrase",""
"de.phrase.ich-hoere-jetzt-auf","I am stopping now.","Ich höre jetzt auf.","","phrase",""
"de.phrase.ich-interessiere-mich-fuer-kunst","I'm interested in art.","Ich interessiere mich für Kunst.","","phrase",""
"de.phrase.ich-kam","I came","ich kam","","phrase",""
"de.phrase.ich-kann","I can","ich kann","","phrase",""
"de.phrase.ich-kann-bleiben","I can stay.","Ich kann bleiben.","","phrase",""
"de.phrase.ich-kann-deine-gedanken-nicht-lesen","I cannot read your mind.","Ich kann deine Gedanken nicht lesen.","","phrase",""
"de.phrase.ich-kann-es-nicht-glauben","I can't believe it.","Ich kann es nicht glauben.","","phrase",""
"de.phrase.ich-kann-schwimmen","I can swim.","Ich kann schwimmen.","","phrase",""
"de.phrase.ich-kann-sie-nicht-sehr-gut-hoeren","I can't hear you very well.","Ich kann Sie nicht sehr gut hören.","","phrase",""
"de.phrase.ich-koennte","I could (conditional)","ich könnte","","phrase",""
"de.phrase.ich-komme-aus-ungarn.i-m-from-hungary","I'm from Hungary.","Ich komme aus Ungarn.","","phrase",""
"de.phrase.ich-komme-aus-ungarn.i-am-from-hungary","I am from Hungary.","Ich komme aus Ungarn.","","phrase",""
"de.phrase.ich-komme-mit","I will come along.","Ich komme mit.","","phrase",""
"de.phrase.ich-komme-zurueck","I will come back.","Ich komme zurück.","","phrase",""
"de.phrase.ich-konnte","I could (past: was able to)","ich konnte","","phrase",""
"de.phrase.ich-laeutete-ich-rief-an","I rang","ich läutete / ich rief an","","phrase",""
"de.phrase.ich-las","I read (past)","ich las","","phrase",""
"de.phrase.ich-laufe","I run","ich laufe","","phrase",""
"de.phrase.ich-lehrte-ich-unterrichtete","I taught","ich lehrte / ich unterrichtete","","phrase",""
"de.phrase.ich-lerne-deutsch","I am learning German.","Ich lerne Deutsch.","","phrase",""
"de.phrase.ich-lese","I read","ich lese","","phrase",""
"de.phrase.ich-lese-gerne","I like reading.","Ich lese gerne.","","phrase",""
"de.phrase.ich-liebe-es-zu-kochen","I love cooking.","Ich liebe es zu kochen.","","phrase",""
"de.phrase.ich-lief","I ran","ich lief","","phrase",""
"de.phrase.ich-mache-dir-keinen-vorwurf","I am not blaming you.","Ich mache dir keinen Vorwurf.","","phrase",""
"de.phrase.ich-mag","I like","ich mag","","phrase",""
"de.phrase.ich-meine","I mean...","Ich meine ...","","phrase",""
"de.phrase.ich-moechte.i-would-like","I would like","ich möchte","","phrase",""
"de.phrase.ich-moechte.i-would-like-2","I would like...","Ich möchte...","","phrase",""
"de.phrase.ich-moechte-das-anprobieren","I'd like to try this on.","Ich möchte das anprobieren.","","phrase",""
"de.phrase.ich-moechte-das-zurueckgeben","I'd like to return this.","Ich möchte das zurückgeben.","","phrase",""
"de.phrase.ich-moechte-dich-verstehen","I want to understand you.","Ich möchte dich verstehen.","","phrase",""
"de.phrase.ich-moechte-ehrlich-sein","I want to be honest.","Ich möchte ehrlich sein.","","phrase",""
"de.phrase.ich-moechte-ein-konto-eroeffnen","I would like to open a bank account.","Ich möchte ein Konto eröffnen.","","phrase",""
"de.phrase.ich-moechte-eine-bewertung-hinterlassen","I'd like to leave a review.","Ich möchte eine Bewertung hinterlassen.","","phrase",""
"de.phrase.ich-moechte-eine-rueckerstattung","I'd like a refund.","Ich möchte eine Rückerstattung.","","phrase",""
"de.phrase.ich-moechte-etwas-fragen","I would like to ask something.","Ich möchte etwas fragen.","","phrase",""
"de.phrase.ich-moechte-mein-visum-verlaengern","I would like to renew my visa.","Ich möchte mein Visum verlängern.","","phrase",""
"de.phrase.ich-moechte-mich-abmelden","I would like to deregister.","Ich möchte mich abmelden.","","phrase",""
"de.phrase.ich-moechte-mich-anmelden","I would like to register.","Ich möchte mich anmelden.","","phrase",""
"de.phrase.ich-moechte-mich-nach-erkundigen","I would like to inquire about...","Ich möchte mich nach ... erkundigen.","","phrase",""
"de.phrase.ich-moechte-mich-um-eine-stelle-bewerben","I would like to apply for a job.","Ich möchte mich um eine Stelle bewerben.","","phrase",""
"de.phrase.ich-moechte-nicht-hinterherrennen","I do not want to chase.","Ich möchte nicht hinterherrennen.","","phrase",""
"de.phrase.ich-moechte-nichts-erzwingen","I do not want to force anything.","Ich möchte nichts erzwingen.","","phrase",""
"de.phrase.ich-muesste","I would have to","ich müsste","","phrase",""
"de.phrase.ich-muss","I must","ich muss","","phrase",""
"de.phrase.ich-muss-darueber-nachdenken","I need to think about it.","Ich muss darüber nachdenken.","","phrase",""
"de.phrase.ich-muss-einen-tag-freinehmen","I need to take a day off.","Ich muss einen Tag freinehmen.","","phrase",""
"de.phrase.ich-muss-gehen","I have to go.","Ich muss gehen.","","phrase",""
"de.phrase.ich-muss-zum-arzt","I need to see a doctor.","Ich muss zum Arzt.","","phrase",""
"de.phrase.ich-musste","I had to","ich musste","","phrase",""
"de.phrase.ich-nahm","I took","ich nahm","","phrase",""
"de.phrase.ich-nehme","I take","ich nehme","","phrase",""
"de.phrase.ich-nehme-es","I'll take it.","Ich nehme es.","","phrase",""
"de.phrase.ich-rief","I called","ich rief","","phrase",""
"de.phrase.ich-rufe-dich-an","I am calling you.","Ich rufe dich an.","","phrase",""
"de.phrase.ich-sah","I saw","ich sah","","phrase",""
"de.phrase.ich-sang","I sang","ich sang","","phrase",""
"de.phrase.ich-sass","I sat","ich saß","","phrase",""
"de.phrase.ich-schlafe","I sleep","ich schlafe","","phrase",""
"de.phrase.ich-schlief","I slept","ich schlief","","phrase",""
"de.phrase.ich-schloss","I shut","ich schloss","","phrase",""
"de.phrase.ich-schlug","I hit","ich schlug","","phrase",""
"de.phrase.ich-schnitt","I cut","ich schnitt","","phrase",""
"de.phrase.ich-schreibe-das-wort-auf","I write down the word.","Ich schreibe das Wort auf.","","phrase",""
"de.phrase.ich-schreibe-ihnen-bezueglich","I am writing to you regarding...","Ich schreibe Ihnen bezüglich...","","phrase",""
"de.phrase.ich-schrieb","I wrote","ich schrieb","","phrase",""
"de.phrase.ich-schuettelte","I shook","ich schüttelte","","phrase",""
"de.phrase.ich-schwamm","I swam","ich schwamm","","phrase",""
"de.phrase.ich-sehe","I see","ich sehe","","phrase",""
"de.phrase.ich-sehe-das-anders.i-see-this-differently","I see this differently.","Ich sehe das anders.","","phrase",""
"de.phrase.ich-sehe-das-anders.i-see-it-differently","I see it differently.","Ich sehe das anders.","","phrase",""
"de.phrase.ich-soll","I should (am supposed to)","ich soll","","phrase",""
"de.phrase.ich-sollte.i-was-supposed-to","I was supposed to","ich sollte","","phrase",""
"de.phrase.ich-sollte.i-should-ought-to","I should (ought to)","ich sollte","","phrase",""
"de.phrase.ich-sollte-jetzt-nicht-reagieren","I should not react now.","Ich sollte jetzt nicht reagieren.","","phrase",""
"de.phrase.ich-sprach","I spoke","ich sprach","","phrase",""
"de.phrase.ich-spreche","I speak","ich spreche","","phrase",""
"de.phrase.ich-spreche-darueber","I am talking about it.","Ich spreche darüber.","","phrase",""
"de.phrase.ich-spreche-ein-bisschen-deutsch","I speak a little German.","Ich spreche ein bisschen Deutsch.","","phrase",""
"de.phrase.ich-stahl","I stole","ich stahl","","phrase",""
"de.phrase.ich-stand","I stood","ich stand","","phrase",""
"de.phrase.ich-stieg","I rose","ich stieg","","phrase",""
"de.phrase.ich-stimme-dir-teilweise-zu","I partly agree.","Ich stimme dir teilweise zu.","","phrase",""
"de.phrase.ich-stimme-dir-zu","I agree with you.","Ich stimme dir zu.","","phrase",""
"de.phrase.ich-stimme-zu","I agree.","Ich stimme zu.","","phrase",""
"de.phrase.ich-suche","I'm looking for...","Ich suche...","","phrase",""
"de.phrase.ich-suche-diese-adresse","I am looking for this address.","Ich suche diese Adresse.","","phrase",""
"de.phrase.ich-traf","I met","ich traf","","phrase",""
"de.phrase.ich-trage","I carry / wear","ich trage","","phrase",""
"de.phrase.ich-trank","I drank","ich trank","","phrase",""
"de.phrase.ich-treffe","I meet","ich treffe","","phrase",""
"de.phrase.ich-trug.i-carried","I carried","ich trug","","phrase",""
"de.phrase.ich-trug.i-wore","I wore","ich trug","","phrase",""
"de.phrase.ich-verbrachte-ich-gab-aus","I spent","ich verbrachte / ich gab aus","","phrase",""
"de.phrase.ich-verkaufte","I sold","ich verkaufte","","phrase",""
"de.phrase.ich-verletzte","I hurt","ich verletzte","","phrase",""
"de.phrase.ich-verliess","I left","ich verließ","","phrase",""
"de.phrase.ich-verlor","I lost","ich verlor","","phrase",""
"de.phrase.ich-versteckte-ich-verbarg","I hid","ich versteckte / ich verbarg","","phrase",""
"de.phrase.ich-verstehe-ach-so","I see.","Ich verstehe. / Ach so.","","phrase",""
"de.phrase.ich-verstehe-dich","I understand you.","Ich verstehe dich.","","phrase",""
"de.phrase.ich-verstehe-nicht.i-don-t-understand","I don't understand.","Ich verstehe nicht.","","phrase",""
"de.phrase.ich-verstehe-nicht.i-do-not-understand","I do not understand.","Ich verstehe nicht.","","phrase",""
"de.phrase.ich-verstehe-was-du-meinst","I see what you mean.","Ich verstehe, was du meinst.","","phrase",""
"de.phrase.ich-verstehe-woher-sie-kommen","I see where you're coming from.","Ich verstehe, woher Sie kommen.","","phrase",""
"de.phrase.ich-versuche-ruhig-zu-bleiben","I am trying to stay calm.","Ich versuche, ruhig zu bleiben.","","phrase",""
"de.phrase.ich-versuche-zucker-zu-vermeiden","I try to avoid sugar.","Ich versuche Zucker zu vermeiden.","","phrase",""
"de.phrase.ich-waehlte-ich-erkor","I chose","ich wählte / ich erkor","","phrase",""
"de.phrase.ich-waere","I would be","ich wäre","","phrase",""
"de.phrase.ich-waere-dankbar-wenn-sie","I'd appreciate it if you could...","Ich wäre dankbar, wenn Sie...","","phrase",""
"de.phrase.ich-war","I was","ich war","","phrase",""
"de.phrase.ich-war-im-buero","I was at the office.","Ich war im Büro.","","phrase",""
"de.phrase.ich-warf","I threw","ich warf","","phrase",""
"de.phrase.ich-warte-auf-dich","I am waiting for you.","Ich warte auf dich.","","phrase",""
"de.phrase.ich-warte-seit-einer-stunde","I've been waiting for an hour.","Ich warte seit einer Stunde.","","phrase",""
"de.phrase.ich-wasche","I wash","ich wasche","","phrase",""
"de.phrase.ich-weiss","I know (a fact)","ich weiß","","phrase",""
"de.phrase.ich-weiss-dass-er-muede-ist","I know that he is tired.","Ich weiß, dass er müde ist.","","phrase",""
"de.phrase.ich-weiss-dass-sie-kommt","I know that she is coming.","Ich weiß, dass sie kommt.","","phrase",""
"de.phrase.ich-weiss-nicht-ob-er-kommt","I don't know if he is coming.","Ich weiß nicht, ob er kommt.","","phrase",""
"de.phrase.ich-werde","I become","ich werde","","phrase",""
"de.phrase.ich-werde-darueber-nachdenken","I'll think about it.","Ich werde darüber nachdenken.","","phrase",""
"de.phrase.ich-werde-mich-diesbezueglich-bei-dir-melden","I'll get back to you on that.","Ich werde mich diesbezüglich bei dir melden.","","phrase",""
"de.phrase.ich-werfe","I throw","ich werfe","","phrase",""
"de.phrase.ich-will","I want","ich will","","phrase",""
"de.phrase.ich-will-es-verstehen","I want to understand it.","Ich will es verstehen.","","phrase",""
"de.phrase.ich-will-mir-da-nicht-zu-viele-gedanken-machen.i-do-not-want-to-overthink-this","I do not want to overthink this.","Ich will mir da nicht zu viele Gedanken machen.","","phrase",""
"de.phrase.ich-will-mir-da-nicht-zu-viele-gedanken-machen.i-do-not-want-to-overthink-it","I do not want to overthink it.","Ich will mir da nicht zu viele Gedanken machen.","","phrase",""
"de.phrase.ich-wohne-in-berlin","I live in Berlin.","Ich wohne in Berlin.","","phrase",""
"de.phrase.ich-wollte","I wanted","ich wollte","","phrase",""
"de.phrase.ich-wuchs","I grew","ich wuchs","","phrase",""
"de.phrase.ich-wuenschte-ich-koennte-fliegen","I wish I could fly.","Ich wünschte, ich könnte fliegen.","","phrase",""
"de.phrase.ich-wuerde-gehen","I would go","ich würde gehen","","phrase",""
"de.phrase.ich-wuerde-kaufen","I would buy","ich würde kaufen","","phrase",""
"de.phrase.ich-wuerde-lieber","I would prefer...","Ich würde lieber...","","phrase",""
"de.phrase.ich-wuerde-mit-der-struktur-anfangen","I would start with the structure.","Ich würde mit der Struktur anfangen.","","phrase",""
"de.phrase.ich-wuerde-reisen-wenn-ich-geld-haette","I would travel if I had money.","Ich würde reisen, wenn ich Geld hätte.","","phrase",""
"de.phrase.ich-wuerde-sagen-dass","I would say that ...","Ich würde sagen, dass ...","","phrase",""
"de.phrase.ich-wurde","I became","ich wurde","","phrase",""
"de.phrase.ich-wurde-bestohlen","I've been robbed.","Ich wurde bestohlen.","","phrase",""
"de.phrase.ich-wusste","I knew","ich wusste","","phrase",""
"de.phrase.ich-zahle-es-dir-morgen-zurueck","I'll pay you back tomorrow.","Ich zahle es dir morgen zurück.","","phrase",""
"de.phrase.ihr-habt","you have (pl.)","ihr habt","","phrase",""
"de.phrase.ihr-seid","you are (pl.)","ihr seid","","phrase",""
"de.phrase.ihr-wart","you were (pl.)","ihr wart","","phrase",""
"de.phrase.im-allgemeinen","generally speaking","im Allgemeinen","","phrase",""
"de.phrase.im-anhang-finden-sie","Please find attached...","Im Anhang finden Sie...","","phrase",""
"de.phrase.im-ausland","abroad","im Ausland","","phrase",""
"de.phrase.im-erdgeschoss","on the ground floor","im Erdgeschoss","","phrase",""
"de.phrase.im-ernst","Are you serious?","Im Ernst?","","phrase",""
"de.phrase.im-fruehling","in spring","im Frühling","","phrase",""
"de.phrase.im-gleichen-boot-sitzen","to be in the same boat","im gleichen Boot sitzen","","phrase",""
"de.phrase.im-januar","in January","im Januar","","phrase",""
"de.phrase.im-nebensatz-verb-geht-ans-ende","Subordinate clause: verb goes to end","Im Nebensatz: Verb geht ans Ende","","phrase",""
"de.phrase.im-norden-deutschlands","in the north of Germany","im Norden Deutschlands","","phrase",""
"de.phrase.im-siebten-himmel-sein","to be on cloud nine","im siebten Himmel sein","","phrase",""
"de.phrase.im-stadtzentrum","in the city center","im Stadtzentrum","","phrase",""
"de.phrase.im-sueden-oesterreichs","in the south of Austria","im Süden Österreichs","","phrase",""
"de.phrase.im-zweiten-stock","on the second floor","im zweiten Stock","","phrase",""
"de.phrase.in-10-minuten","in 10 minutes","in 10 Minuten","","phrase",""
"de.phrase.in-akkusativ","in + Akkusativ (movement)","in (Akkusativ)","","phrase",""
"de.phrase.in-das-ins","into the → ins","in + das → ins","","phrase",""
"de.phrase.in-dativ","in + Dativ (location)","in (Dativ)","","phrase",""
"de.phrase.in-dem-im","in the → im","in + dem → im","","phrase",""
"de.phrase.in-den-bergen","in the mountains","in den Bergen","","phrase",""
"de.phrase.in-den-sauren-apfel-beissen","to bite the bullet","in den sauren Apfel beißen","","phrase",""
"de.phrase.in-den-urlaub-fahren","to go on vacation","in den Urlaub fahren","","phrase",""
"de.phrase.in-den-vororten","in the suburbs","in den Vororten","","phrase",""
"de.phrase.in-der-ecke","in the corner","in der Ecke","","phrase",""
"de.phrase.in-der-mitte","in the middle","in der Mitte","","phrase",""
"de.phrase.in-der-naehe","nearby","in der Nähe","","phrase",""
"de.phrase.in-der-zwischenzeit","in the meantime","in der Zwischenzeit","","phrase",""
"de.phrase.in-kontakt-bleiben","to keep in touch","in Kontakt bleiben","","phrase",""
"de.phrase.in-rente-gehen","to retire","in Rente gehen","","phrase",""
"de.phrase.in-zwei-tagen","in two days","in zwei Tagen","","phrase",""
"de.phrase.ins-bett-gehen","to go to bed","ins Bett gehen","","phrase",""
"de.phrase.ins-fettnaepfchen-treten","to put one's foot in one's mouth","ins Fettnäpfchen treten","","phrase",""
"de.phrase.ist-alles-in-ordnung","Is everything okay?","Ist alles in Ordnung?","","phrase",""
"de.phrase.ist-das-frei","Is this free?","Ist das frei?","","phrase",""
"de.phrase.ist-das-fruehstueck-inbegriffen","Is breakfast included?","Ist das Frühstück inbegriffen?","","phrase",""
"de.phrase.ist-das-museum-heute-geoeffnet","Is the museum open today?","Ist das Museum heute geöffnet?","","phrase",""
"de.phrase.ist-dieser-platz-besetzt","Is this seat taken?","Ist dieser Platz besetzt?","","phrase",""
"de.phrase.ist-dieses-formular-richtig","Is this form correct?","Ist dieses Formular richtig?","","phrase",""
"de.phrase.ist-es-weit-von-hier","Is it far from here?","Ist es weit von hier?","","phrase",""
"de.phrase.ist-sie-hier","Is she here?","Ist sie hier?","","phrase",""
"de.phrase.jaenner-statt-januar","January (Austrian variant)","Jänner (statt Januar)","der","phrase",""
"de.phrase.je-frueher-desto-besser","The sooner the better.","Je früher desto besser.","","phrase",""
"de.phrase.je-mehr-du-uebst-desto-besser","The more you practice, the better.","Je mehr du übst, desto besser.","","phrase",""
"de.phrase.jede-woche","every week","jede Woche","","phrase",""
"de.phrase.jeden-tag","every day","jeden Tag","","phrase",""
"de.phrase.jeder-alle","everyone","jeder / alle","","phrase",""
"de.phrase.jedes-jahr","every year","jedes Jahr","","phrase",""
"de.phrase.jedes-unglueck-hat-auch-sein-gutes","every cloud has a silver lining","jedes Unglück hat auch sein Gutes","","phrase",""
"de.phrase.jedoch-allerdings","however","jedoch / allerdings","","phrase",""
"de.phrase.jemandem-die-kalte-schulter-zeigen","to give someone the cold shoulder","jemandem die kalte Schulter zeigen","","phrase",""
"de.phrase.jemanden-auf-den-arm-nehmen","to pull someone's leg","jemanden auf den Arm nehmen","","phrase",""
"de.phrase.jetzt-oder-nie","It's now or never.","Jetzt oder nie.","","phrase",""
"de.phrase.joggen-gehen","to go for a run","joggen gehen","","phrase",""
"de.phrase.jung-juenger-am-juengsten","young – younger – youngest","jung – jünger – am jüngsten","","phrase",""
"de.phrase.kahl-glatzkoepfig","bald","kahl / glatzköpfig","","phrase",""
"de.phrase.kalte-fuesse-bekommen","to get cold feet","kalte Füße bekommen","","phrase",""
"de.phrase.kann-ich-bar-zahlen","Can I pay in cash?","Kann ich bar zahlen?","","phrase",""
"de.phrase.kann-ich-den-termin-verschieben","Can I reschedule?","Kann ich den Termin verschieben?","","phrase",""
"de.phrase.kann-ich-ihnen-helfen","Can I help you?","Kann ich Ihnen helfen?","","phrase",""
"de.phrase.kann-ich-ihr-telefon-benutzen","Can I use your phone?","Kann ich Ihr Telefon benutzen?","","phrase",""
"de.phrase.kann-ich-mit-dem-manager-sprechen","Can I speak to the manager?","Kann ich mit dem Manager sprechen?","","phrase",""
"de.phrase.kann-ich-mit-karte-zahlen","Can I pay by card?","Kann ich mit Karte zahlen?","","phrase",""
"de.phrase.kannst-du-helfen","Can you help?","Kannst du helfen?","","phrase",""
"de.phrase.kannst-du-mir-den-bericht-schicken","Can you send me the report?","Kannst du mir den Bericht schicken?","","phrase",""
"de.phrase.karneval-fasching","Carnival","Karneval / Fasching","der","phrase",""
"de.phrase.kaufen-kaeufer-kauf-verkaeufer-verkauf","to buy → buyer → purchase → seller → sale","kaufen → Käufer → Kauf → Verkäufer → Verkauf","","phrase",""
"de.phrase.kein-problem","No problem.","Kein Problem.","","phrase",""
"de.phrase.kein-wunder-dass","no wonder that","kein Wunder, dass","","phrase",""
"de.phrase.keine-ahnung","No idea.","Keine Ahnung.","","phrase",""
"de.phrase.keine-zeit-mehr-haben","to run out of time","keine Zeit mehr haben","","phrase",""
"de.phrase.klein-kleiner-am-kleinsten","small – smaller – smallest","klein – kleiner – am kleinsten","","phrase",""
"de.phrase.klein-niedrig","short (height)","klein / niedrig","","phrase",""
"de.phrase.klug-klueger-am-kluegsten","clever – cleverer – cleverest","klug – klüger – am klügsten","","phrase",""
"de.phrase.kochen-kochen-koch-kueche","to cook → cooking → cook → kitchen","kochen → Kochen → Koch → Küche","","phrase",""
"de.phrase.koennen-sie-einen-krankenwagen-rufen","Can you call an ambulance?","Können Sie einen Krankenwagen rufen?","","phrase",""
"de.phrase.koennen-sie-etwas-empfehlen","Can you recommend something?","Können Sie etwas empfehlen?","","phrase",""
"de.phrase.koennen-sie-mir-helfen","Can you help me?","Können Sie mir helfen?","","phrase",""
"de.phrase.koennten-sie-das-aufschreiben","Could you write that down?","Könnten Sie das aufschreiben?","","phrase",""
"de.phrase.koennten-sie-das-bitte-wiederholen","Could you repeat that, please?","Könnten Sie das bitte wiederholen?","","phrase",""
"de.phrase.koennten-sie-das-fenster-oeffnen","Could you open the window?","Könnten Sie das Fenster öffnen?","","phrase",""
"de.phrase.koennten-sie-das-wiederholen","Could you repeat that?","Könnten Sie das wiederholen?","","phrase",""
"de.phrase.koennten-sie-die-musik-leiser-machen","Could you turn down the music?","Könnten Sie die Musik leiser machen?","","phrase",""
"de.phrase.koennten-sie-langsamer-sprechen","Could you speak more slowly?","Könnten Sie langsamer sprechen?","","phrase",""
"de.phrase.koenntest-du-mir-bitte-helfen","Could you help me, please?","Könntest du mir bitte helfen?","","phrase",""
"de.phrase.koenntest-du-mir-etwas-geld-leihen","Could you lend me some money?","Könntest du mir etwas Geld leihen?","","phrase",""
"de.phrase.koerperliche-aktivitaet","physical activity","körperliche Aktivität","die","phrase",""
"de.phrase.komm-rein","Come in! (du)","Komm rein!","","phrase",""
"de.phrase.kommen-gekommen","to come → come","kommen → gekommen","","phrase",""
"de.phrase.kommen-sie-herein","Come in! (Sie)","Kommen Sie herein!","","phrase",""
"de.phrase.kommen-wir-zur-sache","Let's get down to business.","Kommen wir zur Sache.","","phrase",""
"de.phrase.kommst-du.are-you-coming","Are you coming?","Kommst du?","","phrase",""
"de.phrase.kommst-du.are-you-coming-yes-no-question","Are you coming? (yes/no question)","Kommst du?","","phrase",""
"de.phrase.komparativ-er-anhaengen-groesser-schneller","Comparative: add -er → größer","Komparativ: -er anhängen → größer, schneller","","phrase",""
"de.phrase.konservieren-schonen","to conserve","konservieren / schonen","","phrase",""
"de.phrase.korrektur-lesen","to proofread","Korrektur lesen","","phrase",""
"de.phrase.kostenloser-versand","free shipping","kostenloser Versand","der","phrase",""
"de.phrase.krank-krankheit-patient-krankenhaus-krankenschwester","sick → illness → patient → hospital → nurse","krank → Krankheit → Patient → Krankenhaus → Krankenschwester","","phrase",""
"de.phrase.kuenstliche-intelligenz","artificial intelligence","Künstliche Intelligenz","die","phrase",""
"de.phrase.lang-laenger-am-laengsten","long – longer – longest","lang – länger – am längsten","","phrase",""
"de.phrase.lass-dir-zeit","Take your time.","Lass dir Zeit.","","phrase",""
"de.phrase.lass-es-uns-nicht-verkomplizieren","Let us not overcomplicate it.","Lass es uns nicht verkomplizieren.","","phrase",""
"de.phrase.lass-es-uns-nicht-zu-kompliziert-machen","Let us not make it too complicated.","Lass es uns nicht zu kompliziert machen.","","phrase",""
"de.phrase.lass-uns-das-in-ruhe-klaeren","Let us clarify this calmly.","Lass uns das in Ruhe klären.","","phrase",""
"de.phrase.lass-uns-die-kosten-teilen","Let's split the cost.","Lass uns die Kosten teilen.","","phrase",""
"de.phrase.lass-uns-eine-pause-machen","Let’s take a break.","Lass uns eine Pause machen.","","phrase",""
"de.phrase.lassen-sie-uns-spaeter-kontakt-aufnehmen","Let's touch base later.","Lassen Sie uns später Kontakt aufnehmen.","","phrase",""
"de.phrase.laufen-gelaufen","to run → run","laufen → gelaufen","","phrase",""
"de.phrase.lehren-unterrichten","to teach","lehren / unterrichten","","phrase",""
"de.phrase.leider-kann-ich-nicht","Unfortunately I can't.","Leider kann ich nicht.","","phrase",""
"de.phrase.leihen-borgen","to borrow","leihen / borgen","","phrase",""
"de.phrase.lernen-lektion-lernende-lehrer","to learn → lesson → learner → teacher","lernen → Lektion → Lernende → Lehrer","","phrase",""
"de.phrase.lesen-gelesen","to read → read","lesen → gelesen","","phrase",""
"de.phrase.letzte-woche","last week","letzte Woche","","phrase",""
"de.phrase.letztendlich-am-ende","in the end","letztendlich / am Ende","","phrase",""
"de.phrase.lieben-liebe-liebhaber-geliebte-liebenswert","to love → love → lover → beloved → lovable","lieben → Liebe → Liebhaber → Geliebte → liebenswert","","phrase",""
"de.phrase.lies-das","Read this! (du)","Lies das!","","phrase",""
"de.phrase.lift-statt-aufzug","elevator (Austrian/general)","Lift (statt Aufzug)","der","phrase",""
"de.phrase.liken-gefallen","to like (social media)","liken / gefallen","","phrase",""
"de.phrase.lockige-haare","curly hair","lockige Haare","","phrase",""
"de.phrase.mach-das-licht-aus","Turn off the light!","Mach das Licht aus!","","phrase",""
"de.phrase.mach-dir-keine-sorgen","No worries.","Mach dir keine Sorgen.","","phrase",""
"de.phrase.mach-es-an","Turn it on! (du)","Mach es an!","","phrase",""
"de.phrase.mach-es-aus","Turn it off! (du)","Mach es aus!","","phrase",""
"de.phrase.mach-weiter","Keep going!","Mach weiter!","","phrase",""
"de.phrase.macht-nichts","Never mind.","Macht nichts.","","phrase",""
"de.phrase.mal-sehen","Let’s see.","Mal sehen.","","phrase",""
"de.phrase.maschinelles-lernen","machine learning","maschinelles Lernen","das","phrase",""
"de.phrase.mask-neutr-im-genitiv-e-s","Genitiv -s: des Mannes, des Hauses","Mask./Neutr. im Genitiv: -(e)s","","phrase",""
"de.phrase.mehr-oder-weniger.more-or-less","more or less","mehr oder weniger","","phrase",""
"de.phrase.mehr-oder-weniger.more-or-less-2","More or less.","Mehr oder weniger.","","phrase",""
"de.phrase.mein-akku-ist-fast-leer","My battery is almost dead.","Mein Akku ist fast leer.","","phrase",""
"de.phrase.meine-bestellung-ist-noch-nicht-angekommen","My order hasn't arrived yet.","Meine Bestellung ist noch nicht angekommen.","","phrase",""
"de.phrase.meiner-meinung-nach","In my opinion...","Meiner Meinung nach...","","phrase",""
"de.phrase.mich-selbst","myself","mich selbst","","phrase",""
"de.phrase.mir-geht-es-gut","I feel good.","Mir geht es gut.","","phrase",""
"de.phrase.mir-geht-es-gut-danke.i-m-fine-thank-you","I'm fine, thank you.","Mir geht es gut, danke.","","phrase",""
"de.phrase.mir-geht-es-gut-danke.i-am-fine-thanks","I am fine, thanks.","Mir geht es gut, danke.","","phrase",""
"de.phrase.mir-geht-es-nicht-gut","I do not feel well.","Mir geht es nicht gut.","","phrase",""
"de.phrase.mir-ist-kalt","I feel cold.","Mir ist kalt.","","phrase",""
"de.phrase.mit-anderen-worten","in other words","mit anderen Worten","","phrase",""
"de.phrase.mit-dem-strom-schwimmen","to go with the flow","mit dem Strom schwimmen","","phrase",""
"de.phrase.mit-freundlichen-gruessen","Yours sincerely,","Mit freundlichen Grüßen,","","phrase",""
"de.phrase.mit-wem","With whom?","Mit wem?","","phrase",""
"de.phrase.moechtest-du-mitkommen","Would you like to join us?","Möchtest du mitkommen?","","phrase",""
"de.phrase.morgenstund-hat-gold-im-mund","the early bird catches the worm","Morgenstund hat Gold im Mund","","phrase",""
"de.phrase.muendliche-pruefung","oral exam","mündliche Prüfung","die","phrase",""
"de.phrase.muessen-sein","to need to be","müssen sein","","phrase",""
"de.phrase.muss-ich-dokumente-mitbringen","Do I need to bring any documents?","Muss ich Dokumente mitbringen?","","phrase",""
"de.phrase.n-deklination-mask-bekommt-e-n-in-akk-dat-gen","n-Declension: der Junge → den Jungen","n-Deklination: Mask. bekommt -(e)n in Akk./Dat./Gen.","","phrase",""
"de.phrase.na-ja-jedenfalls","Well, anyway...","Na ja, jedenfalls...","","phrase",""
"de.phrase.nach-der-schule","after school","nach der Schule","","phrase",""
"de.phrase.nach-links","to the left","nach links","","phrase",""
"de.phrase.nach-obwohl-verb-ans-ende-obwohl-es-regnet-gehe-ich-raus","after 'obwohl': verb at end","Nach 'obwohl': Verb ans Ende – Obwohl es regnet, gehe ich raus.","","phrase",""
"de.phrase.nach-rechts","to the right","nach rechts","","phrase",""
"de.phrase.nach-weil-verb-ans-ende-ich-komme-weil-ich-zeit-habe","after 'weil': verb at end","Nach 'weil': Verb ans Ende – Ich komme, weil ich Zeit habe.","","phrase",""
"de.phrase.nachdem-sie-gegessen-hatte-machte-sie-einen-spaziergang","After she ate, she went for a walk.","Nachdem sie gegessen hatte, machte sie einen Spaziergang.","","phrase",""
"de.phrase.nachdem-wir-sprechen","after we talk","nachdem wir sprechen","","phrase",""
"de.phrase.nachdenken-ueber","to think about","nachdenken über","","phrase",""
"de.phrase.naechste-woche","next week","nächste Woche","","phrase",""
"de.phrase.nah-naeher-am-naechsten","near – nearer – nearest","nah – näher – am nächsten","","phrase",""
"de.phrase.neben-dativ","next to (Dativ)","neben (Dativ)","","phrase",""
"de.phrase.negation-m-akk-keinen","kein → keinen (m, Akkusativ)","Negation m, Akk.: keinen","","phrase",""
"de.phrase.nehmen-genommen","to take → taken","nehmen → genommen","","phrase",""
"de.phrase.nehmen-sie-die-erste-strasse-links","Take the first street on the left.","Nehmen Sie die erste Straße links.","","phrase",""
"de.phrase.nehmen-sie-medikamente","Are you taking any medication?","Nehmen Sie Medikamente?","","phrase",""
"de.phrase.neu-starten","to reboot","neu starten","","phrase",""
"de.phrase.neuronales-netz","neural network","neuronales Netz","das","phrase",""
"de.phrase.nicht-ganz","Not exactly.","Nicht ganz.","","phrase",""
"de.phrase.nicht-mehr","no longer","nicht mehr","","phrase",""
"de.phrase.nicht-mein-ding","Not my cup of tea.","Nicht mein Ding.","","phrase",""
"de.phrase.nicht-moeglich","No way!","Nicht möglich!","","phrase",""
"de.phrase.nicht-nur-sondern-auch","not only ... but also ...","nicht nur ... sondern auch ...","","phrase",""
"de.phrase.nicht-so-gut","Not so well.","Nicht so gut.","","phrase",""
"de.phrase.nicht-so-gut-wie","not as good as","nicht so gut wie","","phrase",""
"de.phrase.nicht-unbedingt","Not necessarily.","Nicht unbedingt.","","phrase",""
"de.phrase.nicht-verfuegbar","unavailable","nicht verfügbar","","phrase",""
"de.phrase.nie-niemals","never","nie / niemals","","phrase",""
"de.phrase.nimm-es","Take it! (du)","Nimm es!","","phrase",""
"de.phrase.noch-besser","even better","noch besser","","phrase",""
"de.phrase.noch-nicht","not yet","noch nicht","","phrase",""
"de.phrase.nur-an-der-oberflaeche-kratzen","to scratch the surface","nur an der Oberfläche kratzen","","phrase",""
"de.phrase.ob-es-funktioniert","whether it works","ob es funktioniert","","phrase",""
"de.phrase.oben-ganz-oben","at the top","oben / ganz oben","","phrase",""
"de.phrase.obers-schlagobers-statt-sahne","cream (Austrian)","Obers / Schlagobers (statt Sahne)","das","phrase",""
"de.phrase.obwohl-es-regnet-gehe-ich-raus","Although it rains, I go out.","Obwohl es regnet, gehe ich raus.","","phrase",""
"de.phrase.obwohl-es-weh-tut","although it hurts","obwohl es weh tut","","phrase",""
"de.phrase.obwohl-ich-es-verstehe","although I understand it","obwohl ich es verstehe","","phrase",""
"de.phrase.oeffnen-aufmachen","to open","öffnen / aufmachen","","phrase",""
"de.phrase.oel-ins-feuer-giessen","to add fuel to the fire","Öl ins Feuer gießen","","phrase",""
"de.phrase.ohne-fleiss-kein-preis","no pain no gain","ohne Fleiß kein Preis","","phrase",""
"de.phrase.paradeiser-statt-tomate","tomato (Austrian)","Paradeiser (statt Tomate)","der","phrase",""
"de.phrase.pass-auf","Be careful! (du)","Pass auf!","","phrase",""
"de.phrase.perfekt-mit-haben-die-meisten-anderen-verben","Perfekt with haben: most other verbs","Perfekt mit haben: die meisten anderen Verben","","phrase",""
"de.phrase.perfekt-mit-sein-bewegung-oder-zustandsaenderung","Perfekt with sein: movement/change","Perfekt mit sein: Bewegung oder Zustandsänderung","","phrase",""
"de.phrase.pfiat-di","goodbye (Austrian informal)","Pfiat di!","","phrase",""
"de.phrase.posten-veroeffentlichen","to post","posten / veröffentlichen","","phrase",""
"de.phrase.programmieren-coden","to code","programmieren / coden","","phrase",""
"de.phrase.pruefen-auditieren","to audit","prüfen / auditieren","","phrase",""
"de.phrase.puenktlich-sein","to be on time","pünktlich sein","","phrase",""
"de.phrase.putzen-reinigen","to clean","putzen / reinigen","","phrase",""
"de.phrase.rad-fahren","to go cycling","Rad fahren","","phrase",""
"de.phrase.raeum-auf","Clean up! (du)","Räum auf!","","phrase",""
"de.phrase.raeum-dein-zimmer-auf","Clean up your room!","Räum dein Zimmer auf!","","phrase",""
"de.phrase.rat-geben","to give advice","Rat geben","","phrase",""
"de.phrase.recht-haben","to be right","recht haben","","phrase",""
"de.phrase.reflexiv-3-pers-sich-er-waescht-sich","Reflexivpronomen: sich (er/sie/es/Sie)","Reflexiv 3. Pers.: sich – er wäscht sich","","phrase",""
"de.phrase.rote-haare","red hair","rote Haare","","phrase",""
"de.phrase.rufen-anrufen","to call","rufen / anrufen","","phrase",""
"de.phrase.rufen-gerufen","to call → called","rufen → gerufen","","phrase",""
"de.phrase.rufen-sie-die-polizei","Call the police!","Rufen Sie die Polizei!","","phrase",""
"de.phrase.sammeln-aufbringen","to raise (money)","sammeln / aufbringen","","phrase",""
"de.phrase.schach-spielen","to play chess","Schach spielen","","phrase",""
"de.phrase.schlafen-geschlafen","to sleep → slept","schlafen → geschlafen","","phrase",""
"de.phrase.schlafende-hunde-nicht-wecken","to let sleeping dogs lie","schlafende Hunde nicht wecken","","phrase",""
"de.phrase.schlecht-schlechter-am-schlechtesten","bad – worse – worst","schlecht – schlechter – am schlechtesten","","phrase",""
"de.phrase.schlechte-laune-haben","to be in a bad mood","schlechte Laune haben","","phrase",""
"de.phrase.schlechter-als-gestern","worse than yesterday","schlechter als gestern","","phrase",""
"de.phrase.schliessen-zumachen","to close","schließen / zumachen","","phrase",""
"de.phrase.schmetterlinge-im-bauch-haben","to have butterflies in one's stomach","Schmetterlinge im Bauch haben","","phrase",""
"de.phrase.schneiden-geschnitten","to cut → cut","schneiden → geschnitten","","phrase",""
"de.phrase.schoen-sie-kennenzulernen","Nice to meet you.","Schön, Sie kennenzulernen.","","phrase",""
"de.phrase.schon-bereits","already","schon / bereits","","phrase",""
"de.phrase.schreiben-geschrieben","to write → written","schreiben → geschrieben","","phrase",""
"de.phrase.schreiben-schreiben-schriftsteller","to write → writing → writer","schreiben → Schreiben → Schriftsteller","","phrase",""
"de.phrase.schriftliche-pruefung","written exam","schriftliche Prüfung","die","phrase",""
"de.phrase.schritt-fuer-schritt.step-by-step","step by step","Schritt für Schritt","","phrase",""
"de.phrase.schritt-fuer-schritt.one-step-at-a-time","One step at a time.","Schritt für Schritt.","","phrase",""
"de.phrase.schwarze-haare","black hair","schwarze Haare","","phrase",""
"de.phrase.schweizer-franken-chf","Swiss franc","Schweizer Franken (CHF)","der","phrase",""
"de.phrase.schwimmen-gehen","to go swimming","schwimmen gehen","","phrase",""
"de.phrase.schwimmen-geschwommen","to swim → swum","schwimmen → geschwommen","","phrase",""
"de.phrase.sehen-gesehen","to see → seen","sehen → gesehen","","phrase",""
"de.phrase.sehr-geehrte-damen-und-herren","Dear Sir/Madam,","Sehr geehrte Damen und Herren,","","phrase",""
"de.phrase.sehr-geehrte-frau-mueller","Dear Ms. Müller,","Sehr geehrte Frau Müller,","","phrase",""
"de.phrase.sehr-geehrter-herr-schmidt","Dear Mr. Schmidt,","Sehr geehrter Herr Schmidt,","","phrase",""
"de.phrase.sehr-gut","grade A / very good","sehr gut","","phrase",""
"de.phrase.sei-ruhig","Be quiet! (du)","Sei ruhig!","","phrase",""
"de.phrase.seid-ruhig","Be quiet! (ihr)","Seid ruhig!","","phrase",""
"de.phrase.sein-gewesen","to be → been","sein → gewesen","","phrase",""
"de.phrase.seit-da","since","seit / da","","phrase",""
"de.phrase.seit-montag","since Monday","seit Montag","","phrase",""
"de.phrase.semmel-statt-broetchen","bread roll (Austrian)","Semmel (statt Brötchen)","die","phrase",""
"de.phrase.setz-dich","Sit down! (du)","Setz dich!","","phrase",""
"de.phrase.sich-amuesieren","to enjoy oneself","sich amüsieren","","phrase",""
"de.phrase.sich-anziehen","to get dressed","sich anziehen","","phrase",""
"de.phrase.sich-auf-den-weg-machen","to hit the road","sich auf den Weg machen","","phrase",""
"de.phrase.sich-ausziehen","to get undressed","sich ausziehen","","phrase",""
"de.phrase.sich-beeilen","to hurry","sich beeilen","","phrase",""
"de.phrase.sich-beruhigen","to calm down","sich beruhigen","","phrase",""
"de.phrase.sich-beschweren","to complain","sich beschweren","","phrase",""
"de.phrase.sich-beschweren-ueber","to complain about","sich beschweren über","","phrase",""
"de.phrase.sich-bewerben","to apply","sich bewerben","","phrase",""
"de.phrase.sich-bewusst-sein-ueber","to be aware of","sich bewusst sein über","","phrase",""
"de.phrase.sich-die-zaehne-putzen","to brush one's teeth","sich die Zähne putzen","","phrase",""
"de.phrase.sich-entschuldigen","to apologize","sich entschuldigen","","phrase",""
"de.phrase.sich-entspannen","to relax","sich entspannen","","phrase",""
"de.phrase.sich-erinnern-an","to remember","sich erinnern (an)","","phrase",""
"de.phrase.sich-erkaelten","to catch a cold","sich erkälten","","phrase",""
"de.phrase.sich-fertigmachen","to get ready","sich fertigmachen","","phrase",""
"de.phrase.sich-freuen-auf.to-look-forward-to","to look forward to","sich freuen auf","","phrase",""
"de.phrase.sich-freuen-auf.to-be-looking-forward-to","to be looking forward to","sich freuen auf","","phrase",""
"de.phrase.sich-freuen-ueber","to be happy about","sich freuen über","","phrase",""
"de.phrase.sich-fuehlen","to feel (well/ill)","sich fühlen","","phrase",""
"de.phrase.sich-fuerchten","to fear / be afraid","sich fürchten","","phrase",""
"de.phrase.sich-gewoehnen-an","to get used to","sich gewöhnen an","","phrase",""
"de.phrase.sich-hinlegen","to lie down","sich hinlegen","","phrase",""
"de.phrase.sich-interessieren-fuer","to be interested in","sich interessieren für","","phrase",""
"de.phrase.sich-kaemmen","to comb one's hair","sich kämmen","","phrase",""
"de.phrase.sich-konzentrieren","to concentrate","sich konzentrieren","","phrase",""
"de.phrase.sich-kuemmern-um","to take care of","sich kümmern um","","phrase",""
"de.phrase.sich-rasieren","to shave","sich rasieren","","phrase",""
"de.phrase.sich-selbst.himself-herself-itself","himself / herself / itself","sich selbst","","phrase",""
"de.phrase.sich-selbst.themselves","themselves","sich selbst","","phrase",""
"de.phrase.sich-setzen","to sit down","sich setzen","","phrase",""
"de.phrase.sich-sorgen","to worry","sich sorgen","","phrase",""
"de.phrase.sich-sorgen-machen-um","to worry about","sich Sorgen machen um","","phrase",""
"de.phrase.sich-treffen","to meet (each other)","sich treffen","","phrase",""
"de.phrase.sich-umdrehen","to turn around","sich umdrehen","","phrase",""
"de.phrase.sich-verirren","to get lost","sich verirren","","phrase",""
"de.phrase.sich-verlieben","to fall in love","sich verlieben","","phrase",""
"de.phrase.sich-verschlechtern","to get worse","sich verschlechtern","","phrase",""
"de.phrase.sich-vorstellen.to-imagine","to imagine","sich vorstellen","","phrase",""
"de.phrase.sich-vorstellen.to-introduce-oneself","to introduce oneself","sich vorstellen","","phrase",""
"de.phrase.sich-waschen","to wash oneself","sich waschen","","phrase",""
"de.phrase.sich-wie-zu-hause-fuehlen","to feel at home","sich wie zu Hause fühlen","","phrase",""
"de.phrase.sich-zu-viel-vornehmen","to bite off more than you can chew","sich zu viel vornehmen","","phrase",""
"de.phrase.sie-beeilt-sich","She hurries.","Sie beeilt sich.","","phrase",""
"de.phrase.sie-beschwert-sich-ueber-alles","She complains about everything.","Sie beschwert sich über alles.","","phrase",""
"de.phrase.sie-haben","they have","sie haben","","phrase",""
"de.phrase.sie-haben-recht","You're right.","Sie haben recht.","","phrase",""
"de.phrase.sie-hat-lange-lockige-haare","She has long curly hair.","Sie hat lange lockige Haare.","","phrase",""
"de.phrase.sie-hat-sich-daran-gewoehnt","She got used to it.","Sie hat sich daran gewöhnt.","","phrase",""
"de.phrase.sie-hat-sich-gekaemmt","She combed her hair.","Sie hat sich gekämmt.","","phrase",""
"de.phrase.sie-hatten","they had","sie hatten","","phrase",""
"de.phrase.sie-holen-mich-ab","They pick me up.","Sie holen mich ab.","","phrase",""
"de.phrase.sie-holt-ihre-freundin-ab","She picks up her friend.","Sie holt ihre Freundin ab.","","phrase",""
"de.phrase.sie-ist-angekommen","She arrived.","Sie ist angekommen.","","phrase",""
"de.phrase.sie-ist-gegangen","She has gone. (Perfekt)","Sie ist gegangen.","","phrase",""
"de.phrase.sie-ist-groesser-als-ihr-bruder","She is taller than her brother.","Sie ist größer als ihr Bruder.","","phrase",""
"de.phrase.sie-ist-in-guter-form","She is in good shape.","Sie ist in guter Form.","","phrase",""
"de.phrase.sie-ist-vor-drei-tagen-abgereist","She left three days ago.","Sie ist vor drei Tagen abgereist.","","phrase",""
"de.phrase.sie-koennen","they can","sie können","","phrase",""
"de.phrase.sie-liest-das-buch","She reads the book.","Sie liest das Buch.","","phrase",""
"de.phrase.sie-meditiert-morgens","She meditates in the morning.","Sie meditiert morgens.","","phrase",""
"de.phrase.sie-muessen","they must","sie müssen","","phrase",""
"de.phrase.sie-muessen-am-hauptbahnhof-umsteigen","You need to change at the central station.","Sie müssen am Hauptbahnhof umsteigen.","","phrase",""
"de.phrase.sie-muss-arbeiten","She must work.","Sie muss arbeiten.","","phrase",""
"de.phrase.sie-probiert-das-kleid-an","She tries on the dress.","Sie probiert das Kleid an.","","phrase",""
"de.phrase.sie-ruft-ihre-mutter-an","She calls her mother.","Sie ruft ihre Mutter an.","","phrase",""
"de.phrase.sie-sagt-dass-es-kalt-ist","She says that it is cold.","Sie sagt, dass es kalt ist.","","phrase",""
"de.phrase.sie-sieht-jung-aus-fuer-ihr-alter","She looks young for her age.","Sie sieht jung aus für ihr Alter.","","phrase",""
"de.phrase.sie-sind","they are","sie sind","","phrase",""
"de.phrase.sie-trainieren-jeden-tag","They work out every day.","Sie trainieren jeden Tag.","","phrase",""
"de.phrase.sie-trinkt-taeglich-zwei-liter-wasser","She drinks two liters of water a day.","Sie trinkt täglich zwei Liter Wasser.","","phrase",""
"de.phrase.sie-verlieben-sich","They fall in love.","Sie verlieben sich.","","phrase",""
"de.phrase.sie-waren","they were","sie waren","","phrase",""
"de.phrase.sie-wohnt-seit-zwei-jahren-hier","She has been living here for two years.","Sie wohnt seit zwei Jahren hier.","","phrase",""
"de.phrase.sie-wollen","they want","sie wollen","","phrase",""
"de.phrase.singen-gesungen","to sing → sung","singen → gesungen","","phrase",""
"de.phrase.sinn-ergeben","to make sense","Sinn ergeben","","phrase",""
"de.phrase.sitzen-gesessen","to sit → sat","sitzen → gesessen","","phrase",""
"de.phrase.ski-fahren","to go skiing","Ski fahren","","phrase",""
"de.phrase.so-bald-wie-moeglich","as soon as possible","so bald wie möglich","","phrase",""
"de.phrase.so-einfach-ist-das-nicht","It is not that simple.","So einfach ist das nicht.","","phrase",""
"de.phrase.so-gross-wie-moeglich","as big as possible","so groß wie möglich","","phrase",""
"de.phrase.so-habe-ich-das-nicht-gemeint","I did not mean it like that.","So habe ich das nicht gemeint.","","phrase",""
"de.phrase.so-schnell-wie-moeglich.as-fast-as-possible","as fast as possible","so schnell wie möglich","","phrase",""
"de.phrase.so-schnell-wie-moeglich.as-quickly-as-possible","as quickly as possible","so schnell wie möglich","","phrase",""
"de.phrase.somit-also","thus","somit / also","","phrase",""
"de.phrase.soweit-ich-weiss","as far as I know","soweit ich weiß","","phrase",""
"de.phrase.sowohl-als-auch","both ... and ...","sowohl ... als auch ...","","phrase",""
"de.phrase.spazieren-gehen.to-walk","to walk","spazieren gehen","","phrase",""
"de.phrase.spazieren-gehen.to-go-for-a-walk","to go for a walk","spazieren gehen","","phrase",""
"de.phrase.sprechen-gesprochen","to speak → spoken","sprechen → gesprochen","","phrase",""
"de.phrase.sprechen-rede-sprecher","to speak → speech → speaker","sprechen → Rede → Sprecher","","phrase",""
"de.phrase.sprechen-sie-deutsch","Do you speak German?","Sprechen Sie Deutsch?","","phrase",""
"de.phrase.sprechen-sie-englisch","Do you speak English?","Sprechen Sie Englisch?","","phrase",""
"de.phrase.sprechen-ueber","to talk about","sprechen über","","phrase",""
"de.phrase.sprich-langsam","Speak slowly! (du)","Sprich langsam!","","phrase",""
"de.phrase.starten-anfangen","to start","starten / anfangen","","phrase",""
"de.phrase.statt-anstatt","instead of (Genitiv)","statt / anstatt","","phrase",""
"de.phrase.steh-auf","Stand up! (du)","Steh auf!","","phrase",""
"de.phrase.stehen-gestanden","to stand → stood","stehen → gestanden","","phrase",""
"de.phrase.steigen-gestiegen","to rise → risen","steigen → gestiegen","","phrase",""
"de.phrase.stolz-sein-auf","to be proud of","stolz sein auf","","phrase",""
"de.phrase.stoppen-aufhoeren","to stop","stoppen / aufhören","","phrase",""
"de.phrase.storniert-annulliert","cancelled","storniert / annulliert","","phrase",""
"de.phrase.streiten-argumentieren","to argue","streiten / argumentieren","","phrase",""
"de.phrase.streng-genommen","strictly speaking","streng genommen","","phrase",""
"de.phrase.studieren-lernen","to study","studieren / lernen","","phrase",""
"de.phrase.suedtirol-italien","South Tyrol (Italy, German-speaking)","Südtirol (Italien)","","phrase",""
"de.phrase.superlativ-am-sten-am-groessten","Superlative: am ...sten → am größten","Superlativ: am ...sten → am größten","","phrase",""
"de.phrase.tag-der-deutschen-einheit","Day of German Unity","Tag der Deutschen Einheit","der","phrase",""
"de.phrase.taten-sagen-mehr-als-worte","actions speak louder than words","Taten sagen mehr als Worte","","phrase",""
"de.phrase.tatsaechlich-eigentlich","as a matter of fact","tatsächlich / eigentlich","","phrase",""
"de.phrase.teuer-teurer-am-teuersten","expensive – more – most","teuer – teurer – am teuersten","","phrase",""
"de.phrase.tragen-getragen","to carry → carried","tragen → getragen","","phrase",""
"de.phrase.treffen-getroffen","to meet → met","treffen → getroffen","","phrase",""
"de.phrase.trennbares-praefix-am-ende-des-hauptsatzes","Separable prefix at end of main clause","Trennbares Präfix am Ende des Hauptsatzes","","phrase",""
"de.phrase.trinken-getrunken","to drink → drunk","trinken → getrunken","","phrase",""
"de.phrase.trotzdem-dennoch","all the same","trotzdem / dennoch","","phrase",""
"de.phrase.ueber-dativ","above (Dativ)","über (Dativ)","","phrase",""
"de.phrase.uebersetzt-werden","to be translated","übersetzt werden","","phrase",""
"de.phrase.uebung-macht-den-meister","practice makes perfect","Übung macht den Meister","","phrase",""
"de.phrase.um-5-uhr","at 5 o'clock","um 5 Uhr","","phrase",""
"de.phrase.um-die-ecke","around the corner","um die Ecke","","phrase",""
"de.phrase.um-es-kurz-zu-fassen","to make a long story short","um es kurz zu fassen","","phrase",""
"de.phrase.um-genauer-zu-sein","To be more precise...","Um genauer zu sein...","","phrase",""
"de.phrase.um-wie-viel-uhr-ist-der-check-out","What time is check-out?","Um wie viel Uhr ist der Check-out?","","phrase",""
"de.phrase.um-zu","in order to","um ... zu","","phrase",""
"de.phrase.umlaut-im-komparativ-alt-aelter-warm-waermer","Umlaut in comparatives: alt → älter","Umlaut im Komparativ: alt → älter, warm → wärmer","","phrase",""
"de.phrase.unbestimmter-artikel-m-akk-einen","ein → einen (m, Akkusativ)","Unbestimmter Artikel m, Akk.: einen","","phrase",""
"de.phrase.uns-selbst","ourselves","uns selbst","","phrase",""
"de.phrase.unten-ganz-unten","at the bottom","unten / ganz unten","","phrase",""
"de.phrase.unter-dativ","below (Dativ)","unter (Dativ)","","phrase",""
"de.phrase.unter-keinen-umstaenden","under no circumstances","unter keinen Umständen","","phrase",""
"de.phrase.unter-uns-gesagt","Between you and me...","Unter uns gesagt...","","phrase",""
"de.phrase.velo-statt-fahrrad","bike (Swiss informal)","Velo (statt Fahrrad)","das","phrase",""
"de.phrase.vergeben-verzeihen","to forgive","vergeben / verzeihen","","phrase",""
"de.phrase.vergessen-vergessen","to forget → forgotten","vergessen → vergessen","","phrase",""
"de.phrase.verkauft-werden","to be sold","verkauft werden","","phrase",""
"de.phrase.verlassen-verlassen","to leave → left","verlassen → verlassen","","phrase",""
"de.phrase.verlieren-verloren","to lose → lost","verlieren → verloren","","phrase",""
"de.phrase.veroeffentlicht-werden","to be published","veröffentlicht werden","","phrase",""
"de.phrase.versteh-mich-nicht-falsch.do-not-misunderstand-me","Do not misunderstand me.","Versteh mich nicht falsch.","","phrase",""
"de.phrase.versteh-mich-nicht-falsch.do-not-get-me-wrong","Do not get me wrong.","Versteh mich nicht falsch.","","phrase",""
"de.phrase.verstehen-sie-mich-nicht-falsch","Don't get me wrong.","Verstehen Sie mich nicht falsch.","","phrase",""
"de.phrase.verstehen-verstanden","to understand → understood","verstehen → verstanden","","phrase",""
"de.phrase.verstehst-du","Do you understand?","Verstehst du?","","phrase",""
"de.phrase.verwalten-leiten","to manage","verwalten / leiten","","phrase",""
"de.phrase.viel-glueck","Good luck!","Viel Glück!","","phrase",""
"de.phrase.viel-interessanter","far more interesting","viel interessanter","","phrase",""
"de.phrase.viel-mehr-am-meisten","much – more – most","viel – mehr – am meisten","","phrase",""
"de.phrase.viel-schlechter","much worse","viel schlechter","","phrase",""
"de.phrase.viel-spass","Have fun!","Viel Spaß!","","phrase",""
"de.phrase.vielen-dank","Thank you very much.","Vielen Dank.","","phrase",""
"de.phrase.vielleicht-beim-naechsten-mal","Maybe next time.","Vielleicht beim nächsten Mal.","","phrase",""
"de.phrase.virtuelle-realitaet","virtual reality","virtuelle Realität","die","phrase",""
"de.phrase.von-dem-vom","from the → vom","von + dem → vom","","phrase",""
"de.phrase.von-montag-bis-freitag","from Monday to Friday","von Montag bis Freitag","","phrase",""
"de.phrase.von-nun-an","from now on","von nun an","","phrase",""
"de.phrase.vor-allem","above all","vor allem","","phrase",""
"de.phrase.vor-dativ","in front of (Dativ)","vor (Dativ)","","phrase",""
"de.phrase.vor-dem-hotel","in front of the hotel","vor dem Hotel","","phrase",""
"de.phrase.vor-dem-mittag","before noon","vor dem Mittag","","phrase",""
"de.phrase.vor-drei-wochen","three weeks ago","vor drei Wochen","","phrase",""
"de.phrase.vor-einer-stunde","an hour ago","vor einer Stunde","","phrase",""
"de.phrase.vorsicht-ist-besser-als-nachsicht","Better safe than sorry.","Vorsicht ist besser als Nachsicht.","","phrase",""
"de.phrase.waehlen-waehlen","to elect","wählen / wählen","","phrase",""
"de.phrase.waehrend-des-sommers","during summer","während des Sommers","","phrase",""
"de.phrase.waehrend-er-liest-kocht-sie","While he reads, she cooks.","Während er liest, kocht sie.","","phrase",""
"de.phrase.waehrend-wohingegen","whereas","während / wohingegen","","phrase",""
"de.phrase.wandern-gehen","to go hiking","wandern gehen","","phrase",""
"de.phrase.wann-beginnt-der-film","What time does the film start?","Wann beginnt der Film?","","phrase",""
"de.phrase.wann-beginnt-die-schicht","When does the shift start?","Wann beginnt die Schicht?","","phrase",""
"de.phrase.wann-bekomme-ich-eine-rueckmeldung","When will I hear back?","Wann bekomme ich eine Rückmeldung?","","phrase",""
"de.phrase.wann-faehrt-der-zug-ab","When does the train leave?","Wann fährt der Zug ab?","","phrase",""
"de.phrase.wann-faengt-es-an","When does it start?","Wann fängt es an?","","phrase",""
"de.phrase.wann-kommst-du","When are you coming?","Wann kommst du?","","phrase",""
"de.phrase.wann-kommt-er-an","When does it arrive?","Wann kommt er an?","","phrase",""
"de.phrase.wann-schliesst-der-laden","What time does the shop close?","Wann schließt der Laden?","","phrase",""
"de.phrase.warte-kurz","Wait a second.","Warte kurz.","","phrase",""
"de.phrase.warten-auf","to wait for","warten auf","","phrase",""
"de.phrase.warum-es-weh-tut","why it hurts","warum es weh tut","","phrase",""
"de.phrase.warum-kommst-du-zu-spaet","Why are you late?","Warum kommst du zu spät?","","phrase",""
"de.phrase.was-bedeutet-das","What does that mean?","Was bedeutet das?","","phrase",""
"de.phrase.was-empfehlen-sie","What do you recommend?","Was empfehlen Sie?","","phrase",""
"de.phrase.was-fuer-ein","What kind of?","Was für ein?","","phrase",""
"de.phrase.was-fuer-ein-zufall","What a coincidence!","Was für ein Zufall!","","phrase",""
"de.phrase.was-fuer-eine-ueberraschung","What a surprise!","Was für eine Überraschung!","","phrase",""
"de.phrase.was-hast-du-heute-abend-vor","What are your plans for the evening?","Was hast du heute Abend vor?","","phrase",""
"de.phrase.was-ist-das-fazit","What's the bottom line?","Was ist das Fazit?","","phrase",""
"de.phrase.was-ist-passiert","What happened?","Was ist passiert?","","phrase",""
"de.phrase.was-kostet-das","How much does it cost?","Was kostet das?","","phrase",""
"de.phrase.was-machst-du","What do you do?","Was machst du?","","phrase",""
"de.phrase.was-passiert-ist","what happened","was passiert ist","","phrase",""
"de.phrase.was-sind-deine-hobbys","What are your hobbies?","Was sind deine Hobbys?","","phrase",""
"de.phrase.was-wuerdest-du-tun","What would you do?","Was würdest du tun?","","phrase",""
"de.phrase.waschen-gewaschen","to wash → washed","waschen → gewaschen","","phrase",""
"de.phrase.weder-noch","neither ... nor ...","weder ... noch ...","","phrase",""
"de.phrase.weil-es-wichtig-ist","because it is important","weil es wichtig ist","","phrase",""
"de.phrase.weil-ich-es-nicht-weiss","because I do not know","weil ich es nicht weiß","","phrase",""
"de.phrase.weil-ich-klarheit-brauche","because I need clarity","weil ich Klarheit brauche","","phrase",""
"de.phrase.weit-weg","far away","weit weg","","phrase",""
"de.phrase.weiter-so","Keep it up!","Weiter so!","","phrase",""
"de.phrase.welche-linie-nehme-ich","Which line do I take?","Welche Linie nehme ich?","","phrase",""
"de.phrase.wenig-weniger-am-wenigsten","little – less – least","wenig – weniger – am wenigsten","","phrase",""
"de.phrase.wenn-du-hilfe-brauchst-ruf-mich-an","If you need help, call me.","Wenn du Hilfe brauchst, ruf mich an.","","phrase",""
"de.phrase.wenn-du-zeit-hast","if you have time","wenn du Zeit hast","","phrase",""
"de.phrase.wenn-etwas-nicht-stimmt","if something is wrong","wenn etwas nicht stimmt","","phrase",""
"de.phrase.wenn-ich-das-nur-gewusst-haette","If only I had known...","Wenn ich das nur gewusst hätte...","","phrase",""
"de.phrase.wenn-ich-das-richtig-verstehe","If I understand correctly...","Wenn ich das richtig verstehe...","","phrase",""
"de.phrase.wenn-ich-mehr-zeit-haette","If I had more time...","Wenn ich mehr Zeit hätte...","","phrase",""
"de.phrase.wenn-ich-reich-waere","If I were rich...","Wenn ich reich wäre...","","phrase",""
"de.phrase.wenn-schweine-fliegen-koennen","when pigs fly","wenn Schweine fliegen können","","phrase",""
"de.phrase.werden-geworden","to become → become","werden → geworden","","phrase",""
"de.phrase.werfen-geworfen","to throw → thrown","werfen → geworfen","","phrase",""
"de.phrase.wie-alt-bist-du","How old are you?","Wie alt bist du?","","phrase",""
"de.phrase.wie-funktioniert-das","How does this work?","Wie funktioniert das?","","phrase",""
"de.phrase.wie-geht-es-ihnen","How are you?","Wie geht es Ihnen?","","phrase",""
"de.phrase.wie-geht-es-ihnen-wie-geht-s","How are you?","Wie geht es Ihnen? / Wie geht's?","","phrase",""
"de.phrase.wie-heissen-sie-wie-heisst-du","What's your name?","Wie heißen Sie? / Wie heißt du?","","phrase",""
"de.phrase.wie-heisst-du","What is your name?","Wie heißt du?","","phrase",""
"de.phrase.wie-ich-es-sagen-soll","how I should say it","wie ich es sagen soll","","phrase",""
"de.phrase.wie-lang-ist-die-wartezeit","How long is the waiting time?","Wie lang ist die Wartezeit?","","phrase",""
"de.phrase.wie-lange","How long?","Wie lange?","","phrase",""
"de.phrase.wie-lange-bist-du-schon-hier","How long have you been here?","Wie lange bist du schon hier?","","phrase",""
"de.phrase.wie-lange-dauert-die-bearbeitung","How long does it take to process?","Wie lange dauert die Bearbeitung?","","phrase",""
"de.phrase.wie-lange-lernst-du-schon-deutsch","How long have you been learning German?","Wie lange lernst du schon Deutsch?","","phrase",""
"de.phrase.wie-oft","How often?","Wie oft?","","phrase",""
"de.phrase.wie-sagt-man-auf-deutsch","How do you say... in German?","Wie sagt man... auf Deutsch?","","phrase",""
"de.phrase.wie-sieht-sie-aus","What does she look like?","Wie sieht sie aus?","","phrase",""
"de.phrase.wie-soll-ich-sagen","How should I put it?","Wie soll ich sagen?","","phrase",""
"de.phrase.wie-spaet-ist-es","What time is it?","Wie spät ist es?","","phrase",""
"de.phrase.wie-viel","How much?","Wie viel?","","phrase",""
"de.phrase.wie-viel-kostet-das","How much does it cost?","Wie viel kostet das?","","phrase",""
"de.phrase.wie-viele","How many?","Wie viele?","","phrase",""
"de.phrase.wie-viele-leute-sind-da","How many people are there?","Wie viele Leute sind da?","","phrase",""
"de.phrase.wie-war-dein-tag","How was your day?","Wie war dein Tag?","","phrase",""
"de.phrase.wir-duerfen","we may","wir dürfen","","phrase",""
"de.phrase.wir-haben","we have","wir haben","","phrase",""
"de.phrase.wir-haben-die-frist-verpasst","We missed the deadline.","Wir haben die Frist verpasst.","","phrase",""
"de.phrase.wir-haben-seit-wochen-nicht-gesprochen","We haven't spoken for weeks.","Wir haben seit Wochen nicht gesprochen.","","phrase",""
"de.phrase.wir-haben-uns-amuesiert","We enjoyed ourselves.","Wir haben uns amüsiert.","","phrase",""
"de.phrase.wir-haetten","we would have","wir hätten","","phrase",""
"de.phrase.wir-haetten-frueher-abfahren-sollen","We should have left earlier.","Wir hätten früher abfahren sollen.","","phrase",""
"de.phrase.wir-hatten","we had","wir hatten","","phrase",""
"de.phrase.wir-kochen-meistens-zu-hause","We cook at home most of the time.","Wir kochen meistens zu Hause.","","phrase",""
"de.phrase.wir-koennen","we can","wir können","","phrase",""
"de.phrase.wir-koennten","we could (conditional)","wir könnten","","phrase",""
"de.phrase.wir-kommen-um-sieben-uhr-an","We arrive at seven.","Wir kommen um sieben Uhr an.","","phrase",""
"de.phrase.wir-konnten","we could (past: were able to)","wir konnten","","phrase",""
"de.phrase.wir-kriegen-das-schon-hin","We will manage somehow.","Wir kriegen das schon hin.","","phrase",""
"de.phrase.wir-muessen","we must","wir müssen","","phrase",""
"de.phrase.wir-muessen-einen-kompromiss-finden","We need to find a compromise.","Wir müssen einen Kompromiss finden.","","phrase",""
"de.phrase.wir-mussten","we had to","wir mussten","","phrase",""
"de.phrase.wir-sind","we are","wir sind","","phrase",""
"de.phrase.wir-sind-uns-einig","We're on the same page.","Wir sind uns einig.","","phrase",""
"de.phrase.wir-sollten-es-abwaertskompatibel-halten","We should keep it backward-compatible.","Wir sollten es abwärtskompatibel halten.","","phrase",""
"de.phrase.wir-stehen-auf-derselben-seite","We are on the same side.","Wir stehen auf derselben Seite.","","phrase",""
"de.phrase.wir-waeren","we would be","wir wären","","phrase",""
"de.phrase.wir-waren","we were","wir waren","","phrase",""
"de.phrase.wir-wollen","we want","wir wollen","","phrase",""
"de.phrase.wir-wollten","we wanted","wir wollten","","phrase",""
"de.phrase.wir-wurden","we became","wir wurden","","phrase",""
"de.phrase.wissen-gewusst","to know → known","wissen → gewusst","","phrase",""
"de.phrase.witzig-schlagfertig","witty","witzig / schlagfertig","","phrase",""
"de.phrase.wo-ist-das-naechste-krankenhaus","Where is the nearest hospital?","Wo ist das nächste Krankenhaus?","","phrase",""
"de.phrase.wo-ist-der-ausgang","Where is the exit?","Wo ist der Ausgang?","","phrase",""
"de.phrase.wo-ist-der-bahnhof","Where is the station?","Wo ist der Bahnhof?","","phrase",""
"de.phrase.wo-ist-der-eingang","Where is the entrance?","Wo ist der Eingang?","","phrase",""
"de.phrase.wo-ist-die-toilette","Where is the toilet?","Wo ist die Toilette?","","phrase",""
"de.phrase.wo-muss-ich-unterschreiben","Where do I sign?","Wo muss ich unterschreiben?","","phrase",""
"de.phrase.wo-tut-es-weh","Where does it hurt?","Wo tut es weh?","","phrase",""
"de.phrase.wo-warst-du","Where have you been?","Wo warst du?","","phrase",""
"de.phrase.wo-wohnst-du","Where do you live?","Wo wohnst du?","","phrase",""
"de.phrase.woher-kommen-sie","Where are you from?","Woher kommen Sie?","","phrase",""
"de.phrase.wohin-gehst-du","Where are you going?","Wohin gehst du?","","phrase",""
"de.phrase.wonach-suchst-du","What are you looking for?","Wonach suchst du?","","phrase",""
"de.phrase.woran-denkst-du","What are you thinking about?","Woran denkst du?","","phrase",""
"de.phrase.wuerde-es-ihnen-etwas-ausmachen-wenn-ich","Would you mind if I...?","Würde es Ihnen etwas ausmachen, wenn ich...?","","phrase",""
"de.phrase.wuerdest-du-mir-helfen","Would you help me?","Würdest du mir helfen?","","phrase",""
"de.phrase.yoga-machen","to do yoga","Yoga machen","","phrase",""
"de.phrase.zahlen-bezahlen","to pay","zahlen / bezahlen","","phrase",""
"de.phrase.zeit-art-und-weise-ort-tekamolo","Time – Manner – Place order","Zeit – Art und Weise – Ort (TeKaMoLo)","","phrase",""
"de.phrase.zeit-ist-geld","time is money","Zeit ist Geld","","phrase",""
"de.phrase.zieh-dich-an","Get dressed! (du)","Zieh dich an!","","phrase",""
"de.phrase.ziehen-gezogen","to pull → pulled","ziehen → gezogen","","phrase",""
"de.phrase.zu-dem-zum","to the → zum","zu + dem → zum","","phrase",""
"de.phrase.zu-der-zur","to the (f) → zur","zu + der → zur","","phrase",""
"de.phrase.zu-einer-schlussfolgerung-kommen","to come to a conclusion","zu einer Schlussfolgerung kommen","","phrase",""
"de.phrase.zu-frueh-kommen","to be early","zu früh kommen","","phrase",""
"de.phrase.zu-hause","at home","zu Hause","","phrase",""
"de.phrase.zu-spaet-kommen","to be late","zu spät kommen","","phrase",""
"de.phrase.zufrieden-sein-mit","to be satisfied with","zufrieden sein mit","","phrase",""
"de.phrase.zum-beispiel","for example","zum Beispiel","","phrase",""
"de.phrase.zum-glueck","Luckily.","Zum Glück.","","phrase",""
"de.phrase.zurueckfallen-in","to fall back into","zurückfallen in","","phrase",""
"de.phrase.zuruecktreten-kuendigen","to resign","zurücktreten / kündigen","","phrase",""
"de.phrase.zuschauen-ansehen","to watch","zuschauen / ansehen","","phrase",""
"de.phrase.zwei-fliegen-mit-einer-klappe-schlagen","to kill two birds with one stone","zwei Fliegen mit einer Klappe schlagen","","phrase",""
"de.phrase.zwei-linke-haende-haben","to be all thumbs","zwei linke Hände haben","","phrase",""
"de.phrase.zwei-stunden-lang","for two hours","zwei Stunden lang","","phrase",""
"de.phrase.zweite-klasse","second class","zweite Klasse","die","phrase",""
"de.phrase.zwischen-dativ","between (Dativ)","zwischen (Dativ)","","phrase",""
"de.phrase.zwischen-den-zeilen-lesen","to read between the lines","zwischen den Zeilen lesen","","phrase",""
"de.phrase.zwischen-der-kirche-und-dem-cafe","between the church and the café","zwischen der Kirche und dem Café","","phrase",""
"de.verb.abbestellen","to unsubscribe","abbestellen","","verb",""
"de.verb.abbrechen","to break off","abbrechen","","verb",""
"de.verb.abfahren","to depart","abfahren","","verb",""
"de.verb.abgeben","to hand in","abgeben","","verb",""
"de.verb.abholen.to-pick-up","to pick up","abholen","","verb",""
"de.verb.abholen.to-pick-up-to-fetch","to pick up / to fetch","abholen","","verb",""
"de.verb.ablehnen.to-refuse","to refuse","ablehnen","","verb",""
"de.verb.ablehnen.to-reject","to reject","ablehnen","","verb",""
"de.verb.abnehmen","to lose weight","abnehmen","","verb",""
"de.verb.abonnieren","to subscribe","abonnieren","","verb",""
"de.verb.aendern","to change","ändern","","verb",""
"de.verb.aktualisieren","to update","aktualisieren","","verb",""
"de.verb.analysieren","to analyze","analysieren","","verb",""
"de.verb.anbieten","to offer","anbieten","","verb",""
"de.verb.anfangen","to begin","anfangen","","verb",""
"de.verb.ankommen","to arrive","ankommen","","verb",""
"de.verb.anprobieren","to try on","anprobieren","","verb",""
"de.verb.anrufen.to-call-phone","to call (phone)","anrufen","","verb",""
"de.verb.anrufen.to-call-to-phone","to call / to phone","anrufen","","verb",""
"de.verb.ansehen","to look at","ansehen","","verb",""
"de.verb.antworten","to answer","antworten","","verb",""
"de.verb.anziehen.to-put-on-clothes","to put on (clothes)","anziehen","","verb",""
"de.verb.anziehen.to-put-on-to-get-dressed","to put on / to get dressed","anziehen","","verb",""
"de.verb.arbeiten","to work","arbeiten","","verb",""
"de.verb.atmen","to breathe","atmen","","verb",""
"de.verb.aufgeben","to give up","aufgeben","","verb",""
"de.verb.aufgeschlossen","open-minded","aufgeschlossen","","verb",""
"de.verb.aufhoeren","to stop / to quit","aufhören","","verb",""
"de.verb.aufladen.to-charge-battery","to charge (battery)","aufladen","","verb",""
"de.verb.aufladen.to-charge-phone","to charge (phone)","aufladen","","verb",""
"de.verb.aufmachen","to open up","aufmachen","","verb",""
"de.verb.aufnehmen","to record","aufnehmen","","verb",""
"de.verb.aufpassen","to watch out / to pay attention","aufpassen","","verb",""
"de.verb.aufraeumen","to clean up","aufräumen","","verb",""
"de.verb.aufschreiben","to write down","aufschreiben","","verb",""
"de.verb.aufstehen.to-stand-up","to stand up","aufstehen","","verb",""
"de.verb.aufstehen.to-get-up","to get up","aufstehen","","verb",""
"de.verb.aufstehen.to-get-up-to-stand-up","to get up / to stand up","aufstehen","","verb",""
"de.verb.aufwachen","to wake up","aufwachen","","verb",""
"de.verb.auschecken","to check out (hotel)","auschecken","","verb",""
"de.verb.auseinanderfallen","to fall apart","auseinanderfallen","","verb",""
"de.verb.ausfuellen","to fill in / complete","ausfüllen","","verb",""
"de.verb.ausgeben.to-spend-money","to spend (money)","ausgeben","","verb",""
"de.verb.ausgeben.to-spend-to-hand-out","to spend / to hand out","ausgeben","","verb",""
"de.verb.ausgehen","to go out","ausgehen","","verb",""
"de.verb.ausmachen","to agree / arrange","ausmachen","","verb",""
"de.verb.ausschalten","to switch off","ausschalten","","verb",""
"de.verb.aussehen","to look / to appear","aussehen","","verb",""
"de.verb.aussteigen.to-get-out-vehicle","to get out (vehicle)","aussteigen","","verb",""
"de.verb.aussteigen.to-get-off-to-get-out","to get off / to get out","aussteigen","","verb",""
"de.verb.ausziehen.to-take-off-clothes","to take off (clothes)","ausziehen","","verb",""
"de.verb.ausziehen.to-take-off-to-undress","to take off / to undress","ausziehen","","verb",""
"de.verb.automatisieren","to automate","automatisieren","","verb",""
"de.verb.backen","to bake","backen","","verb",""
"de.verb.bauen","to build","bauen","","verb",""
"de.verb.bearbeiten","to edit","bearbeiten","","verb",""
"de.verb.bedeuten","to mean","bedeuten","","verb",""
"de.verb.begegnen","to meet / encounter","begegnen","","verb",""
"de.verb.beginnen","to begin","beginnen","","verb",""
"de.verb.begruessen","to greet","begrüßen","","verb",""
"de.verb.behalten","to keep","behalten","","verb",""
"de.verb.beissen","to bite","beißen","","verb",""
"de.verb.bekommen.to-get-receive","to get/receive","bekommen","","verb",""
"de.verb.bekommen.to-receive-to-get","to receive / to get","bekommen","","verb",""
"de.verb.bemerken","to notice","bemerken","","verb",""
"de.verb.berechnen","to calculate","berechnen","","verb",""
"de.verb.bescheiden","modest","bescheiden","","verb",""
"de.verb.bestaetigen","to confirm","bestätigen","","verb",""
"de.verb.bestellen","to order","bestellen","","verb",""
"de.verb.besuchen","to visit","besuchen","","verb",""
"de.verb.bewegen","to move","bewegen","","verb",""
"de.verb.bezahlen","to pay","bezahlen","","verb",""
"de.verb.binden","to bind / to tie","binden","","verb",""
"de.verb.blasen","to blow","blasen","","verb",""
"de.verb.bleiben.to-stay","to stay","bleiben","","verb",""
"de.verb.bleiben.to-stay-remain","to stay / remain","bleiben","","verb",""
"de.verb.blockieren","to block","blockieren","","verb",""
"de.verb.bohren","to drill / to bore","bohren","","verb",""
"de.verb.borgen","to borrow","borgen","","verb",""
"de.verb.braten","to roast / to fry","braten","","verb",""
"de.verb.brauchen","to need","brauchen","","verb",""
"de.verb.brauen","to brew","brauen","","verb",""
"de.verb.brechen","to break","brechen","","verb",""
"de.verb.brennen","to burn","brennen","","verb",""
"de.verb.bringen","to bring","bringen","","verb",""
"de.verb.budgetieren","to budget","budgetieren","","verb",""
"de.verb.danken","to thank","danken","","verb",""
"de.verb.debattieren","to debate","debattieren","","verb",""
"de.verb.debuggen","to debug","debuggen","","verb",""
"de.verb.demonstrieren","to demonstrate","demonstrieren","","verb",""
"de.verb.denken","to think","denken","","verb",""
"de.verb.draussen","outside","draußen","","verb",""
"de.verb.drehen","to turn","drehen","","verb",""
"de.verb.drinnen","inside","drinnen","","verb",""
"de.verb.drucken","to print","drucken","","verb",""
"de.verb.druecken","to push","drücken","","verb",""
"de.verb.duerfen.may-to-be-allowed","may / to be allowed","dürfen","","verb",""
"de.verb.duerfen.may-to-be-allowed-to","may / to be allowed to","dürfen","","verb",""
"de.verb.durchlesen","to read through","durchlesen","","verb",""
"de.verb.eben","even / level / flat","eben","","verb",""
"de.verb.eigen","own","eigen","","verb",""
"de.verb.einchecken","to check in (hotel)","einchecken","","verb",""
"de.verb.einladen","to invite","einladen","","verb",""
"de.verb.einreichen","to submit","einreichen","","verb",""
"de.verb.einschalten","to switch on","einschalten","","verb",""
"de.verb.einschlafen","to fall asleep","einschlafen","","verb",""
"de.verb.einsteigen.to-get-in-vehicle","to get in (vehicle)","einsteigen","","verb",""
"de.verb.einsteigen.to-get-in-to-board","to get in / to board","einsteigen","","verb",""
"de.verb.einstellen","to hire","einstellen","","verb",""
"de.verb.einziehen","to move in","einziehen","","verb",""
"de.verb.empfehlen","to recommend","empfehlen","","verb",""
"de.verb.entlassen","to fire","entlassen","","verb",""
"de.verb.entscheiden","to decide","entscheiden","","verb",""
"de.verb.entwickeln","to develop","entwickeln","","verb",""
"de.verb.erfahren","experienced","erfahren","","verb",""
"de.verb.erklaeren","to explain","erklären","","verb",""
"de.verb.erlauben","to allow","erlauben","","verb",""
"de.verb.erreichen","to reach","erreichen","","verb",""
"de.verb.erschrecken","to frighten / to be startled","erschrecken","","verb",""
"de.verb.erzaehlen","to tell","erzählen","","verb",""
"de.verb.essen","to eat","essen","","verb",""
"de.verb.exportieren","to export","exportieren","","verb",""
"de.verb.fahren.to-drive","to drive","fahren","","verb",""
"de.verb.fahren.to-go-by-vehicle-drive","to go by vehicle / drive","fahren","","verb",""
"de.verb.fahren.to-drive-to-travel","to drive / to travel","fahren","","verb",""
"de.verb.fallen","to fall","fallen","","verb",""
"de.verb.fangen","to catch","fangen","","verb",""
"de.verb.feiern","to celebrate","feiern","","verb",""
"de.verb.fern","far","fern","","verb",""
"de.verb.finanzieren","to fund","finanzieren","","verb",""
"de.verb.finden","to find","finden","","verb",""
"de.verb.fliegen","to fly","fliegen","","verb",""
"de.verb.fliessen","to flow","fließen","","verb",""
"de.verb.folgen","to follow","folgen","","verb",""
"de.verb.fotografieren","to photograph","fotografieren","","verb",""
"de.verb.fragen","to ask","fragen","","verb",""
"de.verb.frieren.to-freeze-to-be-cold","to freeze / to be cold","frieren","","verb",""
"de.verb.frieren.to-freeze-be-cold","to freeze / be cold","frieren","","verb",""
"de.verb.fuehlen","to feel","fühlen","","verb",""
"de.verb.fuehren","to lead","führen","","verb",""
"de.verb.fuerchten","to fear","fürchten","","verb",""
"de.verb.funktionieren","to work / function","funktionieren","","verb",""
"de.verb.gaehnen","to yawn","gähnen","","verb",""
"de.verb.geben","to give","geben","","verb",""
"de.verb.gegen.against-akkusativ","against (Akkusativ)","gegen","","verb",""
"de.verb.gegen.against","against","gegen","","verb",""
"de.verb.gehen.to-go","to go","gehen","","verb",""
"de.verb.gehen.to-go-on-foot-walk","to go on foot / walk","gehen","","verb",""
"de.verb.genehmigen","to approve","genehmigen","","verb",""
"de.verb.geniessen","to enjoy","genießen","","verb",""
"de.verb.geschieden","divorced","geschieden","","verb",""
"de.verb.geschlossen","closed","geschlossen","","verb",""
"de.verb.gestern","yesterday","gestern","","verb",""
"de.verb.gewinnen","to win","gewinnen","","verb",""
"de.verb.giessen","to pour","gießen","","verb",""
"de.verb.glauben.to-believe","to believe","glauben","","verb",""
"de.verb.glauben.to-believe-think","to believe / think","glauben","","verb",""
"de.verb.gleiten","to glide","gleiten","","verb",""
"de.verb.graben","to dig","graben","","verb",""
"de.verb.greifen","to grab","greifen","","verb",""
"de.verb.haben","to have","haben","","verb",""
"de.verb.haengen","to hang","hängen","","verb",""
"de.verb.halten","to hold","halten","","verb",""
"de.verb.hassen","to hate","hassen","","verb",""
"de.verb.heben","to lift","heben","","verb",""
"de.verb.helfen","to help","helfen","","verb",""
"de.verb.herausfinden","to find out","herausfinden","","verb",""
"de.verb.herauskommen","to come out","herauskommen","","verb",""
"de.verb.hereinkommen","to come in","hereinkommen","","verb",""
"de.verb.herunterladen","to download","herunterladen","","verb",""
"de.verb.hinzufuegen","to add","hinzufügen","","verb",""
"de.verb.hochladen","to upload","hochladen","","verb",""
"de.verb.hoeren","to hear","hören","","verb",""
"de.verb.hoffen","to hope","hoffen","","verb",""
"de.verb.holen.to-fetch-pick-up","to fetch / pick up","holen","","verb",""
"de.verb.holen.to-fetch","to fetch","holen","","verb",""
"de.verb.ihnen","to them (dative)","ihnen","","verb",""
"de.verb.importieren","to import","importieren","","verb",""
"de.verb.installieren","to install","installieren","","verb",""
"de.verb.irritieren.to-irritate-to-confuse","to irritate / to confuse","irritieren","","verb",""
"de.verb.irritieren.to-confuse-to-puzzle","to confuse / to puzzle","irritieren","","verb",""
"de.verb.kaempfen","to fight","kämpfen","","verb",""
"de.verb.kaufen","to buy","kaufen","","verb",""
"de.verb.kennen.to-know-a-person","to know (a person)","kennen","","verb",""
"de.verb.kennen.to-know-a-person-place","to know a person/place","kennen","","verb",""
"de.verb.kennen.to-know-be-familiar","to know (be familiar)","kennen","","verb",""
"de.verb.kennen.to-know-a-person-place-2","to know a person / place","kennen","","verb",""
"de.verb.klaeren","to clarify","klären","","verb",""
"de.verb.klicken","to click","klicken","","verb",""
"de.verb.kneten","to knead","kneten","","verb",""
"de.verb.kochen","to cook","kochen","","verb",""
"de.verb.koennen.can-to-be-able","can / to be able","können","","verb",""
"de.verb.koennen.can-to-be-able-to","can / to be able to","können","","verb",""
"de.verb.kommen","to come","kommen","","verb",""
"de.verb.kompostieren","to compost","kompostieren","","verb",""
"de.verb.kuessen","to kiss","küssen","","verb",""
"de.verb.lachen","to laugh","lachen","","verb",""
"de.verb.laecheln","to smile","lächeln","","verb",""
"de.verb.lassen.to-let","to let","lassen","","verb",""
"de.verb.lassen.to-let-leave","to let / leave","lassen","","verb",""
"de.verb.laufen","to run","laufen","","verb",""
"de.verb.leben","to live","leben","","verb",""
"de.verb.legalisieren","to legalize","legalisieren","","verb",""
"de.verb.legen.to-lay-place-something-flat","to lay/place something flat","legen","","verb",""
"de.verb.legen.to-lay-to-put","to lay / to put","legen","","verb",""
"de.verb.lehren","to teach","lehren","","verb",""
"de.verb.leiden","to suffer","leiden","","verb",""
"de.verb.lernen","to learn","lernen","","verb",""
"de.verb.lesen","to read","lesen","","verb",""
"de.verb.lieben","to love","lieben","","verb",""
"de.verb.liegen.to-lie-be-lying","to lie / be lying","liegen","","verb",""
"de.verb.liegen.to-lie-down","to lie (down)","liegen","","verb",""
"de.verb.loeschen","to delete","löschen","","verb",""
"de.verb.loesen","to solve","lösen","","verb",""
"de.verb.loswerden","to get rid of","loswerden","","verb",""
"de.verb.machen.to-do-make","to do / make","machen","","verb",""
"de.verb.machen.to-make-to-do","to make / to do","machen","","verb",""
"de.verb.machen.to-do-to-make","to do / to make","machen","","verb",""
"de.verb.mahlen","to grind","mahlen","","verb",""
"de.verb.malen","to paint","malen","","verb",""
"de.verb.markieren","to tag","markieren","","verb",""
"de.verb.meinen","to mean","meinen","","verb",""
"de.verb.melden","to report (online)","melden","","verb",""
"de.verb.melken","to milk","melken","","verb",""
"de.verb.merken","to notice","merken","","verb",""
"de.verb.messen","to measure","messen","","verb",""
"de.verb.mieten","to rent","mieten","","verb",""
"de.verb.mitbringen","to bring along","mitbringen","","verb",""
"de.verb.mitkommen","to come along","mitkommen","","verb",""
"de.verb.mitnehmen","to take along","mitnehmen","","verb",""
"de.verb.modern","modern","modern","","verb",""
"de.verb.moechten","would like","möchten","","verb",""
"de.verb.moegen","to like","mögen","","verb",""
"de.verb.morgen","tomorrow","morgen","","verb",""
"de.verb.muessen.must","must","müssen","","verb",""
"de.verb.muessen.must-have-to","must / have to","müssen","","verb",""
"de.verb.nachschlagen","to look up (a word)","nachschlagen","","verb",""
"de.verb.nehmen","to take","nehmen","","verb",""
"de.verb.oben","upstairs","oben","","verb",""
"de.verb.oeffnen","to open","öffnen","","verb",""
"de.verb.offen","open","offen","","verb",""
"de.verb.optimieren","to optimize","optimieren","","verb",""
"de.verb.organisieren","to organize","organisieren","","verb",""
"de.verb.passieren","to happen","passieren","","verb",""
"de.verb.pfeifen","to whistle","pfeifen","","verb",""
"de.verb.planen","to plan","planen","","verb",""
"de.verb.programmieren","to program","programmieren","","verb",""
"de.verb.protestieren","to protest","protestieren","","verb",""
"de.verb.rauszoomen","to zoom out","rauszoomen","","verb",""
"de.verb.recyceln","to recycle","recyceln","","verb",""
"de.verb.regieren","to govern","regieren","","verb",""
"de.verb.regulieren","to regulate","regulieren","","verb",""
"de.verb.reinzoomen","to zoom in","reinzoomen","","verb",""
"de.verb.reisen","to travel","reisen","","verb",""
"de.verb.reissen","to tear","reißen","","verb",""
"de.verb.reiten","to ride (a horse)","reiten","","verb",""
"de.verb.rennen","to run fast","rennen","","verb",""
"de.verb.reparieren","to fix","reparieren","","verb",""
"de.verb.reservieren","to reserve","reservieren","","verb",""
"de.verb.riechen","to smell","riechen","","verb",""
"de.verb.sagen","to say","sagen","","verb",""
"de.verb.sammeln.to-collect","to collect","sammeln","","verb",""
"de.verb.sammeln.to-gather-collect","to gather / collect","sammeln","","verb",""
"de.verb.schaetzen","to estimate","schätzen","","verb",""
"de.verb.schicken","to send","schicken","","verb",""
"de.verb.schieben","to push","schieben","","verb",""
"de.verb.schiefgehen","to go wrong","schiefgehen","","verb",""
"de.verb.schiessen","to shoot","schießen","","verb",""
"de.verb.schlafen","to sleep","schlafen","","verb",""
"de.verb.schlagen","to hit","schlagen","","verb",""
"de.verb.schliessen","to close / to lock","schließen","","verb",""
"de.verb.schmecken","to taste (good)","schmecken","","verb",""
"de.verb.schmelzen","to melt","schmelzen","","verb",""
"de.verb.schmieren","to smear","schmieren","","verb",""
"de.verb.schnappen","to snap / to catch","schnappen","","verb",""
"de.verb.schnarchen","to snore","schnarchen","","verb",""
"de.verb.schneiden","to cut","schneiden","","verb",""
"de.verb.schreiben","to write","schreiben","","verb",""
"de.verb.schrumpfen","to shrink","schrumpfen","","verb",""
"de.verb.schuechtern","shy","schüchtern","","verb",""
"de.verb.schuetzen","to protect","schützen","","verb",""
"de.verb.schwellen","to swell","schwellen","","verb",""
"de.verb.schwimmen","to swim","schwimmen","","verb",""
"de.verb.schwingen","to swing","schwingen","","verb",""
"de.verb.schwitzen","to sweat","schwitzen","","verb",""
"de.verb.schwoeren","to swear (an oath)","schwören","","verb",""
"de.verb.scrollen","to scroll","scrollen","","verb",""
"de.verb.segeln","to sail","segeln","","verb",""
"de.verb.segnen","to bless","segnen","","verb",""
"de.verb.sehen","to see","sehen","","verb",""
"de.verb.selten.rare","rare","selten","","verb",""
"de.verb.selten.rarely","rarely","selten","","verb",""
"de.verb.senden","to send","senden","","verb",""
"de.verb.setzen.to-set-sit-someone-down","to set / sit someone down","setzen","","verb",""
"de.verb.setzen.to-set-to-place","to set / to place","setzen","","verb",""
"de.verb.sichern","to backup","sichern","","verb",""
"de.verb.sieben","seven","sieben","","verb",""
"de.verb.simulieren","to simulate","simulieren","","verb",""
"de.verb.singen","to sing","singen","","verb",""
"de.verb.sinken","to sink","sinken","","verb",""
"de.verb.sitzen.to-sit","to sit","sitzen","","verb",""
"de.verb.sitzen.to-sit-be-sitting","to sit / be sitting","sitzen","","verb",""
"de.verb.sollen.shall-to-be-supposed-to","shall / to be supposed to","sollen","","verb",""
"de.verb.sollen.should-supposed-to","should / supposed to","sollen","","verb",""
"de.verb.sparen.to-save","to save","sparen","","verb",""
"de.verb.sparen.to-save-money-to-spare","to save (money) / to spare","sparen","","verb",""
"de.verb.spazieren","to stroll","spazieren","","verb",""
"de.verb.speichern","to save (file)","speichern","","verb",""
"de.verb.spenden","to donate","spenden","","verb",""
"de.verb.spielen","to play","spielen","","verb",""
"de.verb.spinnen","to spin","spinnen","","verb",""
"de.verb.sprechen","to speak","sprechen","","verb",""
"de.verb.springen","to jump","springen","","verb",""
"de.verb.stechen","to sting / to stab","stechen","","verb",""
"de.verb.stecken","to stick / to put into","stecken","","verb",""
"de.verb.stehen.to-stand","to stand","stehen","","verb",""
"de.verb.stehen.to-stand-be-standing","to stand / be standing","stehen","","verb",""
"de.verb.stehlen","to steal","stehlen","","verb",""
"de.verb.stellen.to-put-place-upright","to put/place upright","stellen","","verb",""
"de.verb.stellen.to-place-upright","to place upright","stellen","","verb",""
"de.verb.sterben","to die","sterben","","verb",""
"de.verb.stinken","to stink","stinken","","verb",""
"de.verb.streamen","to stream","streamen","","verb",""
"de.verb.strecken","to stretch","strecken","","verb",""
"de.verb.streiken","to strike","streiken","","verb",""
"de.verb.streuen","to strew / to scatter","streuen","","verb",""
"de.verb.studieren","to study at university","studieren","","verb",""
"de.verb.suchen.to-search","to search","suchen","","verb",""
"de.verb.suchen.to-search-to-seek","to search / to seek","suchen","","verb",""
"de.verb.tanzen","to dance","tanzen","","verb",""
"de.verb.tauen","to thaw","tauen","","verb",""
"de.verb.teilen.to-share","to share","teilen","","verb",""
"de.verb.teilen.to-share-online","to share (online)","teilen","","verb",""
"de.verb.teilen.to-share-to-divide","to share / to divide","teilen","","verb",""
"de.verb.teilnehmen.to-participate","to participate","teilnehmen","","verb",""
"de.verb.teilnehmen.to-take-part","to take part","teilnehmen","","verb",""
"de.verb.testen","to test","testen","","verb",""
"de.verb.tippen","to tap","tippen","","verb",""
"de.verb.traeumen","to dream","träumen","","verb",""
"de.verb.tragen.to-carry","to carry","tragen","","verb",""
"de.verb.tragen.to-carry-to-wear","to carry / to wear","tragen","","verb",""
"de.verb.treffen","to meet","treffen","","verb",""
"de.verb.treiben","to drive / to drift","treiben","","verb",""
"de.verb.treten","to tread / to step / to kick","treten","","verb",""
"de.verb.trinken","to drink","trinken","","verb",""
"de.verb.ueben","to practice","üben","","verb",""
"de.verb.uebermorgen","the day after tomorrow","übermorgen","","verb",""
"de.verb.ueberpruefen","to check","überprüfen","","verb",""
"de.verb.ueberreden","to persuade","überreden","","verb",""
"de.verb.uebersetzen","to translate","übersetzen","","verb",""
"de.verb.ueberzeugen","to convince","überzeugen","","verb",""
"de.verb.umarmen","to hug","umarmen","","verb",""
"de.verb.umsteigen","to change trains","umsteigen","","verb",""
"de.verb.ungern","reluctantly","ungern","","verb",""
"de.verb.unten","downstairs","unten","","verb",""
"de.verb.unterschreiben","to sign","unterschreiben","","verb",""
"de.verb.unterstuetzen","to support","unterstützen","","verb",""
"de.verb.untersuchen","to investigate","untersuchen","","verb",""
"de.verb.verbessern","to improve","verbessern","","verb",""
"de.verb.verbieten","to ban","verbieten","","verb",""
"de.verb.verbinden","to connect","verbinden","","verb",""
"de.verb.verbringen","to spend (time)","verbringen","","verb",""
"de.verb.verdienen","to earn","verdienen","","verb",""
"de.verb.verfolgen","to prosecute","verfolgen","","verb",""
"de.verb.vergessen","to forget","vergessen","","verb",""
"de.verb.vergleichen","to compare","vergleichen","","verb",""
"de.verb.verhandeln","to negotiate","verhandeln","","verb",""
"de.verb.verhindern","to prevent","verhindern","","verb",""
"de.verb.verkaufen","to sell","verkaufen","","verb",""
"de.verb.verlassen.to-leave","to leave","verlassen","","verb",""
"de.verb.verlassen.to-leave-a-place","to leave (a place)","verlassen","","verb",""
"de.verb.verleihen","to lend","verleihen","","verb",""
"de.verb.verlieren","to lose","verlieren","","verb",""
"de.verb.vermeiden","to avoid","vermeiden","","verb",""
"de.verb.veroeffentlichen","to publish","veröffentlichen","","verb",""
"de.verb.verringern","to decrease","verringern","","verb",""
"de.verb.verschlafen","to oversleep","verschlafen","","verb",""
"de.verb.verschluesseln","to encrypt","verschlüsseln","","verb",""
"de.verb.verschmutzen","to pollute","verschmutzen","","verb",""
"de.verb.versprechen","to promise","versprechen","","verb",""
"de.verb.verstehen","to understand","verstehen","","verb",""
"de.verb.versuchen","to try","versuchen","","verb",""
"de.verb.verurteilen","to sentence","verurteilen","","verb",""
"de.verb.vorbeikommen","to come by / to drop in","vorbeikommen","","verb",""
"de.verb.vorbereiten","to prepare","vorbereiten","","verb",""
"de.verb.vorgestern","the day before yesterday","vorgestern","","verb",""
"de.verb.vorhersagen","to predict","vorhersagen","","verb",""
"de.verb.vorschlagen","to suggest","vorschlagen","","verb",""
"de.verb.vorstellen","to introduce","vorstellen","","verb",""
"de.verb.wachen","to be awake / to keep watch","wachen","","verb",""
"de.verb.wachsen","to grow","wachsen","","verb",""
"de.verb.waehlen.to-choose","to choose","wählen","","verb",""
"de.verb.waehlen.to-vote","to vote","wählen","","verb",""
"de.verb.wandern","to hike","wandern","","verb",""
"de.verb.warnen","to warn","warnen","","verb",""
"de.verb.warten","to wait","warten","","verb",""
"de.verb.waschen","to wash","waschen","","verb",""
"de.verb.weben","to weave","weben","","verb",""
"de.verb.wecken","to wake (someone)","wecken","","verb",""
"de.verb.wegen","because of (Genitiv)","wegen","","verb",""
"de.verb.weggehen","to go away","weggehen","","verb",""
"de.verb.wegwerfen","to throw away","wegwerfen","","verb",""
"de.verb.weinen.to-cry","to cry","weinen","","verb",""
"de.verb.weinen.to-cry-tears","to cry (tears)","weinen","","verb",""
"de.verb.weitergehen","to go on / to continue","weitergehen","","verb",""
"de.verb.weiterleiten","to forward","weiterleiten","","verb",""
"de.verb.werden.to-become","to become","werden","","verb",""
"de.verb.werden.to-become-to-get","to become / to get","werden","","verb",""
"de.verb.werfen","to throw","werfen","","verb",""
"de.verb.wiederholen","to repeat","wiederholen","","verb",""
"de.verb.wiegen","to weigh","wiegen","","verb",""
"de.verb.winden","to wind / to twist","winden","","verb",""
"de.verb.winken","to wave","winken","","verb",""
"de.verb.wissen.to-know-a-fact","to know (a fact)","wissen","","verb",""
"de.verb.wissen.to-know-a-fact-2","to know a fact","wissen","","verb",""
"de.verb.wissen.to-know-facts","to know (facts)","wissen","","verb",""
"de.verb.wissen.to-know","to know","wissen","","verb",""
"de.verb.wollen","to want","wollen","","verb",""
"de.verb.wringen","to wring","wringen","","verb",""
"de.verb.zaehlen","to count","zählen","","verb",""
"de.verb.zeichnen","to draw","zeichnen","","verb",""
"de.verb.zeigen","to show","zeigen","","verb",""
"de.verb.ziehen","to pull","ziehen","","verb",""
"de.verb.zitieren","to cite","zitieren","","verb",""
"de.verb.zuhoeren.to-listen-to","to listen to","zuhören","","verb",""
"de.verb.zuhoeren.to-listen-to-someone","to listen to someone","zuhören","","verb",""
"de.verb.zuhoeren.to-listen","to listen","zuhören","","verb",""
"de.verb.zumachen","to close / to shut","zumachen","","verb",""
"de.verb.zunehmen","to gain weight","zunehmen","","verb",""
"de.verb.zurueckgeben.to-give-back","to give back","zurückgeben","","verb",""
"de.verb.zurueckgeben.to-give-back-to-return","to give back / to return","zurückgeben","","verb",""
"de.verb.zurueckkehren","to return","zurückkehren","","verb",""
"de.verb.zurueckkommen","to come back","zurückkommen","","verb",""
"de.verb.zurueckrufen","to call back","zurückrufen","","verb",""
"de.verb.zusammen","together","zusammen","","verb",""
"de.verb.zusammenfassen","to summarize","zusammenfassen","","verb",""
"de.verb.zustimmen","to agree","zustimmen","","verb",""
"de.verb.zwischen","between","zwischen","","verb",""
"de.word.abends","in the evening","abends","","word",""
"de.word.aber","but","aber","","word",""
"de.word.absichtlich","on purpose","absichtlich","","word",""
"de.word.acht","eight","acht","","word",""
"de.word.achtzig","eighty","achtzig","","word",""
"de.word.aengstlich","afraid","ängstlich","","word",""
"de.word.aeusserst","extremely","äußerst","","word",""
"de.word.aktiv","active","aktiv","","word",""
"de.word.aktuell.current-topical","current/topical","aktuell","","word",""
"de.word.aktuell.current-up-to-date","current / up to date","aktuell","","word",""
"de.word.allein","alone","allein","","word",""
"de.word.alles","everything","alles","","word",""
"de.word.allmaehlich","gradually","allmählich","","word",""
"de.word.als","when (past)","als","","word",""
"de.word.also.so-therefore","so/therefore","also","","word",""
"de.word.also.so-therefore-well","so / therefore / well","also","","word",""
"de.word.alt","old","alt","","word",""
"de.word.andererseits","on the other hand","andererseits","","word",""
"de.word.anders","other / different","anders","","word",""
"de.word.anscheinend","apparently","anscheinend","","word",""
"de.word.arbeitslos","unemployed","arbeitslos","","word",""
"de.word.arm","poor","arm","","word",""
"de.word.arrogant","arrogant","arrogant","","word",""
"de.word.auf","up (direction / open)","auf","","word",""
"de.word.aus.out-of-dativ","out of (Dativ)","aus","","word",""
"de.word.aus.out-from","out / from","aus","","word",""
"de.word.ausser","except (Dativ)","außer","","word",""
"de.word.ausserdem","moreover","außerdem","","word",""
"de.word.ausverkauft","out of stock","ausverkauft","","word",""
"de.word.bald","soon","bald","","word",""
"de.word.bedeutsam","significant","bedeutsam","","word",""
"de.word.befriedigend","grade C / satisfactory","befriedigend","","word",""
"de.word.bei.at-by-dativ","at / by (Dativ)","bei","","word",""
"de.word.bei.by-at-someone-s-place","by / at (someone's place)","bei","","word",""
"de.word.beide","both","beide","","word",""
"de.word.beliebt","popular","beliebt","","word",""
"de.word.bequem","comfortable","bequem","","word",""
"de.word.beruehmt","famous","berühmt","","word",""
"de.word.beschaeftigt","busy","beschäftigt","","word",""
"de.word.besonders.special","special","besonders","","word",""
"de.word.besonders.especially","especially","besonders","","word",""
"de.word.besser","better","besser","","word",""
"de.word.billig","cheap","billig","","word",""
"de.word.bis.until-by-akkusativ","until / by (Akkusativ)","bis","","word",""
"de.word.bis.until","until","bis","","word",""
"de.word.bitte","please","bitte","","word",""
"de.word.blau","blue","blau","","word",""
"de.word.blind","blind","blind","","word",""
"de.word.brandneu","brand new","brandneu","","word",""
"de.word.braun","brown","braun","","word",""
"de.word.brav","well-behaved / good","brav","","word",""
"de.word.breit.wide","wide","breit","","word",""
"de.word.breit.wide-broad","wide / broad","breit","","word",""
"de.word.charmant","charming","charmant","","word",""
"de.word.damit","so that","damit","","word",""
"de.word.danke","thank you","danke","","word",""
"de.word.dann","then","dann","","word",""
"de.word.das","that","das","","word",""
"de.word.dass","that (subord.)","dass","","word",""
"de.word.dauerhaft","permanent","dauerhaft","","word",""
"de.word.denn","because (coord.)","denn","","word",""
"de.word.dich","you (accusative, sg.)","dich","","word",""
"de.word.dicht","dense / tight / leakproof","dicht","","word",""
"de.word.dick","thick / fat","dick","","word",""
"de.word.dir","to you (dative, sg.)","dir","","word",""
"de.word.direkt","direct","direkt","","word",""
"de.word.doppelt","double","doppelt","","word",""
"de.word.dort","there","dort","","word",""
"de.word.dreckig","dirty","dreckig","","word",""
"de.word.drei","three","drei","","word",""
"de.word.dreissig","thirty","dreißig","","word",""
"de.word.dreizehn","thirteen","dreizehn","","word",""
"de.word.dritt","third","dritt-","","word",""
"de.word.du","you (singular informal)","du","","word",""
"de.word.duenn","thin","dünn","","word",""
"de.word.dumm","stupid","dumm","","word",""
"de.word.dunkel.dark-color","dark (color)","dunkel","","word",""
"de.word.dunkel.dark","dark","dunkel","","word",""
"de.word.durch.through-akkusativ","through (Akkusativ)","durch","","word",""
"de.word.durch.through","through","durch","","word",""
"de.word.durstig","thirsty","durstig","","word",""
"de.word.ebenso","likewise","ebenso","","word",""
"de.word.echt","real","echt","","word",""
"de.word.effizient","efficient","effizient","","word",""
"de.word.eher","rather","eher","","word",""
"de.word.ehrlich","honest","ehrlich","","word",""
"de.word.eigentlich","actually","eigentlich","","word",""
"de.word.einander","each other","einander","","word",""
"de.word.eindeutig","clearly","eindeutig","","word",""
"de.word.einfach.easy","easy","einfach","","word",""
"de.word.einfach.simple","simple","einfach","","word",""
"de.word.einmal","once","einmal","","word",""
"de.word.eins","one","eins","","word",""
"de.word.einzigartig","unique","einzigartig","","word",""
"de.word.elf","eleven","elf","","word",""
"de.word.empfindlich","sensitive","empfindlich","","word",""
"de.word.endlich","finally","endlich","","word",""
"de.word.eng","narrow / tight","eng","","word",""
"de.word.engstirnig","narrow-minded","engstirnig","","word",""
"de.word.er","he","er","","word",""
"de.word.ernst","serious","ernst","","word",""
"de.word.erst","first","erst-","","word",""
"de.word.es","it","es","","word",""
"de.word.etwas","something","etwas","","word",""
"de.word.euch.you-accusative-pl","you (accusative, pl.)","euch","","word",""
"de.word.euch.to-you-dative-pl","to you (dative, pl.)","euch","","word",""
"de.word.eventuell.possibly","possibly","eventuell","","word",""
"de.word.eventuell.possibly-perhaps","possibly / perhaps","eventuell","","word",""
"de.word.extrem","extreme","extrem","","word",""
"de.word.falsch.false","FALSE","falsch","","word",""
"de.word.falsch.false-wrong","false / wrong","falsch","","word",""
"de.word.fast","almost","fast","","word",""
"de.word.faul.lazy","lazy","faul","","word",""
"de.word.faul.rotten-lazy","rotten / lazy","faul","","word",""
"de.word.feige","cowardly","feige","","word",""
"de.word.fest","firm / solid / fixed","fest","","word",""
"de.word.fett","fat (adjective)","fett","","word",""
"de.word.flach","flat","flach","","word",""
"de.word.fleissig.diligent","diligent","fleißig","","word",""
"de.word.fleissig.diligent-hard-working","diligent / hard-working","fleißig","","word",""
"de.word.flexibel","flexible","flexibel","","word",""
"de.word.frei","free","frei","","word",""
"de.word.freundlich","kind","freundlich","","word",""
"de.word.frisch","fresh","frisch","","word",""
"de.word.froehlich","merry / cheerful","fröhlich","","word",""
"de.word.fromm","devout / pious","fromm","","word",""
"de.word.frueh","early","früh","","word",""
"de.word.fuenf","five","fünf","","word",""
"de.word.fuenft","fifth","fünft-","","word",""
"de.word.fuenfzehn","fifteen","fünfzehn","","word",""
"de.word.fuenfzig","fifty","fünfzig","","word",""
"de.word.fuer","for (Akkusativ)","für","","word",""
"de.word.gebildet","educated","gebildet","","word",""
"de.word.geduldig","patient","geduldig","","word",""
"de.word.gefaehrlich","dangerous","gefährlich","","word",""
"de.word.gegenueber","opposite (Dativ)","gegenüber","","word",""
"de.word.gelb","yellow","gelb","","word",""
"de.word.gemein","mean","gemein","","word",""
"de.word.genau","exactly","genau","","word",""
"de.word.genial","brilliant / ingenious","genial","","word",""
"de.word.genug","enough","genug","","word",""
"de.word.geradeaus","straight ahead","geradeaus","","word",""
"de.word.gerne","gladly","gerne","","word",""
"de.word.gespraechig","talkative","gesprächig","","word",""
"de.word.gesund","healthy","gesund","","word",""
"de.word.gleich","equal / same / right away","gleich","","word",""
"de.word.gleichzeitig","at the same time","gleichzeitig","","word",""
"de.word.gluecklich","happy","glücklich","","word",""
"de.word.gluecklicherweise","fortunately","glücklicherweise","","word",""
"de.word.grau.grey","grey","grau","","word",""
"de.word.grau.gray","gray","grau","","word",""
"de.word.grob","rude","grob","","word",""
"de.word.gross.big","big","groß","","word",""
"de.word.gross.big-great","big / great","groß","","word",""
"de.word.grosszuegig","generous","großzügig","","word",""
"de.word.gruen","green","grün","","word",""
"de.word.gut.good","good","gut","","word",""
"de.word.gut.grade-b-good","grade B / good","gut","","word",""
"de.word.haesslich","ugly","hässlich","","word",""
"de.word.haeufig","frequent","häufig","","word",""
"de.word.halb","half","halb","","word",""
"de.word.hart","hard","hart","","word",""
"de.word.hauptsaechlich","mainly","hauptsächlich","","word",""
"de.word.heiss","hot","heiß","","word",""
"de.word.hell.bright-light","bright/light","hell","","word",""
"de.word.hell.light-color","light (color)","hell","","word",""
"de.word.hell.bright","bright","hell","","word",""
"de.word.heute","today","heute","","word",""
"de.word.heutzutage","nowadays","heutzutage","","word",""
"de.word.hier","here","hier","","word",""
"de.word.hinter","behind","hinter","","word",""
"de.word.hoch.high","high","hoch","","word",""
"de.word.hoch.high-tall","high / tall","hoch","","word",""
"de.word.hoechstens","at most","höchstens","","word",""
"de.word.hoeflich","polite","höflich","","word",""
"de.word.hohl","hollow","hohl","","word",""
"de.word.hundert","hundred","hundert","","word",""
"de.word.hungrig","hungry","hungrig","","word",""
"de.word.ich","I","ich","","word",""
"de.word.ihm","to him (dative)","ihm","","word",""
"de.word.ihn","him (accusative)","ihn","","word",""
"de.word.ihr.you-plural-informal","you (plural informal)","ihr","","word",""
"de.word.ihr.to-her-dative","to her (dative)","ihr","","word",""
"de.word.immer","always","immer","","word",""
"de.word.in","in","in","","word",""
"de.word.innovativ","innovative","innovativ","","word",""
"de.word.interessant","interesting","interessant","","word",""
"de.word.international","international","international","","word",""
"de.word.irgendwo","somewhere","irgendwo","","word",""
"de.word.ja","yes","ja","","word",""
"de.word.jaehrlich","yearly","jährlich","","word",""
"de.word.jemand","someone","jemand","","word",""
"de.word.jetzt","now","jetzt","","word",""
"de.word.jung","young","jung","","word",""
"de.word.kalt.cold-temperature","cold (temperature)","kalt","","word",""
"de.word.kalt.cold","cold","kalt","","word",""
"de.word.kein.no-not-a-m","no / not a (m)","kein","","word",""
"de.word.kein.no-not-a-n","no / not a (n)","kein","","word",""
"de.word.keine","no / not a (f)","keine","","word",""
"de.word.klein","small","klein","","word",""
"de.word.klug","clever","klug","","word",""
"de.word.kollaborativ","collaborative","kollaborativ","","word",""
"de.word.komisch","funny/strange","komisch","","word",""
"de.word.komplex","complex","komplex","","word",""
"de.word.konsequent","consistent","konsequent","","word",""
"de.word.krank","sick","krank","","word",""
"de.word.kreativ","creative","kreativ","","word",""
"de.word.kuehl","cool","kühl","","word",""
"de.word.kuerzlich","recently","kürzlich","","word",""
"de.word.kurz","short","kurz","","word",""
"de.word.kurzfristig","in the short term","kurzfristig","","word",""
"de.word.lahm","lame","lahm","","word",""
"de.word.lang","long","lang","","word",""
"de.word.langsam.slow","slow","langsam","","word",""
"de.word.langsam.slowly","slowly","langsam","","word",""
"de.word.langweilig","boring","langweilig","","word",""
"de.word.laut","loud","laut","","word",""
"de.word.ledig","single","ledig","","word",""
"de.word.leer","empty","leer","","word",""
"de.word.leicht.light","light","leicht","","word",""
"de.word.leicht.light-easy","light / easy","leicht","","word",""
"de.word.leider","unfortunately","leider","","word",""
"de.word.leise","quiet","leise","","word",""
"de.word.lila","purple","lila","","word",""
"de.word.links","left","links","","word",""
"de.word.lose","loose","lose","","word",""
"de.word.lustig","funny","lustig","","word",""
"de.word.mager","meager / lean","mager","","word",""
"de.word.manchmal","sometimes","manchmal","","word",""
"de.word.mehr","more","mehr","","word",""
"de.word.mich","me (accusative)","mich","","word",""
"de.word.mild","mild","mild","","word",""
"de.word.mindestens","at least","mindestens","","word",""
"de.word.mir","to me (dative)","mir","","word",""
"de.word.mit.with-dativ","with (Dativ)","mit","","word",""
"de.word.mit.with","with","mit","","word",""
"de.word.moeglich","possible","möglich","","word",""
"de.word.monatlich","monthly","monatlich","","word",""
"de.word.morgens","in the morning","morgens","","word",""
"de.word.muede","tired","müde","","word",""
"de.word.muskuloes","muscular","muskulös","","word",""
"de.word.mutig","brave","mutig","","word",""
"de.word.nach","after / to (Dativ)","nach","","word",""
"de.word.nachhaltig","sustainable","nachhaltig","","word",""
"de.word.nachher","after","nachher","","word",""
"de.word.nachmittags","in the afternoon","nachmittags","","word",""
"de.word.nachts","at night","nachts","","word",""
"de.word.nackt","naked","nackt","","word",""
"de.word.naemlich","namely","nämlich","","word",""
"de.word.nah","near","nah","","word",""
"de.word.naiv","naive","naiv","","word",""
"de.word.negativ","negative","negativ","","word",""
"de.word.nein","no","nein","","word",""
"de.word.neu","new","neu","","word",""
"de.word.neugierig","curious","neugierig","","word",""
"de.word.neun","nine","neun","","word",""
"de.word.neunzig","ninety","neunzig","","word",""
"de.word.nicht","not","nicht","","word",""
"de.word.nichts","nothing","nichts","","word",""
"de.word.niedrig","low","niedrig","","word",""
"de.word.niemand","nobody","niemand","","word",""
"de.word.nirgendwo","nowhere","nirgendwo","","word",""
"de.word.noch","still","noch","","word",""
"de.word.normal","normal","normal","","word",""
"de.word.normalerweise","usually","normalerweise","","word",""
"de.word.notwendig","necessary","notwendig","","word",""
"de.word.null","zero","null","","word",""
"de.word.ob","whether","ob","","word",""
"de.word.obwohl","although","obwohl","","word",""
"de.word.oder","or","oder","","word",""
"de.word.offensichtlich","obvious","offensichtlich","","word",""
"de.word.oft","often","oft","","word",""
"de.word.ohne","without (Akkusativ)","ohne","","word",""
"de.word.orange","orange (color)","orange","","word",""
"de.word.ordinaer.vulgar","vulgar","ordinär","","word",""
"de.word.ordinaer.vulgar-crude","vulgar / crude","ordinär","","word",""
"de.word.pensioniert","retired","pensioniert","","word",""
"de.word.perfekt","perfect","perfekt","","word",""
"de.word.ploetzlich","suddenly","plötzlich","","word",""
"de.word.positiv","positive","positiv","","word",""
"de.word.proaktiv","proactive","proaktiv","","word",""
"de.word.puenktlich","on time","pünktlich","","word",""
"de.word.qualifiziert","qualified","qualifiziert","","word",""
"de.word.rau","rough","rau","","word",""
"de.word.recht.fairly","fairly","recht","","word",""
"de.word.recht.right-correct","right / correct","recht","","word",""
"de.word.rechts","right","rechts","","word",""
"de.word.regelmaessig","regular","regelmäßig","","word",""
"de.word.reich","rich","reich","","word",""
"de.word.reif.mature","mature","reif","","word",""
"de.word.reif.ripe","ripe","reif","","word",""
"de.word.roh","raw","roh","","word",""
"de.word.rosa","pink","rosa","","word",""
"de.word.rot","red","rot","","word",""
"de.word.rund","round","rund","","word",""
"de.word.sanft","soft / gentle","sanft","","word",""
"de.word.sarkastisch","sarcastic","sarkastisch","","word",""
"de.word.satt","full (after eating)","satt","","word",""
"de.word.sauber","clean","sauber","","word",""
"de.word.sauer","sour","sauer","","word",""
"de.word.scharf","sharp / spicy","scharf","","word",""
"de.word.schlank.slim","slim","schlank","","word",""
"de.word.schlank.slim-slender","slim / slender","schlank","","word",""
"de.word.schlecht","bad","schlecht","","word",""
"de.word.schmal","narrow","schmal","","word",""
"de.word.schmutzig","dirty","schmutzig","","word",""
"de.word.schnell.fast","fast","schnell","","word",""
"de.word.schnell.quickly","quickly","schnell","","word",""
"de.word.schoen","beautiful","schön","","word",""
"de.word.schwach","weak","schwach","","word",""
"de.word.schwarz","black","schwarz","","word",""
"de.word.schwer.heavy","heavy","schwer","","word",""
"de.word.schwer.heavy-difficult","heavy / difficult","schwer","","word",""
"de.word.schwierig","difficult","schwierig","","word",""
"de.word.sechs","six","sechs","","word",""
"de.word.sechzig","sixty","sechzig","","word",""
"de.word.sehr","very","sehr","","word",""
"de.word.sein","to be","sein","","word",""
"de.word.seit","since / for (Dativ)","seit","","word",""
"de.word.seitdem","ever since","seitdem","","word",""
"de.word.selbstbewusst","confident","selbstbewusst","","word",""
"de.word.selbstsuechtig","selfish","selbstsüchtig","","word",""
"de.word.seltsam","strange","seltsam","","word",""
"de.word.sensibel.sensitive-false-friend-sensibel","sensitive (false friend: sensibel)","sensibel","","word",""
"de.word.sensibel.sensitive","sensitive","sensibel","","word",""
"de.word.serioes","reputable / trustworthy","seriös","","word",""
"de.word.sicher","safe","sicher","","word",""
"de.word.sie.she","she","sie","","word",""
"de.word.sie.they","they","sie","","word",""
"de.word.sie.her-accusative","her (accusative)","sie","","word",""
"de.word.sie.them-accusative","them (accusative)","sie","","word",""
"de.word.siebzig","seventy","siebzig","","word",""
"de.word.so","so","so","","word",""
"de.word.sobald","as soon as","sobald","","word",""
"de.word.sofort","immediately","sofort","","word",""
"de.word.solange","as long as","solange","","word",""
"de.word.sonst","otherwise","sonst","","word",""
"de.word.sowieso","anyway","sowieso","","word",""
"de.word.spaet","late","spät","","word",""
"de.word.spaeter","later","später","","word",""
"de.word.spitz","pointed / sharp-tipped","spitz","","word",""
"de.word.sportlich","athletic","sportlich","","word",""
"de.word.stark","strong","stark","","word",""
"de.word.steif","stiff","steif","","word",""
"de.word.still.quiet-false-friend-still","quiet (false friend: still)","still","","word",""
"de.word.still.still-quiet","still / quiet","still","","word",""
"de.word.stumpf","blunt / dull","stumpf","","word",""
"de.word.stur","stubborn","stur","","word",""
"de.word.suess","sweet","süß","","word",""
"de.word.sympathisch.likeable","likeable","sympathisch","","word",""
"de.word.sympathisch.likeable-nice","likeable / nice","sympathisch","","word",""
"de.word.taeglich","daily","täglich","","word",""
"de.word.tatsaechlich","indeed","tatsächlich","","word",""
"de.word.taub","deaf","taub","","word",""
"de.word.tausend","thousand","tausend","","word",""
"de.word.teuer","expensive","teuer","","word",""
"de.word.tief","deep","tief","","word",""
"de.word.tolerant","broad-minded","tolerant","","word",""
"de.word.tot","dead","tot","","word",""
"de.word.traditionell","traditional","traditionell","","word",""
"de.word.transparent","transparent","transparent","","word",""
"de.word.traurig","sad","traurig","","word",""
"de.word.trotz","despite (Genitiv)","trotz","","word",""
"de.word.trotzdem.nevertheless","nevertheless","trotzdem","","word",""
"de.word.trotzdem.even-so","even so","trotzdem","","word",""
"de.word.tun","to do","tun","","word",""
"de.word.typisch","typical","typisch","","word",""
"de.word.uebel","nauseous / evil","übel","","word",""
"de.word.ueber","over / above","über","","word",""
"de.word.ueberall","everywhere","überall","","word",""
"de.word.uebergewichtig","overweight","übergewichtig","","word",""
"de.word.ueberrascht","surprised","überrascht","","word",""
"de.word.um","around (Akkusativ)","um","","word",""
"de.word.unbequem","uncomfortable","unbequem","","word",""
"de.word.und","and","und","","word",""
"de.word.ungeduldig","impatient","ungeduldig","","word",""
"de.word.ungefaehr","approximately","ungefähr","","word",""
"de.word.ungenuegend","grade F / fail","ungenügend","","word",""
"de.word.ungewoehnlich","unusual","ungewöhnlich","","word",""
"de.word.unmoeglich","impossible","unmöglich","","word",""
"de.word.uns.us-accusative","us (accusative)","uns","","word",""
"de.word.uns.to-us-dative","to us (dative)","uns","","word",""
"de.word.unter","under / below","unter","","word",""
"de.word.uralt","ancient","uralt","","word",""
"de.word.vage","vague","vage","","word",""
"de.word.verfuegbar","available","verfügbar","","word",""
"de.word.verheiratet","married","verheiratet","","word",""
"de.word.versehentlich","accidentally","versehentlich","","word",""
"de.word.verspaetet","delayed","verspätet","","word",""
"de.word.vielleicht","maybe","vielleicht","","word",""
"de.word.vier","four","vier","","word",""
"de.word.viert","fourth","viert-","","word",""
"de.word.vierzehn","fourteen","vierzehn","","word",""
"de.word.vierzig","forty","vierzig","","word",""
"de.word.voll","full","voll","","word",""
"de.word.von","from (Dativ)","von","","word",""
"de.word.vor","before / in front of","vor","","word",""
"de.word.vorher","before","vorher","","word",""
"de.word.vorsichtig","carefully","vorsichtig","","word",""
"de.word.voruebergehend","temporary","vorübergehend","","word",""
"de.word.waehrend.during-genitiv","during (Genitiv)","während","","word",""
"de.word.waehrend.while","while","während","","word",""
"de.word.wahr","TRUE","wahr","","word",""
"de.word.wann","when","wann","","word",""
"de.word.warm","warm","warm","","word",""
"de.word.warum","why","warum","","word",""
"de.word.was","what","was","","word",""
"de.word.weich","soft","weich","","word",""
"de.word.weil","because (subord.)","weil","","word",""
"de.word.weise","wise","weise","","word",""
"de.word.weiss","white","weiß","","word",""
"de.word.weit","wide","weit","","word",""
"de.word.weniger","less","weniger","","word",""
"de.word.wenn","if / when","wenn","","word",""
"de.word.wer","who","wer","","word",""
"de.word.wettbewerbsfaehig","competitive","wettbewerbsfähig","","word",""
"de.word.wichtig","important","wichtig","","word",""
"de.word.wie","how","wie","","word",""
"de.word.wieder","again","wieder","","word",""
"de.word.wir","we","wir","","word",""
"de.word.wo","where","wo","","word",""
"de.word.woechentlich","weekly","wöchentlich","","word",""
"de.word.wuetend","angry","wütend","","word",""
"de.word.zaeh","tough","zäh","","word",""
"de.word.zehn","ten","zehn","","word",""
"de.word.ziemlich","quite","ziemlich","","word",""
"de.word.zu.too","too","zu","","word",""
"de.word.zu.to-dativ-person","to (Dativ, person)","zu","","word",""
"de.word.zu.to","to","zu","","word",""
"de.word.zufaellig","by chance","zufällig","","word",""
"de.word.zusaetzlich","in addition","zusätzlich","","word",""
"de.word.zuverlaessig","reliable","zuverlässig","","word",""
"de.word.zwanzig","twenty","zwanzig","","word",""
"de.word.zwei","two","zwei","","word",""
"de.word.zweimal","twice","zweimal","","word",""
"de.word.zweit","second (ordinal: 2nd)","zweit-","","word",""
"de.word.zwoelf","twelve","zwölf","","word",""
