"id","lexeme_id","english","target","article","hint","source_id","forms","kind"
"w0001","de.lex.um","around / about / for","um","","","s001","Um|um","function"
"w0002","de.lex.punkt","point","Punkt","der","","s001","Punkt|punkt","word"
"w0003","de.lex.drei","three","drei","","","s001","drei","word"
"w0004","de.lex.uhr.clock-2","clock / watch","Uhr","die","","s001","Uhr","word"
"w0005","de.lex.sein","to be","sein","","","s001","war|seinem|ist|War|sein|waren|wäre|sind|Ist|gewesen","word"
"w0006","de.lex.ich","I","ich","","","s001","ich|Ich|mir","function"
"w0007","de.lex.in","in / into","in","","","s001","in|ins|im|Im|In","function"
"w0008","de.lex.der-bestimmte-artikel","the (definite article)","der bestimmte Artikel","","","s001","der|Die|das|den|die|des|dem|Das|Der","function"
"w0009","de.lex.baker","Baker","Baker","","","s001","Baker","name"
"w0010","de.lex.street","Street","Street","","","s001","Street","name"
"w0011","de.private.bohemia.ext.doch","but / after all / indeed","doch","","","s001","doch","function"
"w0012","de.lex.holmes","Holmes","Holmes","","","s001","Holmes|Holmes'","name"
"w0013","de.lex.noch","still / another / yet","noch","","","s001","noch|Noch","function"
"w0014","de.lex.nicht","not","nicht","","","s001","nicht|Nicht","function"
"w0015","de.lex.zurueck","back","zurück","","","s001","zurück","word"
"w0016","de.private.bohemia.ext.hauswirtin","landlady","Hauswirtin","die","","s002","Hauswirtin","word"
"w0017","de.private.bohemia.ext.surface.informierte","informed","informierte","","","s002","informierte","word"
"w0018","de.lex.mich","me (accusative)","mich","","","s002","mich","word"
"w0019","de.lex.dass","that (subordinating conjunction)","dass","","","s002","daß","function"
"w0020","de.lex.er","he","er","","","s002","er|ihn|Er|ihm","word"
"w0021","de.lex.haus","house","Haus","das","","s002","Haus|Hause","word"
"w0022","de.lex.kurz","short","kurz","","","s002","kurz","word"
"w0023","de.lex.nach","after / to (Dativ)","nach","","","s002","nach|Nach","word"
"w0024","de.lex.acht","eight","acht","","","s002","acht","word"
"w0025","de.lex.morgens","in the morning","morgens","","","s002","morgens","word"
"w0026","de.lex.verlassen","to leave (a place)","verlassen","","","s002","verlassen","word"
"w0027","de.lex.haben","to have","haben","","","s002","hatte|habe|haben|hat|Hat|Haben","word"
"w0028","de.private.bohemia.ext.surface.setzte","context: I nevertheless sat down beside the fire, intending to wait for him however long it might take.","setzte","","Context-assisted gloss; use the sentence translation for exact nuance.","s003","setzte","word"
"w0029","de.private.bohemia.ext.surface.dennoch","context: I nevertheless sat down beside the fire, intending to wait for him however long it might take.","dennoch","","Context-assisted gloss; use the sentence translation for exact nuance.","s003","dennoch","word"
"w0030","de.lex.neben","beside","neben","","","s003","neben","word"
"w0031","de.lex.kamin","fireplace / chimney","Kamin","der","","s003","Kamin","word"
"w0032","de.lex.absichtlich","on purpose","absichtlich","","","s003","Absicht","word"
"w0033","de.lex.auf.into","on / onto / into","auf","","","s003","auf|aufs|Auf","function"
"w0034","de.lex.zu.at","to / at","zu","","","s003","zu|Zu","function"
"w0035","de.lex.warten","to wait","warten","","","s003","warten","word"
"w0036","de.lex.wie","How?","Wie?","","","s003","wie","word"
"w0037","de.lex.lange","long / for a long time","lange","","","s003","lange","word"
"w0038","de.lex.es","it / she (for a neuter noun)","es","","","s003","es|Es","function"
"w0039","de.lex.auch","also / too","auch","","","s003","auch","function"
"w0040","de.private.bohemia.ext.surface.dauern","context: I nevertheless sat down beside the fire, intending to wait for him however long it might take.","dauern","","Context-assisted gloss; use the sentence translation for exact nuance.","s003","dauern","word"
"w0041","de.lex.werden","to become","werden","","","s003","würde|werden|wurde|werde|wird","word"
"w0042","de.lex.mein","my","mein","","","s004","Mein|mein|meines|meine|meiner|meinem","function"
"w0043","de.lex.interesse","interest","Interesse","das","","s004","Interesse","word"
"w0044","de.lex.an","at / on / to","an","","","s004","an|An","function"
"w0045","de.lex.sein-possessivartikel","his / her / its","sein Possessivartikel","","","s004","seiner|seines|seine|seinen|Seine","function"
"w0046","de.lex.gegenwart","present","Gegenwart","die","","s004","gegenwärtigen","word"
"w0047","de.private.bohemia.ext.ermittlung","investigation","Ermittlung","die","","s004","Ermittlung","word"
"w0048","de.lex.schon","already","schon","","","s004","schon","function"
"w0049","de.lex.hoch","high","hoch","","","s004","höchste|höchst","word"
"w0050","de.private.bohemia.ext.surface.geweckt","context: My interest in his current investigation was already at its height, for although it lacked the grim and strange featu…","geweckt","","Context-assisted gloss; use the sentence translation for exact nuance.","s004","geweckt","word"
"w0051","de.lex.denn","because (coord.)","denn","","","s004","denn","word"
"w0052","de.lex.obwohl","although","obwohl","","","s004","obwohl","word"
"w0053","de.lex.sie.her","she / they / her (depending on context)","sie","","","s004","sie|Sie|Ihnen|ihnen","function"
"w0054","de.lex.kein","no / not any","kein","","","s004","keine|Keine|keins|keinen|kein","function"
"w0055","de.private.bohemia.ext.surface.solch","context: My interest in his current investigation was already at its height, for although it lacked the grim and strange featu…","solch","","Context-assisted gloss; use the sentence translation for exact nuance.","s004","solch","word"
"w0056","de.private.bohemia.ext.surface.grausigen","context: My interest in his current investigation was already at its height, for although it lacked the grim and strange featu…","grausigen","","Context-assisted gloss; use the sentence translation for exact nuance.","s004","grausigen","word"
"w0057","de.lex.und","and","und","","","s004","und|Und","function"
"w0058","de.lex.seltsam","strange","seltsam","","","s004","seltsamen","word"
"w0059","de.private.bohemia.ext.surface.merkmale","context: My interest in his current investigation was already at its height, for although it lacked the grim and strange featu…","Merkmale","","Context-assisted gloss; use the sentence translation for exact nuance.","s004","Merkmale","word"
"w0060","de.private.bohemia.ext.surface.aufwies","context: My interest in his current investigation was already at its height, for although it lacked the grim and strange featu…","aufwies","","Context-assisted gloss; use the sentence translation for exact nuance.","s004","aufwies","word"
"w0061","de.lex.beide","both","beide","","","s004","beiden|Beides","word"
"w0062","de.private.bohemia.ext.verbrechen","crime","Verbrechen","das","","s004","Verbrechen","word"
"w0063","de.lex.ueber","over / above / about","über","","","s004","über|übers","function"
"w0064","de.private.bohemia.ext.surface.berichtet","context: My interest in his current investigation was already at its height, for although it lacked the grim and strange featu…","berichtet","","Context-assisted gloss; use the sentence translation for exact nuance.","s004","berichtet","word"
"w0065","de.private.bohemia.ext.surface.gaben","context: My interest in his current investigation was already at its height, for although it lacked the grim and strange featu…","gaben","","Context-assisted gloss; use the sentence translation for exact nuance.","s004","gaben","word"
"w0066","de.lex.ihr.her","her / their; to her","ihr","","","s004","ihr|ihrer|ihren|ihre|Ihr|Ihre|Ihren|ihrem","function"
"w0067","de.lex.art","kind / type / species","Art","die","","s004","Art","word"
"w0068","de.lex.fall","the case","Fall","der","","s004","Falles|Falls|Fall","word"
"w0069","de.private.bohemia.ext.surface.erlauchte","context: “The august person who employs me wishes his agent to remain unknown to you, and I must confess that the title by whi…","erlauchte","","Context-assisted gloss; use the sentence translation for exact nuance.","s004","erlauchte","word"
"w0070","de.private.bohemia.ext.surface.stellung","context: My interest in his current investigation was already at its height, for although it lacked the grim and strange featu…","Stellung","","Context-assisted gloss; use the sentence translation for exact nuance.","s004","Stellung","word"
"w0071","de.private.bohemia.ext.klienten","clients","Klienten","die","","s004","Klienten","word"
"w0072","de.lex.ein","a / an; one","ein","","","s004","einen|einer|ein|einem|eines|eine|Eine|Ein","function"
"w0073","de.lex.ganz","whole / entire","ganz","","","s004","ganz|ganzen|ganze|Ganze","word"
"w0074","de.lex.eigen","own","eigen","","","s004","eigenen","word"
"w0075","de.private.bohemia.ext.charakter","character","Charakter","der","","s004","Charakter","word"
"w0076","de.lex.von-dem","from the","von dem","","","s005","vom","function"
"w0077","de.private.bohemia.ext.surface.wesen","context: And quite apart from the nature of the investigation in which my friend was engaged, there was something in his maste…","Wesen","","Context-assisted gloss; use the sentence translation for exact nuance.","s005","Wesen","word"
"w0078","de.lex.mit","with","mit","","","s005","mit|Mit","word"
"w0079","de.lex.freund","friend","Freund","der","","s005","Freund|Freundes","word"
"w0080","de.lex.gerade","just / right now / straight","gerade","","","s005","gerade","word"
"w0081","de.lex.beschaeftigt","busy","beschäftigt","","","s005","beschäftigt|beschäftigter","word"
"w0082","de.lex.einmal","once","einmal","","","s005","einmal","function"
"w0083","de.private.bohemia.ext.surface.abgesehen","context: Apart from these signs of life, which like everyone else I learned only from the daily press, I heard little of my fo…","abgesehen","","Context-assisted gloss; use the sentence translation for exact nuance.","s005","abgesehen","word"
"w0084","de.lex.da","there / then","da","","","s005","da|Da","function"
"w0085","de.lex.etwas","something","etwas","","","s005","etwas|Etwas","function"
"w0086","de.private.bohemia.ext.surface.souveraenen","context: And quite apart from the nature of the investigation in which my friend was engaged, there was something in his maste…","souveränen","","Context-assisted gloss; use the sentence translation for exact nuance.","s005","souveränen","word"
"w0087","de.private.bohemia.ext.surface.erfassen","context: And quite apart from the nature of the investigation in which my friend was engaged, there was something in his maste…","Erfassen","","Context-assisted gloss; use the sentence translation for exact nuance.","s005","Erfassen","word"
"w0088","de.lex.situation","situation","Situation","die","","s005","Situation","word"
"w0089","de.private.bohemia.ext.surface.scharfsinnigen","context: And quite apart from the nature of the investigation in which my friend was engaged, there was something in his maste…","scharfsinnigen","","Context-assisted gloss; use the sentence translation for exact nuance.","s005","scharfsinnigen","word"
"w0090","de.lex.alles","everything","alles","","","s005","alles|allen|allem|Aller|Alles","function"
"w0091","de.private.bohemia.ext.surface.durchdringenden","context: And quite apart from the nature of the investigation in which my friend was engaged, there was something in his maste…","durchdringenden","","Context-assisted gloss; use the sentence translation for exact nuance.","s005","durchdringenden","word"
"w0092","de.lex.denken","to think","denken","","","s005","Denken|denken|denke|Denker|dachte","word"
"w0093","de.lex.freude","joy","Freude","die","","s005","Freude","word"
"w0094","de.lex.machen","to make / do","machen","","","s005","machte|machen|macht","word"
"w0095","de.private.bohemia.ext.surface.arbeitsweise","context: And quite apart from the nature of the investigation in which my friend was engaged, there was something in his maste…","Arbeitsweise","","Context-assisted gloss; use the sentence translation for exact nuance.","s005","Arbeitsweise","word"
"w0096","de.lex.studieren","to study at university","studieren","","","s005","studieren","word"
"w0097","de.private.bohemia.ext.surface.flinken","context: And quite apart from the nature of the investigation in which my friend was engaged, there was something in his maste…","flinken","","Context-assisted gloss; use the sentence translation for exact nuance.","s005","flinken","word"
"w0098","de.private.bohemia.ext.surface.subtilen","subtle","subtilen","","","s005","subtilen","word"
"w0099","de.lex.methode","the method","Methode","die","","s005","Methoden","word"
"w0100","de.lex.verfolgen","to prosecute","verfolgen","","","s005","verfolgen","word"
"w0101","de.private.bohemia.ext.denen","whom / those","denen","","","s005","denen","function"
"w0102","de.lex.selbst","self / oneself","selbst","","","s005","selbst|selben","function"
"w0103","de.private.bohemia.ext.surface.undurchschaubarsten","context: And quite apart from the nature of the investigation in which my friend was engaged, there was something in his maste…","undurchschaubarsten","","Context-assisted gloss; use the sentence translation for exact nuance.","s005","undurchschaubarsten","word"
"w0104","de.private.bohemia.ext.raetsel","mystery / puzzle","Rätsel","das","","s005","Rätsel","word"
"w0105","de.private.bohemia.ext.surface.entwirrte","context: And quite apart from the nature of the investigation in which my friend was engaged, there was something in his maste…","entwirrte","","Context-assisted gloss; use the sentence translation for exact nuance.","s005","entwirrte","word"
"w0106","de.private.bohemia.ext.surface.derart","context: I had grown so accustomed to his inevitable success that the mere possibility of his failing no longer entered my mind.","derart","","Context-assisted gloss; use the sentence translation for exact nuance.","s006","derart","word"
"w0107","de.private.bohemia.ext.surface.unweigerlichen","context: I had grown so accustomed to his inevitable success that the mere possibility of his failing no longer entered my mind.","unweigerlichen","","Context-assisted gloss; use the sentence translation for exact nuance.","s006","unweigerlichen","word"
"w0108","de.lex.erfolg","success","Erfolg","der","","s006","Erfolg","word"
"w0109","de.private.bohemia.ext.gewoehnt","accustomed","gewöhnt","","","s006","gewöhnt","word"
"w0110","de.private.bohemia.ext.surface.blosse","context: I had grown so accustomed to his inevitable success that the mere possibility of his failing no longer entered my mind.","bloße","","Context-assisted gloss; use the sentence translation for exact nuance.","s006","bloße","word"
"w0111","de.lex.moeglichkeit","opportunity","Möglichkeit","die","","s006","Möglichkeit","word"
"w0112","de.private.bohemia.ext.surface.versagens","context: I had grown so accustomed to his inevitable success that the mere possibility of his failing no longer entered my mind.","Versagens","","Context-assisted gloss; use the sentence translation for exact nuance.","s006","Versagens","word"
"w0113","de.private.bohemia.ext.gar","at all / quite","gar","","","s006","gar","function"
"w0114","de.lex.mehr","more / anymore","mehr","","","s006","mehr|Mehr","function"
"w0115","de.private.bohemia.ext.surface.sinn","context: I had grown so accustomed to his inevitable success that the mere possibility of his failing no longer entered my mind.","Sinn","","Context-assisted gloss; use the sentence translation for exact nuance.","s006","Sinn","word"
"w0116","de.lex.kommen","to come","kommen","","","s006","kam|kommt|Kommen|kommen","word"
"w0117","de.lex.vor","before / in front of / from","vor","","","s007","vor|vors","function"
"w0118","de.lex.vier","four","vier","","","s007","vier|Vier","word"
"w0119","de.lex.als","when (past)","als","","","s007","als|Als","word"
"w0120","de.lex.tuer","door","Tür","die","","s007","Tür","word"
"w0121","de.private.bohemia.ext.surface.aufging","context: It was close to four when the door opened and a drunken-looking groom with untidy side-whiskers, a red face, and shab…","aufging","","Context-assisted gloss; use the sentence translation for exact nuance.","s007","aufging","word"
"w0122","de.private.bohemia.ext.surface.betrunken","context: It was close to four when the door opened and a drunken-looking groom with untidy side-whiskers, a red face, and shab…","betrunken","","Context-assisted gloss; use the sentence translation for exact nuance.","s007","betrunken","word"
"w0123","de.private.bohemia.ext.surface.wirkender","context: It was close to four when the door opened and a drunken-looking groom with untidy side-whiskers, a red face, and shab…","wirkender","","Context-assisted gloss; use the sentence translation for exact nuance.","s007","wirkender","word"
"w0124","de.lex.stallknecht","stableman","Stallknecht","der","","s007","Stallknecht|Stallknechten","word"
"w0125","de.private.bohemia.ext.surface.ungepflegten","context: It was close to four when the door opened and a drunken-looking groom with untidy side-whiskers, a red face, and shab…","ungepflegten","","Context-assisted gloss; use the sentence translation for exact nuance.","s007","ungepflegten","word"
"w0126","de.private.bohemia.ext.surface.koteletten","context: It was close to four when the door opened and a drunken-looking groom with untidy side-whiskers, a red face, and shab…","Koteletten","","Context-assisted gloss; use the sentence translation for exact nuance.","s007","Koteletten","word"
"w0127","de.private.bohemia.ext.surface.geroetetem","context: It was close to four when the door opened and a drunken-looking groom with untidy side-whiskers, a red face, and shab…","gerötetem","","Context-assisted gloss; use the sentence translation for exact nuance.","s007","gerötetem","word"
"w0128","de.lex.gesicht","the face","Gesicht","das","","s007","Gesicht","word"
"w0129","de.private.bohemia.ext.surface.schaebiger","context: It was close to four when the door opened and a drunken-looking groom with untidy side-whiskers, a red face, and shab…","schäbiger","","Context-assisted gloss; use the sentence translation for exact nuance.","s007","schäbiger","word"
"w0130","de.lex.kleidung","clothes","Kleidung","die","","s007","Kleidung","word"
"w0131","de.lex.zimmer","room","Zimmer","das","","s007","Zimmer","word"
"w0132","de.lex.so","so / such","so","","","s008","So|so","function"
"w0133","de.lex.sehr","very","sehr","","","s008","sehr","word"
"w0134","de.private.bohemia.ext.surface.erstaunlichen","context: Accustomed as I was to my friend's astonishing skill with disguises, I still had to look three times to convince myse…","erstaunlichen","","Context-assisted gloss; use the sentence translation for exact nuance.","s008","erstaunlichen","word"
"w0135","de.lex.faehigkeit","skill","Fähigkeit","die","","s008","Fähigkeiten|fähig","word"
"w0136","de.private.bohemia.ext.surface.gebrauch","context: Accustomed as I was to my friend's astonishing skill with disguises, I still had to look three times to convince myse…","Gebrauch","","Context-assisted gloss; use the sentence translation for exact nuance.","s008","Gebrauch","word"
"w0137","de.lex.von","from (Dativ)","von","","","s008","von|Von","word"
"w0138","de.lex.verkleidung","disguise","Verkleidung","die","","s008","Verkleidungen","word"
"w0139","de.private.bohemia.ext.muessen","had to","müssen","","","s008","mußte","word"
"w0140","de.private.bohemia.ext.surface.dreimal","context: Accustomed as I was to my friend's astonishing skill with disguises, I still had to look three times to convince myse…","dreimal","","Context-assisted gloss; use the sentence translation for exact nuance.","s008","dreimal","word"
"w0141","de.private.bohemia.ext.surface.hinschauen","context: Accustomed as I was to my friend's astonishing skill with disguises, I still had to look three times to convince myse…","hinschauen","","Context-assisted gloss; use the sentence translation for exact nuance.","s008","hinschauen","word"
"w0142","de.lex.ueberzeugen","to convince","überzeugen","","","s008","überzeugen|überzeugend","word"
"w0143","de.lex.wirklich.really","really","wirklich","","","s008","wirklich","word"
"w0144","de.private.bohemia.ext.surface.nicken","context: With a nod he vanished into the bedroom, from which he emerged five minutes later in a tweed suit, respectable as ever.","Nicken","","Context-assisted gloss; use the sentence translation for exact nuance.","s009","Nicken","word"
"w0145","de.private.bohemia.ext.verschwinden","disappeared","verschwinden","","","s009","verschwand","word"
"w0146","de.lex.schlafzimmer","bedroom","Schlafzimmer","das","","s009","Schlafzimmer","word"
"w0147","de.lex.aus.from","out / from","aus","","","s009","aus","word"
"w0148","de.lex.fuenf","five","fünf","","","s009","fünf","word"
"w0149","de.lex.minute","minute","Minute","die","","s009","Minuten","word"
"w0150","de.lex.spaeter","later","später","","","s009","später","word"
"w0151","de.private.bohemia.ext.surface.tweedanzug","context: With a nod he vanished into the bedroom, from which he emerged five minutes later in a tweed suit, respectable as ever.","Tweedanzug","","Context-assisted gloss; use the sentence translation for exact nuance.","s009","Tweedanzug","word"
"w0152","de.private.bohemia.ext.surface.respektabel","respectable","respektabel","","","s009","respektabel","word"
"w0153","de.private.bohemia.ext.surface.eh","context: With a nod he vanished into the bedroom, from which he emerged five minutes later in a tweed suit, respectable as ever.","eh","","Context-assisted gloss; use the sentence translation for exact nuance.","s009","eh","word"
"w0154","de.private.bohemia.ext.je","ever / each","je","","","s009","je","function"
"w0155","de.lex.wieder","again","wieder","","","s009","wieder","word"
"w0156","de.private.bohemia.ext.erscheinen","appeared","erscheinen","","","s009","erschien","word"
"w0157","de.lex.hand","hand","Hand","die","","s010","Hände|Hand","word"
"w0158","de.lex.tasche.bag","bag","Tasche","die","","s010","Taschen","word"
"w0159","de.private.bohemia.ext.surface.streckte","stretched","streckte","","","s010","streckte","word"
"w0160","de.lex.bein","leg","Bein","das","","s010","Beine","word"
"w0161","de.lex.feuer","fire","Feuer","das","","s010","Feuer","word"
"w0162","de.private.bohemia.ext.lachen","laughed","lachen","","","s010","lachte","word"
"w0163","de.private.bohemia.ext.paar","a few / a couple","paar","","","s010","paar|Paar","function"
"w0164","de.lex.lang","long","lang","","","s010","lang|langen","word"
"w0165","de.private.bohemia.ext.surface.herzlich","context: With his hands in his pockets, he stretched his legs out before the fire and laughed heartily for several minutes.","herzlich","","Context-assisted gloss; use the sentence translation for exact nuance.","s010","herzlich","word"
"w0166","de.lex.also","so/therefore","also","","","s011","Also|also","word"
"w0167","de.lex.was","What?","Was?","","","s011","was|Was","word"
"w0168","de.private.bohemia.ext.rufen","called / cried","rufen","","","s011","rief","word"
"w0169","de.lex.dann","then","dann","","","s011","dann|Dann","function"
"w0170","de.private.bohemia.ext.surface.keuchte","context: “Well, really!” he cried, then gasped and laughed again until at last he had to collapse limply and helplessly into t…","keuchte","","Context-assisted gloss; use the sentence translation for exact nuance.","s011","keuchte","word"
"w0171","de.lex.neu","new","neu","","","s011","neue|neuen","word"
"w0172","de.lex.bis","until","bis","","","s011","bis","word"
"w0173","de.lex.sich","oneself / himself / herself","sich","","","s011","sich|Sich|sicherer","function"
"w0174","de.private.bohemia.ext.schliesslich","finally / after all","schließlich","","","s011","schließlich|Schließlich","word"
"w0175","de.private.bohemia.ext.surface.schlaff","context: “Well, really!” he cried, then gasped and laughed again until at last he had to collapse limply and helplessly into t…","schlaff","","Context-assisted gloss; use the sentence translation for exact nuance.","s011","schlaff","word"
"w0176","de.private.bohemia.ext.surface.hilflos","context: “Well, really!” he cried, then gasped and laughed again until at last he had to collapse limply and helplessly into t…","hilflos","","Context-assisted gloss; use the sentence translation for exact nuance.","s011","hilflos","word"
"w0177","de.lex.sessel","armchair","Sessel","der","","s011","Sessel","word"
"w0178","de.lex.zuruecklegen","to put back","zurücklegen","","","s011","zurücklegen|zurückgelegt","word"
"w0179","de.lex.los","off / away","los","","","s012","los","word"
"w0180","de.lex.einfach.easy","easy","einfach","","","s013","einfach|einfache","word"
"w0181","de.lex.komisch","funny/strange","komisch","","","s013","komisch","word"
"w0182","de.private.bohemia.ext.sein","to be","sein","","","s014","bin|Seien|sei","word"
"w0183","de.lex.sicher","safe","sicher","","","s014","sicher|Sicher","word"
"w0184","de.private.bohemia.ext.werden","would","werden","","","s014","würden|wurden|worden","word"
"w0185","de.lex.nie","never","nie","","","s014","nie","function"
"w0186","de.private.bohemia.ext.surface.erraten","context: I am sure you could never guess how I spent my morning, or what I ended up doing.”","erraten","","Context-assisted gloss; use the sentence translation for exact nuance.","s014","erraten","word"
"w0187","de.lex.womit","With what?","Womit?","","","s014","womit","word"
"w0188","de.lex.meinen","to mean","meinen","","","s014","meinen","word"
"w0189","de.private.bohemia.ext.surface.vormittag","context: I am sure you could never guess how I spent my morning, or what I ended up doing.”","Vormittag","","Context-assisted gloss; use the sentence translation for exact nuance.","s014","Vormittag","word"
"w0190","de.private.bohemia.ext.surface.zugebracht","context: I am sure you could never guess how I spent my morning, or what I ended up doing.”","zugebracht","","Context-assisted gloss; use the sentence translation for exact nuance.","s014","zugebracht","word"
"w0191","de.lex.oder","or","oder","","","s014","oder|Oder","word"
"w0192","de.private.bohemia.ext.tun","done","tun","","","s014","getan","word"
"w0193","de.private.bohemia.ext.surface.ahnung","context: “I have no idea.","Ahnung","","Context-assisted gloss; use the sentence translation for exact nuance.","s015","Ahnung","word"
"w0194","de.lex.nehmen","to take","nehmen","","","s016","nehme","word"
"w0195","de.lex.gewohnheit","habit","Gewohnheit","die","","s016","Gewohnheiten|gewöhnliche","word"
"w0196","de.lex.vielleicht","Maybe.","Vielleicht.","","","s016","vielleicht","word"
"w0197","de.private.bohemia.ext.miss","Miss","Miß","","","s016","Miß","function"
"w0198","de.lex.irene","Irene","Irene","","","s016","Irene","name"
"w0199","de.lex.adler","eagle","Adler","der","","s016","Adler","word"
"w0200","de.private.bohemia.ext.surface.ausgekundschaftet","context: I suppose you have been investigating the habits, and perhaps the house, of Miss Irene Adler.”","ausgekundschaftet","","Context-assisted gloss; use the sentence translation for exact nuance.","s016","ausgekundschaftet","word"
"w0201","de.lex.genau","Exactly.","Genau.","","","s017","Genau|genau","word"
"w0202","de.lex.aber","but","aber","","","s017","aber|Aber","function"
"w0203","de.lex.danach","afterwards","danach","","","s017","danach","function"
"w0204","de.lex.ziemlich","quite","ziemlich","","","s017","ziemlich","word"
"w0205","de.private.bohemia.ext.ungewoehnlich","unusual","ungewöhnlich","","","s017","ungewöhnlich","word"
"w0206","de.lex.wollen","to want","wollen","","","s018","will|wollte|wollen","word"
"w0207","de.lex.erzaehlen","to tell","erzählen","","","s018","erzählen","word"
"w0208","de.lex.heute","today / tonight","heute","","","s019","heute","word"
"w0209","de.lex.morgen.morning","morning","Morgen","der","","s019","morgen|Morgen","word"
"w0210","de.lex.rolle","the role","Rolle","die","","s019","Rolle","word"
"w0211","de.lex.arbeitslos","unemployed","arbeitslos","","","s019","arbeitslosen","word"
"w0212","de.private.bohemia.ext.stallburschen","stable boys","Stallburschen","die","","s019","Stallburschen","word"
"w0213","de.lex.geben","to give","geben","","","s020","gibt|geben|gebe","word"
"w0214","de.private.bohemia.ext.surface.wunderbare","context: They were a wonderful thing for the observer—excellent for lifting the veil from people's motives and actions.","wunderbare","","Context-assisted gloss; use the sentence translation for exact nuance.","s020","wunderbare","word"
"w0215","de.private.bohemia.ext.surface.kameradschaft","context: There is a wonderful fellowship and freemasonry among horsemen.","Kameradschaft","","Context-assisted gloss; use the sentence translation for exact nuance.","s020","Kameradschaft","word"
"w0216","de.private.bohemia.ext.surface.freimaurerei","context: There is a wonderful fellowship and freemasonry among horsemen.","Freimaurerei","","Context-assisted gloss; use the sentence translation for exact nuance.","s020","Freimaurerei","word"
"w0217","de.lex.unter","under","unter","","","s020","unter","word"
"w0218","de.private.bohemia.ext.surface.pferdeleuten","context: There is a wonderful fellowship and freemasonry among horsemen.","Pferdeleuten","","Context-assisted gloss; use the sentence translation for exact nuance.","s020","Pferdeleuten","word"
"w0219","de.lex.wissen.know","to know (facts)","wissen","","","s021","wissen|wußte|Wissen|weiß","word"
"w0220","de.lex.briony","Briony","Briony","","","s022","Briony","name"
"w0221","de.lex.lodge","Lodge","Lodge","","","s022","Lodge","name"
"w0222","de.lex.schnell.fast","fast","schnell","","","s022","schnell|schnelles","word"
"w0223","de.lex.finden","to find","finden","","","s022","gefunden|finden","word"
"w0224","de.private.bohemia.ext.surface.schmuckstueck","context: It is a jewel of a villa with a garden behind it, but in front it comes right up to the street, two storeys high.","Schmuckstück","","Context-assisted gloss; use the sentence translation for exact nuance.","s023","Schmuckstück","word"
"w0225","de.private.bohemia.ext.surface.villa","villa","Villa","","","s023","Villa","name"
"w0226","de.lex.garten","garden","Garten","der","","s023","Garten","word"
"w0227","de.private.bohemia.ext.surface.dahinter","context: It is a jewel of a villa with a garden behind it, but in front it comes right up to the street, two storeys high.","dahinter","","Context-assisted gloss; use the sentence translation for exact nuance.","s023","dahinter","word"
"w0228","de.lex.vorne","at the front","vorne","","","s023","vorne","word"
"w0229","de.private.bohemia.ext.surface.reicht","right","reicht","","","s023","reicht","word"
"w0230","de.lex.strasse.road","road","Straße","die","","s023","Straße|Straßen","word"
"w0231","de.lex.zwei","two","zwei","","","s023","zwei|Zwei","word"
"w0232","de.private.bohemia.ext.surface.stockwerke","context: It is a jewel of a villa with a garden behind it, but in front it comes right up to the street, two storeys high.","Stockwerke","","Context-assisted gloss; use the sentence translation for exact nuance.","s023","Stockwerke","word"
"w0233","de.private.bohemia.ext.surface.sicherheitsschloss","context: A security lock on the door.","Sicherheitsschloß","","Context-assisted gloss; use the sentence translation for exact nuance.","s024","Sicherheitsschloß","word"
"w0234","de.lex.gross","big / large","groß","","","s025","Großes|großer|Gross|großen|groß","word"
"w0235","de.lex.wohnzimmer","living room","Wohnzimmer","das","","s025","Wohnzimmer","word"
"w0236","de.lex.recht.correct","right","Recht","das","","s025","rechten","word"
"w0237","de.lex.seite.page","page","Seite","die","","s025","Seite|Seiten","word"
"w0238","de.lex.gut","good / kind","gut","","","s025","gut|gute|Güte|Gute","word"
"w0239","de.private.bohemia.ext.surface.eingerichtet","context: A large sitting room on the right, well furnished, with long windows almost to the floor and those ridiculous English…","eingerichtet","","Context-assisted gloss; use the sentence translation for exact nuance.","s025","eingerichtet","word"
"w0240","de.lex.fenster","window","Fenster","das","","s025","Fenstern|Fenster","word"
"w0241","de.lex.fast","almost","fast","","","s025","fast|Fast","word"
"w0242","de.lex.zu.too","to","zu","","","s025","zum|zur|Zur","word"
"w0243","de.lex.boden.floor","floor / ground","Boden","der","","s025","Boden","word"
"w0244","de.lex.dies","this","dies","","","s025","diesen|diese|Diese","function"
"w0245","de.lex.lachen","to laugh","lachen","","","s025","lächerlichen|lächerlichste|Lachen","word"
"w0246","de.lex.englisch","English","englisch","","","s025","englischen","word"
"w0247","de.private.bohemia.ext.surface.fensterriegeln","context: A large sitting room on the right, well furnished, with long windows almost to the floor and those ridiculous English…","Fensterriegeln","","Context-assisted gloss; use the sentence translation for exact nuance.","s025","Fensterriegeln","word"
"w0248","de.lex.kind","child","Kind","das","","s025","Kind","word"
"w0249","de.private.bohemia.ext.surface.aufbekommen","context: A large sitting room on the right, well furnished, with long windows almost to the floor and those ridiculous English…","aufbekommen","","Context-assisted gloss; use the sentence translation for exact nuance.","s025","aufbekommen","word"
"w0250","de.lex.drinnen","inside","drinnen","","","s026","Drinnen|drinnen","word"
"w0251","de.lex.nichts","nothing","nichts","","","s026","nichts","word"
"w0252","de.private.bohemia.ext.surface.bemerkenswertes","context: Inside there was nothing remarkable, except that the hall window could be reached from the roof of the coach-house.","Bemerkenswertes","","Context-assisted gloss; use the sentence translation for exact nuance.","s026","Bemerkenswertes","word"
"w0253","de.private.bohemia.ext.davon","of it / from it","davon","","","s026","davon","function"
"w0254","de.lex.man","one / people","man","","","s026","man|Man","word"
"w0255","de.lex.dach","roof","Dach","das","","s026","Dach","word"
"w0256","de.private.bohemia.ext.surface.kutschenhauses","context: Inside there was nothing remarkable, except that the hall window could be reached from the roof of the coach-house.","Kutschenhauses","","Context-assisted gloss; use the sentence translation for exact nuance.","s026","Kutschenhauses","word"
"w0257","de.private.bohemia.ext.surface.flurfenster","context: Inside there was nothing remarkable, except that the hall window could be reached from the roof of the coach-house.","Flurfenster","","Context-assisted gloss; use the sentence translation for exact nuance.","s026","Flurfenster","word"
"w0258","de.lex.erreichen","to reach","erreichen","","","s026","erreichen","word"
"w0259","de.lex.koennen","can / to be able","können","","","s026","könnte|kann|können|Können","word"
"w0260","de.private.bohemia.ext.surface.herumgegangen","context: I walked around and examined the house closely from every side, but without noticing anything else of interest.","herumgegangen","","Context-assisted gloss; use the sentence translation for exact nuance.","s027","herumgegangen","word"
"w0261","de.private.bohemia.ext.ansehen","looked at / regarded","ansehen","","","s027","angesehen","word"
"w0262","de.lex.ohne","without (Akkusativ)","ohne","","","s027","ohne","word"
"w0263","de.lex.sonst","otherwise","sonst","","","s027","sonst","word"
"w0264","de.lex.interessant","interesting","interessant","","","s027","Interessantes","word"
"w0265","de.lex.bemerken","to notice","bemerken","","","s027","bemerken","word"
"w0266","de.private.bohemia.ext.surface.entlanggeschlendert","context: Then I strolled down the street and discovered, as expected, that there was a stable in a lane running along one of t…","entlanggeschlendert","","Context-assisted gloss; use the sentence translation for exact nuance.","s028","entlanggeschlendert","word"
"w0267","de.private.bohemia.ext.surface.entdeckt","context: Then I strolled down the street and discovered, as expected, that there was a stable in a lane running along one of t…","entdeckt","","Context-assisted gloss; use the sentence translation for exact nuance.","s028","entdeckt","word"
"w0268","de.lex.erwarten","to expect","erwarten","","","s028","erwartet|Erwartung","word"
"w0269","de.private.bohemia.ext.surface.gasse","context: Then I strolled down the street and discovered, as expected, that there was a stable in a lane running along one of t…","Gasse","","Context-assisted gloss; use the sentence translation for exact nuance.","s028","Gasse","word"
"w0270","de.private.bohemia.ext.surface.gartenmauern","context: Then I strolled down the street and discovered, as expected, that there was a stable in a lane running along one of t…","Gartenmauern","","Context-assisted gloss; use the sentence translation for exact nuance.","s028","Gartenmauern","word"
"w0271","de.private.bohemia.ext.surface.entlanglaeuft","context: Then I strolled down the street and discovered, as expected, that there was a stable in a lane running along one of t…","entlangläuft","","Context-assisted gloss; use the sentence translation for exact nuance.","s028","entlangläuft","word"
"w0272","de.private.bohemia.ext.surface.stall","stable","Stall","","","s028","Stall","name"
"w0273","de.private.bohemia.ext.surface.befindet","context: Then I strolled down the street and discovered, as expected, that there was a stable in a lane running along one of t…","befindet","","Context-assisted gloss; use the sentence translation for exact nuance.","s028","befindet","word"
"w0274","de.private.bohemia.ext.beim","at the / while","beim","","","s029","beim","function"
"w0275","de.private.bohemia.ext.surface.striegeln","context: I helped the grooms rub down their horses and in return received twopence, a glass of half-and-half, two fills of sha…","Striegeln","","Context-assisted gloss; use the sentence translation for exact nuance.","s029","Striegeln","word"
"w0276","de.lex.pferd","horse","Pferd","das","","s029","Pferde|Pferden","word"
"w0277","de.lex.helfen","to help","helfen","","","s029","geholfen|helfen","word"
"w0278","de.private.bohemia.ext.dafuer","for it / in return","dafür","","","s029","dafür","function"
"w0279","de.private.bohemia.ext.surface.pence","twopence","Pence","","","s029","Pence","name"
"w0280","de.lex.glas","glass","Glas","das","","s029","Glas","word"
"w0281","de.lex.halb","half","halb","","","s029","Halb|halben|halbe|halb","word"
"w0282","de.private.bohemia.ext.surface.fuellungen","context: I helped the grooms rub down their horses and in return received twopence, a glass of half-and-half, two fills of sha…","Füllungen","","Context-assisted gloss; use the sentence translation for exact nuance.","s029","Füllungen","word"
"w0283","de.private.bohemia.ext.surface.shag-tabak","context: I helped the grooms rub down their horses and in return received twopence, a glass of half-and-half, two fills of sha…","Shag-Tabak","","Context-assisted gloss; use the sentence translation for exact nuance.","s029","Shag-Tabak","word"
"w0284","de.lex.viel","much","viel","","","s029","viele|viel","function"
"w0285","de.lex.information","information","Information","die","","s029","Informationen","word"
"w0286","de.lex.nur","only","nur","","","s029","nur|Nur","word"
"w0287","de.lex.wuenschen","to wish","wünschen","","","s029","wünschen","word"
"w0288","de.private.bohemia.ext.koennen","could / was able","können","","","s029","konnte","word"
"w0289","de.private.bohemia.ext.erhalten","receive / preserve","erhalten","","","s029","erhalten","word"
"w0290","de.private.bohemia.ext.schweigen","be silent","schweigen","","","s029","schweigen","word"
"w0291","de.private.bohemia.ext.surface.dutzend","context: I helped the grooms rub down their horses and in return received twopence, a glass of half-and-half, two fills of sha…","Dutzend","","Context-assisted gloss; use the sentence translation for exact nuance.","s029","Dutzend","word"
"w0292","de.lex.aendern","to change","ändern","","","s029","anderer|anderem|ändern","word"
"w0293","de.lex.leute","people","Leute","die","","s029","Leute","word"
"w0294","de.lex.nachbarschaft","neighborhood","Nachbarschaft","die","","s029","Nachbarschaft","word"
"w0295","de.private.bohemia.ext.surface.geringsten","context: I helped the grooms rub down their horses and in return received twopence, a glass of half-and-half, two fills of sha…","geringsten","","Context-assisted gloss; use the sentence translation for exact nuance.","s029","geringsten","word"
"w0296","de.lex.interessieren","to interest","interessieren","","","s029","interessieren","word"
"w0297","de.private.bohemia.ext.deren","whose / their","deren","","","s029","deren","function"
"w0298","de.private.bohemia.ext.surface.lebensgeschichten","context: I helped the grooms rub down their horses and in return received twopence, a glass of half-and-half, two fills of sha…","Lebensgeschichten","","Context-assisted gloss; use the sentence translation for exact nuance.","s029","Lebensgeschichten","word"
"w0299","de.private.bohemia.ext.surface.gezwungenermassen","context: I helped the grooms rub down their horses and in return received twopence, a glass of half-and-half, two fills of sha…","gezwungenermaßen","","Context-assisted gloss; use the sentence translation for exact nuance.","s029","gezwungenermaßen","word"
"w0300","de.lex.trotzdem.even-so","even so","trotzdem","","","s029","trotzdem","word"
"w0301","de.private.bohemia.ext.surface.anhoeren","context: I helped the grooms rub down their horses and in return received twopence, a glass of half-and-half, two fills of sha…","anhören","","Context-assisted gloss; use the sentence translation for exact nuance.","s029","anhören","word"
"w0302","de.private.bohemia.ext.fragen","asked","fragen","","","s030","fragte","word"
"w0303","de.private.bohemia.ext.surface.oh","Oh","Oh","","","s031","Oh","name"
"w0304","de.private.bohemia.ext.surface.saemtlichen","context: “Oh, she has turned the heads of every man over there.","sämtlichen","","Context-assisted gloss; use the sentence translation for exact nuance.","s031","sämtlichen","word"
"w0305","de.lex.mann","man","Mann","der","","s031","Männern|Männer|Mann","word"
"w0306","de.lex.dort","there","dort","","","s031","dort|Dort","word"
"w0307","de.private.bohemia.ext.surface.drueben","context: “Oh, she has turned the heads of every man over there.","drüben","","Context-assisted gloss; use the sentence translation for exact nuance.","s031","drüben","word"
"w0308","de.lex.kopf","the head","Kopf","der","","s031","Kopf","word"
"w0309","de.private.bohemia.ext.verdreht","twisted / turned","verdreht","","","s031","verdreht","word"
"w0310","de.private.bohemia.ext.surface.niedlichste","context: She is the prettiest thing under a bonnet on this planet.","niedlichste","","Context-assisted gloss; use the sentence translation for exact nuance.","s032","niedlichste","word"
"w0311","de.lex.ding","thing","Ding","das","","s032","Ding|Dinge","word"
"w0312","de.private.bohemia.ext.surface.haube","context: She is the prettiest thing under a bonnet on this planet.","Haube","","Context-assisted gloss; use the sentence translation for exact nuance.","s032","Haube","word"
"w0313","de.lex.dieser","this / that","dieser","","","s032","diesem|Dieser|dieser|dieses","function"
"w0314","de.private.bohemia.ext.surface.planeten","planet","Planeten","","","s032","Planeten","name"
"w0315","de.lex.sagen","to say","sagen","","","s033","Sagen|sagte","word"
"w0316","de.lex.jedenfalls","Anyway.","Jedenfalls.","","","s033","jedenfalls","word"
"w0317","de.private.bohemia.ext.surface.serpentine-staellen","Serpentine","Serpentine-Ställen","","","s033","Serpentine-Ställen","name"
"w0318","de.lex.fuehren","to lead","führen","","","s034","führt|fuhr|führen","word"
"w0319","de.lex.ruhig","quiet / calm","ruhig","","","s034","ruhiges|ruhiger|ruhigen","word"
"w0320","de.lex.leben.life","the life","Leben","das","","s034","Leben|lebt","word"
"w0321","de.lex.singen.sing","to sing","singen","","","s034","singt","word"
"w0322","de.lex.konzert","concert","Konzert","das","","s034","Konzerten","word"
"w0323","de.lex.fahren","to drive","fahren","","","s034","fährt|Fahren|fahre","word"
"w0324","de.lex.jeden","every","jeden","","","s034","jeden","function"
"w0325","de.lex.tag","day","Tag","der","","s034","Tag|Tagen","word"
"w0326","de.lex.spazieren","to stroll","spazieren","","","s034","spazieren","word"
"w0327","de.lex.sieben","seven","sieben","","","s034","sieben","word"
"w0328","de.lex.abendessen","dinner","Abendessen","das","","s034","Abendessen","word"
"w0329","de.lex.gehen.go","to go","gehen","","","s035","Geht|ging|gehen","word"
"w0330","de.lex.selten.rare","rare","selten","","","s035","selten","word"
"w0331","de.lex.ander","other / another","ander","","","s035","anderen|andere","word"
"w0332","de.lex.zeit","time","Zeit","die","","s035","Zeiten|Zeit","word"
"w0333","de.lex.weg.away","away","weg","","","s035","weg|Weg","function"
"w0334","de.lex.ausser","except (Dativ)","außer","","","s035","außer","word"
"w0335","de.lex.wenn","if / when","wenn","","","s035","wenn|Wenn","word"
"w0336","de.private.bohemia.ext.surface.einzigen","context: She has only one male visitor, but he comes quite often.","einzigen","","Context-assisted gloss; use the sentence translation for exact nuance.","s036","einzigen","word"
"w0337","de.private.bohemia.ext.surface.maennlichen","context: She has only one male visitor, but he comes quite often.","männlichen","","Context-assisted gloss; use the sentence translation for exact nuance.","s036","männlichen","word"
"w0338","de.lex.besucher","visitor","Besucher","der","","s036","Besucher|Besuche","word"
"w0339","de.lex.oft","often","oft","","","s036","oft","word"
"w0340","de.private.bohemia.ext.dunkelhaarig","dark-haired","dunkelhaarig","","","s037","dunkelhaarig","word"
"w0341","de.private.bohemia.ext.gutaussehend","good-looking","gutaussehend","","","s037","gutaussehend","word"
"w0342","de.private.bohemia.ext.surface.fesch","context: He is dark-haired, handsome, and dashing, visits her every day and often twice.","fesch","","Context-assisted gloss; use the sentence translation for exact nuance.","s037","fesch","word"
"w0343","de.lex.besuchen","to visit","besuchen","","","s037","besucht|besuchen","word"
"w0344","de.lex.zweimal","twice","zweimal","","","s037","zweimal","word"
"w0345","de.private.bohemia.ext.mr","Mr.","Mr","","","s038","Mr","function"
"w0346","de.lex.godfrey","Godfrey","Godfrey","","","s038","Godfrey","name"
"w0347","de.lex.norton","Norton","Norton","","","s038","Norton","name"
"w0348","de.private.bohemia.ext.surface.inner","Inner","Inner","","","s038","Inner","name"
"w0349","de.private.bohemia.ext.temple","Temple","Temple","","","s038","Temple","name"
"w0350","de.lex.sehen","to see","sehen","","","s039","sehen|sah|sieht|gesehen","word"
"w0351","de.lex.fuer","for","für","","","s039","für|fürs","function"
"w0352","de.private.bohemia.ext.surface.vorteil","context: There you see the advantage of having a cabman as a confidant.","Vorteil","","Context-assisted gloss; use the sentence translation for exact nuance.","s039","Vorteil","word"
"w0353","de.private.bohemia.ext.kutscher","coachman","Kutscher","der","","s039","Kutscher","word"
"w0354","de.private.bohemia.ext.core.vertraut","familiar / trusted","vertraut","","","s039","Vertrauten","word"
"w0355","de.private.bohemia.ext.mal","time / occasion","Mal","das","","s040","mal","word"
"w0356","de.private.bohemia.ext.fahren","driven / travelled","fahren","","","s040","gefahren","word"
"w0357","de.private.bohemia.ext.wissen","knew","wissen","","","s040","wußten","word"
"w0358","de.private.bohemia.ext.surface.angehoert","context: After I had listened to everything they had to tell me, I paced up and down near Briony Lodge again and considered my…","angehört","","Context-assisted gloss; use the sentence translation for exact nuance.","s041","angehört","word"
"w0359","de.private.bohemia.ext.haben","had","haben","","","s041","hatten|hätte|hätten","word"
"w0360","de.lex.naehe","nearness / vicinity","Nähe","die","","s041","Nähe","word"
"w0361","de.lex.ab","off / away","ab","","","s041","ab","word"
"w0362","de.private.bohemia.ext.gehen","gone / went","gehen","","","s041","gegangen|gingen","word"
"w0363","de.private.bohemia.ext.surface.schlachtplan","context: After I had listened to everything they had to tell me, I paced up and down near Briony Lodge again and considered my…","Schlachtplan","","Context-assisted gloss; use the sentence translation for exact nuance.","s041","Schlachtplan","word"
"w0364","de.private.bohemia.ext.surface.ueberlegt","context: After I had listened to everything they had to tell me, I paced up and down near Briony Lodge again and considered my…","überlegt","","Context-assisted gloss; use the sentence translation for exact nuance.","s041","überlegt","word"
"w0365","de.lex.sicherheit","safety","Sicherheit","die","","s042","Sicherheit","word"
"w0366","de.lex.wichtig","important","wichtig","","","s042","wichtiger","word"
"w0367","de.private.bohemia.ext.surface.faktor","factor","Faktor","","","s042","Faktor","name"
"w0368","de.lex.sache","the thing","Sache","die","","s042","Sache","word"
"w0369","de.private.bohemia.ext.rechtsanwalt","lawyer / solicitor","Rechtsanwalt","der","","s043","Rechtsanwalt","word"
"w0370","de.private.bohemia.ext.surface.klang","context: That sounded ominous.","klang","","Context-assisted gloss; use the sentence translation for exact nuance.","s044","klang","word"
"w0371","de.private.bohemia.ext.surface.ominoes","ominous","ominös","","","s044","ominös","word"
"w0372","de.lex.beziehung","the relationship","Beziehung","die","","s045","Beziehung","word"
"w0373","de.private.bohemia.ext.surface.bestand","context: What was the relationship between the two, and what was the purpose of his frequent visits?","bestand","","Context-assisted gloss; use the sentence translation for exact nuance.","s045","bestand","word"
"w0374","de.lex.zwischen","between","zwischen","","","s045","zwischen","word"
"w0375","de.lex.zweck","the purpose","Zweck","der","","s045","Zweck","word"
"w0376","de.lex.haeufig","frequent","häufig","","","s045","häufigen","word"
"w0377","de.private.bohemia.ext.surface.klientin","client","Klientin","","","s046","Klientin","name"
"w0378","de.private.bohemia.ext.surface.bekannte","context: Was she his client, his acquaintance, or his mistress?","Bekannte","","Context-assisted gloss; use the sentence translation for exact nuance.","s046","Bekannte","word"
"w0379","de.private.bohemia.ext.surface.geliebte","context: Was she his client, his acquaintance, or his mistress?","Geliebte","","Context-assisted gloss; use the sentence translation for exact nuance.","s046","Geliebte","word"
"w0380","de.lex.erst","first / only just","erst","","","s047","ersteres|Erster","function"
"w0381","de.lex.wahrscheinlich","Probably.","Wahrscheinlich.","","","s047","wahrscheinlich|Wahrscheinlichkeit","word"
"w0382","de.private.bohemia.ext.photo","photograph","Photo","das","","s047","Photo","word"
"w0383","de.lex.bei","at / by (Dativ)","bei","","","s047","bei|Bei","word"
"w0384","de.private.bohemia.ext.surface.hinterlegt","context: If the first, she had probably placed the photograph in his keeping.","hinterlegt","","Context-assisted gloss; use the sentence translation for exact nuance.","s047","hinterlegt","word"
"w0385","de.private.bohemia.ext.surface.letzteren","context: In the latter case that was less likely.","letzteren","","Context-assisted gloss; use the sentence translation for exact nuance.","s048","letzteren","word"
"w0386","de.lex.weniger","less","weniger","","","s048","weniger","word"
"w0387","de.lex.frage","question","Frage","die","","s049","Frage|frage","word"
"w0388","de.lex.haengen","to hang","hängen","","","s049","hing|hängen","word"
"w0389","de.lex.ob","whether","ob","","","s049","ob","word"
"w0390","de.lex.arbeit","work","Arbeit","die","","s049","Arbeit","word"
"w0391","de.private.bohemia.ext.surface.fortsetzen","context: On this question depended whether I should continue my work at Briony Lodge or turn my attention to the gentleman's r…","fortsetzen","","Context-assisted gloss; use the sentence translation for exact nuance.","s049","fortsetzen","word"
"w0392","de.private.bohemia.ext.aufmerksamkeit","attention","Aufmerksamkeit","die","","s049","Aufmerksamkeit","word"
"w0393","de.private.bohemia.ext.raeumlichkeiten","premises / rooms","Räumlichkeiten","die","","s049","Räumlichkeiten","word"
"w0394","de.private.bohemia.ext.gentleman","gentleman","Gentleman","der","","s049","Gentleman","word"
"w0395","de.private.bohemia.ext.surface.zuwenden","context: On this question depended whether I should continue my work at Briony Lodge or turn my attention to the gentleman's r…","zuwenden","","Context-assisted gloss; use the sentence translation for exact nuance.","s049","zuwenden","word"
"w0396","de.private.bohemia.ext.sollen","should / was to","sollen","","","s049","sollte","word"
"w0397","de.private.bohemia.ext.surface.kniffliger","context: It was a delicate point, and it widened the field of my investigation.","kniffliger","","Context-assisted gloss; use the sentence translation for exact nuance.","s050","kniffliger","word"
"w0398","de.private.bohemia.ext.surface.erweiterte","context: It was a delicate point, and it widened the field of my investigation.","erweiterte","","Context-assisted gloss; use the sentence translation for exact nuance.","s050","erweiterte","word"
"w0399","de.lex.feld","the field","Feld","das","","s050","Feld","word"
"w0400","de.private.bohemia.ext.surface.ermittlungen","context: It was a delicate point, and it widened the field of my investigation.","Ermittlungen","","Context-assisted gloss; use the sentence translation for exact nuance.","s050","Ermittlungen","word"
"w0401","de.lex.fuerchten","to fear","fürchten","","","s051","fürchte","word"
"w0402","de.lex.langweilig","boring","langweilig","","","s051","langweile","word"
"w0403","de.private.bohemia.ext.surface.einzelheiten","context: I am afraid I am boring you with these details, but I must explain my little difficulties so that you can understand…","Einzelheiten","","Context-assisted gloss; use the sentence translation for exact nuance.","s051","Einzelheiten","word"
"w0404","de.lex.muessen","must / have to","müssen","","","s051","muß|müssen","word"
"w0405","de.lex.klein","small / little","klein","","","s051","kleinen|kleiner|kleine","word"
"w0406","de.lex.schwierig","difficult","schwierig","","","s051","Schwierigkeiten","word"
"w0407","de.private.bohemia.ext.surface.darlegen","context: I am afraid I am boring you with these details, but I must explain my little difficulties so that you can understand…","darlegen","","Context-assisted gloss; use the sentence translation for exact nuance.","s051","darlegen","word"
"w0408","de.lex.damit","so that","damit","","","s051","damit","word"
"w0409","de.lex.verstehen","to understand","verstehen","","","s051","verstehen|verstehe","word"
"w0410","de.private.bohemia.ext.surface.vollkommen","context: “I understand it perfectly,” I replied.","vollkommen","","Context-assisted gloss; use the sentence translation for exact nuance.","s052","vollkommen","word"
"w0411","de.private.bohemia.ext.antworten","answered","antworten","","","s052","antwortete","word"
"w0412","de.lex.immer","always","immer","","","s053","immer","word"
"w0413","de.private.bohemia.ext.surface.dabei","context: “I was still weighing the matter when a hansom cab drove up in front of Briony Lodge and a gentleman sprang out.","dabei","","Context-assisted gloss; use the sentence translation for exact nuance.","s053","dabei","word"
"w0414","de.private.bohemia.ext.surface.abzuwaegen","context: “I was still weighing the matter when a hansom cab drove up in front of Briony Lodge and a gentleman sprang out.","abzuwägen","","Context-assisted gloss; use the sentence translation for exact nuance.","s053","abzuwägen","word"
"w0415","de.private.bohemia.ext.surface.hansom-kutsche","context: “I was still weighing the matter when a hansom cab drove up in front of Briony Lodge and a gentleman sprang out.","Hansom-Kutsche","","Context-assisted gloss; use the sentence translation for exact nuance.","s053","Hansom-Kutsche","word"
"w0416","de.private.bohemia.ext.surface.vorfuhr","context: “I was still weighing the matter when a hansom cab drove up in front of Briony Lodge and a gentleman sprang out.","vorfuhr","","Context-assisted gloss; use the sentence translation for exact nuance.","s053","vorfuhr","word"
"w0417","de.private.bohemia.ext.surface.heraussprang","context: “I was still weighing the matter when a hansom cab drove up in front of Briony Lodge and a gentleman sprang out.","heraussprang","","Context-assisted gloss; use the sentence translation for exact nuance.","s053","heraussprang","word"
"w0418","de.private.bohemia.ext.bemerkenswert","remarkable","bemerkenswert","","","s054","bemerkenswert","word"
"w0419","de.lex.schmal","narrow","schmal","","","s054","schmalem","word"
"w0420","de.lex.schnurrbart","mustache","Schnurrbart","der","","s054","Schnurrbart","word"
"w0421","de.lex.eindeutig","clearly","eindeutig","","","s054","eindeutig","word"
"w0422","de.lex.gehoeren","to belong","gehören","","","s054","gehört","word"
"w0423","de.lex.scheinen","to shine / seem","scheinen","","","s055","schien","word"
"w0424","de.lex.eile","haste","Eile","die","","s055","Eile","word"
"w0425","de.lex.sollen.be-supposed-to","shall / to be supposed to","sollen","","","s055","solle|soll","word"
"w0426","de.private.bohemia.ext.stuermen","rushed / stormed","stürmen","","","s055","stürmte","word"
"w0427","de.private.bohemia.ext.hausmaedchen","maid","Hausmädchen","das","","s055","Hausmädchen","word"
"w0428","de.private.bohemia.ext.surface.oeffnete","context: He seemed in a great hurry, called to the driver to wait, and rushed past the maid who opened the door as if he were…","öffnete","","Context-assisted gloss; use the sentence translation for exact nuance.","s055","öffnete","word"
"w0429","de.lex.vorbei","over","vorbei","","","s055","vorbei","word"
"w0430","de.private.bohemia.ext.surface.etwa","context: “The facts, briefly, are these: about five years ago, during a long stay in Warsaw, I made the acquaintance of the we…","etwa","","Context-assisted gloss; use the sentence translation for exact nuance.","s056","etwa","word"
"w0431","de.lex.stunde.hour","hour","Stunde","die","","s056","Stunde|Stunden","word"
"w0432","de.private.bohemia.ext.surface.paarmal","context: He was in the house for about half an hour, and I caught several brief glimpses of him through the sitting-room windo…","paarmal","","Context-assisted gloss; use the sentence translation for exact nuance.","s056","paarmal","word"
"w0433","de.lex.durch","through","durch","","","s056","durch|Durch","word"
"w0434","de.private.bohemia.ext.surface.aufgeregt","context: He was in the house for about half an hour, and I caught several brief glimpses of him through the sitting-room windo…","aufgeregt","","Context-assisted gloss; use the sentence translation for exact nuance.","s056","aufgeregt","word"
"w0435","de.private.bohemia.ext.surface.redete","context: He was in the house for about half an hour, and I caught several brief glimpses of him through the sitting-room windo…","redete","","Context-assisted gloss; use the sentence translation for exact nuance.","s056","redete","word"
"w0436","de.lex.arm.arm","arm","Arm","der","","s056","Armen|arme","word"
"w0437","de.private.bohemia.ext.surface.wedelte","context: He was in the house for about half an hour, and I caught several brief glimpses of him through the sitting-room windo…","wedelte","","Context-assisted gloss; use the sentence translation for exact nuance.","s056","wedelte","word"
"w0438","de.lex.heraus","out","heraus","","","s058","heraus","word"
"w0439","de.lex.sogar","even","sogar","","","s058","sogar","function"
"w0440","de.private.bohemia.ext.surface.beunruhigter","context: At last he came out again and looked even more disturbed than before.","beunruhigter","","Context-assisted gloss; use the sentence translation for exact nuance.","s058","beunruhigter","word"
"w0441","de.private.bohemia.ext.zuvor","before / previously","zuvor","","","s058","zuvor","word"
"w0442","de.lex.kutsche","carriage","Kutsche","die","","s059","Kutsche","word"
"w0443","de.lex.ziehen","to pull","ziehen","","","s059","zog","word"
"w0444","de.lex.gold","gold","Gold","das","","s059","goldene","word"
"w0445","de.lex.tasche.pocket","pocket / bag","Tasche","die","","s059","Tasche","word"
"w0446","de.private.bohemia.ext.schauen","looked","schauen","","","s059","schaute","word"
"w0447","de.lex.ernst","serious","ernst","","","s059","ernstem","word"
"w0448","de.private.bohemia.ext.darauf","on it / then","darauf","","","s059","darauf","function"
"w0449","de.lex.teufel","devil","Teufel","der","","s059","Teufel","word"
"w0450","de.lex.zuerst","first","zuerst","","","s059","zuerst","function"
"w0451","de.private.bohemia.ext.surface.hankey","Hankey","Hankey","","","s059","Hankey","name"
"w0452","de.private.bohemia.ext.surface.regent","Regent","Regent","","","s059","Regent","name"
"w0453","de.lex.kirche","church","Kirche","die","","s059","Kirche","word"
"w0454","de.lex.st","St","St","","","s059","St","name"
"w0455","de.private.bohemia.ext.monika","Monica","Monika","","","s059","Monika","name"
"w0456","de.private.bohemia.ext.edgeware","Edgeware","Edgeware","","","s059","Edgeware","name"
"w0457","de.private.bohemia.ext.road","Road","Road","","","s059","Road","name"
"w0458","de.private.bohemia.ext.surface.guinea","guinea","Guinea","","","s060","Guinea","name"
"w0459","de.lex.zwanzig","twenty","zwanzig","","","s060","zwanzig","word"
"w0460","de.private.bohemia.ext.schaffen","manage / accomplish","schaffen","","","s060","schaffen","word"
"w0461","de.lex.am","at the","am","","","s061","am","function"
"w0462","de.private.bohemia.ext.ueberlegen","consider / think over","überlegen","","","s061","Überlegen","word"
"w0463","de.lex.besser","better","besser","","","s061","besser","word"
"w0464","de.lex.folgen","to follow","folgen","","","s061","folgen","word"
"w0465","de.private.bohemia.ext.surface.huebscher","context: “A handsome little brougham and a pair of beauties.","hübscher","","Context-assisted gloss; use the sentence translation for exact nuance.","s061","hübscher","word"
"w0466","de.private.bohemia.ext.landauer","landau carriage","Landauer","der","","s061","Landauer","word"
"w0467","de.private.bohemia.ext.entlang","along","entlang","","","s061","entlang","function"
"w0468","de.private.bohemia.ext.surface.zugeknoepften","context: And off they went, and I was just wondering whether it would be better to follow them when a pretty little landau cam…","zugeknöpften","","Context-assisted gloss; use the sentence translation for exact nuance.","s061","zugeknöpften","word"
"w0469","de.lex.rock","the skirt","Rock","der","","s061","Rock","word"
"w0470","de.lex.fliege","fly","Fliege","die","","s061","Fliege","word"
"w0471","de.lex.ohr","ear","Ohr","das","","s061","Ohr","word"
"w0472","de.private.bohemia.ext.surface.pferdegeschirr","context: And off they went, and I was just wondering whether it would be better to follow them when a pretty little landau cam…","Pferdegeschirr","","Context-assisted gloss; use the sentence translation for exact nuance.","s061","Pferdegeschirr","word"
"w0473","de.private.bohemia.ext.surface.schauten","context: And off they went, and I was just wondering whether it would be better to follow them when a pretty little landau cam…","schauten","","Context-assisted gloss; use the sentence translation for exact nuance.","s061","schauten","word"
"w0474","de.lex.alle","everyone","alle","","","s061","alle","function"
"w0475","de.private.bohemia.ext.surface.riemen","context: And off they went, and I was just wondering whether it would be better to follow them when a pretty little landau cam…","Riemen","","Context-assisted gloss; use the sentence translation for exact nuance.","s061","Riemen","word"
"w0476","de.private.bohemia.ext.surface.schnallen","context: And off they went, and I was just wondering whether it would be better to follow them when a pretty little landau cam…","Schnallen","","Context-assisted gloss; use the sentence translation for exact nuance.","s061","Schnallen","word"
"w0477","de.lex.anhalten","to stop / intercept","anhalten","","","s062","angehalten","word"
"w0478","de.private.bohemia.ext.surface.haustuer","context: It had not quite stopped when Miss Adler shot out of the front door and into the carriage.","Haustür","","Context-assisted gloss; use the sentence translation for exact nuance.","s062","Haustür","word"
"w0479","de.private.bohemia.ext.surface.geschossen","context: It had not quite stopped when Miss Adler shot out of the front door and into the carriage.","geschossen","","Context-assisted gloss; use the sentence translation for exact nuance.","s062","geschossen","word"
"w0480","de.lex.hinein","into it / inside","hinein","","","s062","hinein","word"
"w0481","de.private.bohemia.ext.surface.bildhuebsche","context: I saw her only for a moment, but she was a beautifully formed woman with a face a man might die for.","bildhübsche","","Context-assisted gloss; use the sentence translation for exact nuance.","s063","bildhübsche","word"
"w0482","de.lex.frau","woman","Frau","die","","s063","Frau|Frauen","word"
"w0483","de.lex.sterben","to die","sterben","","","s063","sterben","word"
"w0484","de.lex.john","John","John","","","s064","John","name"
"w0485","de.private.bohemia.ext.sovereign","sovereign coin","Sovereign","der","","s064","Sovereign","word"
"w0486","de.lex.nun","now / well then","nun","","","s065","nun|Nun","function"
"w0487","de.private.bohemia.ext.surface.entgehen","context: That was really too good to miss, Watson.","entgehen","","Context-assisted gloss; use the sentence translation for exact nuance.","s065","entgehen","word"
"w0488","de.lex.lassen","to let","lassen","","","s065","lassen","word"
"w0489","de.lex.watson","Watson","Watson","","","s065","Watson","name"
"w0490","de.private.bohemia.ext.surface.losrennen","context: I was just considering whether to run or cling to the back of her landau when a cab came through the street.","losrennen","","Context-assisted gloss; use the sentence translation for exact nuance.","s066","losrennen","word"
"w0491","de.private.bohemia.ext.surface.mietkutsche","context: I was just considering whether to run or cling to the back of her landau when a cab came through the street.","Mietkutsche","","Context-assisted gloss; use the sentence translation for exact nuance.","s066","Mietkutsche","word"
"w0492","de.private.bohemia.ext.surface.schaebigen","context: The driver looked suspiciously at his shabby passenger, but I jumped in before he could object. ‘To St Monica's Churc…","schäbigen","","Context-assisted gloss; use the sentence translation for exact nuance.","s067","schäbigen","word"
"w0493","de.private.bohemia.ext.surface.fahrgast","context: The driver looked suspiciously at his shabby passenger, but I jumped in before he could object. ‘To St Monica's Churc…","Fahrgast","","Context-assisted gloss; use the sentence translation for exact nuance.","s067","Fahrgast","word"
"w0494","de.private.bohemia.ext.zwar","admittedly / indeed","zwar","","","s067","zwar","function"
"w0495","de.private.bohemia.ext.surface.schief","context: The driver looked suspiciously at his shabby passenger, but I jumped in before he could object. ‘To St Monica's Churc…","schief","","Context-assisted gloss; use the sentence translation for exact nuance.","s067","schief","word"
"w0496","de.private.bohemia.ext.surface.hineingesprungen","context: The driver looked suspiciously at his shabby passenger, but I jumped in before he could object. ‘To St Monica's Churc…","hineingesprungen","","Context-assisted gloss; use the sentence translation for exact nuance.","s067","hineingesprungen","word"
"w0497","de.private.bohemia.ext.ehe","marriage","Ehe","die","","s067","ehe","word"
"w0498","de.private.bohemia.ext.surface.beschweren","context: The driver looked suspiciously at his shabby passenger, but I jumped in before he could object. ‘To St Monica's Churc…","beschweren","","Context-assisted gloss; use the sentence translation for exact nuance.","s067","beschweren","word"
"w0499","de.private.bohemia.ext.surface.fuenfundzwanzig","context: The driver looked suspiciously at his shabby passenger, but I jumped in before he could object. ‘To St Monica's Churc…","fünfundzwanzig","","Context-assisted gloss; use the sentence translation for exact nuance.","s067","fünfundzwanzig","word"
"w0500","de.lex.zwoelf","twelve","zwölf","","","s067","zwölf","word"
"w0501","de.lex.natuerlich","Of course!","Natürlich!","","","s067","natürlich","word"
"w0502","de.lex.klaeren","to clarify","klären","","","s067","klar","word"
"w0503","de.lex.luft","the air","Luft","die","","s067","Luft","word"
"w0504","de.lex.lager","storeroom","Lager","das","","s067","lag|Lage","word"
"w0505","de.lex.glaube","faith / belief","Glaube","der","","s069","glaube","word"
"w0506","de.lex.uns","to us (dative)","uns","","","s069","uns|unsere|unserem|Unser","word"
"w0507","de.private.bohemia.ext.surface.hansom","hansom","Hansom","","","s070","Hansom","name"
"w0508","de.private.bohemia.ext.surface.dampfenden","context: The hansom and the landau, their horses steaming, stood before the door when I arrived.","dampfenden","","Context-assisted gloss; use the sentence translation for exact nuance.","s070","dampfenden","word"
"w0509","de.private.bohemia.ext.stehen","stood","stehen","","","s070","standen","word"
"w0510","de.private.bohemia.ext.surface.ankam","context: The hansom and the landau, their horses steaming, stood before the door when I arrived.","ankam","","Context-assisted gloss; use the sentence translation for exact nuance.","s070","ankam","word"
"w0511","de.private.bohemia.ext.surface.bezahlte","context: I paid the driver and hurried into the church.","bezahlte","","Context-assisted gloss; use the sentence translation for exact nuance.","s071","bezahlte","word"
"w0512","de.private.bohemia.ext.eilen","hurried","eilen","","","s071","eilte","word"
"w0513","de.private.bohemia.ext.surface.menschenseele","context: Not a soul was there except the two I had followed and a clergyman in his robes who seemed to be remonstrating with t…","Menschenseele","","Context-assisted gloss; use the sentence translation for exact nuance.","s072","Menschenseele","word"
"w0514","de.private.bohemia.ext.folgen","followed","folgen","","","s072","gefolgt","word"
"w0515","de.lex.priester","priest","Priester","der","","s072","Priester","word"
"w0516","de.private.bohemia.ext.surface.talar","context: Not a soul was there except the two I had followed and a clergyman in his robes who seemed to be remonstrating with t…","Talar","","Context-assisted gloss; use the sentence translation for exact nuance.","s072","Talar","word"
"w0517","de.private.bohemia.ext.surface.vorhaltungen","context: Not a soul was there except the two I had followed and a clergyman in his robes who seemed to be remonstrating with t…","Vorhaltungen","","Context-assisted gloss; use the sentence translation for exact nuance.","s072","Vorhaltungen","word"
"w0518","de.private.bohemia.ext.altar","altar","Altar","der","","s073","Altar","word"
"w0519","de.private.bohemia.ext.surface.beieinander","context: All three were standing together before the altar.","beieinander","","Context-assisted gloss; use the sentence translation for exact nuance.","s073","beieinander","word"
"w0520","de.private.bohemia.ext.surface.schlenderte","context: I strolled up the aisle like some casual visitor who had simply wandered into a church.","schlenderte","","Context-assisted gloss; use the sentence translation for exact nuance.","s074","schlenderte","word"
"w0521","de.private.bohemia.ext.surface.seitenschiff","context: I strolled up the aisle like some casual visitor who had simply wandered into a church.","Seitenschiff","","Context-assisted gloss; use the sentence translation for exact nuance.","s074","Seitenschiff","word"
"w0522","de.private.bohemia.ext.surface.hinauf","context: I strolled up the aisle like some casual visitor who had simply wandered into a church.","hinauf","","Context-assisted gloss; use the sentence translation for exact nuance.","s074","hinauf","word"
"w0523","de.private.bohemia.ext.surface.irgendein","Irene","irgendein","","","s074","irgendein","word"
"w0524","de.private.bohemia.ext.surface.spaziergaenger","context: I strolled up the aisle like some casual visitor who had simply wandered into a church.","Spaziergänger","","Context-assisted gloss; use the sentence translation for exact nuance.","s074","Spaziergänger","word"
"w0525","de.lex.ueberraschung","surprise","Überraschung","die","","s075","Überraschung","word"
"w0526","de.private.bohemia.ext.surface.drehten","context: To my surprise, the three at the altar suddenly turned towards me, and Godfrey Norton came running towards me as fast…","drehten","","Context-assisted gloss; use the sentence translation for exact nuance.","s075","drehten","word"
"w0527","de.lex.ploetzlich","suddenly","plötzlich","","","s075","plötzlich","word"
"w0528","de.private.bohemia.ext.surface.zugerannt","context: To my surprise, the three at the altar suddenly turned towards me, and Godfrey Norton came running towards me as fast…","zugerannt","","Context-assisted gloss; use the sentence translation for exact nuance.","s075","zugerannt","word"
"w0529","de.lex.gott","God","Gott","der","","s076","Gott","word"
"w0530","de.lex.dank","thanks","Dank","","","s076","Dank","word"
"w0531","de.lex.reich.empire","empire / realm","Reich","das","","s076","reichen","word"
"w0532","de.lex.legal","lawful / legal","legal","","","s080","legal","word"
"w0533","de.private.bohemia.ext.surface.gezerrt","context: I was more or less dragged to the altar, and before I knew it I was murmuring answers whispered into my ear, guarante…","gezerrt","","Context-assisted gloss; use the sentence translation for exact nuance.","s081","gezerrt","word"
"w0534","de.private.bohemia.ext.surface.mich-s","context: I was more or less dragged to the altar, and before I knew it I was murmuring answers whispered into my ear, guarante…","mich's","","Context-assisted gloss; use the sentence translation for exact nuance.","s081","mich's","word"
"w0535","de.private.bohemia.ext.surface.versah","context: I was more or less dragged to the altar, and before I knew it I was murmuring answers whispered into my ear, guarante…","versah","","Context-assisted gloss; use the sentence translation for exact nuance.","s081","versah","word"
"w0536","de.private.bohemia.ext.murmeln","murmured","murmeln","","","s081","murmelte","word"
"w0537","de.lex.antworten","to answer","antworten","","","s081","Antworten","word"
"w0538","de.private.bohemia.ext.surface.gefluestert","context: I was more or less dragged to the altar, and before I knew it I was murmuring answers whispered into my ear, guarante…","geflüstert","","Context-assisted gloss; use the sentence translation for exact nuance.","s081","geflüstert","word"
"w0539","de.private.bohemia.ext.surface.buergte","context: I was more or less dragged to the altar, and before I knew it I was murmuring answers whispered into my ear, guarante…","bürgte","","Context-assisted gloss; use the sentence translation for exact nuance.","s081","bürgte","word"
"w0540","de.private.bohemia.ext.surface.half","context: I was more or less dragged to the altar, and before I knew it I was murmuring answers whispered into my ear, guarante…","half","","Context-assisted gloss; use the sentence translation for exact nuance.","s081","half","word"
"w0541","de.private.bohemia.ext.surface.alleinstehend","context: I was more or less dragged to the altar, and before I knew it I was murmuring answers whispered into my ear, guarante…","alleinstehend","","Context-assisted gloss; use the sentence translation for exact nuance.","s081","alleinstehend","word"
"w0542","de.private.bohemia.ext.surface.junggeselle","context: I was more or less dragged to the altar, and before I knew it I was murmuring answers whispered into my ear, guarante…","Junggeselle","","Context-assisted gloss; use the sentence translation for exact nuance.","s081","Junggeselle","word"
"w0543","de.private.bohemia.ext.surface.bund","bind","Bund","","","s081","Bund","name"
"w0544","de.lex.schliessen","to close","schließen","","","s081","schließen","word"
"w0545","de.private.bohemia.ext.surface.sekundenschnelle","context: In a matter of seconds it was all over: the bridegroom thanked me on one side, the lady on the other, and the clergym…","Sekundenschnelle","","Context-assisted gloss; use the sentence translation for exact nuance.","s082","Sekundenschnelle","word"
"w0546","de.private.bohemia.ext.surface.bedankte","context: In a matter of seconds it was all over: the bridegroom thanked me on one side, the lady on the other, and the clergym…","bedankte","","Context-assisted gloss; use the sentence translation for exact nuance.","s082","bedankte","word"
"w0547","de.private.bohemia.ext.braeutigam","bridegroom","Bräutigam","der","","s082","Bräutigam","word"
"w0548","de.private.bohemia.ext.dame","lady","Dame","die","","s082","Dame","word"
"w0549","de.private.bohemia.ext.surface.strahlte","context: In a matter of seconds it was all over: the bridegroom thanked me on one side, the lady on the other, and the clergym…","strahlte","","Context-assisted gloss; use the sentence translation for exact nuance.","s082","strahlte","word"
"w0550","de.private.bohemia.ext.surface.befunden","context: It was the most ridiculous situation I had ever found myself in, and the thought of it was what made me laugh so much…","befunden","","Context-assisted gloss; use the sentence translation for exact nuance.","s083","befunden","word"
"w0551","de.lex.gedanke","thought","Gedanke","der","","s083","Gedanke","word"
"w0552","de.private.bohemia.ext.surface.daran","context: Be in your rooms at the appointed time, therefore, and take no offence if your visitor wears a mask.”","daran","","Context-assisted gloss; use the sentence translation for exact nuance.","s083","daran","word"
"w0553","de.private.bohemia.ext.vorhin","a little while ago","vorhin","","","s083","vorhin","word"
"w0554","de.private.bohemia.ext.bringen","brought","bringen","","","s083","gebracht","word"
"w0555","de.lex.anscheinend","Apparently...","Anscheinend...","","","s084","Anscheinend","word"
"w0556","de.private.bohemia.ext.surface.heiratserlaubnis","context: Apparently there had been some defect in their marriage licence, the clergyman had flatly refused to marry them witho…","Heiratserlaubnis","","Context-assisted gloss; use the sentence translation for exact nuance.","s084","Heiratserlaubnis","word"
"w0557","de.private.bohemia.ext.surface.irgendeinen","context: Apparently there had been some defect in their marriage licence, the clergyman had flatly refused to marry them witho…","irgendeinen","","Context-assisted gloss; use the sentence translation for exact nuance.","s084","irgendeinen","word"
"w0558","de.private.bohemia.ext.surface.formfehler","context: Apparently there had been some defect in their marriage licence, the clergyman had flatly refused to marry them witho…","Formfehler","","Context-assisted gloss; use the sentence translation for exact nuance.","s084","Formfehler","word"
"w0559","de.private.bohemia.ext.geben","given","geben","","","s084","gegeben","word"
"w0560","de.private.bohemia.ext.surface.strikt","context: Apparently there had been some defect in their marriage licence, the clergyman had flatly refused to marry them witho…","strikt","","Context-assisted gloss; use the sentence translation for exact nuance.","s084","strikt","word"
"w0561","de.private.bohemia.ext.surface.geweigert","context: Apparently there had been some defect in their marriage licence, the clergyman had flatly refused to marry them witho…","geweigert","","Context-assisted gloss; use the sentence translation for exact nuance.","s084","geweigert","word"
"w0562","de.lex.zeuge","witness","Zeuge","der","","s084","Zeugen","word"
"w0563","de.private.bohemia.ext.surface.verheiraten","context: Apparently there had been some defect in their marriage licence, the clergyman had flatly refused to marry them witho…","verheiraten","","Context-assisted gloss; use the sentence translation for exact nuance.","s084","verheiraten","word"
"w0564","de.lex.zufaellig","by chance","zufällig","","","s084","zufällige","word"
"w0565","de.private.bohemia.ext.surface.anwesenheit","context: Apparently there had been some defect in their marriage licence, the clergyman had flatly refused to marry them witho…","Anwesenheit","","Context-assisted gloss; use the sentence translation for exact nuance.","s084","Anwesenheit","word"
"w0566","de.private.bohemia.ext.surface.erspart","context: Apparently there had been some defect in their marriage licence, the clergyman had flatly refused to marry them witho…","erspart","","Context-assisted gloss; use the sentence translation for exact nuance.","s084","erspart","word"
"w0567","de.private.bohemia.ext.surface.trauzeugen","context: Apparently there had been some defect in their marriage licence, the clergyman had flatly refused to marry them witho…","Trauzeugen","","Context-assisted gloss; use the sentence translation for exact nuance.","s084","Trauzeugen","word"
"w0568","de.lex.holen","to fetch","holen","","","s084","holen","word"
"w0569","de.lex.braut","bride","Braut","die","","s085","Braut","word"
"w0570","de.lex.erinnerung.memory","memory","Erinnerung","die","","s085","Erinnerung","word"
"w0571","de.private.bohemia.ext.surface.ereignis","sovereign","Ereignis","","","s085","Ereignis","name"
"w0572","de.private.bohemia.ext.surface.uhrkette","context: The bride gave me a sovereign, and I intend to wear it on my watch chain as a souvenir of the occasion.”","Uhrkette","","Context-assisted gloss; use the sentence translation for exact nuance.","s085","Uhrkette","word"
"w0573","de.lex.tragen","to carry / wear","tragen","","","s085","tragen|trägt","word"
"w0574","de.lex.ja","yes","ja","","","s086","ja","word"
"w0575","de.lex.unerwartet","unexpectedly","unerwartet","","","s086","unerwartete","word"
"w0576","de.private.bohemia.ext.surface.wendung","context: “That really is an unexpected turn,” I said; “and what happened next?”","Wendung","","Context-assisted gloss; use the sentence translation for exact nuance.","s086","Wendung","word"
"w0577","de.private.bohemia.ext.surface.geschah","context: “That really is an unexpected turn,” I said; “and what happened next?”","geschah","","Context-assisted gloss; use the sentence translation for exact nuance.","s086","geschah","word"
"w0578","de.lex.plan","plan","Plan","der","","s087","Pläne","word"
"w0579","de.private.bohemia.ext.surface.dadurch","context: “Well, naturally my plans were thrown rather badly into confusion by it.","dadurch","","Context-assisted gloss; use the sentence translation for exact nuance.","s087","dadurch","word"
"w0580","de.private.bohemia.ext.surface.haufen","context: “Well, naturally my plans were thrown rather badly into confusion by it.","Haufen","","Context-assisted gloss; use the sentence translation for exact nuance.","s087","Haufen","word"
"w0581","de.private.bohemia.ext.werfen","thrown","werfen","","","s087","geworfen","word"
"w0582","de.private.bohemia.ext.unverzueglich","immediately / without delay","unverzüglich","","","s088","unverzüglich","word"
"w0583","de.private.bohemia.ext.surface.abreisen","context: It looked very much as though the couple would leave at once, making extremely quick and energetic action necessary o…","abreisen","","Context-assisted gloss; use the sentence translation for exact nuance.","s088","abreisen","word"
"w0584","de.lex.aeusserst","extremely","äußerst","","","s088","äußerst","word"
"w0585","de.private.bohemia.ext.surface.energisches","energetic","energisches","","","s088","energisches","word"
"w0586","de.lex.handeln","to act","handeln","","","s088","Handeln","word"
"w0587","de.private.bohemia.ext.surface.noetig","context: It looked very much as though the couple would leave at once, making extremely quick and energetic action necessary o…","nötig","","Context-assisted gloss; use the sentence translation for exact nuance.","s088","nötig","word"
"w0588","de.private.bohemia.ext.surface.kirchentuer","context: At the church door, however, they separated: he drove back to the Temple and she went home. ‘I shall drive in the par…","Kirchentür","","Context-assisted gloss; use the sentence translation for exact nuance.","s089","Kirchentür","word"
"w0589","de.private.bohemia.ext.surface.jedoch","context: Apart from these signs of life, which like everyone else I learned only from the daily press, I heard little of my fo…","jedoch","","Context-assisted gloss; use the sentence translation for exact nuance.","s089","jedoch","word"
"w0590","de.private.bohemia.ext.getrennt","separate / separated","getrennt","","","s089","getrennt","word"
"w0591","de.private.bohemia.ext.surface.zurueckgefahren","context: At the church door, however, they separated: he drove back to the Temple and she went home. ‘I shall drive in the par…","zurückgefahren","","Context-assisted gloss; use the sentence translation for exact nuance.","s089","zurückgefahren","word"
"w0592","de.lex.park","park","Park","der","","s089","Park","word"
"w0593","de.private.bohemia.ext.sagen","said","sagen","","","s089","gesagt","word"
"w0594","de.private.bohemia.ext.surface.verabschiedet","context: At the church door, however, they separated: he drove back to the Temple and she went home. ‘I shall drive in the par…","verabschiedet","","Context-assisted gloss; use the sentence translation for exact nuance.","s089","verabschiedet","word"
"w0595","de.private.bohemia.ext.surface.verschiedene","context: Then they drove off in different directions, and I went away to make my preparations.”","verschiedene","","Context-assisted gloss; use the sentence translation for exact nuance.","s091","verschiedene","word"
"w0596","de.lex.richtung","direction","Richtung","die","","s091","Richtungen|Richtung","word"
"w0597","de.private.bohemia.ext.surface.weggefahren","context: Then they drove off in different directions, and I went away to make my preparations.”","weggefahren","","Context-assisted gloss; use the sentence translation for exact nuance.","s091","weggefahren","word"
"w0598","de.lex.vorbereiten","to prepare","vorbereiten","","","s091","Vorbereitungen|vorbereite","word"
"w0599","de.lex.treffen","to meet","treffen","","","s091","treffen","word"
"w0600","de.lex.welche","Which? (f)","Welche?","","","s092","Welche|welche","word"
"w0601","de.lex.ware","goods","Ware","die","","s092","wären","word"
"w0602","de.lex.kalt","cold","kalt","","","s093","kalter","word"
"w0603","de.lex.braten","to roast / to fry","braten","","","s093","Braten","word"
"w0604","de.lex.bier","beer","Bier","das","","s093","Bier","word"
"w0605","de.private.bohemia.ext.surface.laeutete","context: “Some cold beef and a glass of beer,” he replied, ringing the bell.","läutete","","Context-assisted gloss; use the sentence translation for exact nuance.","s093","läutete","word"
"w0606","de.private.bohemia.ext.surface.ans","context: “I was too busy to think of food, and this evening I shall probably be busier still.","ans","","Context-assisted gloss; use the sentence translation for exact nuance.","s094","ans","word"
"w0607","de.lex.essen.verb","to eat","essen","","","s094","Essen","word"
"w0608","de.lex.abend","evening","Abend","der","","s094","Abend","word"
"w0609","de.lex.uebrigens","By the way.","Übrigens.","","","s095","Übrigens","word"
"w0610","de.private.bohemia.ext.surface.mitarbeit","context: By the way, I shall need your cooperation, Doctor.”","Mitarbeit","","Context-assisted gloss; use the sentence translation for exact nuance.","s095","Mitarbeit","word"
"w0611","de.lex.brauchen","to need","brauchen","","","s095","brauchen","word"
"w0612","de.lex.doktor","doctor (title)","Doktor","der","","s095","Doktor","word"
"w0613","de.lex.gesetz","law","Gesetz","das","","s097","Gesetz","word"
"w0614","de.lex.brechen","to break","brechen","","","s097","brechen","word"
"w0615","de.private.bohemia.ext.surface.verhaftung","context: “Or risking arrest?”","Verhaftung","","Context-assisted gloss; use the sentence translation for exact nuance.","s099","Verhaftung","word"
"w0616","de.private.bohemia.ext.core.riskieren","to risk","riskieren","","","s099","riskieren","word"
"w0617","de.private.bohemia.ext.ausgezeichnet","excellent / excellent!","ausgezeichnet","","","s101","ausgezeichnet|Ausgezeichnet","word"
"w0618","de.lex.zaehlen","to count","zählen","","","s103","zählen","word"
"w0619","de.lex.eigentlich","Actually...","Eigentlich ...","","","s104","eigentlich","word"
"w0620","de.lex.tun","to do","tun","","","s104","tun","word"
"w0621","de.lex.sobald","as soon as","sobald","","","s105","Sobald","word"
"w0622","de.private.bohemia.ext.surface.mrs","Mrs","Mrs","","","s105","Mrs","name"
"w0623","de.lex.turnen","gymnastics","Turnen","das","","s105","Turner","word"
"w0624","de.private.bohemia.ext.surface.aufgetragen","context: “As soon as Mrs Turner has brought the food, I shall explain it to you.","aufgetragen","","Context-assisted gloss; use the sentence translation for exact nuance.","s105","aufgetragen","word"
"w0625","de.lex.erklaeren","to explain","erklären","","","s105","erklären","word"
"w0626","de.lex.hungrig","hungry","hungrig","","","s106","hungrig","word"
"w0627","de.lex.mahlen","to grind","mahlen","","","s106","Mahl","word"
"w0628","de.private.bohemia.ext.surface.hermachte","context: So,” he said, attacking hungrily the simple meal our landlady had prepared, “I must discuss it while I eat, for I hav…","hermachte","","Context-assisted gloss; use the sentence translation for exact nuance.","s106","hermachte","word"
"w0629","de.private.bohemia.ext.surface.bereitet","context: So,” he said, attacking hungrily the simple meal our landlady had prepared, “I must discuss it while I eat, for I hav…","bereitet","","Context-assisted gloss; use the sentence translation for exact nuance.","s106","bereitet","word"
"w0630","de.private.bohemia.ext.besprechen","discuss","besprechen","","","s106","besprechen","word"
"w0631","de.lex.wir","we","wir","","","s108","wir|Wir","word"
"w0632","de.lex.ort","the place","Ort","der","","s108","Ort","word"
"w0633","de.private.bohemia.ext.surface.geschehens","context: In two hours we must be at the scene.","Geschehens","","Context-assisted gloss; use the sentence translation for exact nuance.","s108","Geschehens","word"
"w0634","de.private.bohemia.ext.surface.madame","Madame","Madame","","","s109","Madame","name"
"w0635","de.private.bohemia.ext.surface.spazierfahrt","context: Miss Irene, or rather Madame, returns from her drive at seven.","Spazierfahrt","","Context-assisted gloss; use the sentence translation for exact nuance.","s109","Spazierfahrt","word"
"w0636","de.private.bohemia.ext.surface.empfangen","context: Then we must be at Briony Lodge to receive her.”","empfangen","","Context-assisted gloss; use the sentence translation for exact nuance.","s110","empfangen","word"
"w0637","de.private.bohemia.ext.surface.ueberlassen","context: “You must leave that to me.","überlassen","","Context-assisted gloss; use the sentence translation for exact nuance.","s112","überlassen","word"
"w0638","de.private.bohemia.ext.surface.arrangiert","arranged","arrangiert","","","s113","arrangiert","word"
"w0639","de.private.bohemia.ext.surface.geschehen","context: I have already arranged everything that is to happen.","geschehen","","Context-assisted gloss; use the sentence translation for exact nuance.","s113","geschehen","word"
"w0640","de.private.bohemia.ext.allerdings","indeed / however","allerdings","","","s114","allerdings|Allerdings","function"
"w0641","de.private.bohemia.ext.surface.bestehen","context: There is one thing on which I must insist.","bestehen","","Context-assisted gloss; use the sentence translation for exact nuance.","s114","bestehen","word"
"w0642","de.lex.duerfen","may / to be allowed","dürfen","","","s115","dürfen|Dürfen","word"
"w0643","de.lex.einmischen","to interfere","einmischen","","","s115","einmischen","word"
"w0644","de.lex.komm","Come! (du)","Komm!","","","s115","komme","word"
"w0645","de.lex.wolle","wool","Wolle","die","","s115","wolle","word"
"w0646","de.private.bohemia.ext.surface.verstanden","understand","verstanden","","","s116","verstanden","word"
"w0647","de.private.bohemia.ext.neutral","neutral","neutral","","","s117","neutral","word"
"w0648","de.lex.bleiben","to stay / remain","bleiben","","","s117","bleiben|bleibe","word"
"w0649","de.lex.halten","to hold","halten","","","s118","halten","word"
"w0650","de.private.bohemia.ext.surface.unerfreulichen","context: There will probably be a small unpleasant incident.","unerfreulichen","","Context-assisted gloss; use the sentence translation for exact nuance.","s119","unerfreulichen","word"
"w0651","de.private.bohemia.ext.surface.zwischenfall","context: There will probably be a small unpleasant incident.","Zwischenfall","","Context-assisted gloss; use the sentence translation for exact nuance.","s119","Zwischenfall","word"
"w0652","de.private.bohemia.ext.surface.mischen","context: Do not interfere with it.","Mischen","","Context-assisted gloss; use the sentence translation for exact nuance.","s120","Mischen","word"
"w0653","de.lex.ende","end","Ende","das","","s121","enden|Enden|Ende","word"
"w0654","de.private.bohemia.ext.tragen","carried / worn","tragen","","","s121","getragen","word"
"w0655","de.private.bohemia.ext.surface.wohnzimmerfenster","context: Four or five minutes later the sitting-room window will open.","Wohnzimmerfenster","","Context-assisted gloss; use the sentence translation for exact nuance.","s122","Wohnzimmerfenster","word"
"w0656","de.private.bohemia.ext.surface.aufgehen","context: Four or five minutes later the sitting-room window will open.","aufgehen","","Context-assisted gloss; use the sentence translation for exact nuance.","s122","aufgehen","word"
"w0657","de.private.bohemia.ext.surface.postieren","context: You then station yourself as close to that window as possible.”","postieren","","Context-assisted gloss; use the sentence translation for exact nuance.","s123","postieren","word"
"w0658","de.lex.moeglich","possible","möglich","","","s123","möglichst","word"
"w0659","de.lex.nah","near","nah","","","s123","nah","word"
"w0660","de.private.bohemia.ext.jawohl","yes / certainly","jawohl","","","s124","Jawohl","function"
"w0661","de.lex.behalten","to keep","behalten","","","s125","behalten|behalte","word"
"w0662","de.lex.auge","eye","Auge","das","","s125","Auge|Augen","word"
"w0663","de.lex.heben","to lift","heben","","","s127","hebe|heben","word"
"w0664","de.lex.werfen","to throw","werfen","","","s127","werfen|werfe","word"
"w0665","de.lex.gleich","equal / same / right away","gleich","","","s127","gleich","word"
"w0666","de.lex.gleichzeitig","at the same time","gleichzeitig","","","s127","gleichzeitig|Gleichzeitig","word"
"w0667","de.private.bohemia.ext.feueralarm","fire alarm","Feueralarm","der","","s127","Feueralarm","word"
"w0668","de.lex.voll","full","voll","","","s129","Voll|vollen","word"
"w0669","de.lex.besonders.especially","especially","besonders","","","s130","Besonderes","word"
"w0670","de.private.bohemia.ext.surface.zigarrenfoermige","context: “It is nothing special,” he said, drawing a long cigar-shaped roll from his pocket.","zigarrenförmige","","Context-assisted gloss; use the sentence translation for exact nuance.","s130","zigarrenförmige","word"
"w0671","de.private.bohemia.ext.surface.klempner-rauchbombe","context: “Only an ordinary plumber's smoke rocket, with a cap at each end so that it ignites itself.","Klempner-Rauchbombe","","Context-assisted gloss; use the sentence translation for exact nuance.","s131","Klempner-Rauchbombe","word"
"w0672","de.private.bohemia.ext.surface.zuendern","context: “Only an ordinary plumber's smoke rocket, with a cap at each end so that it ignites itself.","Zündern","","Context-assisted gloss; use the sentence translation for exact nuance.","s131","Zündern","word"
"w0673","de.private.bohemia.ext.entzuenden","lit / ignited","entzünden","","","s131","entzündet","word"
"w0674","de.lex.aufgabe","task","Aufgabe","die","","s132","Aufgabe","word"
"w0675","de.lex.anzahlung","deposit","Anzahlung","die","","s133","Anzahl","word"
"w0676","de.private.bohemia.ext.surface.aufgreifen","context: When you raise the fire alarm, quite a number of people will take it up.","aufgreifen","","Context-assisted gloss; use the sentence translation for exact nuance.","s133","aufgreifen","word"
"w0677","de.lex.zehn","ten","zehn","","","s134","zehn","word"
"w0678","de.lex.hoffen","to hope","hoffen","","","s135","hoffe","word"
"w0679","de.lex.stellen","to place upright","stellen","","","s136","stelle","word"
"w0680","de.lex.zeichen","sign","Zeichen","das","","s136","Zeichen","word"
"w0681","de.lex.warte","Wait! (du)","Warte!","","","s136","warte","word"
"w0682","de.lex.ecke","corner","Ecke","die","","s136","Ecke","word"
"w0683","de.lex.jetzt","now","jetzt","","","s140","jetzt","word"
"w0684","de.private.bohemia.ext.langsam","slowly","langsam","","","s140","langsam|Langsam","word"
"w0685","de.lex.spielen","to play","spielen","","","s140","spielen","word"
"w0686","de.private.bohemia.ext.surface.gestalt","context: His room was brightly lit, and when I looked up I saw his tall, thin figure pass twice as a dark silhouette behind th…","Gestalt","","Context-assisted gloss; use the sentence translation for exact nuance.","s141","Gestalt","word"
"w0687","de.private.bohemia.ext.surface.liebenswuerdigen","context: He disappeared into his bedroom and a few minutes later emerged in the guise of an amiable and simple-minded Nonconfo…","liebenswürdigen","","Context-assisted gloss; use the sentence translation for exact nuance.","s141","liebenswürdigen","word"
"w0688","de.private.bohemia.ext.surface.einfaeltigen","context: He disappeared into his bedroom and a few minutes later emerged in the guise of an amiable and simple-minded Nonconfo…","einfältigen","","Context-assisted gloss; use the sentence translation for exact nuance.","s141","einfältigen","word"
"w0689","de.private.bohemia.ext.surface.freikirchen-priesters","context: He disappeared into his bedroom and a few minutes later emerged in the guise of an amiable and simple-minded Nonconfo…","Freikirchen-Priesters","","Context-assisted gloss; use the sentence translation for exact nuance.","s141","Freikirchen-Priesters","word"
"w0690","de.lex.weit","wide","weit","","","s142","weiten|weit","word"
"w0691","de.lex.schwarz","black","schwarz","","","s142","schwarzen|schwärzester","word"
"w0692","de.lex.hut","hat","Hut","der","","s142","Hut|hüten","word"
"w0693","de.private.bohemia.ext.surface.ausgebeulten","context: With his broad black hat, baggy trousers, white tie, kindly smile, and general air of benevolent curiosity, he was as…","ausgebeulten","","Context-assisted gloss; use the sentence translation for exact nuance.","s142","ausgebeulten","word"
"w0694","de.lex.hose.pants","pants","Hose","die","","s142","Hosen","word"
"w0695","de.lex.weiss","white","weiß","","","s142","weißen","word"
"w0696","de.private.bohemia.ext.surface.guetigen","context: With his broad black hat, baggy trousers, white tie, kindly smile, and general air of benevolent curiosity, he was as…","gütigen","","Context-assisted gloss; use the sentence translation for exact nuance.","s142","gütigen","word"
"w0697","de.lex.laecheln","to smile","lächeln","","","s142","Lächeln","word"
"w0698","de.private.bohemia.ext.surface.allgemeinen","context: With his broad black hat, baggy trousers, white tie, kindly smile, and general air of benevolent curiosity, he was as…","allgemeinen","","Context-assisted gloss; use the sentence translation for exact nuance.","s142","allgemeinen","word"
"w0699","de.lex.ausdruck","expression","Ausdruck","der","","s142","Ausdruck","word"
"w0700","de.private.bohemia.ext.surface.wohlmeinender","context: With his broad black hat, baggy trousers, white tie, kindly smile, and general air of benevolent curiosity, he was as…","wohlmeinender","","Context-assisted gloss; use the sentence translation for exact nuance.","s142","wohlmeinender","word"
"w0701","de.private.bohemia.ext.surface.neugier","context: With his broad black hat, baggy trousers, white tie, kindly smile, and general air of benevolent curiosity, he was as…","Neugier","","Context-assisted gloss; use the sentence translation for exact nuance.","s142","Neugier","word"
"w0702","de.private.bohemia.ext.surface.wirkte","white","wirkte","","","s142","wirkte","word"
"w0703","de.lex.allein","alone","allein","","","s142","allein","word"
"w0704","de.private.bohemia.ext.surface.hare","Hare","Hare","","","s142","Hare","name"
"w0705","de.private.bohemia.ext.surface.bloss","context: Holmes did not simply put on a costume.","bloß","","Context-assisted gloss; use the sentence translation for exact nuance.","s143","bloß","word"
"w0706","de.private.bohemia.ext.surface.kostuem","costume","Kostüm","","","s143","Kostüm","name"
"w0707","de.private.bohemia.ext.surface.mimik","context: His expression, his manner, his whole soul seemed to change with every new role he played.","Mimik","","Context-assisted gloss; use the sentence translation for exact nuance.","s144","Mimik","word"
"w0708","de.private.bohemia.ext.surface.gehabe","context: His expression, his manner, his whole soul seemed to change with every new role he played.","Gehabe","","Context-assisted gloss; use the sentence translation for exact nuance.","s144","Gehabe","word"
"w0709","de.lex.seele","soul","Seele","die","","s144","Seele","word"
"w0710","de.private.bohemia.ext.surface.schienen","context: His expression, his manner, his whole soul seemed to change with every new role he played.","schienen","","Context-assisted gloss; use the sentence translation for exact nuance.","s144","schienen","word"
"w0711","de.lex.jeder","every / each","jeder","","","s144","jeder","function"
"w0712","de.private.bohemia.ext.spielen","played","spielen","","","s144","spielte","word"
"w0713","de.lex.veraendern","to change","verändern","","","s144","verändern","word"
"w0714","de.private.bohemia.ext.surface.buehne","context: The stage truly lost a fine actor, just as science lost a keen thinker, when he became a specialist in crime.","Bühne","","Context-assisted gloss; use the sentence translation for exact nuance.","s145","Bühne","word"
"w0715","de.private.bohemia.ext.surface.wahrhaftig","context: The stage truly lost a fine actor, just as science lost a keen thinker, when he became a specialist in crime.","wahrhaftig","","Context-assisted gloss; use the sentence translation for exact nuance.","s145","wahrhaftig","word"
"w0716","de.lex.fein","fine / finest","fein","","","s145","feinen","word"
"w0717","de.lex.schauspieler","actor","Schauspieler","der","","s145","Schauspieler","word"
"w0718","de.lex.verlieren","to lose","verlieren","","","s145","verloren|verlieren","word"
"w0719","de.lex.ebenso","likewise","ebenso","","","s145","ebenso","word"
"w0720","de.lex.wissenschaft","science","Wissenschaft","die","","s145","Wissenschaft","word"
"w0721","de.lex.scharf","sharp / spicy","scharf","","","s145","scharfen|scharf","word"
"w0722","de.private.bohemia.ext.surface.spezialisten","specialist","Spezialisten","","","s145","Spezialisten","name"
"w0723","de.lex.viertel","district","Viertel","das","","s146","Viertel","word"
"w0724","de.lex.sechs","six","sechs","","","s146","sechs","word"
"w0725","de.private.bohemia.ext.surface.verliessen","context: It was a quarter past six when we left Baker Street, and ten minutes remained before seven when we reached Serpentine…","verließen","","Context-assisted gloss; use the sentence translation for exact nuance.","s146","verließen","word"
"w0726","de.private.bohemia.ext.surface.fehlten","context: It was a quarter past six when we left Baker Street, and ten minutes remained before seven when we reached Serpentine…","fehlten","","Context-assisted gloss; use the sentence translation for exact nuance.","s146","fehlten","word"
"w0727","de.private.bohemia.ext.serpentine","Serpentine","Serpentine","","","s146","Serpentine","name"
"w0728","de.private.bohemia.ext.avenue","Avenue","Avenue","","","s146","Avenue","name"
"w0729","de.private.bohemia.ext.surface.daemmerte","context: Dusk was already falling, and as we paced up and down before Briony Lodge waiting for its occupant, the lamps were be…","dämmerte","","Context-assisted gloss; use the sentence translation for exact nuance.","s147","dämmerte","word"
"w0730","de.lex.waehrend.during","during (Genitiv)","während","","","s147","während","word"
"w0731","de.private.bohemia.ext.surface.bewohnerin","context: Dusk was already falling, and as we paced up and down before Briony Lodge waiting for its occupant, the lamps were be…","Bewohnerin","","Context-assisted gloss; use the sentence translation for exact nuance.","s147","Bewohnerin","word"
"w0732","de.private.bohemia.ext.surface.laternen","context: Dusk was already falling, and as we paced up and down before Briony Lodge waiting for its occupant, the lamps were be…","Laternen","","Context-assisted gloss; use the sentence translation for exact nuance.","s147","Laternen","word"
"w0733","de.lex.sherlock","Sherlock","Sherlock","","","s148","Sherlock","name"
"w0734","de.private.bohemia.ext.surface.knapper","context: The house looked exactly as I had imagined it from Sherlock Holmes's brief description, but it seemed to stand in a l…","knapper","","Context-assisted gloss; use the sentence translation for exact nuance.","s148","knapper","word"
"w0735","de.private.bohemia.ext.surface.beschreibung","context: The house looked exactly as I had imagined it from Sherlock Holmes's brief description, but it seemed to stand in a l…","Beschreibung","","Context-assisted gloss; use the sentence translation for exact nuance.","s148","Beschreibung","word"
"w0736","de.private.bohemia.ext.surface.vorgestellt","context: The house looked exactly as I had imagined it from Sherlock Holmes's brief description, but it seemed to stand in a l…","vorgestellt","","Context-assisted gloss; use the sentence translation for exact nuance.","s148","vorgestellt","word"
"w0737","de.private.bohemia.ext.surface.befinden","context: The house looked exactly as I had imagined it from Sherlock Holmes's brief description, but it seemed to stand in a l…","befinden","","Context-assisted gloss; use the sentence translation for exact nuance.","s148","befinden","word"
"w0738","de.private.bohemia.ext.surface.gegenteil","context: On the contrary, for a small street in a quiet neighbourhood it was remarkably lively.","Gegenteil","","Context-assisted gloss; use the sentence translation for exact nuance.","s149","Gegenteil","word"
"w0739","de.lex.hier","here","hier","","","s149","hier|Hier","word"
"w0740","de.private.bohemia.ext.surface.belebt","context: On the contrary, for a small street in a quiet neighbourhood it was remarkably lively.","belebt","","Context-assisted gloss; use the sentence translation for exact nuance.","s149","belebt","word"
"w0741","de.lex.gruppe","the group","Gruppe","die","","s150","Gruppe","word"
"w0742","de.private.bohemia.ext.surface.schaebig","context: There was a group of shabbily dressed men smoking and laughing in a corner, a scissors-grinder with his wheel, two gu…","schäbig","","Context-assisted gloss; use the sentence translation for exact nuance.","s150","schäbig","word"
"w0743","de.private.bohemia.ext.surface.gekleideter","context: There was a group of shabbily dressed men smoking and laughing in a corner, a scissors-grinder with his wheel, two gu…","gekleideter","","Context-assisted gloss; use the sentence translation for exact nuance.","s150","gekleideter","word"
"w0744","de.private.bohemia.ext.surface.rauchend","context: There was a group of shabbily dressed men smoking and laughing in a corner, a scissors-grinder with his wheel, two gu…","rauchend","","Context-assisted gloss; use the sentence translation for exact nuance.","s150","rauchend","word"
"w0745","de.private.bohemia.ext.surface.lachend","context: There was a group of shabbily dressed men smoking and laughing in a corner, a scissors-grinder with his wheel, two gu…","lachend","","Context-assisted gloss; use the sentence translation for exact nuance.","s150","lachend","word"
"w0746","de.private.bohemia.ext.scherenschleifer","scissor grinder","Scherenschleifer","der","","s150","Scherenschleifer","word"
"w0747","de.lex.rad","wheel","Rad","das","","s150","Rad|Räder","word"
"w0748","de.private.bohemia.ext.surface.gardisten","guardsmen","Gardisten","","","s150","Gardisten","name"
"w0749","de.private.bohemia.ext.surface.kindermaedchen","context: There was a group of shabbily dressed men smoking and laughing in a corner, a scissors-grinder with his wheel, two gu…","Kindermädchen","","Context-assisted gloss; use the sentence translation for exact nuance.","s150","Kindermädchen","word"
"w0750","de.private.bohemia.ext.surface.poussierten","context: There was a group of shabbily dressed men smoking and laughing in a corner, a scissors-grinder with his wheel, two gu…","poussierten","","Context-assisted gloss; use the sentence translation for exact nuance.","s150","poussierten","word"
"w0751","de.lex.mehrere","several","mehrere","","","s150","mehrere","function"
"w0752","de.private.bohemia.ext.surface.gekleidete","context: There was a group of shabbily dressed men smoking and laughing in a corner, a scissors-grinder with his wheel, two gu…","gekleidete","","Context-assisted gloss; use the sentence translation for exact nuance.","s150","gekleidete|Gekleidete","word"
"w0753","de.lex.junge","boy","Junge","der","","s150","junge","word"
"w0754","de.private.bohemia.ext.surface.zigarre","context: There was a group of shabbily dressed men smoking and laughing in a corner, a scissors-grinder with his wheel, two gu…","Zigarre","","Context-assisted gloss; use the sentence translation for exact nuance.","s150","Zigarre","word"
"w0755","de.lex.mund","mouth","Mund","der","","s150","Mund","word"
"w0756","de.private.bohemia.ext.surface.schlenderten","context: There was a group of shabbily dressed men smoking and laughing in a corner, a scissors-grinder with his wheel, two gu…","schlenderten","","Context-assisted gloss; use the sentence translation for exact nuance.","s150","schlenderten","word"
"w0757","de.private.bohemia.ext.bemerken","remarked / noticed","bemerken","","","s151","bemerkte","word"
"w0758","de.lex.hin","there","hin","","","s151","hin","word"
"w0759","de.lex.her","here","her","","","s151","her","word"
"w0760","de.lex.heiraten","to marry","heiraten","","","s151","Heirat","word"
"w0761","de.private.bohemia.ext.vereinfachen","simplifies / simplified","vereinfachen","","","s151","vereinfacht","word"
"w0762","de.private.bohemia.ext.surface.zweischneidiges","context: The photograph is now a double-edged weapon.","zweischneidiges","","Context-assisted gloss; use the sentence translation for exact nuance.","s152","zweischneidiges","word"
"w0763","de.lex.schwert","sword","Schwert","das","","s152","Schwert","word"
"w0764","de.private.bohemia.ext.surface.duerfte","context: In all probability Miss Adler is as anxious that Mr Godfrey Norton should not see it as our client is that it should…","dürfte","","Context-assisted gloss; use the sentence translation for exact nuance.","s153","dürfte","word"
"w0765","de.private.bohemia.ext.surface.unerwuenscht","context: In all probability Miss Adler is as anxious that Mr Godfrey Norton should not see it as our client is that it should…","unerwünscht","","Context-assisted gloss; use the sentence translation for exact nuance.","s153","unerwünscht","word"
"w0766","de.lex.prinzessin","princess","Prinzessin","die","","s153","Prinzessin","word"
"w0767","de.lex.wo.where","where","wo","","","s154","wo|Wo","word"
"w0768","de.private.bohemia.ext.surface.unwahrscheinlich","context: “It is highly unlikely that she carries it with her.","unwahrscheinlich","","Context-assisted gloss; use the sentence translation for exact nuance.","s156","unwahrscheinlich","word"
"w0769","de.private.bohemia.ext.surface.herumtraegt","context: “It is highly unlikely that she carries it with her.","herumträgt","","Context-assisted gloss; use the sentence translation for exact nuance.","s156","herumträgt","word"
"w0770","de.private.bohemia.ext.surface.kabinettformat","context: It is cabinet size.","Kabinettformat","","Context-assisted gloss; use the sentence translation for exact nuance.","s157","Kabinettformat","word"
"w0771","de.lex.leicht","light","leicht","","","s158","leicht","word"
"w0772","de.private.bohemia.ext.surface.damenkleid","context: Too large to conceal easily in a woman's dress.","Damenkleid","","Context-assisted gloss; use the sentence translation for exact nuance.","s158","Damenkleid","word"
"w0773","de.lex.versteck","hiding place","Versteck","das","","s158","verstecken","word"
"w0774","de.lex.koenig","king","König","der","","s159","König","word"
"w0775","de.lex.dazu","to it / for that","dazu","","","s159","dazu","word"
"w0776","de.private.bohemia.ext.ueberfallen","attack / rob","überfallen","","","s159","überfallen","word"
"w0777","de.lex.durchsuchen","to search thoroughly","durchsuchen","","","s159","durchsuchen","word"
"w0778","de.lex.versuch","experiment / attempt","Versuch","der","","s160","Versuche","word"
"w0779","de.private.bohemia.ext.machen","done / made","machen","","","s160","gemacht","word"
"w0780","de.lex.ausgehen","to go out","ausgehen","","","s161","ausgehen","word"
"w0781","de.lex.bank","bank","Bank","die","","s163","Bank","word"
"w0782","de.lex.anwalt","lawyer (m)","Anwalt","der","","s163","Anwalt","word"
"w0783","de.private.bohemia.ext.surface.neige","context: But I incline to the belief that it is with neither.","neige","","Context-assisted gloss; use the sentence translation for exact nuance.","s165","neige","word"
"w0784","de.private.bohemia.ext.surface.vermutung","context: But I incline to the belief that it is with neither.","Vermutung","","Context-assisted gloss; use the sentence translation for exact nuance.","s165","Vermutung","word"
"w0785","de.lex.natur","nature","Natur","die","","s166","Natur","word"
"w0786","de.private.bohemia.ext.surface.geheimniskraemerisch","context: Women are naturally secretive, and they like to keep their secrets themselves.","geheimniskrämerisch","","Context-assisted gloss; use the sentence translation for exact nuance.","s166","geheimniskrämerisch","word"
"w0787","de.private.bohemia.ext.surface.geheimnisse","context: Women are naturally secretive, and they like to keep their secrets themselves.","Geheimnisse","","Context-assisted gloss; use the sentence translation for exact nuance.","s166","Geheimnisse","word"
"w0788","de.lex.gern","gladly / likes to","gern","","","s166","gern","word"
"w0789","de.private.bohemia.ext.weshalb","why / for which reason","weshalb","","","s167","Weshalb","function"
"w0790","de.lex.jemand","someone","jemand","","","s167","jemand","word"
"w0791","de.lex.vertrauen","trust","Vertrauen","das","","s168","vertrauen","word"
"w0792","de.private.bohemia.ext.surface.voraussehen","context: She can trust herself, but she could not foresee what indirect or political influence might be brought to bear upon a…","voraussehen","","Context-assisted gloss; use the sentence translation for exact nuance.","s168","voraussehen","word"
"w0793","de.lex.welcher","Which? (m)","Welcher?","","","s168","welcher","word"
"w0794","de.private.bohemia.ext.surface.indirekte","indirect","indirekte","","","s168","indirekte","word"
"w0795","de.lex.politik","politics","Politik","die","","s168","politische","word"
"w0796","de.private.bohemia.ext.surface.einfluss","context: At this moment, however, it is no exaggeration to say that it is of such weight that it might influence European hist…","Einfluß","","Context-assisted gloss; use the sentence translation for exact nuance.","s168","Einfluß","word"
"w0797","de.private.bohemia.ext.moeglicherweise","possibly","möglicherweise","","","s168","möglicherweise","word"
"w0798","de.private.bohemia.ext.surface.geschaeftsmann","context: She can trust herself, but she could not foresee what indirect or political influence might be brought to bear upon a…","Geschäftsmann","","Context-assisted gloss; use the sentence translation for exact nuance.","s168","Geschäftsmann","word"
"w0799","de.private.bohemia.ext.surface.ausgeuebt","context: She can trust herself, but she could not foresee what indirect or political influence might be brought to bear upon a…","ausgeübt","","Context-assisted gloss; use the sentence translation for exact nuance.","s168","ausgeübt","word"
"w0800","de.lex.magen","stomach","Magen","der","","s168","mag","word"
"w0801","de.lex.ausserdem","moreover","außerdem","","","s169","Außerdem","word"
"w0802","de.private.bohemia.ext.surface.bedenken","context: Besides, remember that she has resolved to use it within a few days.","bedenken","","Context-assisted gloss; use the sentence translation for exact nuance.","s169","bedenken","word"
"w0803","de.private.bohemia.ext.entschlossen","determined","entschlossen","","","s169","entschlossen","word"
"w0804","de.lex.benutzen","to use","benutzen","","","s169","benutzen","word"
"w0805","de.private.bohemia.ext.surface.jederzeit","context: It must be somewhere she can reach at any moment.","jederzeit","","Context-assisted gloss; use the sentence translation for exact nuance.","s170","jederzeit","word"
"w0806","de.private.bohemia.ext.surface.zugang","context: It must be somewhere she can reach at any moment.","Zugang","","Context-assisted gloss; use the sentence translation for exact nuance.","s170","Zugang","word"
"w0807","de.private.bohemia.ext.surface.eingebrochen","context: “But the house has already been burgled twice.”","eingebrochen","","Context-assisted gloss; use the sentence translation for exact nuance.","s172","eingebrochen","word"
"w0808","de.lex.suchen","to search","suchen","","","s174","suchen","word"
"w0809","de.private.bohemia.ext.surface.sollten","context: They had no idea where to look.”","sollten","","Context-assisted gloss; use the sentence translation for exact nuance.","s174","sollten","word"
"w0810","de.private.bohemia.ext.ueberhaupt","at all / in general","überhaupt","","","s176","überhaupt","word"
"w0811","de.lex.zeigen","to show","zeigen","","","s178","zeigen|gezeigt","word"
"w0812","de.private.bohemia.ext.core.weigern","to refuse","weigern","","","s179","weigern","word"
"w0813","de.lex.hoeren","to hear","hören","","","s181","höre","word"
"w0814","de.private.bohemia.ext.surface.klappern","context: As he spoke, the loud clatter of horses' hoofs and the scraping of wheels against the curb could be heard, followed b…","Klappern","","Context-assisted gloss; use the sentence translation for exact nuance.","s181","klappern","word"
"w0815","de.private.bohemia.ext.surface.befolgen","context: Now follow my instructions exactly.”","befolgen","","Context-assisted gloss; use the sentence translation for exact nuance.","s183","befolgen","word"
"w0816","de.private.bohemia.ext.haargenau","exactly / to the letter","haargenau","","","s183","haargenau","word"
"w0817","de.lex.anweisung","the instruction","Anweisung","die","","s183","Anweisungen","word"
"w0818","de.lex.sprache","language","Sprache","die","","s184","sprach","word"
"w0819","de.private.bohemia.ext.fallen","fell","fallen","","","s184","fiel","word"
"w0820","de.lex.licht","light","Licht","das","","s184","Licht","word"
"w0821","de.private.bohemia.ext.surface.kutschenlaternen","context: Even as he spoke, the light of carriage lamps swung around the corner of the street.","Kutschenlaternen","","Context-assisted gloss; use the sentence translation for exact nuance.","s184","Kutschenlaternen","word"
"w0822","de.private.bohemia.ext.surface.ratternd","rattled","ratternd","","","s185","ratternd","word"
"w0823","de.private.bohemia.ext.surface.rollte","context: It was a pretty little landau that rattled up to the door of Briony Lodge.","rollte","","Context-assisted gloss; use the sentence translation for exact nuance.","s185","rollte","word"
"w0824","de.private.bohemia.ext.anhalten","stopped","anhalten","","","s186","anhielt","word"
"w0825","de.private.bohemia.ext.surface.rannte","context: As it stopped, one of the loafers from the corner ran forward to open the door in the hope of earning a coin, but he…","rannte","","Context-assisted gloss; use the sentence translation for exact nuance.","s186","rannte","word"
"w0826","de.private.bohemia.ext.herumtreiber","loiterer / vagabond","Herumtreiber","der","","s186","Herumtreiber","word"
"w0827","de.private.bohemia.ext.herbei","over / to the spot","herbei","","","s186","herbei","word"
"w0828","de.lex.oeffnen","to open","öffnen","","","s186","öffnen","word"
"w0829","de.lex.hoffnung","hope","Hoffnung","die","","s186","Hoffnung","word"
"w0830","de.private.bohemia.ext.surface.groschen","context: As it stopped, one of the loafers from the corner ran forward to open the door in the hope of earning a coin, but he…","Groschen","","Context-assisted gloss; use the sentence translation for exact nuance.","s186","Groschen","word"
"w0831","de.lex.verdienen","to earn","verdienen","","","s186","verdienen","word"
"w0832","de.private.bohemia.ext.surface.gedraengt","context: As it stopped, one of the loafers from the corner ran forward to open the door in the hope of earning a coin, but he…","gedrängt","","Context-assisted gloss; use the sentence translation for exact nuance.","s186","gedrängt","word"
"w0833","de.private.bohemia.ext.surface.hinzugeeilt","context: As it stopped, one of the loafers from the corner ran forward to open the door in the hope of earning a coin, but he…","hinzugeeilt","","Context-assisted gloss; use the sentence translation for exact nuance.","s186","hinzugeeilt","word"
"w0834","de.private.bohemia.ext.surface.wilder","context: A fierce quarrel broke out, made worse by the two guardsmen, who took the side of one of the loafers, and by the scis…","wilder","","Context-assisted gloss; use the sentence translation for exact nuance.","s187","wilder","word"
"w0835","de.lex.streit","fight / argument","Streit","der","","s187","Streit","word"
"w0836","de.private.bohemia.ext.surface.brach","context: A fierce quarrel broke out, made worse by the two guardsmen, who took the side of one of the loafers, and by the scis…","brach","","Context-assisted gloss; use the sentence translation for exact nuance.","s187","brach","word"
"w0837","de.private.bohemia.ext.surface.verstaerkt","context: A fierce quarrel broke out, made worse by the two guardsmen, who took the side of one of the loafers, and by the scis…","verstärkt","","Context-assisted gloss; use the sentence translation for exact nuance.","s187","verstärkt","word"
"w0838","de.private.bohemia.ext.surface.gammlers","context: A fierce quarrel broke out, made worse by the two guardsmen, who took the side of one of the loafers, and by the scis…","Gammlers","","Context-assisted gloss; use the sentence translation for exact nuance.","s187","Gammlers","word"
"w0839","de.private.bohemia.ext.surface.schlugen","context: A fierce quarrel broke out, made worse by the two guardsmen, who took the side of one of the loafers, and by the scis…","schlugen","","Context-assisted gloss; use the sentence translation for exact nuance.","s187","schlugen","word"
"w0840","de.private.bohemia.ext.surface.hitzig","context: A fierce quarrel broke out, made worse by the two guardsmen, who took the side of one of the loafers, and by the scis…","hitzig","","Context-assisted gloss; use the sentence translation for exact nuance.","s187","hitzig","word"
"w0841","de.private.bohemia.ext.surface.gegenpartei","context: A fierce quarrel broke out, made worse by the two guardsmen, who took the side of one of the loafers, and by the scis…","Gegenpartei","","Context-assisted gloss; use the sentence translation for exact nuance.","s187","Gegenpartei","word"
"w0842","de.private.bohemia.ext.ergreifen","seized / took hold of","ergreifen","","","s187","ergriff","word"
"w0843","de.private.bohemia.ext.irgend","any / some","irgend","","","s188","Irgend","function"
"w0844","de.private.bohemia.ext.surface.schlug","context: Holmes slowly opened his eyes again and looked impatiently at his gigantic client.","schlug","","Context-assisted gloss; use the sentence translation for exact nuance.","s188","schlug","word"
"w0845","de.lex.naechsten","next","nächsten","","","s188","nächsten","function"
"w0846","de.lex.moment","moment","Moment","der","","s188","Moment","word"
"w0847","de.private.bohemia.ext.surface.befand","context: Someone struck the first blow, and the next moment the lady who had stepped from the carriage found herself in the mi…","befand","","Context-assisted gloss; use the sentence translation for exact nuance.","s188","befand","word"
"w0848","de.private.bohemia.ext.surface.gestiegen","context: Someone struck the first blow, and the next moment the lady who had stepped from the carriage found herself in the mi…","gestiegen","","Context-assisted gloss; use the sentence translation for exact nuance.","s188","gestiegen","word"
"w0849","de.private.bohemia.ext.surface.inmitten","context: Someone struck the first blow, and the next moment the lady who had stepped from the carriage found herself in the mi…","inmitten","","Context-assisted gloss; use the sentence translation for exact nuance.","s188","inmitten","word"
"w0850","de.private.bohemia.ext.surface.haufens","context: Someone struck the first blow, and the next moment the lady who had stepped from the carriage found herself in the mi…","Haufens","","Context-assisted gloss; use the sentence translation for exact nuance.","s188","Haufens","word"
"w0851","de.private.bohemia.ext.surface.raufender","context: Someone struck the first blow, and the next moment the lady who had stepped from the carriage found herself in the mi…","raufender","","Context-assisted gloss; use the sentence translation for exact nuance.","s188","raufender","word"
"w0852","de.private.bohemia.ext.surface.faeusten","context: Someone struck the first blow, and the next moment the lady who had stepped from the carriage found herself in the mi…","Fäusten","","Context-assisted gloss; use the sentence translation for exact nuance.","s188","Fäusten","word"
"w0853","de.lex.stock","hive / storey / stick","Stock","der","","s188","Stöcken","word"
"w0854","de.private.bohemia.ext.surface.wild","wildly","wild","","","s188","wild","word"
"w0855","de.private.bohemia.ext.surface.aufeinander","context: Someone struck the first blow, and the next moment the lady who had stepped from the carriage found herself in the mi…","aufeinander","","Context-assisted gloss; use the sentence translation for exact nuance.","s188","aufeinander","word"
"w0856","de.private.bohemia.ext.surface.einpruegelten","context: Someone struck the first blow, and the next moment the lady who had stepped from the carriage found herself in the mi…","einprügelten","","Context-assisted gloss; use the sentence translation for exact nuance.","s188","einprügelten","word"
"w0857","de.private.bohemia.ext.surface.stuerzte","context: Holmes rushed into the struggle to protect the lady, but as he reached her he gave a cry and fell to the ground.","stürzte","","Context-assisted gloss; use the sentence translation for exact nuance.","s189","stürzte","word"
"w0858","de.private.bohemia.ext.surface.getuemmel","context: Holmes rushed into the struggle to protect the lady, but as he reached her he gave a cry and fell to the ground.","Getümmel","","Context-assisted gloss; use the sentence translation for exact nuance.","s189","Getümmel","word"
"w0859","de.private.bohemia.ext.surface.beschuetzen","context: Holmes rushed into the struggle to protect the lady, but as he reached her he gave a cry and fell to the ground.","beschützen","","Context-assisted gloss; use the sentence translation for exact nuance.","s189","beschützen","word"
"w0860","de.private.bohemia.ext.surface.erreichte","context: Holmes rushed into the struggle to protect the lady, but as he reached her he gave a cry and fell to the ground.","erreichte","","Context-assisted gloss; use the sentence translation for exact nuance.","s189","erreichte","word"
"w0861","de.private.bohemia.ext.stossen","pushed / struck","stoßen","","","s189","stieß","word"
"w0862","de.private.bohemia.ext.surface.schrei","context: Holmes rushed into the struggle to protect the lady, but as he reached her he gave a cry and fell to the ground.","Schrei","","Context-assisted gloss; use the sentence translation for exact nuance.","s189","Schrei","word"
"w0863","de.lex.blut","blood","Blut","das","","s190","Blut","word"
"w0864","de.private.bohemia.ext.surface.stroemte","context: Blood streamed over his face.","strömte","","Context-assisted gloss; use the sentence translation for exact nuance.","s190","strömte","word"
"w0865","de.private.bohemia.ext.surface.sturz","context: After he fell, the guardsmen ran off in one direction and the loafers in the other, while several better-dressed peop…","Sturz","","Context-assisted gloss; use the sentence translation for exact nuance.","s191","Sturz","word"
"w0866","de.lex.macht","power","Macht","die","","s191","machten","word"
"w0867","de.private.bohemia.ext.surface.gammler","context: After he fell, the guardsmen ran off in one direction and the loafers in the other, while several better-dressed peop…","Gammler","","Context-assisted gloss; use the sentence translation for exact nuance.","s191","Gammler","word"
"w0868","de.lex.einige","some","einige","","","s191","einige","function"
"w0869","de.private.bohemia.ext.rauferei","brawl / scuffle","Rauferei","die","","s191","Rauferei","word"
"w0870","de.private.bohemia.ext.surface.zugesehen","context: After he fell, the guardsmen ran off in one direction and the loafers in the other, while several better-dressed peop…","zugesehen","","Context-assisted gloss; use the sentence translation for exact nuance.","s191","zugesehen","word"
"w0871","de.private.bohemia.ext.surface.beteiligen","context: After he fell, the guardsmen ran off in one direction and the loafers in the other, while several better-dressed peop…","beteiligen","","Context-assisted gloss; use the sentence translation for exact nuance.","s191","beteiligen","word"
"w0872","de.private.bohemia.ext.surface.herbeidraengten","context: After he fell, the guardsmen ran off in one direction and the loafers in the other, while several better-dressed peop…","herbeidrängten","","Context-assisted gloss; use the sentence translation for exact nuance.","s191","herbeidrängten","word"
"w0873","de.lex.verletzt","injured","verletzt","","","s191","Verletzten|verletzt","word"
"w0874","de.lex.kummer","worry / grief","Kummer","der","","s191","kümmern","word"
"w0875","de.private.bohemia.ext.surface.weiterhin","context: Irene Adler, as I shall continue to call her, had hurried up the steps; but at the top she stopped, a beautiful silho…","weiterhin","","Context-assisted gloss; use the sentence translation for exact nuance.","s192","weiterhin","word"
"w0876","de.lex.nennen","to call / name","nennen","","","s192","nennen","word"
"w0877","de.lex.stufe","the stage","Stufe","die","","s192","Stufen","word"
"w0878","de.private.bohemia.ext.surface.hinaufgeeilt","context: Irene Adler, as I shall continue to call her, had hurried up the steps; but at the top she stopped, a beautiful silho…","hinaufgeeilt","","Context-assisted gloss; use the sentence translation for exact nuance.","s192","hinaufgeeilt","word"
"w0879","de.lex.oben","upstairs","oben","","","s192","oben","word"
"w0880","de.private.bohemia.ext.surface.blieb","context: Irene Adler, as I shall continue to call her, had hurried up the steps; but at the top she stopped, a beautiful silho…","blieb","","Context-assisted gloss; use the sentence translation for exact nuance.","s192","blieb","word"
"w0881","de.lex.stehen","to stand","stehen","","","s192","stehen","word"
"w0882","de.private.bohemia.ext.surface.wunderhuebsche","context: Irene Adler, as I shall continue to call her, had hurried up the steps; but at the top she stopped, a beautiful silho…","wunderhübsche","","Context-assisted gloss; use the sentence translation for exact nuance.","s192","wunderhübsche","word"
"w0883","de.private.bohemia.ext.silhouette","silhouette","Silhouette","die","","s192","Silhouette","word"
"w0884","de.private.bohemia.ext.surface.eingangshalle","context: Irene Adler, as I shall continue to call her, had hurried up the steps; but at the top she stopped, a beautiful silho…","Eingangshalle","","Context-assisted gloss; use the sentence translation for exact nuance.","s192","Eingangshalle","word"
"w0885","de.lex.schwer","heavy","schwer","","","s193","schwer","word"
"w0886","de.lex.tot","dead","tot","","","s194","tot","word"
"w0887","de.private.bohemia.ext.surface.riefen","context: “He is dead,” several voices cried.","riefen","","Context-assisted gloss; use the sentence translation for exact nuance.","s194","riefen","word"
"w0888","de.lex.stimme","voice","Stimme","die","","s194","Stimmen|Stimme","word"
"w0889","de.lex.nein","no","nein","","","s195","Nein|nein","word"
"w0890","de.lex.krankenhaus","hospital","Krankenhaus","das","","s196","Krankenhaus","word"
"w0891","de.private.bohemia.ext.surface.schafft","context: “But he will never make it to the hospital.”","schafft","","Context-assisted gloss; use the sentence translation for exact nuance.","s196","schafft","word"
"w0892","de.private.bohemia.ext.surface.er-s","context: “But he will never make it to the hospital.”","er's","","Context-assisted gloss; use the sentence translation for exact nuance.","s196","er's","word"
"w0893","de.private.bohemia.ext.surface.tapferer","context: “That is a brave fellow,” said a woman.","tapferer","","Context-assisted gloss; use the sentence translation for exact nuance.","s197","tapferer","word"
"w0894","de.private.bohemia.ext.surface.bursche","context: “That is a brave fellow,” said a woman.","Bursche","","Context-assisted gloss; use the sentence translation for exact nuance.","s197","Bursche","word"
"w0895","de.lex.geldboerse","wallet","Geldbörse","die","","s198","Geldbörse","word"
"w0896","de.private.bohemia.ext.stehlen","stolen","stehlen","","","s198","gestohlen","word"
"w0897","de.lex.band","ribbon / bond","Band","das","","s199","Bande","word"
"w0898","de.private.bohemia.ext.surface.ueblen","double","üblen","","","s199","üblen","word"
"w0899","de.private.bohemia.ext.surface.sorte","context: They were a gang, and a particularly nasty one.","Sorte","","Context-assisted gloss; use the sentence translation for exact nuance.","s199","Sorte","word"
"w0900","de.private.bohemia.ext.ach","ah / oh","ach","","","s200","Ach","function"
"w0901","de.private.bohemia.ext.surface.atmet","context: Ah, he is breathing again.”","atmet","","Context-assisted gloss; use the sentence translation for exact nuance.","s200","atmet","word"
"w0902","de.private.bohemia.ext.surface.liegenbleiben","context: “He cannot lie here in the street.","liegenbleiben","","Context-assisted gloss; use the sentence translation for exact nuance.","s201","liegenbleiben","word"
"w0903","de.private.bohemia.ext.surface.reinbringen","context: May we carry him inside, ma'am?”","reinbringen","","Context-assisted gloss; use the sentence translation for exact nuance.","s202","reinbringen","word"
"w0904","de.private.bohemia.ext.surface.gnae","context: May we carry him inside, ma'am?”","gnä'","","Context-assisted gloss; use the sentence translation for exact nuance.","s202","gnä'","word"
"w0905","de.lex.bringen","to bring","bringen","","","s204","Bringen|bringen","word"
"w0906","de.private.bohemia.ext.surface.bequemes","context: There is a comfortable sofa there.","bequemes","","Context-assisted gloss; use the sentence translation for exact nuance.","s205","bequemes","word"
"w0907","de.lex.sofa","sofa","Sofa","das","","s205","Sofa","word"
"w0908","de.lex.bitte","Please.","Bitte.","","","s206","bitte","word"
"w0909","de.private.bohemia.ext.surface.feierlich","context: Slowly and solemnly he was carried into Briony Lodge and laid down in the sitting room, while I watched the whole pro…","feierlich","","Context-assisted gloss; use the sentence translation for exact nuance.","s207","feierlich","word"
"w0910","de.private.bohemia.ext.surface.herrenzimmer","context: Slowly and solemnly he was carried into Briony Lodge and laid down in the sitting room, while I watched the whole pro…","Herrenzimmer","","Context-assisted gloss; use the sentence translation for exact nuance.","s207","Herrenzimmer","word"
"w0911","de.private.bohemia.ext.surface.hingelegt","context: Slowly and solemnly he was carried into Briony Lodge and laid down in the sitting room, while I watched the whole pro…","hingelegt","","Context-assisted gloss; use the sentence translation for exact nuance.","s207","hingelegt","word"
"w0912","de.private.bohemia.ext.surface.vorgang","context: Slowly and solemnly he was carried into Briony Lodge and laid down in the sitting room, while I watched the whole pro…","Vorgang","","Context-assisted gloss; use the sentence translation for exact nuance.","s207","Vorgang","word"
"w0913","de.private.bohemia.ext.surface.posten","post","Posten","","","s207","Posten","name"
"w0914","de.lex.beobachten","to observe","beobachten","","","s207","beobachtete|beobachtet","word"
"w0915","de.lex.lampe","lamp","Lampe","die","","s208","Lampen","word"
"w0916","de.private.bohemia.ext.surface.angezuendet","context: The lamps had been lit, but the shutters had not been closed, so I could see Holmes lying on the sofa.","angezündet","","Context-assisted gloss; use the sentence translation for exact nuance.","s208","angezündet","word"
"w0917","de.lex.laden","shop","Laden","der","","s208","Läden","word"
"w0918","de.lex.geschlossen","closed","geschlossen","","","s208","geschlossen","word"
"w0919","de.private.bohemia.ext.couch","couch","Couch","die","","s208","Couch","word"
"w0920","de.lex.liegen","to lie / be located","liegen","","","s208","liegen","word"
"w0921","de.private.bohemia.ext.surface.gewissensbisse","context: I do not know whether at that moment he felt any pangs of conscience about the role he was playing, but I know that n…","Gewissensbisse","","Context-assisted gloss; use the sentence translation for exact nuance.","s209","Gewissensbisse","word"
"w0922","de.lex.wegen","because of (Genitiv)","wegen","","","s209","wegen","word"
"w0923","de.private.bohemia.ext.surface.zutiefst","context: I do not know whether at that moment he felt any pangs of conscience about the role he was playing, but I know that n…","zutiefst","","Context-assisted gloss; use the sentence translation for exact nuance.","s209","zutiefst","word"
"w0924","de.private.bohemia.ext.surface.geschaemt","context: I do not know whether at that moment he felt any pangs of conscience about the role he was playing, but I know that n…","geschämt","","Context-assisted gloss; use the sentence translation for exact nuance.","s209","geschämt","word"
"w0925","de.private.bohemia.ext.surface.anblick","context: I do not know whether at that moment he felt any pangs of conscience about the role he was playing, but I know that n…","Anblick","","Context-assisted gloss; use the sentence translation for exact nuance.","s209","Anblick","word"
"w0926","de.lex.schoen","beautiful","schön","","","s209","schönen","word"
"w0927","de.private.bohemia.ext.surface.wesens","context: I do not know whether at that moment he felt any pangs of conscience about the role he was playing, but I know that n…","Wesens","","Context-assisted gloss; use the sentence translation for exact nuance.","s209","Wesens","word"
"w0928","de.lex.gegen","against","gegen","","","s209","gegen","word"
"w0929","de.private.bohemia.ext.surface.konspirierte","context: I do not know whether at that moment he felt any pangs of conscience about the role he was playing, but I know that n…","konspirierte","","Context-assisted gloss; use the sentence translation for exact nuance.","s209","konspirierte","word"
"w0930","de.lex.freundlich","kind","freundlich","","","s209","Freundlichkeit","word"
"w0931","de.lex.sich-kuemmern-um","to take care of","sich kümmern um","","","s209","kümmerte","word"
"w0932","de.private.bohemia.ext.surface.verrat","context: And yet it would have been blackest treachery towards Holmes if I had now refused the task he had entrusted to me.","Verrat","","Context-assisted gloss; use the sentence translation for exact nuance.","s210","Verrat","word"
"w0933","de.lex.gegenueber","opposite (Dativ)","gegenüber","","","s210","gegenüber","word"
"w0934","de.private.bohemia.ext.surface.betraut","context: And yet it would have been blackest treachery towards Holmes if I had now refused the task he had entrusted to me.","betraut","","Context-assisted gloss; use the sentence translation for exact nuance.","s210","betraut","word"
"w0935","de.private.bohemia.ext.surface.verweigert","context: And yet it would have been blackest treachery towards Holmes if I had now refused the task he had entrusted to me.","verweigert","","Context-assisted gloss; use the sentence translation for exact nuance.","s210","verweigert","word"
"w0936","de.private.bohemia.ext.surface.verschloss","context: So I hardened my heart and took the smoke rocket from beneath my coat.","verschloß","","Context-assisted gloss; use the sentence translation for exact nuance.","s211","verschloß","word"
"w0937","de.lex.herz","the heart","Herz","das","","s211","Herz","word"
"w0938","de.private.bohemia.ext.holen","fetched / got","holen","","","s211","holte","word"
"w0939","de.lex.rauchbombe","smoke rocket","Rauchbombe","die","","s211","Rauchbombe","word"
"w0940","de.lex.mantel","coat","Mantel","der","","s211","Mantel","word"
"w0941","de.private.bohemia.ext.surface.hervor","context: The King drew a heavy chamois-leather bag from beneath his cloak and laid it on the table.","hervor","","Context-assisted gloss; use the sentence translation for exact nuance.","s211","hervor","word"
"w0942","de.private.bohemia.ext.surface.fuegen","context: After all, we are doing her no harm, I told myself.","fügen","","Context-assisted gloss; use the sentence translation for exact nuance.","s212","fügen","word"
"w0943","de.lex.schaden","to harm","schaden","","","s212","Schaden|schaden","word"
"w0944","de.lex.ledig","single","ledig","","","s213","lediglich","word"
"w0945","de.private.bohemia.ext.surface.aufgerichtet","context: Holmes had raised himself on the sofa, and I saw him gesturing as though he could not breathe.","aufgerichtet","","Context-assisted gloss; use the sentence translation for exact nuance.","s214","aufgerichtet","word"
"w0946","de.private.bohemia.ext.surface.gestikulieren","context: Holmes had raised himself on the sofa, and I saw him gesturing as though he could not breathe.","gestikulieren","","Context-assisted gloss; use the sentence translation for exact nuance.","s214","gestikulieren","word"
"w0947","de.private.bohemia.ext.surface.bekaeme","context: Holmes had raised himself on the sofa, and I saw him gesturing as though he could not breathe.","bekäme","","Context-assisted gloss; use the sentence translation for exact nuance.","s214","bekäme","word"
"w0948","de.private.bohemia.ext.surface.schleuderte","context: Then, with a gesture of despair, he tore the mask from his face and hurled it to the floor.","schleuderte","","Context-assisted gloss; use the sentence translation for exact nuance.","s216","schleuderte","word"
"w0949","de.lex.kaum","hardly","kaum","","","s218","Kaum","word"
"w0950","de.lex.wort","word","Wort","das","","s218","Wort","word"
"w0951","de.private.bohemia.ext.surface.schrie","context: Hardly had the word left my mouth when the whole crowd of onlookers, well and badly dressed alike—gentlemen, grooms,…","schrie","","Context-assisted gloss; use the sentence translation for exact nuance.","s218","schrie","word"
"w0952","de.private.bohemia.ext.surface.ansammlung","context: Hardly had the word left my mouth when the whole crowd of onlookers, well and badly dressed alike—gentlemen, grooms,…","Ansammlung","","Context-assisted gloss; use the sentence translation for exact nuance.","s218","Ansammlung","word"
"w0953","de.private.bohemia.ext.surface.schaulustigen","context: Hardly had the word left my mouth when the whole crowd of onlookers, well and badly dressed alike—gentlemen, grooms,…","Schaulustigen","","Context-assisted gloss; use the sentence translation for exact nuance.","s218","Schaulustigen","word"
"w0954","de.lex.schlecht","bad","schlecht","","","s218","schlecht","word"
"w0955","de.lex.herr","Mr / gentleman","Herr","der","","s218","Herren","word"
"w0956","de.private.bohemia.ext.dienstmaedchen","maidservant","Dienstmädchen","das","","s218","Dienstmädchen","word"
"w0957","de.private.bohemia.ext.surface.chor","chorus","Chor","","","s218","Chor","name"
"w0958","de.private.bohemia.ext.surface.ebenfalls","context: Hardly had the word left my mouth when the whole crowd of onlookers, well and badly dressed alike—gentlemen, grooms,…","ebenfalls","","Context-assisted gloss; use the sentence translation for exact nuance.","s218","ebenfalls","word"
"w0959","de.lex.dicht","dense / tight / leakproof","dicht","","","s219","Dichte","word"
"w0960","de.private.bohemia.ext.surface.rauchwolken","context: Thick clouds of smoke spread through the room and poured out of the open window.","Rauchwolken","","Context-assisted gloss; use the sentence translation for exact nuance.","s219","Rauchwolken","word"
"w0961","de.private.bohemia.ext.surface.breiteten","context: Thick clouds of smoke spread through the room and poured out of the open window.","breiteten","","Context-assisted gloss; use the sentence translation for exact nuance.","s219","breiteten","word"
"w0962","de.private.bohemia.ext.surface.stroemten","context: Thick clouds of smoke spread through the room and poured out of the open window.","strömten","","Context-assisted gloss; use the sentence translation for exact nuance.","s219","strömten","word"
"w0963","de.lex.offen","open","offen","","","s219","offene","word"
"w0964","de.private.bohemia.ext.surface.rennende","context: I could make out only a few running figures, and a moment later I heard Holmes's voice from inside assuring everyone…","rennende","","Context-assisted gloss; use the sentence translation for exact nuance.","s220","rennende","word"
"w0965","de.private.bohemia.ext.surface.gestalten","context: I could make out only a few running figures, and a moment later I heard Holmes's voice from inside assuring everyone…","Gestalten","","Context-assisted gloss; use the sentence translation for exact nuance.","s220","Gestalten","word"
"w0966","de.lex.erkennen","to recognise","erkennen","","","s220","erkennen","word"
"w0967","de.private.bohemia.ext.surface.augenblick","context: I could make out only a few running figures, and a moment later I heard Holmes's voice from inside assuring everyone…","Augenblick","","Context-assisted gloss; use the sentence translation for exact nuance.","s220","Augenblick","word"
"w0968","de.lex.zuhoeren.listen","to listen","zuhören","","","s220","hörte","word"
"w0969","de.private.bohemia.ext.surface.versicherte","context: I could make out only a few running figures, and a moment later I heard Holmes's voice from inside assuring everyone…","versicherte","","Context-assisted gloss; use the sentence translation for exact nuance.","s220","versicherte","word"
"w0970","de.lex.falsch","FALSE","falsch","","","s220","falscher","word"
"w0971","de.private.bohemia.ext.surface.alarm","alarm","Alarm","","","s220","Alarm","name"
"w0972","de.private.bohemia.ext.surface.schreiende","context: Slipping through the shouting crowd, I made my way to the street corner; ten minutes later I was greatly relieved whe…","schreiende","","Context-assisted gloss; use the sentence translation for exact nuance.","s221","schreiende","word"
"w0973","de.lex.menge","the amount","Menge","die","","s221","Menge","word"
"w0974","de.private.bohemia.ext.surface.schluepfend","context: Slipping through the shouting crowd, I made my way to the street corner; ten minutes later I was greatly relieved whe…","schlüpfend","","Context-assisted gloss; use the sentence translation for exact nuance.","s221","schlüpfend","word"
"w0975","de.private.bohemia.ext.surface.bahnte","context: Slipping through the shouting crowd, I made my way to the street corner; ten minutes later I was greatly relieved whe…","bahnte","","Context-assisted gloss; use the sentence translation for exact nuance.","s221","bahnte","word"
"w0976","de.lex.strassenecke","street corner","Straßenecke","die","","s221","Straßenecke","word"
"w0977","de.private.bohemia.ext.surface.heilfroh","context: Slipping through the shouting crowd, I made my way to the street corner; ten minutes later I was greatly relieved whe…","heilfroh","","Context-assisted gloss; use the sentence translation for exact nuance.","s221","heilfroh","word"
"w0978","de.lex.arm.poor","poor","arm","","","s221","Arm","word"
"w0979","de.private.bohemia.ext.surface.fasste","context: Slipping through the shouting crowd, I made my way to the street corner; ten minutes later I was greatly relieved whe…","faßte","","Context-assisted gloss; use the sentence translation for exact nuance.","s221","faßte","word"
"w0980","de.private.bohemia.ext.surface.aufruhr","context: Slipping through the shouting crowd, I made my way to the street corner; ten minutes later I was greatly relieved whe…","Aufruhr","","Context-assisted gloss; use the sentence translation for exact nuance.","s221","Aufruhr","word"
"w0981","de.lex.hinter","behind","hinter","","","s221","hinter","word"
"w0982","de.private.bohemia.ext.surface.konnten","context: Slipping through the shouting crowd, I made my way to the street corner; ten minutes later I was greatly relieved whe…","konnten","","Context-assisted gloss; use the sentence translation for exact nuance.","s221","konnten","word"
"w0983","de.private.bohemia.ext.surface.schweigend","context: For several minutes he walked quickly and silently until we turned into one of the quiet streets leading towards the…","schweigend","","Context-assisted gloss; use the sentence translation for exact nuance.","s222","schweigend","word"
"w0984","de.private.bohemia.ext.surface.einbogen","context: For several minutes he walked quickly and silently until we turned into one of the quiet streets leading towards the…","einbogen","","Context-assisted gloss; use the sentence translation for exact nuance.","s222","einbogen","word"
"w0985","de.private.bohemia.ext.surface.geklappt","context: Everything worked.”","geklappt","","Context-assisted gloss; use the sentence translation for exact nuance.","s225","geklappt","word"
"w0986","de.private.bohemia.ext.surface.tappe","context: “I am still in the dark.”","tappe","","Context-assisted gloss; use the sentence translation for exact nuance.","s230","tappe","word"
"w0987","de.private.bohemia.ext.surface.dunkeln","context: “I am still in the dark.”","Dunkeln","","Context-assisted gloss; use the sentence translation for exact nuance.","s230","Dunkeln","word"
"w0988","de.private.bohemia.ext.surface.geheimnis","context: “I shall make no secret of it,” he said, laughing.","Geheimnis","","Context-assisted gloss; use the sentence translation for exact nuance.","s231","Geheimnis","word"
"w0989","de.private.bohemia.ext.surface.draus","context: “I shall make no secret of it,” he said, laughing.","draus","","Context-assisted gloss; use the sentence translation for exact nuance.","s231","draus","word"
"w0990","de.private.bohemia.ext.surface.kinderspiel","context: “The thing was child's play.","Kinderspiel","","Context-assisted gloss; use the sentence translation for exact nuance.","s232","Kinderspiel","word"
"w0991","de.private.bohemia.ext.surface.gemerkt","context: You naturally noticed that everyone in the street was an accomplice.","gemerkt","","Context-assisted gloss; use the sentence translation for exact nuance.","s233","gemerkt","word"
"w0992","de.private.bohemia.ext.surface.komplize","context: You naturally noticed that everyone in the street was an accomplice.","Komplize","","Context-assisted gloss; use the sentence translation for exact nuance.","s233","Komplize","word"
"w0993","de.private.bohemia.ext.surface.engagiert","context: They had all been hired for the evening.”","engagiert","","Context-assisted gloss; use the sentence translation for exact nuance.","s234","engagiert","word"
"w0994","de.private.bohemia.ext.denken","thought","denken","","","s235","gedacht","word"
"w0995","de.private.bohemia.ext.surface.rummel","context: “Then, when the disturbance began, I had a little red paint in my hand.","Rummel","","Context-assisted gloss; use the sentence translation for exact nuance.","s236","Rummel","word"
"w0996","de.private.bohemia.ext.surface.losging","context: “Then, when the disturbance began, I had a little red paint in my hand.","losging","","Context-assisted gloss; use the sentence translation for exact nuance.","s236","losging","word"
"w0997","de.lex.wenig","a little / few","wenig","","","s236","wenig","function"
"w0998","de.lex.rot","red","rot","","","s236","rote","word"
"w0999","de.lex.farbe","the color","Farbe","die","","s236","Farbe","word"
"w1000","de.private.bohemia.ext.surface.gestuerzt","context: I threw myself into the fight, fell down, clapped my hand to my face, and at once became a pitiable sight.","gestürzt","","Context-assisted gloss; use the sentence translation for exact nuance.","s237","gestürzt","word"
"w1001","de.private.bohemia.ext.surface.hingefallen","context: I threw myself into the fight, fell down, clapped my hand to my face, and at once became a pitiable sight.","hingefallen","","Context-assisted gloss; use the sentence translation for exact nuance.","s237","hingefallen","word"
"w1002","de.private.bohemia.ext.schlagen","struck / afflicted","schlagen","","","s237","geschlagen","word"
"w1003","de.private.bohemia.ext.surface.bemitleidenswerter","context: I threw myself into the fight, fell down, clapped my hand to my face, and at once became a pitiable sight.","bemitleidenswerter","","Context-assisted gloss; use the sentence translation for exact nuance.","s237","bemitleidenswerter","word"
"w1004","de.lex.alt","old","alt","","","s238","alter","word"
"w1005","de.private.bohemia.ext.surface.trick","trick","Trick","","","s238","Trick","name"
"w1006","de.private.bohemia.ext.surface.reingetragen","context: “Then they carried me inside.","reingetragen","","Context-assisted gloss; use the sentence translation for exact nuance.","s240","reingetragen","word"
"w1007","de.private.bohemia.ext.surface.zulassen","context: She had to allow it.","zulassen","","Context-assisted gloss; use the sentence translation for exact nuance.","s241","zulassen","word"
"w1008","de.private.bohemia.ext.surface.verdacht","context: And into her sitting room, which was exactly the room I suspected.","Verdacht","","Context-assisted gloss; use the sentence translation for exact nuance.","s243","Verdacht","word"
"w1009","de.private.bohemia.ext.surface.entweder","context: “Either both or neither,” he said.","Entweder","","Context-assisted gloss; use the sentence translation for exact nuance.","s244","Entweder","word"
"w1010","de.private.bohemia.ext.surface.unbedingt","context: Either that or her bedroom, and I was determined to discover which.","unbedingt","","Context-assisted gloss; use the sentence translation for exact nuance.","s244","unbedingt","word"
"w1011","de.private.bohemia.ext.surface.herausbekommen","context: Either that or her bedroom, and I was determined to discover which.","herausbekommen","","Context-assisted gloss; use the sentence translation for exact nuance.","s244","herausbekommen","word"
"w1012","de.lex.welches","Which? (n)","Welches?","","","s244","welches","word"
"w1013","de.private.bohemia.ext.surface.gelegt","context: They laid me on a sofa, I pretended that I could not breathe, they had to open the window, and you had your opportuni…","gelegt","","Context-assisted gloss; use the sentence translation for exact nuance.","s245","gelegt","word"
"w1014","de.private.bohemia.ext.surface.tat","context: “That is indeed mysterious,” I remarked.","Tat","","Context-assisted gloss; use the sentence translation for exact nuance.","s245","tat","word"
"w1015","de.private.bohemia.ext.surface.mussten","context: They laid me on a sofa, I pretended that I could not breathe, they had to open the window, and you had your opportuni…","mußten","","Context-assisted gloss; use the sentence translation for exact nuance.","s245","mußten","word"
"w1016","de.private.bohemia.ext.surface.gelegenheit","context: They laid me on a sofa, I pretended that I could not breathe, they had to open the window, and you had your opportuni…","Gelegenheit","","Context-assisted gloss; use the sentence translation for exact nuance.","s245","Gelegenheit","word"
"w1017","de.private.bohemia.ext.surface.wozu","context: “But what was the point of that?”","wozu","","Context-assisted gloss; use the sentence translation for exact nuance.","s246","wozu","word"
"w1018","de.lex.entscheidung","decision","Entscheidung","die","","s247","Entscheidende","word"
"w1019","de.lex.glauben","to believe","glauben","","","s248","glaubt","word"
"w1020","de.private.bohemia.ext.surface.brennt","context: When a woman believes that her house is on fire, she instinctively rushes at once to whatever she values most.","brennt","","Context-assisted gloss; use the sentence translation for exact nuance.","s248","brennt","word"
"w1021","de.private.bohemia.ext.surface.eilt","context: When a woman believes that her house is on fire, she instinctively rushes at once to whatever she values most.","eilt","","Context-assisted gloss; use the sentence translation for exact nuance.","s248","eilt","word"
"w1022","de.private.bohemia.ext.surface.instinktiv","instinctively","instinktiv","","","s248","instinktiv","word"
"w1023","de.lex.sofort","immediately","sofort","","","s248","sofort","word"
"w1024","de.lex.wertvoll","valuable","wertvoll","","","s248","wertvollsten","word"
"w1025","de.private.bohemia.ext.surface.uebermaechtiger","context: It is an overpowering impulse which I have exploited more than once.","übermächtiger","","Context-assisted gloss; use the sentence translation for exact nuance.","s249","übermächtiger","word"
"w1026","de.private.bohemia.ext.surface.impuls","impulse","Impuls","","","s249","Impuls","name"
"w1027","de.private.bohemia.ext.surface.ausgenuetzt","context: It is an overpowering impulse which I have exploited more than once.","ausgenützt","","Context-assisted gloss; use the sentence translation for exact nuance.","s249","ausgenützt","word"
"w1028","de.private.bohemia.ext.surface.darlington-verwechslungsskandals","context: It helped me greatly in the Darlington substitution scandal and also in the Arnsworth Castle case.","Darlington-Verwechslungsskandals","","Context-assisted gloss; use the sentence translation for exact nuance.","s250","Darlington-Verwechslungsskandals","word"
"w1029","de.private.bohemia.ext.surface.arnsworth-castle-sache","context: It helped me greatly in the Darlington substitution scandal and also in the Arnsworth Castle case.","Arnsworth-Castle-Sache","","Context-assisted gloss; use the sentence translation for exact nuance.","s250","Arnsworth-Castle-Sache","word"
"w1030","de.lex.verheiratet","married","verheiratet","","","s251","verheiratete","word"
"w1031","de.private.bohemia.ext.surface.schnappt","woman","schnappt","","","s251","schnappt","word"
"w1032","de.lex.baby","baby","Baby","das","","s251","Baby","word"
"w1033","de.private.bohemia.ext.surface.unverheiratete","woman","unverheiratete","","","s251","unverheiratete","word"
"w1034","de.private.bohemia.ext.surface.greift","woman","greift","","","s251","greift","word"
"w1035","de.private.bohemia.ext.surface.schmuckschatulle","woman","Schmuckschatulle","","","s251","Schmuckschatulle","word"
"w1036","de.private.bohemia.ext.surface.heutige","context: Well, it was clear to me that our lady today had nothing in the house more precious to her than the thing we are seek…","heutige","","Context-assisted gloss; use the sentence translation for exact nuance.","s252","heutige","word"
"w1037","de.private.bohemia.ext.surface.kostbarer","context: Well, it was clear to me that our lady today had nothing in the house more precious to her than the thing we are seek…","kostbarer","","Context-assisted gloss; use the sentence translation for exact nuance.","s252","kostbarer","word"
"w1038","de.private.bohemia.ext.surface.wonach","context: Well, it was clear to me that our lady today had nothing in the house more precious to her than the thing we are seek…","wonach","","Context-assisted gloss; use the sentence translation for exact nuance.","s252","wonach","word"
"w1039","de.private.bohemia.ext.surface.schleunigst","context: She would hurry to put it in safety.","schleunigst","","Context-assisted gloss; use the sentence translation for exact nuance.","s253","schleunigst","word"
"w1040","de.private.bohemia.ext.bewundernswert","admirable","bewundernswert","","","s254","bewundernswert","word"
"w1041","de.private.bohemia.ext.surface.qualm","context: The smoke and shouting would have shaken even nerves of steel.","Qualm","","Context-assisted gloss; use the sentence translation for exact nuance.","s255","Qualm","word"
"w1042","de.private.bohemia.ext.surface.geschrei","context: The smoke and shouting would have shaken even nerves of steel.","Geschrei","","Context-assisted gloss; use the sentence translation for exact nuance.","s255","Geschrei","word"
"w1043","de.private.bohemia.ext.surface.nerven","nerves","Nerven","","","s255","Nerven","name"
"w1044","de.lex.stahl","steel","Stahl","der","","s255","Stahl","word"
"w1045","de.private.bohemia.ext.surface.erschuettert","context: The smoke and shouting would have shaken even nerves of steel.","erschüttert","","Context-assisted gloss; use the sentence translation for exact nuance.","s255","erschüttert","word"
"w1046","de.private.bohemia.ext.surface.bestens","context: And she reacted perfectly.","bestens","","Context-assisted gloss; use the sentence translation for exact nuance.","s256","bestens","word"
"w1047","de.private.bohemia.ext.surface.reagiert","context: And she reacted perfectly.","reagiert","","Context-assisted gloss; use the sentence translation for exact nuance.","s256","reagiert","word"
"w1048","de.private.bohemia.ext.surface.nische","context: The photograph is in a recess behind a sliding panel just above the right-hand bell pull.","Nische","","Context-assisted gloss; use the sentence translation for exact nuance.","s257","Nische","word"
"w1049","de.private.bohemia.ext.surface.verschiebbaren","context: The photograph is in a recess behind a sliding panel just above the right-hand bell pull.","verschiebbaren","","Context-assisted gloss; use the sentence translation for exact nuance.","s257","verschiebbaren","word"
"w1050","de.private.bohemia.ext.surface.paneel","panel","Paneel","","","s257","Paneel","name"
"w1051","de.private.bohemia.ext.surface.klingelzug","context: The photograph is in a recess behind a sliding panel just above the right-hand bell pull.","Klingelzug","","Context-assisted gloss; use the sentence translation for exact nuance.","s257","Klingelzug","word"
"w1052","de.private.bohemia.ext.augenblicklich","immediately","augenblicklich","","","s258","augenblicklich","word"
"w1053","de.lex.herausziehen","to pull out","herausziehen","","","s258","herausgezogen","word"
"w1054","de.private.bohemia.ext.surface.gerufen","context: Then, when I called that it was a false alarm, she put it back, glanced at the smoke rocket, ran out of the room, and…","gerufen","","Context-assisted gloss; use the sentence translation for exact nuance.","s259","gerufen","word"
"w1055","de.private.bohemia.ext.blick","look / glance","Blick","der","","s259","Blick","word"
"w1056","de.private.bohemia.ext.surface.gerannt","context: Then, when I called that it was a false alarm, she put it back, glanced at the smoke rocket, ran out of the room, and…","gerannt","","Context-assisted gloss; use the sentence translation for exact nuance.","s259","gerannt","word"
"w1057","de.private.bohemia.ext.surface.aufgestanden","context: I got up, apologised, and fled from the house.","aufgestanden","","Context-assisted gloss; use the sentence translation for exact nuance.","s260","aufgestanden","word"
"w1058","de.lex.sich-entschuldigen","to apologize","sich entschuldigen","","","s260","entschuldigt","word"
"w1059","de.private.bohemia.ext.surface.gefluechtet","context: I got up, apologised, and fled from the house.","geflüchtet","","Context-assisted gloss; use the sentence translation for exact nuance.","s260","geflüchtet","word"
"w1060","de.private.bohemia.ext.versuchen","tried / attempted","versuchen","","","s261","versucht","word"
"w1061","de.lex.hereinkommen","to come in","hereinkommen","","","s261","hereingekommen","word"
"w1062","de.private.bohemia.ext.surface.ueberstuerztes","context: Hasty action can ruin everything.”","Überstürztes","","Context-assisted gloss; use the sentence translation for exact nuance.","s262","Überstürztes","word"
"w1063","de.private.bohemia.ext.ruinieren","ruin","ruinieren","","","s262","ruinieren","word"
"w1064","de.private.bohemia.ext.auftrag","assignment / commission","Auftrag","der","","s264","Auftrag","word"
"w1065","de.private.bohemia.ext.beinahe","almost","beinahe","","","s264","beinahe","word"
"w1066","de.private.bohemia.ext.surface.erledigt","context: “Our task is almost finished.","erledigt","","Context-assisted gloss; use the sentence translation for exact nuance.","s264","erledigt","word"
"w1067","de.lex.zusammen","together","zusammen","","","s265","zusammen","word"
"w1068","de.lex.mitkommen","to come along","mitkommen","","","s266","mitkommen","word"
"w1069","de.private.bohemia.ext.surface.erscheinen","context: We shall be shown into the sitting room to wait for the lady, but when she appears she will probably find neither us…","Erscheinen","","Context-assisted gloss; use the sentence translation for exact nuance.","s267","Erscheinen","word"
"w1070","de.private.bohemia.ext.surface.weder","context: The note was undated and bore neither signature nor address.","weder","","Context-assisted gloss; use the sentence translation for exact nuance.","s267","weder","word"
"w1071","de.private.bohemia.ext.surface.vorfinden","context: We shall be shown into the sitting room to wait for the lady, but when she appears she will probably find neither us…","vorfinden","","Context-assisted gloss; use the sentence translation for exact nuance.","s267","vorfinden","word"
"w1072","de.private.bohemia.ext.majestaet","Majesty","Majestät","die","","s268","Majestät","word"
"w1073","de.private.bohemia.ext.vergnuegen","pleasure","Vergnügen","das","","s268","Vergnügen","word"
"w1074","de.lex.bereit","ready","bereit","","","s268","bereiten","word"
"w1075","de.private.bohemia.ext.surface.eigenhaendig","context: It should give His Majesty some pleasure to recover it with his own hand.”","eigenhändig","","Context-assisted gloss; use the sentence translation for exact nuance.","s268","eigenhändig","word"
"w1076","de.private.bohemia.ext.surface.zurueckzuerobern","context: It should give His Majesty some pleasure to recover it with his own hand.”","zurückzuerobern","","Context-assisted gloss; use the sentence translation for exact nuance.","s268","zurückzuerobern","word"
"w1077","de.lex.wann","When?","Wann?","","","s269","wann","word"
"w1078","de.private.bohemia.ext.surface.hingehen","context: “And when will you go?”","hingehen","","Context-assisted gloss; use the sentence translation for exact nuance.","s269","hingehen","word"
"w1079","de.lex.frei","free / open","frei","","","s271","freie","word"
"w1080","de.private.bohemia.ext.surface.bahn","context: She will not be up then, so we shall have a clear field.","Bahn","","Context-assisted gloss; use the sentence translation for exact nuance.","s271","Bahn","word"
"w1081","de.lex.weil","because (subord.)","weil","","","s272","weil","word"
"w1082","de.private.bohemia.ext.surface.lebensfuehrung","context: Besides, we must lose no time, because after this marriage she may completely change her way of life and her habits.","Lebensführung","","Context-assisted gloss; use the sentence translation for exact nuance.","s272","Lebensführung","word"
"w1083","de.private.bohemia.ext.surface.voellig","context: Besides, we must lose no time, because after this marriage she may completely change her way of life and her habits.","völlig","","Context-assisted gloss; use the sentence translation for exact nuance.","s272","völlig","word"
"w1084","de.private.bohemia.ext.surface.telegraphieren","telegraph","telegraphieren","","","s273","telegraphieren","word"
"w1085","de.private.bohemia.ext.surface.erreicht","context: We had reached Baker Street and stopped before the front door.","erreicht","","Context-assisted gloss; use the sentence translation for exact nuance.","s274","erreicht","word"
"w1086","de.private.bohemia.ext.surface.stehengeblieben","context: We had reached Baker Street and stopped before the front door.","stehengeblieben","","Context-assisted gloss; use the sentence translation for exact nuance.","s274","stehengeblieben","word"
"w1087","de.private.bohemia.ext.surface.suchte","context: He was searching his pockets for the key when someone passing by said:","suchte","","Context-assisted gloss; use the sentence translation for exact nuance.","s275","suchte","word"
"w1088","de.lex.schluessel","key","Schlüssel","der","","s275","Schlüssel","word"
"w1089","de.lex.vorbeigehen","to pass by","vorbeigehen","","","s275","Vorbeigehen","word"
"w1090","de.lex.nacht","the night","Nacht","die","","s276","Nacht","word"
"w1091","de.private.bohemia.ext.surface.etliche","context: There were several people on the pavement at that moment, but the greeting seemed to have come from a slender youth i…","etliche","","Context-assisted gloss; use the sentence translation for exact nuance.","s277","etliche","word"
"w1092","de.lex.buergersteig","sidewalk","Bürgersteig","der","","s277","Bürgersteig","word"
"w1093","de.private.bohemia.ext.surface.gruss","context: There were several people on the pavement at that moment, but the greeting seemed to have come from a slender youth i…","Gruß","","Context-assisted gloss; use the sentence translation for exact nuance.","s277","Gruß","word"
"w1094","de.private.bohemia.ext.surface.schmaechtigen","context: There were several people on the pavement at that moment, but the greeting seemed to have come from a slender youth i…","schmächtigen","","Context-assisted gloss; use the sentence translation for exact nuance.","s277","schmächtigen","word"
"w1095","de.private.bohemia.ext.surface.jugendlichen","context: There were several people on the pavement at that moment, but the greeting seemed to have come from a slender youth i…","Jugendlichen","","Context-assisted gloss; use the sentence translation for exact nuance.","s277","Jugendlichen","word"
"w1096","de.private.bohemia.ext.surface.regenmantel","context: There were several people on the pavement at that moment, but the greeting seemed to have come from a slender youth i…","Regenmantel","","Context-assisted gloss; use the sentence translation for exact nuance.","s277","Regenmantel","word"
"w1097","de.private.bohemia.ext.kommen","come / arrived","kommen","","","s277","gekommen","word"
"w1098","de.lex.eben","even / level / flat","eben","","","s277","eben","word"
"w1099","de.private.bohemia.ext.surface.vorbeigehuscht","context: There were several people on the pavement at that moment, but the greeting seemed to have come from a slender youth i…","vorbeigehuscht","","Context-assisted gloss; use the sentence translation for exact nuance.","s277","vorbeigehuscht","word"
"w1100","de.private.bohemia.ext.surface.spaerlich","context: “I have heard that voice before,” said Holmes as he stared down the dimly lit street.","spärlich","","Context-assisted gloss; use the sentence translation for exact nuance.","s278","spärlich","word"
"w1101","de.private.bohemia.ext.surface.beleuchtete","context: “I have heard that voice before,” said Holmes as he stared down the dimly lit street.","beleuchtete","","Context-assisted gloss; use the sentence translation for exact nuance.","s278","beleuchtete","word"
"w1102","de.private.bohemia.ext.surface.hinunterstarrte","context: “I have heard that voice before,” said Holmes as he stared down the dimly lit street.","hinunterstarrte","","Context-assisted gloss; use the sentence translation for exact nuance.","s278","hinunterstarrte","word"
"w1103","de.lex.wer.who","who","wer","","","s279","wer","function"
