"lexeme_id","english","target"
"it.lex.io","I","io"
"it.lex.tu","you (singular)","tu"
"it.lex.lui","he","lui"
"it.lex.lei.she","she","lei"
"it.lex.esso-essa","it","esso / essa"
"it.lex.noi","we","noi"
"it.lex.voi","you (plural)","voi"
"it.lex.loro.they","they","loro"
"it.lex.lei.you-formal","you (formal)","Lei"
"it.lex.mi-me","me (accusative)","mi / me"
"it.lex.ti-te","you (acc., sg.)","ti / te"
"it.lex.lo-lui","him","lo / lui"
"it.lex.la-lei","her","la / lei"
"it.lex.ci-noi","us","ci / noi"
"it.lex.vi-voi","you (acc., pl.)","vi / voi"
"it.lex.li-le-loro","them","li / le / loro"
"it.lex.mi","to me (dative)","mi"
"it.lex.ti","to you (dat., sg.)","ti"
"it.lex.gli","to him","gli"
"it.lex.le","to her","le"
"it.lex.ci","to us","ci"
"it.lex.vi","to you (dat., pl.)","vi"
"it.lex.loro-gli","to them","loro / gli"
"it.lex.me-stesso-mi","myself","me stesso / mi"
"it.lex.te-stesso-ti","yourself","te stesso / ti"
"it.lex.se-stesso-si","himself / herself","se stesso / si"
"it.lex.noi-stessi-ci","ourselves","noi stessi / ci"
"it.lex.voi-stessi-vi","yourselves","voi stessi / vi"
"it.lex.se-stessi-si","themselves","se stessi / si"
"it.lex.qualcuno","someone","qualcuno"
"it.lex.nessuno.nobody","nobody","nessuno"
"it.lex.qualcosa","something","qualcosa"
"it.lex.niente-nulla","nothing","niente / nulla"
"it.lex.tutti-ognuno","everyone","tutti / ognuno"
"it.lex.tutto","everything","tutto"
"it.lex.entrambi","both","entrambi"
"it.lex.l-un-l-altro","each other","l'un l'altro"
"it.lex.questo-questa","this","questo / questa"
"it.lex.quello-quella","that","quello / quella"
"it.lex.questi-queste","these","questi / queste"
"it.lex.quelli-quelle","those","quelli / quelle"
"it.lex.qui-qua","here","qui / qua"
"it.lex.li-la","there","lì / là"
"it.lex.zero","zero","zero"
"it.lex.uno","one","uno"
"it.lex.due","two","due"
"it.lex.tre","three","tre"
"it.lex.quattro","four","quattro"
"it.lex.cinque","five","cinque"
"it.lex.sei","six","sei"
"it.lex.sette","seven","sette"
"it.lex.otto","eight","otto"
"it.lex.nove","nine","nove"
"it.lex.dieci","ten","dieci"
"it.lex.undici","eleven","undici"
"it.lex.dodici","twelve","dodici"
"it.lex.tredici","thirteen","tredici"
"it.lex.quattordici","fourteen","quattordici"
"it.lex.quindici","fifteen","quindici"
"it.lex.sedici","sixteen","sedici"
"it.lex.diciassette","seventeen","diciassette"
"it.lex.diciotto","eighteen","diciotto"
"it.lex.diciannove","nineteen","diciannove"
"it.lex.venti","twenty","venti"
"it.lex.ventuno","twenty-one","ventuno"
"it.lex.trenta","thirty","trenta"
"it.lex.quaranta","forty","quaranta"
"it.lex.cinquanta","fifty","cinquanta"
"it.lex.sessanta","sixty","sessanta"
"it.lex.settanta","seventy","settanta"
"it.lex.ottanta","eighty","ottanta"
"it.lex.novanta","ninety","novanta"
"it.lex.cento","hundred","cento"
"it.lex.mille","thousand","mille"
"it.lex.un-milione","million","un milione"
"it.lex.un-miliardo","billion","un miliardo"
"it.lex.primo-prima","first","primo / prima"
"it.lex.secondo-seconda","second","secondo / seconda"
"it.lex.terzo-terza","third","terzo / terza"
"it.lex.quarto","fourth","quarto"
"it.lex.quinto","fifth","quinto"
"it.lex.sesto","sixth","sesto"
"it.lex.settimo","seventh","settimo"
"it.lex.ottavo","eighth","ottavo"
"it.lex.nono","ninth","nono"
"it.lex.decimo","tenth","decimo"
"it.lex.una-volta","once","una volta"
"it.lex.due-volte","twice","due volte"
"it.lex.tre-volte","three times","tre volte"
"it.lex.meta","half","metà"
"it.lex.un-quarto","a quarter","un quarto"
"it.lex.un-terzo","a third","un terzo"
"it.lex.una-dozzina","a dozen","una dozzina"
"it.lex.un-paio","a pair","un paio"
"it.lex.uomo","man","uomo"
"it.lex.donna","woman","donna"
"it.lex.bambino-bambina","child","bambino / bambina"
"it.lex.ragazzo","boy","ragazzo"
"it.lex.ragazza","girl","ragazza"
"it.lex.bebe-neonato","baby","bebè / neonato"
"it.lex.persona","person","persona"
"it.lex.adulto","adult","adulto"
"it.lex.adolescente","teenager","adolescente"
"it.lex.padre","father","padre"
"it.lex.madre","mother","madre"
"it.lex.figlio","son","figlio"
"it.lex.figlia","daughter","figlia"
"it.lex.fratello","brother","fratello"
"it.lex.sorella","sister","sorella"
"it.lex.marito","husband","marito"
"it.lex.moglie","wife","moglie"
"it.lex.nonno","grandfather","nonno"
"it.lex.nonna","grandmother","nonna"
"it.lex.nipote-m.grandson","grandson","nipote (m)"
"it.lex.nipote-f.granddaughter","granddaughter","nipote (f)"
"it.lex.zio","uncle","zio"
"it.lex.zia","aunt","zia"
"it.lex.cugino","cousin (m)","cugino"
"it.lex.cugina","cousin (f)","cugina"
"it.lex.nipote-m.nephew","nephew","nipote (m)"
"it.lex.nipote-f.niece","niece","nipote (f)"
"it.lex.amico","friend (m)","amico"
"it.lex.amica","friend (f)","amica"
"it.lex.vicino.neighbor-m","neighbor (m)","vicino"
"it.lex.vicina","neighbor (f)","vicina"
"it.lex.collega-m","colleague (m)","collega (m)"
"it.lex.collega-f","colleague (f)","collega (f)"
"it.lex.partner-compagno","partner","partner / compagno"
"it.lex.ospite","guest","ospite"
"it.lex.straniero","stranger","straniero"
"it.lex.genitori","parents","genitori"
"it.lex.gemelli","twins","gemelli"
"it.lex.patrigno","stepfather","patrigno"
"it.lex.matrigna","stepmother","matrigna"
"it.lex.padrino","godfather","padrino"
"it.lex.madrina","godmother","madrina"
"it.lex.fidanzato","fiancé (m)","fidanzato"
"it.lex.fidanzata","fiancé (f)","fidanzata"
"it.lex.ex","ex-partner","ex"
"it.lex.suocero-suocera","in-law","suocero / suocera"
"it.lex.medico-dottore","doctor (m)","medico / dottore"
"it.lex.dottoressa","doctor (f)","dottoressa"
"it.lex.infermiere","nurse (m)","infermiere"
"it.lex.infermiera","nurse (f)","infermiera"
"it.lex.insegnante-professore","teacher (m)","insegnante / professore"
"it.lex.professoressa","teacher (f)","professoressa"
"it.lex.studente","student (m)","studente"
"it.lex.studentessa","student (f)","studentessa"
"it.lex.alunno-allievo","pupil","alunno / allievo"
"it.lex.professore","professor","professore"
"it.lex.avvocato","lawyer (m)","avvocato"
"it.lex.avvocatessa","lawyer (f)","avvocatessa"
"it.lex.giudice","judge","giudice"
"it.lex.ingegnere","engineer","ingegnere"
"it.lex.architetto","architect","architetto"
"it.lex.scienziato","scientist","scienziato"
"it.lex.programmatore","programmer","programmatore"
"it.lex.designer-progettista","designer","designer / progettista"
"it.lex.artista","artist","artista"
"it.lex.scrittore-scrittrice","writer","scrittore / scrittrice"
"it.lex.giornalista","journalist","giornalista"
"it.lex.fotografo","photographer","fotografo"
"it.lex.musicista","musician","musicista"
"it.lex.cantante","singer","cantante"
"it.lex.attore","actor","attore"
"it.lex.attrice","actress","attrice"
"it.lex.regista","director","regista"
"it.lex.pittore","painter","pittore"
"it.lex.chef-cuoco","chef","chef / cuoco"
"it.lex.cuoco-cuoca","cook","cuoco / cuoca"
"it.lex.cameriere","waiter (m)","cameriere"
"it.lex.cameriera","waiter (f)","cameriera"
"it.lex.fornaio-panettiere","baker","fornaio / panettiere"
"it.lex.macellaio","butcher","macellaio"
"it.lex.agricoltore-contadino","farmer","agricoltore / contadino"
"it.lex.autista-guidatore","driver","autista / guidatore"
"it.lex.pilota","pilot","pilota"
"it.lex.marinaio","sailor","marinaio"
"it.lex.soldato","soldier","soldato"
"it.lex.poliziotto","police officer","poliziotto"
"it.lex.pompiere-vigile-del-fuoco","firefighter","pompiere / vigile del fuoco"
"it.lex.postino","postman","postino"
"it.lex.elettricista","electrician","elettricista"
"it.lex.meccanico","mechanic","meccanico"
"it.lex.contabile","accountant","contabile"
"it.lex.manager-direttore","manager","manager / direttore"
"it.lex.capo","boss","capo"
"it.lex.dipendente-impiegato","employee","dipendente / impiegato"
"it.lex.dentista","dentist","dentista"
"it.lex.farmacista","pharmacist","farmacista"
"it.lex.psicologo","psychologist","psicologo"
"it.lex.politico","politician","politico"
"it.lex.prete-sacerdote","priest","prete / sacerdote"
"it.lex.veterinario","veterinarian","veterinario"
"it.lex.economista","economist","economista"
"it.lex.segretario-segretaria","secretary","segretario / segretaria"
"it.lex.receptionist","receptionist","receptionist"
"it.lex.idraulico","plumber","idraulico"
"it.lex.falegname","carpenter","falegname"
"it.lex.parrucchiere-parrucchiera","hairdresser","parrucchiere / parrucchiera"
"it.lex.testa","head","testa"
"it.lex.viso-faccia","face","viso / faccia"
"it.lex.occhio","eye","occhio"
"it.lex.orecchio","ear","orecchio"
"it.lex.naso","nose","naso"
"it.lex.bocca","mouth","bocca"
"it.lex.dente","tooth","dente"
"it.lex.lingua.tongue","tongue","lingua"
"it.lex.labbro","lip","labbro"
"it.lex.mento","chin","mento"
"it.lex.guancia","cheek","guancia"
"it.lex.fronte","forehead","fronte"
"it.lex.capelli","hair","capelli"
"it.lex.collo","neck","collo"
"it.lex.gola","throat","gola"
"it.lex.spalla","shoulder","spalla"
"it.lex.braccio","arm","braccio"
"it.lex.gomito","elbow","gomito"
"it.lex.polso.wrist","wrist","polso"
"it.lex.mano","hand","mano"
"it.lex.dito","finger","dito"
"it.lex.pollice","thumb","pollice"
"it.lex.unghia","nail","unghia"
"it.lex.petto","chest","petto"
"it.lex.schiena","back","schiena"
"it.lex.stomaco-pancia","stomach","stomaco / pancia"
"it.lex.anca-fianco","hip","anca / fianco"
"it.lex.gamba","leg","gamba"
"it.lex.ginocchio","knee","ginocchio"
"it.lex.caviglia","ankle","caviglia"
"it.lex.piede","foot","piede"
"it.lex.dito-del-piede","toe","dito del piede"
"it.lex.cuore","heart","cuore"
"it.lex.polmone","lung","polmone"
"it.lex.fegato","liver","fegato"
"it.lex.rene","kidney","rene"
"it.lex.cervello","brain","cervello"
"it.lex.osso","bone","osso"
"it.lex.muscolo","muscle","muscolo"
"it.lex.pelle","skin","pelle"
"it.lex.sangue","blood","sangue"
"it.lex.nervo","nerve","nervo"
"it.lex.spina-dorsale","spine","spina dorsale"
"it.lex.costola","rib","costola"
"it.lex.vena","vein","vena"
"it.lex.pane","bread","pane"
"it.lex.panino","roll","panino"
"it.lex.burro","butter","burro"
"it.lex.latte","milk","latte"
"it.lex.uovo","egg","uovo"
"it.lex.formaggio","cheese","formaggio"
"it.lex.carne","meat","carne"
"it.lex.pollo","chicken","pollo"
"it.lex.manzo","beef","manzo"
"it.lex.maiale.pork","pork","maiale"
"it.lex.pesce","fish","pesce"
"it.lex.gambero","shrimp","gambero"
"it.lex.salsiccia","sausage","salsiccia"
"it.lex.prosciutto.ham","ham","prosciutto"
"it.lex.zuppa-minestra","soup","zuppa / minestra"
"it.lex.insalata","salad","insalata"
"it.lex.pasta","pasta","pasta"
"it.lex.riso","rice","riso"
"it.lex.pizza","pizza","pizza"
"it.lex.patata","potato","patata"
"it.lex.pomodoro","tomato","pomodoro"
"it.lex.cetriolo","cucumber","cetriolo"
"it.lex.carota","carrot","carota"
"it.lex.cipolla","onion","cipolla"
"it.lex.aglio","garlic","aglio"
"it.lex.pepe","pepper (spice)","pepe"
"it.lex.sale","salt","sale"
"it.lex.zucchero","sugar","zucchero"
"it.lex.olio","oil","olio"
"it.lex.aceto","vinegar","aceto"
"it.lex.senape","mustard","senape"
"it.lex.mela","apple","mela"
"it.lex.pera","pear","pera"
"it.lex.banana","banana","banana"
"it.lex.arancia","orange","arancia"
"it.lex.fragola","strawberry","fragola"
"it.lex.ciliegia","cherry","ciliegia"
"it.lex.uva","grape","uva"
"it.lex.limone","lemon","limone"
"it.lex.pesca","peach","pesca"
"it.lex.prugna","plum","prugna"
"it.lex.anguria","watermelon","anguria"
"it.lex.melone","melon","melone"
"it.lex.acqua","water","acqua"
"it.lex.succo","juice","succo"
"it.lex.caffe","coffee","caffè"
"it.lex.te","tea","tè"
"it.lex.birra","beer","birra"
"it.lex.vino","wine","vino"
"it.lex.latte","milk","latte"
"it.lex.limonata","lemonade","limonata"
"it.lex.acqua-frizzante","sparkling water","acqua frizzante"
"it.lex.acqua-naturale","flat water","acqua naturale"
"it.lex.cocktail","cocktail","cocktail"
"it.lex.caffe-espresso","espresso","caffè espresso"
"it.lex.cappuccino","cappuccino","cappuccino"
"it.lex.torta","cake","torta"
"it.lex.biscotto","cookie","biscotto"
"it.lex.cioccolato","chocolate","cioccolato"
"it.lex.gelato.ice-cream","ice cream","gelato"
"it.lex.marmellata","jam","marmellata"
"it.lex.miele","honey","miele"
"it.lex.farina","flour","farina"
"it.lex.colazione","breakfast","colazione"
"it.lex.pranzo","lunch","pranzo"
"it.lex.cena","dinner","cena"
"it.lex.spuntino","snack","spuntino"
"it.lex.dolce-dessert","dessert","dolce / dessert"
"it.lex.ricetta.recipe","recipe","ricetta"
"it.lex.pasto","meal","pasto"
"it.lex.menu","menu","menù"
"it.lex.piatto.dish","dish","piatto"
"it.lex.ingrediente","ingredient","ingrediente"
"it.lex.fungo","mushroom","fungo"
"it.lex.spinaci","spinach","spinaci"
"it.lex.broccoli","broccoli","broccoli"
"it.lex.mais","corn","mais"
"it.lex.pisello","pea","pisello"
"it.lex.fagiolo","bean","fagiolo"
"it.lex.lattuga","lettuce","lattuga"
"it.lex.carciofo","artichoke","carciofo"
"it.lex.melanzana","eggplant","melanzana"
"it.lex.zucchina","zucchini","zucchina"
"it.lex.peperone","pepper (vegetable)","peperone"
"it.lex.oliva","olive","oliva"
"it.lex.olio-d-oliva","olive oil","olio d'oliva"
"it.lex.panna","cream","panna"
"it.lex.yogurt","yogurt","yogurt"
"it.lex.salsa","sauce","salsa"
"it.lex.condimento","dressing","condimento"
"it.lex.porzione","portion","porzione"
"it.lex.gusto-sapore","taste","gusto / sapore"
"it.lex.sapore","flavor","sapore"
"it.lex.casa","house","casa"
"it.lex.appartamento","apartment","appartamento"
"it.lex.edificio","building","edificio"
"it.lex.stanza-camera","room","stanza / camera"
"it.lex.cucina.kitchen","kitchen","cucina"
"it.lex.bagno","bathroom","bagno"
"it.lex.camera-da-letto","bedroom","camera da letto"
"it.lex.salotto-soggiorno","living room","salotto / soggiorno"
"it.lex.sala-da-pranzo","dining room","sala da pranzo"
"it.lex.corridoio-ingresso","hallway","corridoio / ingresso"
"it.lex.cantina","cellar","cantina"
"it.lex.soffitta","attic","soffitta"
"it.lex.garage","garage","garage"
"it.lex.giardino","garden","giardino"
"it.lex.balcone","balcony","balcone"
"it.lex.terrazza","terrace","terrazza"
"it.lex.scale","stairs","scale"
"it.lex.ascensore","elevator","ascensore"
"it.lex.porta","door","porta"
"it.lex.finestra","window","finestra"
"it.lex.muro-parete","wall","muro / parete"
"it.lex.pavimento","floor","pavimento"
"it.lex.soffitto","ceiling","soffitto"
"it.lex.tetto","roof","tetto"
"it.lex.letto","bed","letto"
"it.lex.divano","sofa","divano"
"it.lex.poltrona","armchair","poltrona"
"it.lex.tavolo","table","tavolo"
"it.lex.sedia","chair","sedia"
"it.lex.scrivania","desk","scrivania"
"it.lex.scaffale","shelf","scaffale"
"it.lex.armadio","wardrobe","armadio"
"it.lex.cassetto","drawer","cassetto"
"it.lex.specchio","mirror","specchio"
"it.lex.lampada","lamp","lampada"
"it.lex.tappeto","carpet","tappeto"
"it.lex.tenda","curtain","tenda"
"it.lex.cuscino","pillow","cuscino"
"it.lex.coperta","blanket","coperta"
"it.lex.asciugamano","towel","asciugamano"
"it.lex.chiave","key","chiave"
"it.lex.serratura","lock","serratura"
"it.lex.campanello.bell","bell","campanello"
"it.lex.lavatrice","washing machine","lavatrice"
"it.lex.lavastoviglie","dishwasher","lavastoviglie"
"it.lex.frigorifero","refrigerator","frigorifero"
"it.lex.microonde","microwave","microonde"
"it.lex.aspirapolvere","vacuum cleaner","aspirapolvere"
"it.lex.macchina-del-caffe","coffee machine","macchina del caffè"
"it.lex.rubinetto","tap / faucet","rubinetto"
"it.lex.interruttore","light switch","interruttore"
"it.lex.presa-elettrica","power outlet","presa elettrica"
"it.lex.cestino-bidone","trash can","cestino / bidone"
"it.lex.forno","oven","forno"
"it.lex.tostapane","toaster","tostapane"
"it.lex.bollitore","kettle","bollitore"
"it.lex.aria-condizionata","air conditioning","aria condizionata"
"it.lex.riscaldamento","heating","riscaldamento"
"it.lex.via-strada","street","via / strada"
"it.lex.strada","road","strada"
"it.lex.sentiero-percorso","path","sentiero / percorso"
"it.lex.ponte","bridge","ponte"
"it.lex.piazza","square","piazza"
"it.lex.parco","park","parco"
"it.lex.citta","city","città"
"it.lex.paese-villaggio","village","paese / villaggio"
"it.lex.quartiere","district","quartiere"
"it.lex.quartiere-vicinato","neighborhood","quartiere / vicinato"
"it.lex.centro-citta","city center","centro città"
"it.lex.periferia.suburb","suburb","periferia"
"it.lex.paese-nazione","country","paese / nazione"
"it.lex.regione","region","regione"
"it.lex.confine","border","confine"
"it.lex.aeroporto","airport","aeroporto"
"it.lex.stazione","train station","stazione"
"it.lex.fermata-dell-autobus","bus stop","fermata dell'autobus"
"it.lex.metropolitana","subway","metropolitana"
"it.lex.tram","tram","tram"
"it.lex.taxi","taxi","taxi"
"it.lex.macchina-auto","car","macchina / auto"
"it.lex.autobus","bus","autobus"
"it.lex.treno","train","treno"
"it.lex.aereo","plane","aereo"
"it.lex.nave","ship","nave"
"it.lex.bicicletta","bicycle","bicicletta"
"it.lex.moto","motorcycle","moto"
"it.lex.traffico","traffic","traffico"
"it.lex.semaforo","traffic light","semaforo"
"it.lex.parcheggio","parking lot","parcheggio"
"it.lex.autostrada.highway","highway","autostrada"
"it.lex.biglietto","ticket","biglietto"
"it.lex.mappa-cartina","map","mappa / cartina"
"it.lex.ingorgo","traffic jam","ingorgo"
"it.lex.patente","driving license","patente"
"it.lex.stazione-di-servizio","fuel station","stazione di servizio"
"it.lex.rotatoria","roundabout","rotatoria"
"it.lex.strisce-pedonali","pedestrian crossing","strisce pedonali"
"it.lex.pista-ciclabile","bicycle lane","pista ciclabile"
"it.lex.senso-unico","one-way street","senso unico"
"it.lex.incrocio.intersection","intersection","incrocio"
"it.lex.galleria-tunnel","tunnel","galleria / tunnel"
"it.lex.pedaggio","toll","pedaggio"
"it.lex.linea-di-autobus","bus line","linea di autobus"
"it.lex.traghetto","ferry","traghetto"
"it.lex.porto","port / harbor","porto"
"it.lex.fermata","stop","fermata"
"it.lex.negozio","shop","negozio"
"it.lex.negozio-magazzino","store","negozio / magazzino"
"it.lex.supermercato","supermarket","supermercato"
"it.lex.panetteria-forno","bakery","panetteria / forno"
"it.lex.macelleria","butcher shop","macelleria"
"it.lex.farmacia","pharmacy","farmacia"
"it.lex.ospedale","hospital","ospedale"
"it.lex.clinica","clinic","clinica"
"it.lex.scuola","school","scuola"
"it.lex.universita","university","università"
"it.lex.biblioteca","library","biblioteca"
"it.lex.museo","museum","museo"
"it.lex.teatro","theater","teatro"
"it.lex.cinema","cinema","cinema"
"it.lex.chiesa","church","chiesa"
"it.lex.moschea","mosque","moschea"
"it.lex.sinagoga","synagogue","sinagoga"
"it.lex.banca","bank","banca"
"it.lex.ufficio-postale","post office","ufficio postale"
"it.lex.albergo-hotel","hotel","albergo / hotel"
"it.lex.ristorante","restaurant","ristorante"
"it.lex.bar-caffe","café","bar / caffè"
"it.lex.bar","bar","bar"
"it.lex.ufficio","office","ufficio"
"it.lex.fabbrica","factory","fabbrica"
"it.lex.fattoria","farm","fattoria"
"it.lex.mercato","market","mercato"
"it.lex.libreria.bookstore","bookstore","libreria"
"it.lex.palestra","gym","palestra"
"it.lex.piscina","swimming pool","piscina"
"it.lex.stadio","stadium","stadio"
"it.lex.palazzetto","sports hall","palazzetto"
"it.lex.commissariato-questura","police station","commissariato / questura"
"it.lex.caserma-dei-pompieri","fire station","caserma dei pompieri"
"it.lex.tribunale","courthouse","tribunale"
"it.lex.ambasciata","embassy","ambasciata"
"it.lex.municipio","town hall","municipio"
"it.lex.galleria","gallery","galleria"
"it.lex.cattedrale","cathedral","cattedrale"
"it.lex.castello","castle","castello"
"it.lex.palazzo","palace","palazzo"
"it.lex.monastero","monastery","monastero"
"it.lex.campeggio","camp","campeggio"
"it.lex.centro-commerciale","shopping center","centro commerciale"
"it.lex.grande-magazzino","department store","grande magazzino"
"it.lex.natura","nature","natura"
"it.lex.foresta-bosco","forest","foresta / bosco"
"it.lex.albero","tree","albero"
"it.lex.fiore","flower","fiore"
"it.lex.erba","grass","erba"
"it.lex.foglia","leaf","foglia"
"it.lex.radice","root","radice"
"it.lex.ramo","branch","ramo"
"it.lex.cespuglio","bush","cespuglio"
"it.lex.montagna","mountain","montagna"
"it.lex.collina","hill","collina"
"it.lex.valle","valley","valle"
"it.lex.fiume","river","fiume"
"it.lex.lago","lake","lago"
"it.lex.mare","sea","mare"
"it.lex.oceano","ocean","oceano"
"it.lex.spiaggia","beach","spiaggia"
"it.lex.isola","island","isola"
"it.lex.deserto","desert","deserto"
"it.lex.giungla","jungle","giungla"
"it.lex.campo","field","campo"
"it.lex.prato","meadow","prato"
"it.lex.grotta","cave","grotta"
"it.lex.cascata","waterfall","cascata"
"it.lex.vulcano","volcano","vulcano"
"it.lex.ghiacciaio","glacier","ghiacciaio"
"it.lex.cielo","sky","cielo"
"it.lex.sole","sun","sole"
"it.lex.luna","moon","luna"
"it.lex.stella","star","stella"
"it.lex.nuvola","cloud","nuvola"
"it.lex.pioggia","rain","pioggia"
"it.lex.neve","snow","neve"
"it.lex.vento","wind","vento"
"it.lex.tempesta","storm","tempesta"
"it.lex.tuono","thunder","tuono"
"it.lex.fulmine","lightning","fulmine"
"it.lex.arcobaleno","rainbow","arcobaleno"
"it.lex.nebbia","fog","nebbia"
"it.lex.ghiaccio","ice","ghiaccio"
"it.lex.brina","frost","brina"
"it.lex.grandine","hail","grandine"
"it.lex.terremoto","earthquake","terremoto"
"it.lex.alluvione","flood","alluvione"
"it.lex.siccita","drought","siccità"
"it.lex.terra","earth / soil","terra"
"it.lex.pietra-sasso","stone","pietra / sasso"
"it.lex.sabbia","sand","sabbia"
"it.lex.fuoco","fire","fuoco"
"it.lex.fumo","smoke","fumo"
"it.lex.aria","air","aria"
"it.lex.onda","wave","onda"
"it.lex.costa","coast","costa"
"it.lex.scogliera","cliff","scogliera"
"it.lex.penisola","peninsula","penisola"
"it.lex.orizzonte","horizon","orizzonte"
"it.lex.paesaggio","landscape","paesaggio"
"it.lex.ambiente","environment","ambiente"
"it.lex.cane","dog","cane"
"it.lex.gatto","cat","gatto"
"it.lex.cavallo","horse","cavallo"
"it.lex.mucca","cow","mucca"
"it.lex.maiale.pig","pig","maiale"
"it.lex.pecora","sheep","pecora"
"it.lex.capra","goat","capra"
"it.lex.pollo","chicken","pollo"
"it.lex.anatra","duck","anatra"
"it.lex.coniglio","rabbit","coniglio"
"it.lex.topo","mouse","topo"
"it.lex.ratto","rat","ratto"
"it.lex.uccello","bird","uccello"
"it.lex.aquila","eagle","aquila"
"it.lex.gufo-civetta","owl","gufo / civetta"
"it.lex.pappagallo","parrot","pappagallo"
"it.lex.piccione","pigeon","piccione"
"it.lex.cornacchia","crow","cornacchia"
"it.lex.rondine","swallow","rondine"
"it.lex.passero","sparrow","passero"
"it.lex.gabbiano","seagull","gabbiano"
"it.lex.pesce","fish","pesce"
"it.lex.squalo","shark","squalo"
"it.lex.balena","whale","balena"
"it.lex.delfino","dolphin","delfino"
"it.lex.rana","frog","rana"
"it.lex.serpente","snake","serpente"
"it.lex.tartaruga","turtle","tartaruga"
"it.lex.coccodrillo","crocodile","coccodrillo"
"it.lex.lucertola","lizard","lucertola"
"it.lex.leone","lion","leone"
"it.lex.tigre","tiger","tigre"
"it.lex.orso","bear","orso"
"it.lex.lupo","wolf","lupo"
"it.lex.volpe","fox","volpe"
"it.lex.cervo","deer","cervo"
"it.lex.coniglio","rabbit","coniglio"
"it.lex.scoiattolo","squirrel","scoiattolo"
"it.lex.elefante","elephant","elefante"
"it.lex.giraffa","giraffe","giraffa"
"it.lex.zebra","zebra","zebra"
"it.lex.scimmia","monkey","scimmia"
"it.lex.gorilla","gorilla","gorilla"
"it.lex.cammello","camel","cammello"
"it.lex.canguro","kangaroo","canguro"
"it.lex.pinguino","penguin","pinguino"
"it.lex.orso-polare","polar bear","orso polare"
"it.lex.farfalla","butterfly","farfalla"
"it.lex.ape","bee","ape"
"it.lex.formica","ant","formica"
"it.lex.ragno","spider","ragno"
"it.lex.mosca","fly","mosca"
"it.lex.zanzara","mosquito","zanzara"
"it.lex.verme","worm","verme"
"it.lex.lumaca","snail","lumaca"
"it.lex.medusa","jellyfish","medusa"
"it.lex.polpo","octopus","polpo"
"it.lex.granchio","crab","granchio"
"it.lex.aragosta","lobster","aragosta"
"it.lex.tempo-ora","time","tempo / ora"
"it.lex.ora","hour","ora"
"it.lex.minuto","minute","minuto"
"it.lex.secondo.second","second","secondo"
"it.lex.giorno","day","giorno"
"it.lex.settimana","week","settimana"
"it.lex.mese","month","mese"
"it.lex.anno","year","anno"
"it.lex.decennio","decade","decennio"
"it.lex.secolo","century","secolo"
"it.lex.mattina","morning","mattina"
"it.lex.pomeriggio","afternoon","pomeriggio"
"it.lex.sera","evening","sera"
"it.lex.notte","night","notte"
"it.lex.mezzogiorno","noon","mezzogiorno"
"it.lex.mezzanotte","midnight","mezzanotte"
"it.lex.alba","dawn","alba"
"it.lex.tramonto","dusk","tramonto"
"it.lex.lunedi","Monday","lunedì"
"it.lex.martedi","Tuesday","martedì"
"it.lex.mercoledi","Wednesday","mercoledì"
"it.lex.giovedi","Thursday","giovedì"
"it.lex.venerdi","Friday","venerdì"
"it.lex.sabato","Saturday","sabato"
"it.lex.domenica","Sunday","domenica"
"it.lex.gennaio","January","gennaio"
"it.lex.febbraio","February","febbraio"
"it.lex.marzo","March","marzo"
"it.lex.aprile","April","aprile"
"it.lex.maggio","May","maggio"
"it.lex.giugno","June","giugno"
"it.lex.luglio","July","luglio"
"it.lex.agosto","August","agosto"
"it.lex.settembre","September","settembre"
"it.lex.ottobre","October","ottobre"
"it.lex.novembre","November","novembre"
"it.lex.dicembre","December","dicembre"
"it.lex.primavera","spring","primavera"
"it.lex.estate","summer","estate"
"it.lex.autunno","autumn","autunno"
"it.lex.inverno","winter","inverno"
"it.lex.vacanza","holiday","vacanza"
"it.lex.ferie-vacanze","vacation","ferie / vacanze"
"it.lex.compleanno","birthday","compleanno"
"it.lex.anniversario","anniversary","anniversario"
"it.lex.matrimonio","wedding","matrimonio"
"it.lex.funerale","funeral","funerale"
"it.lex.passato","past","passato"
"it.lex.presente","present","presente"
"it.lex.futuro","future","futuro"
"it.lex.fine-settimana","weekend","fine settimana"
"it.lex.scadenza","deadline","scadenza"
"it.lex.oggi","today","oggi"
"it.lex.ieri","yesterday","ieri"
"it.lex.domani","tomorrow","domani"
"it.lex.l-altro-ieri","the day before yesterday","l'altro ieri"
"it.lex.dopodomani","the day after tomorrow","dopodomani"
"it.lex.la-settimana-scorsa","last week","la settimana scorsa"
"it.lex.la-settimana-prossima","next week","la settimana prossima"
"it.lex.l-anno-scorso","last year","l'anno scorso"
"it.lex.l-anno-prossimo","next year","l'anno prossimo"
"it.lex.classe","class","classe"
"it.lex.lezione","lesson","lezione"
"it.lex.materia","subject","materia"
"it.lex.compiti","homework","compiti"
"it.lex.esame","exam","esame"
"it.lex.voto","grade","voto"
"it.lex.diploma","diploma","diploma"
"it.lex.laurea","degree","laurea"
"it.lex.conoscenza","knowledge","conoscenza"
"it.lex.abilita-competenza","skill","abilità / competenza"
"it.lex.lingua.language","language","lingua"
"it.lex.parola","word","parola"
"it.lex.frase","sentence","frase"
"it.lex.grammatica","grammar","grammatica"
"it.lex.vocabolario","vocabulary","vocabolario"
"it.lex.pronuncia","pronunciation","pronuncia"
"it.lex.traduzione","translation","traduzione"
"it.lex.dizionario","dictionary","dizionario"
"it.lex.libro","book","libro"
"it.lex.quaderno","notebook","quaderno"
"it.lex.penna","pen","penna"
"it.lex.matita","pencil","matita"
"it.lex.carta","paper","carta"
"it.lex.pagina","page","pagina"
"it.lex.capitolo","chapter","capitolo"
"it.lex.paragrafo","paragraph","paragrafo"
"it.lex.testo","text","testo"
"it.lex.domanda","question","domanda"
"it.lex.risposta","answer","risposta"
"it.lex.esercizio","exercise","esercizio"
"it.lex.matematica","math","matematica"
"it.lex.fisica","physics","fisica"
"it.lex.chimica","chemistry","chimica"
"it.lex.biologia","biology","biologia"
"it.lex.storia","history","storia"
"it.lex.geografia","geography","geografia"
"it.lex.arte","art","arte"
"it.lex.musica","music","musica"
"it.lex.sport","sport","sport"
"it.lex.conferenza-lezione","lecture","conferenza / lezione"
"it.lex.seminario","seminar","seminario"
"it.lex.tesi","thesis","tesi"
"it.lex.borsa-di-studio","scholarship","borsa di studio"
"it.lex.campus","campus","campus"
"it.lex.aula","classroom","aula"
"it.lex.lavagna","blackboard","lavagna"
"it.lex.scuola-elementare","primary school","scuola elementare"
"it.lex.liceo-scuola-superiore","high school","liceo / scuola superiore"
"it.lex.universita","university","università"
"it.lex.istituto-professionale","vocational school","istituto professionale"
"it.lex.esame-orale","oral exam","esame orale"
"it.lex.esame-scritto","written exam","esame scritto"
"it.lex.tema-saggio","essay","tema / saggio"
"it.lex.presentazione","presentation","presentazione"
"it.lex.elaborato-ricerca","research paper","elaborato / ricerca"
"it.lex.plagio","plagiarism","plagio"
"it.lex.citazione","citation","citazione"
"it.lex.superare-un-esame","to pass an exam","superare un esame"
"it.lex.non-superare-un-esame","to fail an exam","non superare un esame"
"it.lex.laurearsi","to graduate","laurearsi"
"it.lex.mensa","canteen","mensa"
"it.lex.dormitorio-residenza-universitaria","dormitory","dormitorio / residenza universitaria"
"it.lex.programma.curriculum","curriculum","programma"
"it.lex.semestre","semester","semestre"
"it.lex.tassa-universitaria","tuition fee","tassa universitaria"
"it.lex.lavoro","work","lavoro"
"it.lex.lavoro-impiego","job","lavoro / impiego"
"it.lex.carriera","career","carriera"
"it.lex.stipendio","salary","stipendio"
"it.lex.salario","wage","salario"
"it.lex.reddito","income","reddito"
"it.lex.soldi-denaro","money","soldi / denaro"
"it.lex.prezzo","price","prezzo"
"it.lex.costo","cost","costo"
"it.lex.budget","budget","budget"
"it.lex.profitto","profit","profitto"
"it.lex.perdita","loss","perdita"
"it.lex.tassa-imposta","tax","tassa / imposta"
"it.lex.conto-fattura","bill","conto / fattura"
"it.lex.ricevuta","receipt","ricevuta"
"it.lex.contratto","contract","contratto"
"it.lex.riunione","meeting","riunione"
"it.lex.progetto","project","progetto"
"it.lex.relazione-rapporto","report","relazione / rapporto"
"it.lex.email","email","email"
"it.lex.azienda","company","azienda"
"it.lex.squadra-team","team","squadra / team"
"it.lex.colloquio","interview","colloquio"
"it.lex.candidatura","application","candidatura"
"it.lex.curriculum-vitae","resume","curriculum vitae"
"it.lex.investimento","investment","investimento"
"it.lex.prestito","loan","prestito"
"it.lex.debito","debt","debito"
"it.lex.risparmi","savings","risparmi"
"it.lex.assicurazione","insurance","assicurazione"
"it.lex.pensione","pension","pensione"
"it.lex.sindacato","trade union","sindacato"
"it.lex.borsa.stock-market","stock market","borsa"
"it.lex.crisi","crisis","crisi"
"it.lex.economia","economy","economia"
"it.lex.industria","industry","industria"
"it.lex.prodotto","product","prodotto"
"it.lex.marca-brand","brand","marca / brand"
"it.lex.qualita","quality","qualità"
"it.lex.offerta","offer","offerta"
"it.lex.vendita","sale","vendita"
"it.lex.sconto","discount","sconto"
"it.lex.affari","business","affari"
"it.lex.imprenditore","entrepreneur","imprenditore"
"it.lex.startup","startup","startup"
"it.lex.ufficio","office","ufficio"
"it.lex.straordinario","overtime","straordinario"
"it.lex.turno","shift","turno"
"it.lex.promozione","promotion","promozione"
"it.lex.disoccupazione","unemployment","disoccupazione"
"it.lex.libero-professionista","freelance","libero professionista"
"it.lex.laboratorio-workshop","workshop","laboratorio / workshop"
"it.lex.conferenza","conference","conferenza"
"it.lex.scadenza","deadline","scadenza"
"it.lex.obiettivo.target","target","obiettivo"
"it.lex.strategia","strategy","strategia"
"it.lex.negoziazione","negotiation","negoziazione"
"it.lex.partnership","partnership","partnership"
"it.lex.computer","computer","computer"
"it.lex.laptop-portatile","laptop","laptop / portatile"
"it.lex.telefono","phone","telefono"
"it.lex.smartphone-cellulare","smartphone","smartphone / cellulare"
"it.lex.tablet","tablet","tablet"
"it.lex.schermo","screen","schermo"
"it.lex.tastiera","keyboard","tastiera"
"it.lex.mouse","mouse","mouse"
"it.lex.cavo","cable","cavo"
"it.lex.internet","internet","internet"
"it.lex.sito-web","website","sito web"
"it.lex.app","app","app"
"it.lex.software","software","software"
"it.lex.programma.program","program","programma"
"it.lex.file","file","file"
"it.lex.cartella","folder","cartella"
"it.lex.password","password","password"
"it.lex.account","account","account"
"it.lex.messaggio","message","messaggio"
"it.lex.foto","photo","foto"
"it.lex.video","video","video"
"it.lex.fotocamera-telecamera","camera","fotocamera / telecamera"
"it.lex.televisione","television","televisione"
"it.lex.radio","radio","radio"
"it.lex.batteria.battery","battery","batteria"
"it.lex.caricabatterie","charger","caricabatterie"
"it.lex.stampante","printer","stampante"
"it.lex.rete","network","rete"
"it.lex.dati","data","dati"
"it.lex.cloud","cloud","cloud"
"it.lex.nome-utente","username","nome utente"
"it.lex.notifica","notification","notifica"
"it.lex.algoritmo","algorithm","algoritmo"
"it.lex.database","database","database"
"it.lex.sistema-operativo","operating system","sistema operativo"
"it.lex.programmazione","programming","programmazione"
"it.lex.bug-errore","bug","bug / errore"
"it.lex.aggiornamento","update","aggiornamento"
"it.lex.download","download","download"
"it.lex.caricamento","upload","caricamento"
"it.lex.wi-fi","wi-fi","wi-fi"
"it.lex.bluetooth","bluetooth","bluetooth"
"it.lex.sicurezza-informatica","cybersecurity","sicurezza informatica"
"it.lex.crittografia","encryption","crittografia"
"it.lex.intelligenza-artificiale","artificial intelligence","intelligenza artificiale"
"it.lex.realta-virtuale","virtual reality","realtà virtuale"
"it.lex.stampa-3d","3D printing","stampa 3D"
"it.lex.automazione","automation","automazione"
"it.lex.social-media","social media","social media"
"it.lex.streaming","streaming","streaming"
"it.lex.commercio-elettronico","e-commerce","commercio elettronico"
"it.lex.digitale","digital","digitale"
"it.lex.salute","health","salute"
"it.lex.malattia","illness","malattia"
"it.lex.dolore","pain","dolore"
"it.lex.febbre","fever","febbre"
"it.lex.raffreddore","cold","raffreddore"
"it.lex.influenza","flu","influenza"
"it.lex.allergia","allergy","allergia"
"it.lex.medicina-farmaco","medicine","medicina / farmaco"
"it.lex.pillola","pill","pillola"
"it.lex.iniezione","injection","iniezione"
"it.lex.benda","bandage","benda"
"it.lex.operazione","operation","operazione"
"it.lex.appuntamento","appointment","appuntamento"
"it.lex.dieta","diet","dieta"
"it.lex.sonno","sleep","sonno"
"it.lex.stress","stress","stress"
"it.lex.peso","weight","peso"
"it.lex.mal-di-testa","headache","mal di testa"
"it.lex.mal-di-stomaco","stomachache","mal di stomaco"
"it.lex.mal-di-denti","toothache","mal di denti"
"it.lex.mal-di-schiena","back pain","mal di schiena"
"it.lex.ricetta.prescription","prescription","ricetta"
"it.lex.sintomo","symptom","sintomo"
"it.lex.diagnosi","diagnosis","diagnosi"
"it.lex.trattamento","treatment","trattamento"
"it.lex.vaccino","vaccine","vaccino"
"it.lex.virus","virus","virus"
"it.lex.batteri","bacteria","batteri"
"it.lex.pressione-sanguigna","blood pressure","pressione sanguigna"
"it.lex.frequenza-cardiaca","heart rate","frequenza cardiaca"
"it.lex.pronto-soccorso.first-aid","first aid","pronto soccorso"
"it.lex.emergenza","emergency","emergenza"
"it.lex.sala-d-attesa","waiting room","sala d'attesa"
"it.lex.studio-medico","doctor's office","studio medico"
"it.lex.visita-di-controllo","checkup","visita di controllo"
"it.lex.chirurgia-intervento","surgery","chirurgia / intervento"
"it.lex.guarigione-recupero","recovery","guarigione / recupero"
"it.lex.prevenzione","prevention","prevenzione"
"it.lex.igiene","hygiene","igiene"
"it.lex.disinfettante","disinfectant","disinfettante"
"it.lex.ambulanza","ambulance","ambulanza"
"it.lex.sedia-a-rotelle","wheelchair","sedia a rotelle"
"it.lex.stampelle","crutches","stampelle"
"it.lex.farmacia","pharmacy","farmacia"
"it.lex.analisi-del-sangue","blood test","analisi del sangue"
"it.lex.radiografia","X-ray","radiografia"
"it.lex.scansione-ecografia","scan","scansione / ecografia"
"it.lex.termometro","thermometer","termometro"
"it.lex.vestiti-abbigliamento","clothes","vestiti / abbigliamento"
"it.lex.camicia","shirt","camicia"
"it.lex.maglietta","t-shirt","maglietta"
"it.lex.pantaloni","pants","pantaloni"
"it.lex.jeans","jeans","jeans"
"it.lex.vestito-abito","dress","vestito / abito"
"it.lex.gonna","skirt","gonna"
"it.lex.giacca","jacket","giacca"
"it.lex.cappotto","coat","cappotto"
"it.lex.maglione","sweater","maglione"
"it.lex.abito-completo","suit","abito / completo"
"it.lex.cravatta","tie","cravatta"
"it.lex.scarpe","shoes","scarpe"
"it.lex.stivali","boots","stivali"
"it.lex.calzini","socks","calzini"
"it.lex.cappello","hat","cappello"
"it.lex.berretto","cap","berretto"
"it.lex.sciarpa","scarf","sciarpa"
"it.lex.guanti","gloves","guanti"
"it.lex.occhiali","glasses","occhiali"
"it.lex.occhiali-da-sole","sunglasses","occhiali da sole"
"it.lex.borsa.bag","bag","borsa"
"it.lex.anello","ring","anello"
"it.lex.orologio","watch","orologio"
"it.lex.collana","necklace","collana"
"it.lex.orecchino","earring","orecchino"
"it.lex.braccialetto","bracelet","braccialetto"
"it.lex.ombrello","umbrella","ombrello"
"it.lex.cintura","belt","cintura"
"it.lex.tasca","pocket","tasca"
"it.lex.bottone","button","bottone"
"it.lex.cerniera","zipper","cerniera"
"it.lex.biancheria-intima","underwear","biancheria intima"
"it.lex.pigiama","pajamas","pigiama"
"it.lex.costume-da-bagno","swimsuit","costume da bagno"
"it.lex.abbigliamento-sportivo","sportswear","abbigliamento sportivo"
"it.lex.impermeabile","raincoat","impermeabile"
"it.lex.sandali","sandals","sandali"
"it.lex.scarpe-da-ginnastica","sneakers","scarpe da ginnastica"
"it.lex.tacco","heel","tacco"
"it.lex.pelliccia","fur coat","pelliccia"
"it.lex.giubbotto-di-pelle","leather jacket","giubbotto di pelle"
"it.lex.felpa-con-cappuccio","hoodie","felpa con cappuccio"
"it.lex.pantaloncini","shorts","pantaloncini"
"it.lex.seta","silk","seta"
"it.lex.cotone","cotton","cotone"
"it.lex.lana","wool","lana"
"it.lex.lino","linen","lino"
"it.lex.idea","idea","idea"
"it.lex.pensiero","thought","pensiero"
"it.lex.opinione","opinion","opinione"
"it.lex.sentimento","feeling","sentimento"
"it.lex.sogno","dream","sogno"
"it.lex.memoria-ricordo","memory","memoria / ricordo"
"it.lex.immaginazione","imagination","immaginazione"
"it.lex.decisione","decision","decisione"
"it.lex.scelta","choice","scelta"
"it.lex.piano","plan","piano"
"it.lex.obiettivo.goal","goal","obiettivo"
"it.lex.desiderio","wish","desiderio"
"it.lex.speranza","hope","speranza"
"it.lex.paura","fear","paura"
"it.lex.amore","love","amore"
"it.lex.odio","hate","odio"
"it.lex.gioia","joy","gioia"
"it.lex.tristezza","sadness","tristezza"
"it.lex.rabbia","anger","rabbia"
"it.lex.sorpresa","surprise","sorpresa"
"it.lex.fiducia","trust","fiducia"
"it.lex.rispetto","respect","rispetto"
"it.lex.amicizia","friendship","amicizia"
"it.lex.liberta","freedom","libertà"
"it.lex.pace","peace","pace"
"it.lex.guerra","war","guerra"
"it.lex.pericolo","danger","pericolo"
"it.lex.fortuna","luck","fortuna"
"it.lex.successo","success","successo"
"it.lex.fallimento.failure","failure","fallimento"
"it.lex.errore","mistake","errore"
"it.lex.problema","problem","problema"
"it.lex.soluzione","solution","soluzione"
"it.lex.ragione-motivo","reason","ragione / motivo"
"it.lex.causa","cause","causa"
"it.lex.effetto","effect","effetto"
"it.lex.risultato","result","risultato"
"it.lex.esperienza","experience","esperienza"
"it.lex.consiglio.advice","advice","consiglio"
"it.lex.regola","rule","regola"
"it.lex.legge","law","legge"
"it.lex.diritto","right","diritto"
"it.lex.responsabilita","responsibility","responsabilità"
"it.lex.verita","truth","verità"
"it.lex.bugia","lie","bugia"
"it.lex.importanza","importance","importanza"
"it.lex.valore","value","valore"
"it.lex.differenza","difference","differenza"
"it.lex.somiglianza","similarity","somiglianza"
"it.lex.cambiamento","change","cambiamento"
"it.lex.progresso","progress","progresso"
"it.lex.cultura","culture","cultura"
"it.lex.tradizione","tradition","tradizione"
"it.lex.religione","religion","religione"
"it.lex.politica","politics","politica"
"it.lex.societa","society","società"
"it.lex.ambiente","environment","ambiente"
"it.lex.scienza","science","scienza"
"it.lex.tecnologia","technology","tecnologia"
"it.lex.istruzione-educazione","education","istruzione / educazione"
"it.lex.opportunita","opportunity","opportunità"
"it.lex.rischio","risk","rischio"
"it.lex.solitudine","loneliness","solitudine"
"it.lex.nostalgia","nostalgia","nostalgia"
"it.lex.entusiasmo","enthusiasm","entusiasmo"
"it.lex.passione","passion","passione"
"it.lex.colpa","guilt","colpa"
"it.lex.orgoglio","pride","orgoglio"
"it.lex.gratitudine","gratitude","gratitudine"
"it.lex.sollievo","relief","sollievo"
"it.lex.noia","boredom","noia"
"it.lex.ansia","anxiety","ansia"
"it.lex.empatia","empathy","empatia"
"it.lex.compassione","compassion","compassione"
"it.lex.coraggio","courage","coraggio"
"it.lex.pazienza","patience","pazienza"
"it.lex.generosita","generosity","generosità"
"it.lex.onesta","honesty","onestà"
"it.lex.lealta","loyalty","lealtà"
"it.lex.giustizia","justice","giustizia"
"it.lex.uguaglianza","equality","uguaglianza"
"it.lex.essere","to be","essere"
"it.lex.avere","to have","avere"
"it.lex.fare","to do / make","fare"
"it.lex.dire","to say","dire"
"it.lex.andare","to go","andare"
"it.lex.venire","to come","venire"
"it.lex.sapere","to know (a fact)","sapere"
"it.lex.conoscere","to know (a person)","conoscere"
"it.lex.pensare","to think","pensare"
"it.lex.vedere","to see","vedere"
"it.lex.volere","to want","volere"
"it.lex.dare","to give","dare"
"it.lex.prendere","to take","prendere"
"it.lex.trovare","to find","trovare"
"it.lex.raccontare-dire","to tell","raccontare / dire"
"it.lex.chiedere","to ask","chiedere"
"it.lex.lavorare","to work","lavorare"
"it.lex.chiamare","to call","chiamare"
"it.lex.provare-cercare","to try","provare / cercare"
"it.lex.aver-bisogno-di","to need","aver bisogno di"
"it.lex.sentire-sentirsi","to feel","sentire / sentirsi"
"it.lex.diventare","to become","diventare"
"it.lex.partire-lasciare","to leave","partire / lasciare"
"it.lex.significare","to mean","significare"
"it.lex.tenere-mantenere","to keep","tenere / mantenere"
"it.lex.lasciare","to let","lasciare"
"it.lex.iniziare-cominciare","to begin","iniziare / cominciare"
"it.lex.mostrare","to show","mostrare"
"it.lex.sentire","to hear","sentire"
"it.lex.giocare-suonare","to play","giocare / suonare"
"it.lex.correre","to run","correre"
"it.lex.muoversi-spostarsi","to move","muoversi / spostarsi"
"it.lex.vivere","to live","vivere"
"it.lex.credere","to believe","credere"
"it.lex.tenere","to hold","tenere"
"it.lex.portare.to-bring","to bring","portare"
"it.lex.scrivere","to write","scrivere"
"it.lex.stare-in-piedi","to stand","stare in piedi"
"it.lex.perdere","to lose","perdere"
"it.lex.pagare","to pay","pagare"
"it.lex.incontrare","to meet","incontrare"
"it.lex.imparare","to learn","imparare"
"it.lex.cambiare","to change","cambiare"
"it.lex.guidare-condurre","to lead","guidare / condurre"
"it.lex.capire","to understand","capire"
"it.lex.guardare.to-watch","to watch","guardare"
"it.lex.seguire.to-follow","to follow","seguire"
"it.lex.fermarsi-smettere","to stop","fermarsi / smettere"
"it.lex.creare","to create","creare"
"it.lex.parlare","to speak","parlare"
"it.lex.leggere","to read","leggere"
"it.lex.trascorrere-passare","to spend (time)","trascorrere / passare"
"it.lex.spendere","to spend (money)","spendere"
"it.lex.crescere","to grow","crescere"
"it.lex.aprire","to open","aprire"
"it.lex.chiudere","to close","chiudere"
"it.lex.camminare","to walk","camminare"
"it.lex.vincere","to win","vincere"
"it.lex.offrire","to offer","offrire"
"it.lex.ricordare","to remember","ricordare"
"it.lex.amare","to love","amare"
"it.lex.comprare","to buy","comprare"
"it.lex.aspettare","to wait","aspettare"
"it.lex.morire","to die","morire"
"it.lex.mandare-inviare","to send","mandare / inviare"
"it.lex.costruire","to build","costruire"
"it.lex.restare-rimanere","to stay","restare / rimanere"
"it.lex.cadere","to fall","cadere"
"it.lex.tagliare","to cut","tagliare"
"it.lex.raggiungere","to reach","raggiungere"
"it.lex.vendere","to sell","vendere"
"it.lex.decidere","to decide","decidere"
"it.lex.tornare-restituire","to return","tornare / restituire"
"it.lex.spiegare","to explain","spiegare"
"it.lex.sperare","to hope","sperare"
"it.lex.sviluppare","to develop","sviluppare"
"it.lex.portare.to-carry","to carry","portare"
"it.lex.rompere","to break","rompere"
"it.lex.ricevere","to receive","ricevere"
"it.lex.essere-d-accordo","to agree","essere d'accordo"
"it.lex.supportare-sostenere","to support","supportare / sostenere"
"it.lex.mangiare","to eat","mangiare"
"it.lex.bere","to drink","bere"
"it.lex.dormire","to sleep","dormire"
"it.lex.sedersi.to-sit","to sit","sedersi"
"it.lex.aiutare","to help","aiutare"
"it.lex.viaggiare","to travel","viaggiare"
"it.lex.volare","to fly","volare"
"it.lex.nuotare","to swim","nuotare"
"it.lex.cucinare","to cook","cucinare"
"it.lex.guidare","to drive","guidare"
"it.lex.girare","to turn","girare"
"it.lex.tirare.to-pull","to pull","tirare"
"it.lex.spingere.to-push","to push","spingere"
"it.lex.saltare","to jump","saltare"
"it.lex.lanciare.to-throw","to throw","lanciare"
"it.lex.prendere-afferrare","to catch","prendere / afferrare"
"it.lex.cantare","to sing","cantare"
"it.lex.ballare","to dance","ballare"
"it.lex.ridere","to laugh","ridere"
"it.lex.piangere","to cry","piangere"
"it.lex.sorridere","to smile","sorridere"
"it.lex.baciare","to kiss","baciare"
"it.lex.abbracciare","to hug","abbracciare"
"it.lex.combattere-litigare","to fight","combattere / litigare"
"it.lex.scegliere","to choose","scegliere"
"it.lex.usare-utilizzare","to use","usare / utilizzare"
"it.lex.pulire","to clean","pulire"
"it.lex.riparare.to-fix","to fix","riparare"
"it.lex.iniziare-partire","to start","iniziare / partire"
"it.lex.finire","to finish","finire"
"it.lex.controllare","to check","controllare"
"it.lex.pianificare","to plan","pianificare"
"it.lex.preparare","to prepare","preparare"
"it.lex.misurare","to measure","misurare"
"it.lex.contare","to count","contare"
"it.lex.condividere","to share","condividere"
"it.lex.visitare","to visit","visitare"
"it.lex.invitare","to invite","invitare"
"it.lex.accettare","to accept","accettare"
"it.lex.rifiutare","to refuse","rifiutare"
"it.lex.dimenticare","to forget","dimenticare"
"it.lex.perdonare","to forgive","perdonare"
"it.lex.promettere","to promise","promettere"
"it.lex.suggerire","to suggest","suggerire"
"it.lex.consigliare","to recommend","consigliare"
"it.lex.ringraziare","to thank","ringraziare"
"it.lex.salutare","to greet","salutare"
"it.lex.presentare","to introduce","presentare"
"it.lex.confermare","to confirm","confermare"
"it.lex.annullare","to cancel","annullare"
"it.lex.prenotare","to reserve","prenotare"
"it.lex.ordinare","to order","ordinare"
"it.lex.prendere-in-prestito","to borrow","prendere in prestito"
"it.lex.prestare","to lend","prestare"
"it.lex.affittare","to rent","affittare"
"it.lex.guadagnare","to earn","guadagnare"
"it.lex.risparmiare","to save","risparmiare"
"it.lex.gestire","to manage","gestire"
"it.lex.organizzare","to organize","organizzare"
"it.lex.risolvere","to solve","risolvere"
"it.lex.proteggere","to protect","proteggere"
"it.lex.evitare","to avoid","evitare"
"it.lex.permettere","to allow","permettere"
"it.lex.prevenire","to prevent","prevenire"
"it.lex.migliorare","to improve","migliorare"
"it.lex.aumentare","to increase","aumentare"
"it.lex.diminuire","to decrease","diminuire"
"it.lex.raccogliere.to-collect","to collect","raccogliere"
"it.lex.cercare","to search","cercare"
"it.lex.scoprire","to find out","scoprire"
"it.lex.notare","to notice","notare"
"it.lex.immaginare","to imagine","immaginare"
"it.lex.preoccuparsi","to worry","preoccuparsi"
"it.lex.godere-divertirsi","to enjoy","godere / divertirsi"
"it.lex.soffrire","to suffer","soffrire"
"it.lex.festeggiare","to celebrate","festeggiare"
"it.lex.rilassarsi","to relax","rilassarsi"
"it.lex.studiare","to study","studiare"
"it.lex.insegnare","to teach","insegnare"
"it.lex.disegnare","to draw","disegnare"
"it.lex.dipingere","to paint","dipingere"
"it.lex.fotografare","to photograph","fotografare"
"it.lex.registrare","to record","registrare"
"it.lex.stampare","to print","stampare"
"it.lex.salvare","to save (file)","salvare"
"it.lex.eliminare-cancellare","to delete","eliminare / cancellare"
"it.lex.installare","to install","installare"
"it.lex.scaricare","to download","scaricare"
"it.lex.caricare","to upload","caricare"
"it.lex.connettere-collegare","to connect","connettere / collegare"
"it.lex.tradurre","to translate","tradurre"
"it.lex.ripetere","to repeat","ripetere"
"it.lex.praticare-esercitarsi","to practice","praticare / esercitarsi"
"it.lex.assumere","to hire","assumere"
"it.lex.licenziare","to fire","licenziare"
"it.lex.candidarsi","to apply","candidarsi"
"it.lex.andare-in-pensione","to retire","andare in pensione"
"it.lex.partecipare","to participate","partecipare"
"it.lex.confrontare","to compare","confrontare"
"it.lex.sdraiarsi","to lie down","sdraiarsi"
"it.lex.alzarsi-in-piedi","to stand up","alzarsi in piedi"
"it.lex.sedersi.to-sit-down","to sit down","sedersi"
"it.lex.alzarsi","to get up","alzarsi"
"it.lex.svegliarsi","to wake up","svegliarsi"
"it.lex.addormentarsi","to fall asleep","addormentarsi"
"it.lex.vestirsi","to get dressed","vestirsi"
"it.lex.svestirsi","to get undressed","svestirsi"
"it.lex.affrettarsi-sbrigarsi","to hurry","affrettarsi / sbrigarsi"
"it.lex.calmarsi","to calm down","calmarsi"
"it.lex.innamorarsi","to fall in love","innamorarsi"
"it.lex.perdersi","to get lost","perdersi"
"it.lex.abituarsi-a","to get used to","abituarsi a"
"it.lex.lamentarsi","to complain","lamentarsi"
"it.lex.scusarsi","to apologize","scusarsi"
"it.lex.concentrarsi","to concentrate","concentrarsi"
"it.lex.assaggiare","to taste","assaggiare"
"it.lex.annusare","to smell","annusare"
"it.lex.toccare","to touch","toccare"
"it.lex.udire","to hear","udire"
"it.lex.guardare.to-look-at","to look at","guardare"
"it.lex.ascoltare","to listen to","ascoltare"
"it.lex.io-sono","I am","io sono"
"it.lex.tu-sei","you are (sg.)","tu sei"
"it.lex.lui-lei-e","he / she is","lui / lei è"
"it.lex.noi-siamo","we are","noi siamo"
"it.lex.voi-siete","you are (pl.)","voi siete"
"it.lex.loro-sono","they are","loro sono"
"it.lex.io-ho","I have","io ho"
"it.lex.tu-hai","you have (sg.)","tu hai"
"it.lex.lui-lei-ha","he / she has","lui / lei ha"
"it.lex.noi-abbiamo","we have","noi abbiamo"
"it.lex.voi-avete","you have (pl.)","voi avete"
"it.lex.loro-hanno","they have","loro hanno"
"it.lex.io-vado","I go","io vado"
"it.lex.tu-vai","you go (sg.)","tu vai"
"it.lex.lui-lei-va","he / she goes","lui / lei va"
"it.lex.noi-andiamo","we go","noi andiamo"
"it.lex.voi-andate","you go (pl.)","voi andate"
"it.lex.loro-vanno","they go","loro vanno"
"it.lex.io-vengo","I come","io vengo"
"it.lex.tu-vieni","you come (sg.)","tu vieni"
"it.lex.lui-lei-viene","he / she comes","lui / lei viene"
"it.lex.noi-veniamo","we come","noi veniamo"
"it.lex.voi-venite","you come (pl.)","voi venite"
"it.lex.loro-vengono","they come","loro vengono"
"it.lex.io-faccio","I do / make","io faccio"
"it.lex.tu-fai","you do (sg.)","tu fai"
"it.lex.lui-lei-fa","he / she does","lui / lei fa"
"it.lex.noi-facciamo","we do","noi facciamo"
"it.lex.voi-fate","you do (pl.)","voi fate"
"it.lex.loro-fanno","they do","loro fanno"
"it.lex.io-dico","I say","io dico"
"it.lex.tu-dici","you say (sg.)","tu dici"
"it.lex.lui-lei-dice","he / she says","lui / lei dice"
"it.lex.noi-diciamo","we say","noi diciamo"
"it.lex.voi-dite","you say (pl.)","voi dite"
"it.lex.loro-dicono","they say","loro dicono"
"it.lex.io-do","I give","io do"
"it.lex.tu-dai","you give (sg.)","tu dai"
"it.lex.lui-lei-da","he / she gives","lui / lei dà"
"it.lex.noi-diamo","we give","noi diamo"
"it.lex.voi-date","you give (pl.)","voi date"
"it.lex.loro-danno","they give","loro danno"
"it.lex.io-sto","I stay / am","io sto"
"it.lex.tu-stai","you stay (sg.)","tu stai"
"it.lex.lui-lei-sta","he / she stays","lui / lei sta"
"it.lex.noi-stiamo","we stay","noi stiamo"
"it.lex.voi-state","you stay (pl.)","voi state"
"it.lex.loro-stanno","they stay","loro stanno"
"it.lex.io-so","I know (a fact)","io so"
"it.lex.tu-sai","you know (sg.)","tu sai"
"it.lex.lui-lei-sa","he / she knows","lui / lei sa"
"it.lex.noi-sappiamo","we know","noi sappiamo"
"it.lex.voi-sapete","you know (pl.)","voi sapete"
"it.lex.loro-sanno","they know","loro sanno"
"it.lex.io-voglio","I want","io voglio"
"it.lex.tu-vuoi","you want (sg.)","tu vuoi"
"it.lex.lui-lei-vuole","he / she wants","lui / lei vuole"
"it.lex.noi-vogliamo","we want","noi vogliamo"
"it.lex.voi-volete","you want (pl.)","voi volete"
"it.lex.loro-vogliono","they want","loro vogliono"
"it.lex.io-posso","I can","io posso"
"it.lex.tu-puoi","you can (sg.)","tu puoi"
"it.lex.lui-lei-puo","he / she can","lui / lei può"
"it.lex.noi-possiamo","we can","noi possiamo"
"it.lex.voi-potete","you can (pl.)","voi potete"
"it.lex.loro-possono","they can","loro possono"
"it.lex.io-devo","I must / have to","io devo"
"it.lex.tu-devi","you must (sg.)","tu devi"
"it.lex.lui-lei-deve","he / she must","lui / lei deve"
"it.lex.noi-dobbiamo","we must","noi dobbiamo"
"it.lex.voi-dovete","you must (pl.)","voi dovete"
"it.lex.loro-devono","they must","loro devono"
"it.lex.io-esco","I go out","io esco"
"it.lex.tu-esci","you go out (sg.)","tu esci"
"it.lex.lui-lei-esce","he / she goes out","lui / lei esce"
"it.lex.noi-usciamo","we go out","noi usciamo"
"it.lex.voi-uscite","you go out (pl.)","voi uscite"
"it.lex.loro-escono","they go out","loro escono"
"it.lex.io-tengo","I hold / keep","io tengo"
"it.lex.tu-tieni","you hold (sg.)","tu tieni"
"it.lex.lui-lei-tiene","he / she holds","lui / lei tiene"
"it.lex.noi-teniamo","we hold","noi teniamo"
"it.lex.voi-tenete","you hold (pl.)","voi tenete"
"it.lex.loro-tengono","they hold","loro tengono"
"it.lex.io-scelgo","I choose","io scelgo"
"it.lex.tu-scegli","you choose (sg.)","tu scegli"
"it.lex.lui-lei-sceglie","he / she chooses","lui / lei sceglie"
"it.lex.noi-scegliamo","we choose","noi scegliamo"
"it.lex.loro-scelgono","they choose","loro scelgono"
"it.lex.io-bevo","I drink","io bevo"
"it.lex.tu-bevi","you drink (sg.)","tu bevi"
"it.lex.lui-lei-beve","he / she drinks","lui / lei beve"
"it.lex.noi-beviamo","we drink","noi beviamo"
"it.lex.loro-bevono","they drink","loro bevono"
"it.lex.io-pongo","I put / place","io pongo"
"it.lex.tu-poni","you put (sg.)","tu poni"
"it.lex.lui-lei-pone","he / she puts","lui / lei pone"
"it.lex.noi-poniamo","we put","noi poniamo"
"it.lex.loro-pongono","they put","loro pongono"
"it.lex.io-siedo-seggo","I sit","io siedo / seggo"
"it.lex.tu-siedi","you sit (sg.)","tu siedi"
"it.lex.lui-lei-siede","he / she sits","lui / lei siede"
"it.lex.noi-sediamo","we sit","noi sediamo"
"it.lex.loro-siedono","they sit","loro siedono"
"it.lex.io-rimango","I remain / stay","io rimango"
"it.lex.tu-rimani","you remain (sg.)","tu rimani"
"it.lex.lui-lei-rimane","he / she remains","lui / lei rimane"
"it.lex.noi-rimaniamo","we remain","noi rimaniamo"
"it.lex.loro-rimangono","they remain","loro rimangono"
"it.lex.io-muoio","I die","io muoio"
"it.lex.tu-muori","you die (sg.)","tu muori"
"it.lex.lui-lei-muore","he / she dies","lui / lei muore"
"it.lex.noi-moriamo","we die","noi moriamo"
"it.lex.loro-muoiono","they die","loro muoiono"
"it.lex.io-odo","I hear (formal)","io odo"
"it.lex.tu-odi","you hear (sg.)","tu odi"
"it.lex.lui-lei-ode","he / she hears","lui / lei ode"
"it.lex.io-salgo","I climb","io salgo"
"it.lex.tu-sali","you climb (sg.)","tu sali"
"it.lex.lui-lei-sale","he / she climbs","lui / lei sale"
"it.lex.noi-saliamo","we climb","noi saliamo"
"it.lex.loro-salgono","they climb","loro salgono"
"it.lex.io-traduco","I translate","io traduco"
"it.lex.tu-traduci","you translate (sg.)","tu traduci"
"it.lex.lui-lei-traduce","he / she translates","lui / lei traduce"
"it.lex.noi-traduciamo","we translate","noi traduciamo"
"it.lex.loro-traducono","they translate","loro traducono"
"it.lex.io-sono-stato-a","I have been","io sono stato/a"
"it.lex.io-ho-avuto","I have had","io ho avuto"
"it.lex.io-sono-andato-a","I have gone","io sono andato/a"
"it.lex.io-sono-venuto-a","I have come","io sono venuto/a"
"it.lex.io-ho-fatto","I have done / made","io ho fatto"
"it.lex.io-ho-detto","I have said","io ho detto"
"it.lex.io-ho-dato","I have given","io ho dato"
"it.lex.io-ho-visto","I have seen","io ho visto"
"it.lex.io-ho-scritto","I have written","io ho scritto"
"it.lex.io-ho-letto","I have read","io ho letto"
"it.lex.io-ho-parlato","I have spoken","io ho parlato"
"it.lex.io-ho-mangiato","I have eaten","io ho mangiato"
"it.lex.io-ho-bevuto","I have drunk","io ho bevuto"
"it.lex.io-ho-dormito","I have slept","io ho dormito"
"it.lex.io-sono-arrivato-a","I have arrived","io sono arrivato/a"
"it.lex.io-sono-partito-a","I have left","io sono partito/a"
"it.lex.io-sono-rimasto-a","I have stayed","io sono rimasto/a"
"it.lex.io-sono-caduto-a","I have fallen","io sono caduto/a"
"it.lex.io-sono-tornato-a","I have returned","io sono tornato/a"
"it.lex.io-ho-comprato","I have bought","io ho comprato"
"it.lex.io-ho-pagato","I have paid","io ho pagato"
"it.lex.io-ho-trovato","I have found","io ho trovato"
"it.lex.io-ho-preso","I have taken","io ho preso"
"it.lex.io-ho-messo","I have put","io ho messo"
"it.lex.io-ho-perso","I have lost","io ho perso"
"it.lex.io-ho-vinto","I have won","io ho vinto"
"it.lex.io-ho-rotto","I have broken","io ho rotto"
"it.lex.io-ho-aperto","I have opened","io ho aperto"
"it.lex.io-ho-chiuso","I have closed","io ho chiuso"
"it.lex.io-ho-chiesto","I have asked","io ho chiesto"
"it.lex.io-ho-risposto","I have answered","io ho risposto"
"it.lex.io-ho-pensato","I have thought","io ho pensato"
"it.lex.io-ho-capito","I have understood","io ho capito"
"it.lex.io-ho-ricevuto","I have received","io ho ricevuto"
"it.lex.io-ho-mandato","I have sent","io ho mandato"
"it.lex.io-ho-chiamato","I have called","io ho chiamato"
"it.lex.io-ho-provato","I have tried","io ho provato"
"it.lex.io-ho-imparato","I have learned","io ho imparato"
"it.lex.io-ho-scelto","I have chosen","io ho scelto"
"it.lex.io-ho-deciso","I have decided","io ho deciso"
"it.lex.io-ho-vissuto","I have lived","io ho vissuto"
"it.lex.io-ho-lavorato","I have worked","io ho lavorato"
"it.lex.io-ho-aiutato","I have helped","io ho aiutato"
"it.lex.io-ho-giocato","I have played","io ho giocato"
"it.lex.io-ho-riso","I have laughed","io ho riso"
"it.lex.io-ho-pianto","I have cried","io ho pianto"
"it.lex.io-ero-imperfetto","I was (ongoing past)","io ero (imperfetto)"
"it.lex.io-avevo","I had (ongoing past)","io avevo"
"it.lex.io-andavo","I was going (ongoing past)","io andavo"
"it.lex.io-mangiavo","I was eating","io mangiavo"
"it.lex.io-dormivo","I was sleeping","io dormivo"
"it.lex.io-lavoravo","I was working","io lavoravo"
"it.lex.andavo","I used to go","andavo"
"it.lex.mangiavo","I used to eat","mangiavo"
"it.lex.quando-ero-bambino-a","when I was a child","quando ero bambino/a"
"it.lex.ogni-giorno.every-day-i-would","every day I would","ogni giorno"
"it.lex.essere-stato","to be → been","essere → stato"
"it.lex.avere-avuto","to have → had","avere → avuto"
"it.lex.fare-fatto","to do → done","fare → fatto"
"it.lex.dire-detto","to say → said","dire → detto"
"it.lex.andare-andato","to go → gone","andare → andato"
"it.lex.venire-venuto","to come → come","venire → venuto"
"it.lex.vedere-visto","to see → seen","vedere → visto"
"it.lex.scrivere-scritto","to write → written","scrivere → scritto"
"it.lex.leggere-letto","to read → read","leggere → letto"
"it.lex.prendere-preso","to take → taken","prendere → preso"
"it.lex.dare-dato","to give → given","dare → dato"
"it.lex.trovare-trovato","to find → found","trovare → trovato"
"it.lex.aprire-aperto","to open → opened","aprire → aperto"
"it.lex.chiudere-chiuso","to close → closed","chiudere → chiuso"
"it.lex.perdere-perso","to lose → lost","perdere → perso"
"it.lex.vincere-vinto","to win → won","vincere → vinto"
"it.lex.rompere-rotto","to break → broken","rompere → rotto"
"it.lex.chiedere-chiesto","to ask → asked","chiedere → chiesto"
"it.lex.rispondere-risposto","to answer → answered","rispondere → risposto"
"it.lex.rimanere-rimasto","to stay → stayed","rimanere → rimasto"
"it.lex.mettere-messo","to put → put","mettere → messo"
"it.lex.scegliere-scelto","to choose → chosen","scegliere → scelto"
"it.lex.bere-bevuto","to drink → drunk","bere → bevuto"
"it.lex.cadere-caduto","to fall → fallen","cadere → caduto"
"it.lex.vivere-vissuto","to live → lived","vivere → vissuto"
"it.lex.morire-morto","to die → died","morire → morto"
"it.lex.correre-corso","to run → run","correre → corso"
"it.lex.tradurre-tradotto","to translate → translated","tradurre → tradotto"
"it.lex.capire-capito","to understand → understood","capire → capito"
"it.lex.decidere-deciso","to decide → decided","decidere → deciso"
"it.lex.sapere-saputo","to know → known","sapere → saputo"
"it.lex.nascere-nato","to be born → born","nascere → nato"
"it.lex.arrivare-arrivato","to arrive → arrived","arrivare → arrivato"
"it.lex.partire-partito","to leave → left","partire → partito"
"it.lex.buono","good","buono"
"it.lex.cattivo","bad","cattivo"
"it.lex.grande","big","grande"
"it.lex.piccolo","small","piccolo"
"it.lex.nuovo","new","nuovo"
"it.lex.vecchio","old","vecchio"
"it.lex.veloce","fast","veloce"
"it.lex.lento","slow","lento"
"it.lex.caldo","hot","caldo"
"it.lex.freddo","cold","freddo"
"it.lex.tiepido-caldo","warm","tiepido / caldo"
"it.lex.fresco.cool","cool","fresco"
"it.lex.lungo.long","long","lungo"
"it.lex.corto","short","corto"
"it.lex.largo","wide","largo"
"it.lex.stretto.narrow","narrow","stretto"
"it.lex.alto","high","alto"
"it.lex.basso","low","basso"
"it.lex.profondo","deep","profondo"
"it.lex.piatto.flat","flat","piatto"
"it.lex.pesante","heavy","pesante"
"it.lex.leggero","light","leggero"
"it.lex.duro","hard","duro"
"it.lex.morbido","soft","morbido"
"it.lex.forte","strong","forte"
"it.lex.debole","weak","debole"
"it.lex.forte-rumoroso","loud","forte / rumoroso"
"it.lex.silenzioso.quiet","quiet","silenzioso"
"it.lex.bello","beautiful","bello"
"it.lex.brutto","ugly","brutto"
"it.lex.pulito","clean","pulito"
"it.lex.sporco","dirty","sporco"
"it.lex.vuoto","empty","vuoto"
"it.lex.pieno","full","pieno"
"it.lex.aperto","open","aperto"
"it.lex.chiuso","closed","chiuso"
"it.lex.libero","free","libero"
"it.lex.occupato","busy","occupato"
"it.lex.facile","easy","facile"
"it.lex.difficile","difficult","difficile"
"it.lex.possibile","possible","possibile"
"it.lex.impossibile","impossible","impossibile"
"it.lex.necessario","necessary","necessario"
"it.lex.importante","important","importante"
"it.lex.interessante","interesting","interessante"
"it.lex.noioso","boring","noioso"
"it.lex.divertente-buffo","funny","divertente / buffo"
"it.lex.serio","serious","serio"
"it.lex.educato-cortese","polite","educato / cortese"
"it.lex.scortese-maleducato","rude","scortese / maleducato"
"it.lex.gentile","kind","gentile"
"it.lex.cattivo-meschino","mean","cattivo / meschino"
"it.lex.onesto","honest","onesto"
"it.lex.falso","FALSE","falso"
"it.lex.vero","TRUE","vero"
"it.lex.reale-vero","real","reale / vero"
"it.lex.strano","strange","strano"
"it.lex.normale","normal","normale"
"it.lex.speciale","special","speciale"
"it.lex.semplice","simple","semplice"
"it.lex.complesso","complex","complesso"
"it.lex.felice","happy","felice"
"it.lex.triste","sad","triste"
"it.lex.arrabbiato","angry","arrabbiato"
"it.lex.spaventato","afraid","spaventato"
"it.lex.sorpreso","surprised","sorpreso"
"it.lex.stanco","tired","stanco"
"it.lex.affamato","hungry","affamato"
"it.lex.assetato","thirsty","assetato"
"it.lex.malato","sick","malato"
"it.lex.sano","healthy","sano"
"it.lex.ricco","rich","ricco"
"it.lex.povero","poor","povero"
"it.lex.caro","expensive","caro"
"it.lex.economico","cheap","economico"
"it.lex.intelligente-furbo","clever","intelligente / furbo"
"it.lex.stupido","stupid","stupido"
"it.lex.coraggioso","brave","coraggioso"
"it.lex.codardo","cowardly","codardo"
"it.lex.pigro","lazy","pigro"
"it.lex.diligente","diligent","diligente"
"it.lex.paziente","patient","paziente"
"it.lex.impaziente","impatient","impaziente"
"it.lex.generoso","generous","generoso"
"it.lex.egoista","selfish","egoista"
"it.lex.ambizioso","ambitious","ambizioso"
"it.lex.creativo","creative","creativo"
"it.lex.affidabile","reliable","affidabile"
"it.lex.flessibile","flexible","flessibile"
"it.lex.timido","shy","timido"
"it.lex.sicuro-di-se","confident","sicuro di sé"
"it.lex.curioso","curious","curioso"
"it.lex.chiacchierone","talkative","chiacchierone"
"it.lex.sensibile","sensitive","sensibile"
"it.lex.testardo","stubborn","testardo"
"it.lex.ingenuo","naive","ingenuo"
"it.lex.maturo.mature","mature","maturo"
"it.lex.moderno","modern","moderno"
"it.lex.tradizionale","traditional","tradizionale"
"it.lex.antico","ancient","antico"
"it.lex.pericoloso","dangerous","pericoloso"
"it.lex.sicuro","safe","sicuro"
"it.lex.comodo","comfortable","comodo"
"it.lex.popolare","popular","popolare"
"it.lex.famoso","famous","famoso"
"it.lex.sposato","married","sposato"
"it.lex.divorziato","divorced","divorziato"
"it.lex.single-celibe-nubile","single","single / celibe / nubile"
"it.lex.istruito","educated","istruito"
"it.lex.esperto","experienced","esperto"
"it.lex.qualificato","qualified","qualificato"
"it.lex.buono-migliore-il-migliore","good – better – best","buono – migliore – il migliore"
"it.lex.cattivo-peggiore-il-peggiore","bad – worse – worst","cattivo – peggiore – il peggiore"
"it.lex.grande-piu-grande-il-piu-grande","big – bigger – biggest","grande – più grande – il più grande"
"it.lex.piccolo-piu-piccolo-il-piu-piccolo","small – smaller – smallest","piccolo – più piccolo – il più piccolo"
"it.lex.molto-di-piu-il-piu","much / many – more – most","molto – di più – il più"
"it.lex.poco-meno-il-meno","little / few – less – least","poco – meno – il meno"
"it.lex.alto-piu-alto-il-piu-alto","tall – taller – tallest","alto – più alto – il più alto"
"it.lex.vecchio-piu-vecchio-il-piu-vecchio","old – older – oldest","vecchio – più vecchio – il più vecchio"
"it.lex.giovane-piu-giovane-il-piu-giovane","young – younger – youngest","giovane – più giovane – il più giovane"
"it.lex.caro-piu-caro-il-piu-caro","expensive – more – most expensive","caro – più caro – il più caro"
"it.lex.veloce-piu-veloce-il-piu-veloce","fast – faster – fastest","veloce – più veloce – il più veloce"
"it.lex.bello-piu-bello-il-piu-bello","beautiful – more – most beautiful","bello – più bello – il più bello"
"it.lex.grande-quanto-cosi-grande-come","as big as","grande quanto / così grande come"
"it.lex.piu-grande-di","bigger than","più grande di"
"it.lex.il-piu-grande","the biggest","il più grande"
"it.lex.il-piu-velocemente-possibile","as fast as possible","il più velocemente possibile"
"it.lex.meglio-del-previsto","better than expected","meglio del previsto"
"it.lex.piu-pratichi-meglio-e","the more you practice, the better","più pratichi, meglio è"
"it.lex.prima-e-meglio-e","the sooner the better","prima è, meglio è"
"it.lex.ancora-meglio","even better","ancora meglio"
"it.lex.molto-peggio","much worse","molto peggio"
"it.lex.non-cosi-buono-come","not as good as","non così buono come"
"it.lex.grande-il-doppio","twice as big","grande il doppio"
"it.lex.adesso-ora","now","adesso / ora"
"it.lex.poi-allora","then","poi / allora"
"it.lex.presto.soon","soon","presto"
"it.lex.dopo-piu-tardi","later","dopo / più tardi"
"it.lex.prima","before","prima"
"it.lex.dopo","after","dopo"
"it.lex.gia","already","già"
"it.lex.ancora","still","ancora"
"it.lex.non-piu","no longer","non più"
"it.lex.di-nuovo-ancora","again","di nuovo / ancora"
"it.lex.sempre","always","sempre"
"it.lex.mai","never","mai"
"it.lex.spesso","often","spesso"
"it.lex.a-volte","sometimes","a volte"
"it.lex.di-solito","usually","di solito"
"it.lex.raramente","rarely","raramente"
"it.lex.finalmente","finally","finalmente"
"it.lex.improvvisamente","suddenly","improvvisamente"
"it.lex.subito-immediatamente","immediately","subito / immediatamente"
"it.lex.gradualmente","gradually","gradualmente"
"it.lex.recentemente","recently","recentemente"
"it.lex.oggigiorno","nowadays","oggigiorno"
"it.lex.quotidianamente","daily","quotidianamente"
"it.lex.settimanalmente","weekly","settimanalmente"
"it.lex.mensilmente","monthly","mensilmente"
"it.lex.annualmente","yearly","annualmente"
"it.lex.presto.early","early","presto"
"it.lex.tardi","late","tardi"
"it.lex.in-orario-puntuale","on time","in orario / puntuale"
"it.lex.qui-qua","here","qui / qua"
"it.lex.li-la","there","lì / là"
"it.lex.ovunque","everywhere","ovunque"
"it.lex.da-nessuna-parte","nowhere","da nessuna parte"
"it.lex.da-qualche-parte","somewhere","da qualche parte"
"it.lex.di-sopra","upstairs","di sopra"
"it.lex.di-sotto","downstairs","di sotto"
"it.lex.dentro","inside","dentro"
"it.lex.fuori","outside","fuori"
"it.lex.vicino.nearby","nearby","vicino"
"it.lex.lontano","far away","lontano"
"it.lex.all-estero","abroad","all'estero"
"it.lex.a-casa","at home","a casa"
"it.lex.dritto","straight ahead","dritto"
"it.lex.a-sinistra","to the left","a sinistra"
"it.lex.a-destra","to the right","a destra"
"it.lex.velocemente","quickly","velocemente"
"it.lex.lentamente","slowly","lentamente"
"it.lex.con-cura","carefully","con cura"
"it.lex.facilmente","easily","facilmente"
"it.lex.insieme","together","insieme"
"it.lex.da-solo-a","alone","da solo/a"
"it.lex.apposta-di-proposito","on purpose","apposta / di proposito"
"it.lex.per-caso","by chance","per caso"
"it.lex.accidentalmente","accidentally","accidentalmente"
"it.lex.volentieri","gladly","volentieri"
"it.lex.a-malincuore","reluctantly","a malincuore"
"it.lex.circa-approssimativamente","approximately","circa / approssimativamente"
"it.lex.esattamente","exactly","esattamente"
"it.lex.quasi","almost","quasi"
"it.lex.almeno","at least","almeno"
"it.lex.al-massimo","at most","al massimo"
"it.lex.specialmente","especially","specialmente"
"it.lex.principalmente","mainly","principalmente"
"it.lex.soprattutto","above all","soprattutto"
"it.lex.altrimenti","otherwise","altrimenti"
"it.lex.comunque","anyway","comunque"
"it.lex.in-realta-effettivamente","actually","in realtà / effettivamente"
"it.lex.davvero-infatti","indeed","davvero / infatti"
"it.lex.purtroppo","unfortunately","purtroppo"
"it.lex.fortunatamente","fortunately","fortunatamente"
"it.lex.chiaramente","clearly","chiaramente"
"it.lex.apparentemente","apparently","apparentemente"
"it.lex.molto","very","molto"
"it.lex.abbastanza.quite","quite","abbastanza"
"it.lex.troppo.too","too","troppo"
"it.lex.abbastanza.enough","enough","abbastanza"
"it.lex.estremamente","extremely","estremamente"
"it.lex.abbastanza.fairly","fairly","abbastanza"
"it.lex.piuttosto","rather","piuttosto"
"it.lex.di-piu-piu","more","di più / più"
"it.lex.meno","less","meno"
"it.lex.forse.perhaps","perhaps","forse"
"it.lex.probabilmente","probably","probabilmente"
"it.lex.certamente","certainly","certamente"
"it.lex.sicuramente","definitely","sicuramente"
"it.lex.forse.maybe","maybe","forse"
"it.lex.davvero","really","davvero"
"it.lex.veramente","truly","veramente"
"it.lex.cosi","so","così"
"it.lex.anche","too (also)","anche"
"it.lex.solo-soltanto","only","solo / soltanto"
"it.lex.anche-persino","even","anche / persino"
"it.lex.appena-solo","just","appena / solo"
"it.lex.ancora-pero","yet","ancora / però"
"it.lex.in","in","in"
"it.lex.su","on","su"
"it.lex.a","at","a"
"it.lex.a-verso","to","a / verso"
"it.lex.da.from","from","da"
"it.lex.di","of","di"
"it.lex.con","with","con"
"it.lex.senza","without","senza"
"it.lex.per.for","for","per"
"it.lex.da-per","by","da / per"
"it.lex.di-su-circa","about","di / su / circa"
"it.lex.attraverso","through","attraverso"
"it.lex.tra-fra.between","between","tra / fra"
"it.lex.tra-fra.among","among","tra / fra"
"it.lex.dietro","behind","dietro"
"it.lex.davanti-a","in front of","davanti a"
"it.lex.accanto-a","next to","accanto a"
"it.lex.di-fronte-a","opposite","di fronte a"
"it.lex.sopra","above","sopra"
"it.lex.sotto","below","sotto"
"it.lex.vicino-a","near","vicino a"
"it.lex.lontano-da","far from","lontano da"
"it.lex.lungo.along","along","lungo"
"it.lex.intorno-a","around","intorno a"
"it.lex.contro","against","contro"
"it.lex.nonostante","despite","nonostante"
"it.lex.secondo.according-to","according to","secondo"
"it.lex.invece-di","instead of","invece di"
"it.lex.a-causa-di","because of","a causa di"
"it.lex.grazie-a","thanks to","grazie a"
"it.lex.durante","during","durante"
"it.lex.dopo","after","dopo"
"it.lex.prima-di","before","prima di"
"it.lex.da.since","since","da"
"it.lex.fino-a","until","fino a"
"it.lex.e","and","e"
"it.lex.o","or","o"
"it.lex.ma","but","ma"
"it.lex.perche","because","perché"
"it.lex.sebbene-benche-anche-se","although","sebbene / benché / anche se"
"it.lex.se.if","if","se"
"it.lex.quando","when","quando"
"it.lex.mentre","while","mentre"
"it.lex.da-quando","since (time)","da quando"
"it.lex.finche.until-conj","until (conj.)","finché"
"it.lex.affinche-cosi-che","so that","affinché / così che"
"it.lex.per.in-order-to","in order to","per"
"it.lex.appena","as soon as","appena"
"it.lex.finche.as-long-as","as long as","finché"
"it.lex.se.whether","whether","se"
"it.lex.che","that (conj.)","che"
"it.lex.pero-tuttavia","however","però / tuttavia"
"it.lex.quindi-percio","therefore","quindi / perciò"
"it.lex.inoltre","moreover","inoltre"
"it.lex.tuttavia","nevertheless","tuttavia"
"it.lex.d-altra-parte","on the other hand","d'altra parte"
"it.lex.in-aggiunta-inoltre","in addition","in aggiunta / inoltre"
"it.lex.per-esempio-ad-esempio","for example","per esempio / ad esempio"
"it.lex.in-altre-parole","in other words","in altre parole"
"it.lex.sia-che","both ... and ...","sia ... che ..."
"it.lex.o-o","either ... or ...","o ... o ..."
"it.lex.ne-ne","neither ... nor ...","né ... né ..."
"it.lex.non-solo-ma-anche","not only ... but also ...","non solo ... ma anche ..."
"it.lex.non","not","non"
"it.lex.mai","never","mai"
"it.lex.nessuno.nobody","nobody","nessuno"
"it.lex.niente-nulla","nothing","niente / nulla"
"it.lex.per-niente","not at all","per niente"
"it.lex.non-ancora","not yet","non ancora"
"it.lex.non-piu","no longer","non più"
"it.lex.ciao-salve","Hello!","Ciao! / Salve!"
"it.lex.buongiorno","Good morning!","Buongiorno!"
"it.lex.buon-pomeriggio","Good afternoon!","Buon pomeriggio!"
"it.lex.buona-sera","Good evening!","Buona sera!"
"it.lex.buona-notte","Good night!","Buona notte!"
"it.lex.arrivederci","Goodbye!","Arrivederci!"
"it.lex.a-dopo","See you later!","A dopo!"
"it.lex.a-presto","See you soon!","A presto!"
"it.lex.ciao","Bye! (informal)","Ciao!"
"it.lex.come-stai-come-sta","How are you?","Come stai? / Come sta?"
"it.lex.sto-bene-grazie","I'm fine, thank you.","Sto bene, grazie."
"it.lex.non-molto-bene","Not so well.","Non molto bene."
"it.lex.cosi-cosi","So so.","Così così."
"it.lex.per-favore-per-piacere","Please.","Per favore / Per piacere."
"it.lex.grazie","Thank you.","Grazie."
"it.lex.grazie-mille","Thank you very much.","Grazie mille."
"it.lex.prego","You're welcome.","Prego."
"it.lex.scusi-scusa","Excuse me.","Scusi / Scusa."
"it.lex.mi-dispiace","I'm sorry.","Mi dispiace."
"it.lex.nessun-problema","No problem.","Nessun problema."
"it.lex.certo","Of course!","Certo!"
"it.lex.in-bocca-al-lupo.good-luck","Good luck!","In bocca al lupo!"
"it.lex.crepi","Reply to 'in bocca al lupo'","Crepi!"
"it.lex.divertiti","Have fun!","Divertiti!"
"it.lex.complimenti-congratulazioni","Congratulations!","Complimenti! / Congratulazioni!"
"it.lex.buon-compleanno","Happy birthday!","Buon compleanno!"
"it.lex.buon-natale","Merry Christmas!","Buon Natale!"
"it.lex.buon-anno","Happy New Year!","Buon Anno!"
"it.lex.salute-cin-cin","Cheers!","Salute! / Cin cin!"
"it.lex.salute-jzc56n","Bless you!","Salute!"
"it.lex.guarisci-presto","Get well soon!","Guarisci presto!"
"it.lex.aiuto","Help!","Aiuto!"
"it.lex.come-ti-chiami-come-si-chiama","What's your name?","Come ti chiami? / Come si chiama?"
"it.lex.mi-chiamo","My name is...","Mi chiamo..."
"it.lex.di-dove-sei","Where are you from?","Di dove sei?"
"it.lex.sono-ungherese-vengo-dall-ungheria","I'm from Hungary.","Sono ungherese / Vengo dall'Ungheria."
"it.lex.abito-a-roma","I live in Rome.","Abito a Roma."
"it.lex.piacere-di-conoscerti","Nice to meet you.","Piacere di conoscerti."
"it.lex.parli-italiano","Do you speak Italian?","Parli italiano?"
"it.lex.non-capisco","I don't understand.","Non capisco."
"it.lex.puoi-ripetere-puo-ripetere","Could you repeat that?","Puoi ripetere? / Può ripetere?"
"it.lex.puoi-parlare-piu-lentamente","Could you speak more slowly?","Puoi parlare più lentamente?"
"it.lex.cosa-significa","What does that mean?","Cosa significa?"
"it.lex.come-si-dice-in-italiano","How do you say... in Italian?","Come si dice... in italiano?"
"it.lex.puoi-aiutarmi","Can you help me?","Puoi aiutarmi?"
"it.lex.vorrei","I would like...","Vorrei..."
"it.lex.ho-bisogno-di","I need...","Ho bisogno di..."
"it.lex.quanto-costa","How much does it cost?","Quanto costa?"
"it.lex.dov-e-il-bagno","Where is the toilet?","Dov'è il bagno?"
"it.lex.il-conto-per-favore","The bill, please.","Il conto, per favore."
"it.lex.buon-appetito","Enjoy your meal!","Buon appetito!"
"it.lex.era-delizioso","It was delicious!","Era delizioso!"
"it.lex.giri-a-sinistra","Turn left.","Giri a sinistra."
"it.lex.giri-a-destra","Turn right.","Giri a destra."
"it.lex.vada-dritto","Go straight ahead.","Vada dritto."
"it.lex.c-e-il-sole","It's sunny.","C'è il sole."
"it.lex.piove","It's raining.","Piove."
"it.lex.nevica","It's snowing.","Nevica."
"it.lex.fa-freddo","It's cold.","Fa freddo."
"it.lex.fa-caldo","It's hot.","Fa caldo."
"it.lex.penso-che","I think that...","Penso che..."
"it.lex.a-mio-avviso-secondo-me","In my opinion...","A mio avviso... / Secondo me..."
"it.lex.sono-d-accordo","I agree.","Sono d'accordo."
"it.lex.non-sono-d-accordo","I disagree.","Non sono d'accordo."
"it.lex.non-sono-sicuro-a","I'm not sure.","Non sono sicuro/a."
"it.lex.forse","Maybe.","Forse."
"it.lex.sicuramente-dnfszw","Definitely.","Sicuramente."
"it.lex.che-bello-ottimo","That's great!","Che bello! / Ottimo!"
"it.lex.mi-piace","I like it.","Mi piace."
"it.lex.non-mi-piace","I don't like it.","Non mi piace."
"it.lex.sono-felice","I'm happy.","Sono felice."
"it.lex.sono-stanco-a","I'm tired.","Sono stanco/a."
"it.lex.ho-fame","I'm hungry.","Ho fame."
"it.lex.ho-sete","I'm thirsty.","Ho sete."
"it.lex.sono-di-fretta","I'm in a hurry.","Sono di fretta."
"it.lex.ho-tempo","I have time.","Ho tempo."
"it.lex.andiamo","Let's go!","Andiamo!"
"it.lex.cos-e-successo","What happened?","Cos'è successo?"
"it.lex.sei-pronto-a","Are you ready?","Sei pronto/a?"
"it.lex.com-e-andata-la-giornata","How was your day?","Com'è andata la giornata?"
"it.lex.non-importa","Never mind.","Non importa."
"it.lex.non-fa-niente","It doesn't matter.","Non fa niente."
"it.lex.davvero-1rb2qnt","Really?!","Davvero?!"
"it.lex.sul-serio","Are you serious?","Sul serio?"
"it.lex.impossibile-ma-dai","No way!","Impossibile! / Ma dai!"
"it.lex.che-coincidenza","What a coincidence!","Che coincidenza!"
"it.lex.capisco-ah-capito","I see.","Capisco. / Ah, capito."
"it.lex.ha-senso","That makes sense.","Ha senso."
"it.lex.ci-pensero","I'll think about it.","Ci penserò."
"it.lex.buona-idea","That's a good idea.","Buona idea."
"it.lex.hai-ragione","You're right.","Hai ragione."
"it.lex.un-momento-per-favore","One moment, please.","Un momento, per favore."
"it.lex.continua","Keep going!","Continua!"
"it.lex.non-mollare","Don't give up!","Non mollare!"
"it.lex.ce-la-fai","You can do it!","Ce la fai!"
"it.lex.bravo-a","Well done!","Bravo/a!"
"it.lex.io-andrei","I would go","io andrei"
"it.lex.io-comprerei","I would buy","io comprerei"
"it.lex.io-mangerei","I would eat","io mangerei"
"it.lex.vorrei-1tigz5d","I would like","vorrei"
"it.lex.io-sarei","I would be","io sarei"
"it.lex.tu-saresti","you would be (sg.)","tu saresti"
"it.lex.lui-lei-sarebbe","he / she would be","lui / lei sarebbe"
"it.lex.noi-saremmo","we would be","noi saremmo"
"it.lex.loro-sarebbero","they would be","loro sarebbero"
"it.lex.io-avrei","I would have","io avrei"
"it.lex.tu-avresti","you would have (sg.)","tu avresti"
"it.lex.lui-avrebbe","he would have","lui avrebbe"
"it.lex.noi-avremmo","we would have","noi avremmo"
"it.lex.io-potrei","I could","io potrei"
"it.lex.tu-potresti","you could (sg.)","tu potresti"
"it.lex.lui-lei-potrebbe","he could","lui / lei potrebbe"
"it.lex.noi-potremmo","we could","noi potremmo"
"it.lex.loro-potrebbero","they could","loro potrebbero"
"it.lex.io-dovrei.i-would-have-to","I would have to","io dovrei"
"it.lex.lui-lei-dovrebbe","he would have to","lui / lei dovrebbe"
"it.lex.noi-dovremmo","we would have to","noi dovremmo"
"it.lex.io-dovrei.i-should","I should","io dovrei"
"it.lex.se-fossi-ricco-a","If I were rich...","Se fossi ricco/a..."
"it.lex.se-avessi-piu-tempo","If I had more time...","Se avessi più tempo..."
"it.lex.vorrei-poter-volare","I wish I could fly.","Vorrei poter volare."
"it.lex.viaggerei-se-avessi-soldi","I would travel if I had money.","Viaggerei se avessi soldi."
"it.lex.potresti-aiutarmi-per-favore","Could you help me, please?","Potresti aiutarmi, per favore?"
"it.lex.sarebbe-fantastico","That would be great.","Sarebbe fantastico."
"it.lex.sarebbe-meglio","It would be better to...","Sarebbe meglio..."
"it.lex.preferirei","I would prefer...","Preferirei..."
"it.lex.cosa-faresti","What would you do?","Cosa faresti?"
"it.lex.avrei-dovuto-dirlo","I should have said that.","Avrei dovuto dirlo."
"it.lex.avrebbe-potuto-venire","He could have come.","Avrebbe potuto venire."
"it.lex.magari-fosse-vero","I wish it were true.","Magari fosse vero."
"it.lex.ti-dispiace-se","Would you mind if I...?","Ti dispiace se...?"
"it.lex.ti-sarei-grato-se-potessi","I'd appreciate it if you could...","Ti sarei grato se potessi..."
"it.lex.penso-che-sia-stanco","I think that he is tired. (conj.)","Penso che sia stanco."
"it.lex.spero-che-sia-vero","I hope that it is true. (conj.)","Spero che sia vero."
"it.lex.vuole-che-lui-venga","She wants him to come. (conj.)","Vuole che lui venga."
"it.lex.e-importante-che-tu-sappia","It's important that you know.","È importante che tu sappia."
"it.lex.sebbene-stia-piovendo","Although it's raining... (conj.)","Sebbene stia piovendo..."
"it.lex.senza-sapere","Without knowing.","Senza sapere."
"it.lex.vieni","Come! (tu)","Vieni!"
"it.lex.vai","Go! (tu)","Vai!"
"it.lex.aspetta","Wait! (tu)","Aspetta!"
"it.lex.fermati","Stop! (tu)","Fermati!"
"it.lex.ascolta","Listen! (tu)","Ascolta!"
"it.lex.guarda","Look! (tu)","Guarda!"
"it.lex.siediti","Sit down! (tu)","Siediti!"
"it.lex.alzati","Stand up! (tu)","Alzati!"
"it.lex.entra","Come in! (tu)","Entra!"
"it.lex.esci","Go out! (tu)","Esci!"
"it.lex.stai-zitto-a","Be quiet! (tu)","Stai zitto/a!"
"it.lex.stai-attento-a","Be careful! (tu)","Stai attento/a!"
"it.lex.aiutami","Help me! (tu)","Aiutami!"
"it.lex.leggi-questo","Read this! (tu)","Leggi questo!"
"it.lex.parla-lentamente","Speak slowly! (tu)","Parla lentamente!"
"it.lex.dimmi","Tell me! (tu)","Dimmi!"
"it.lex.dammi","Give me! (tu)","Dammi!"
"it.lex.prendilo","Take it! (tu)","Prendilo!"
"it.lex.portalo","Bring it! (tu)","Portalo!"
"it.lex.mangia","Eat! (tu)","Mangia!"
"it.lex.bevi","Drink! (tu)","Bevi!"
"it.lex.scrivi","Write! (tu)","Scrivi!"
"it.lex.apri","Open! (tu)","Apri!"
"it.lex.chiudi","Close! (tu)","Chiudi!"
"it.lex.gira-a-sinistra","Turn left! (tu)","Gira a sinistra!"
"it.lex.chiamami","Call me! (tu)","Chiamami!"
"it.lex.seguimi","Follow me! (tu)","Seguimi!"
"it.lex.fidati-di-me","Trust me! (tu)","Fidati di me!"
"it.lex.dimenticalo","Forget it! (tu)","Dimenticalo!"
"it.lex.pensa","Think! (tu)","Pensa!"
"it.lex.prova","Try! (tu)","Prova!"
"it.lex.entri","Come in! (Lei – formal)","Entri!"
"it.lex.prego-aspetti","Please wait! (Lei)","Prego, aspetti."
"it.lex.si-accomodi","Please sit down! (Lei)","Si accomodi."
"it.lex.parli-lentamente","Please speak slowly! (Lei)","Parli lentamente."
"it.lex.andiamo","Let's go!","Andiamo!"
"it.lex.mangiamo","Let's eat!","Mangiamo!"
"it.lex.iniziamo","Let's start!","Iniziamo!"
"it.lex.non-preoccuparti","Don't worry!","Non preoccuparti!"
"it.lex.non-dimenticare","Don't forget!","Non dimenticare!"
"it.lex.non-toccare","Don't touch!","Non toccare!"
"it.lex.non-correre","Don't run!","Non correre!"
"it.lex.non-fare-tardi","Don't be late!","Non fare tardi!"
"it.lex.fallo","Do it!","Fallo!"
"it.lex.prendere-due-piccioni-con-una-fava","to kill two birds with one stone","prendere due piccioni con una fava"
"it.lex.prendere-in-giro-qualcuno","to pull someone's leg","prendere in giro qualcuno"
"it.lex.colpire-nel-segno","to hit the nail on the head","colpire nel segno"
"it.lex.ogni-morte-di-papa","once in a blue moon","ogni morte di papa"
"it.lex.in-bocca-al-lupo.break-a-leg","break a leg!","In bocca al lupo!"
"it.lex.essere-negato-per-qualcosa","to be all thumbs","essere negato per qualcosa"
"it.lex.lasciarsi-sfuggire-un-segreto","to let the cat out of the bag","lasciarsi sfuggire un segreto"
"it.lex.avere-i-piedi-di-piombo-tirarsi-indietro","to get cold feet","avere i piedi di piombo / tirarsi indietro"
"it.lex.essere-al-settimo-cielo","to be on cloud nine","essere al settimo cielo"
"it.lex.dormirci-su","to sleep on it","dormirci su"
"it.lex.leggere-tra-le-righe","to read between the lines","leggere tra le righe"
"it.lex.essere-nella-stessa-barca","to be in the same boat","essere nella stessa barca"
"it.lex.vuotare-il-sacco","to spill the beans","vuotare il sacco"
"it.lex.aggiungere-benzina-al-fuoco","to add fuel to the fire","aggiungere benzina al fuoco"
"it.lex.gettare-la-spugna","to throw in the towel","gettare la spugna"
"it.lex.essere-verde-di-invidia","to be green with envy","essere verde di invidia"
"it.lex.non-tutto-il-male-vien-per-nuocere","every cloud has a silver lining","non tutto il male vien per nuocere"
"it.lex.meglio-tardi-che-mai","better late than never","meglio tardi che mai"
"it.lex.il-tempo-e-denaro","time is money","il tempo è denaro"
"it.lex.l-esercizio-fa-il-maestro","practice makes perfect","l'esercizio fa il maestro"
"it.lex.nessuna-fatica-nessun-guadagno","no pain no gain","nessuna fatica, nessun guadagno"
"it.lex.chi-dorme-non-piglia-pesci","the early bird catches the worm","chi dorme non piglia pesci"
"it.lex.avere-le-farfalle-nello-stomaco","to have butterflies in one's stomach","avere le farfalle nello stomaco"
"it.lex.essere-perdutamente-innamorato-a","to be head over heels in love","essere perdutamente innamorato/a"
"it.lex.mettere-i-piedi-in-fallo-fare-una-gaffe","to put one's foot in one's mouth","mettere i piedi in fallo / fare una gaffe"
"it.lex.essere-tutt-orecchi","to be all ears","essere tutt'orecchi"
"it.lex.incrociare-le-dita","to keep one's fingers crossed","incrociare le dita"
"it.lex.mettersi-in-cammino","to hit the road","mettersi in cammino"
"it.lex.andare-con-la-corrente","to go with the flow","andare con la corrente"
"it.lex.scalfire-la-superficie","to scratch the surface","scalfire la superficie"
"it.lex.lavorare-fino-a-tardi","to burn the midnight oil","lavorare fino a tardi"
"it.lex.essere-troppo-ambiziosi","to bite off more than you can chew","essere troppo ambiziosi"
"it.lex.perdere-la-pazienza.to-lose-one-s-temper","to lose one's temper","perdere la pazienza"
"it.lex.i-fatti-contano-piu-delle-parole","actions speak louder than words","i fatti contano più delle parole"
"it.lex.quando-voleranno-i-maiali-mai","when pigs fly","quando voleranno i maiali / mai"
"it.lex.avere-le-mani-in-pasta","to have one's hands full","avere le mani in pasta"
"it.lex.farla-breve","to make a long story short","farla breve"
"it.lex.costare-un-occhio-della-testa","to cost a pretty penny","costare un occhio della testa"
"it.lex.sposarsi-fare-il-grande-passo","to tie the knot","sposarsi / fare il grande passo"
"it.lex.chiudere-bottega","to call it a day","chiudere bottega"
"it.lex.essere-un-lupo-in-veste-di-agnello","to be a wolf in sheep's clothing","essere un lupo in veste di agnello"
"it.lex.essere-fuori-moda-antiquato","to be behind the times","essere fuori moda / antiquato"
"it.lex.essere-sulla-stessa-lunghezza-d-onda","to be on the same page","essere sulla stessa lunghezza d'onda"
"it.lex.mettere-tutte-le-uova-in-un-paniere","to put all eggs in one basket","mettere tutte le uova in un paniere"
"it.lex.prendere-il-toro-per-le-corna","to take the bull by the horns","prendere il toro per le corna"
"it.lex.non-svegliare-il-can-che-dorme","to let sleeping dogs lie","non svegliare il can che dorme"
"it.lex.essere-in-una-situazione-rischiosa","to be on thin ice","essere in una situazione rischiosa"
"it.lex.fare-di-una-mosca-un-elefante","to make a mountain out of a molehill","fare di una mosca un elefante"
"it.lex.mordere-il-proiettile-stringere-i-denti","to bite the bullet","mordere il proiettile / stringere i denti"
"it.lex.non-e-tutto-oro-quel-che-luccica","all that glitters is not gold","non è tutto oro quel che luccica"
"it.lex.prevenire-e-meglio-che-curare","better safe than sorry","prevenire è meglio che curare"
"it.lex.trattare-qualcuno-con-freddezza","to give someone the cold shoulder","trattare qualcuno con freddezza"
"it.lex.lontano-dagli-occhi-lontano-dal-cuore","out of sight, out of mind","lontano dagli occhi, lontano dal cuore"
"it.lex.essere-al-posto-giusto-al-momento-giusto","to be at the right place at the right time","essere al posto giusto al momento giusto"
"it.lex.ci-vogliono-due-per-litigare","it takes two to tango","ci vogliono due per litigare"
"it.lex.dove-sei-stato-a","Where have you been?","Dove sei stato/a?"
"it.lex.ero-in-ufficio","I was at the office.","Ero in ufficio."
"it.lex.avevo-molto-da-fare","I had a lot to do.","Avevo molto da fare."
"it.lex.hai-passato-una-buona-giornata","Did you have a good day?","Hai passato una buona giornata?"
"it.lex.era-estenuante","It was exhausting.","Era estenuante."
"it.lex.resto-a-casa","I'm staying home.","Resto a casa."
"it.lex.vuoi-venire-con-noi","Would you like to join us?","Vuoi venire con noi?"
"it.lex.purtroppo-non-posso","Unfortunately I can't.","Purtroppo non posso."
"it.lex.magari-la-prossima-volta","Maybe next time.","Magari la prossima volta."
"it.lex.lo-avete-in-una-taglia-piu-grande","Do you have this in a larger size?","Lo avete in una taglia più grande?"
"it.lex.vorrei-provarlo","I'd like to try this on.","Vorrei provarlo."
"it.lex.va-a-pennello","It fits perfectly.","Va a pennello."
"it.lex.e-un-po-troppo-stretto","It's a bit too tight.","È un po' troppo stretto."
"it.lex.lo-prendo","I'll take it.","Lo prendo."
"it.lex.posso-pagare-con-la-carta","Can I pay by card?","Posso pagare con la carta?"
"it.lex.vorrei-restituire-questo","I'd like to return this.","Vorrei restituire questo."
"it.lex.un-tavolo-per-due-per-favore","A table for two, please.","Un tavolo per due, per favore."
"it.lex.cosa-consiglia","What do you recommend?","Cosa consiglia?"
"it.lex.sono-vegetariano-a","I'm a vegetarian.","Sono vegetariano/a."
"it.lex.contiene-glutine","Does this contain gluten?","Contiene glutine?"
"it.lex.scusi-dov-e-la-stazione","Excuse me, where is the station?","Scusi, dov'è la stazione?"
"it.lex.sono-circa-10-minuti-a-piedi","It's about 10 minutes on foot.","Sono circa 10 minuti a piedi."
"it.lex.prenda-la-prima-strada-a-sinistra","Take the first street on the left.","Prenda la prima strada a sinistra."
"it.lex.e-lontano-da-qui","Is it far from here?","È lontano da qui?"
"it.lex.quale-linea-devo-prendere","Which line do I take?","Quale linea devo prendere?"
"it.lex.deve-cambiare","You need to change.","Deve cambiare."
"it.lex.ho-una-prenotazione","I have a reservation.","Ho una prenotazione."
"it.lex.la-colazione-e-inclusa","Is breakfast included?","La colazione è inclusa?"
"it.lex.a-che-ora-e-il-check-out","What time is check-out?","A che ora è il check-out?"
"it.lex.dove-fa-male","Where does it hurt?","Dove fa male?"
"it.lex.fa-male-qui","It hurts here.","Fa male qui."
"it.lex.ho-bisogno-di-una-ricetta","I need a prescription.","Ho bisogno di una ricetta."
"it.lex.ha-allergie","Do you have any allergies?","Ha allergie?"
"it.lex.quando-inizia-il-turno","When does the shift start?","Quando inizia il turno?"
"it.lex.devo-prendere-un-giorno-di-ferie","I need to take a day off.","Devo prendere un giorno di ferie."
"it.lex.il-progetto-e-nei-tempi","The project is on track.","Il progetto è nei tempi."
"it.lex.abbiamo-perso-la-scadenza","We missed the deadline.","Abbiamo perso la scadenza."
"it.lex.puoi-mandarmi-il-rapporto","Can you send me the report?","Puoi mandarmi il rapporto?"
"it.lex.mi-faro-vivo-a","I'll get back to you.","Mi farò vivo/a."
"it.lex.non-ti-sento-bene","I can't hear you very well.","Non ti sento bene."
"it.lex.la-mia-batteria-e-quasi-scarica","My battery is almost dead.","La mia batteria è quasi scarica."
"it.lex.hai-provato-a-spegnerlo-e-riaccenderlo","Have you tried turning it off and on?","Hai provato a spegnerlo e riaccenderlo?"
"it.lex.sto-cercando","I'm looking for...","Sto cercando..."
"it.lex.potrebbe-scriverlo","Could you write that down?","Potrebbe scriverlo?"
"it.lex.a-che-ora-chiude-il-negozio","What time does the shop close?","A che ora chiude il negozio?"
"it.lex.e-occupato-questo-posto","Is this seat taken?","È occupato questo posto?"
"it.lex.da-quanto-studi-l-italiano","How long have you been learning Italian?","Da quanto studi l'italiano?"
"it.lex.studio-da-due-anni","I've been studying for two years.","Studio da due anni."
"it.lex.posso-fare-una-foto-qui","Can I take a picture here?","Posso fare una foto qui?"
"it.lex.il-museo-e-aperto-oggi","Is the museum open today?","Il museo è aperto oggi?"
"it.lex.quanto-si-aspetta","How long is the waiting time?","Quanto si aspetta?"
"it.lex.non-e-quello-che-ho-ordinato","That's not what I ordered.","Non è quello che ho ordinato."
"it.lex.il-prodotto-e-difettoso","The product is defective.","Il prodotto è difettoso."
"it.lex.vorrei-un-rimborso","I'd like a refund.","Vorrei un rimborso."
"it.lex.ho-un-buono-sconto","I have a voucher.","Ho un buono sconto."
"it.lex.chi","Who?","Chi?"
"it.lex.chi-a-chi","Whom?","Chi? / A chi?"
"it.lex.di-chi","Whose?","Di chi?"
"it.lex.che-cosa-cosa","What?","Che cosa? / Cosa?"
"it.lex.dove","Where?","Dove?"
"it.lex.dove-dove-vai","Where to?","Dove? / Dove vai?"
"it.lex.da-dove","Where from?","Da dove?"
"it.lex.quando-177mmrv","When?","Quando?"
"it.lex.perche-1b889d6","Why?","Perché?"
"it.lex.come","How?","Come?"
"it.lex.quanto","How much?","Quanto?"
"it.lex.quanti-quante","How many?","Quanti / Quante?"
"it.lex.quanto-tempo","How long?","Quanto tempo?"
"it.lex.ogni-quanto","How often?","Ogni quanto?"
"it.lex.quale","Which?","Quale?"
"it.lex.che-tipo-di","What kind of?","Che tipo di?"
"it.lex.con-cosa","With what?","Con cosa?"
"it.lex.di-cosa","About what?","Di cosa?"
"it.lex.per-cosa","For what?","Per cosa?"
"it.lex.con-chi","With whom?","Con chi?"
"it.lex.come-ti-chiami","What is your name?","Come ti chiami?"
"it.lex.dove-abiti","Where do you live?","Dove abiti?"
"it.lex.cosa-fai-che-lavoro-fai","What do you do?","Cosa fai? / Che lavoro fai?"
"it.lex.quanti-anni-hai","How old are you?","Quanti anni hai?"
"it.lex.dove-vai","Where are you going?","Dove vai?"
"it.lex.quando-inizia","When does it start?","Quando inizia?"
"it.lex.perche-sei-in-ritardo","Why are you late?","Perché sei in ritardo?"
"it.lex.da-quanto-sei-qui","How long have you been here?","Da quanto sei qui?"
"it.lex.quante-persone-ci-sono","How many people are there?","Quante persone ci sono?"
"it.lex.che-ore-sono-che-ora-e","What time is it?","Che ore sono? / Che ora è?"
"it.lex.capisci","Do you understand?","Capisci?"
"it.lex.hai-tempo","Do you have time?","Hai tempo?"
"it.lex.va-tutto-bene","Is everything okay?","Va tutto bene?"
"it.lex.come-funziona","How does this work?","Come funziona?"
"it.lex.hai-mangiato","Did you eat?","Hai mangiato?"
"it.lex.vieni-1je5zm2","Are you coming?","Vieni?"
"it.lex.e-qui","Is she here?","È qui?"
"it.lex.puoi-aiutare","Can you help?","Puoi aiutare?"
"it.lex.a-cosa-stai-pensando","What are you thinking about?","A cosa stai pensando?"
"it.lex.cosa-stai-cercando","What are you looking for?","Cosa stai cercando?"
"it.lex.sei-mai-stato-a-in-italia","Have you ever been to Italy?","Sei mai stato/a in Italia?"
"it.lex.ti-piace-la-pizza","Do you like pizza?","Ti piace la pizza?"
"it.lex.sei-sposato-a","Are you married?","Sei sposato/a?"
"it.lex.hai-figli","Do you have children?","Hai figli?"
"it.lex.com-e-il-tempo","What's the weather like?","Com'è il tempo?"
"it.lex.cosa-ne-pensi","What do you think?","Cosa ne pensi?"
"it.lex.calcio","football / soccer","calcio"
"it.lex.pallacanestro-basket","basketball","pallacanestro / basket"
"it.lex.pallavolo","volleyball","pallavolo"
"it.lex.tennis","tennis","tennis"
"it.lex.nuoto","swimming","nuoto"
"it.lex.ciclismo","cycling","ciclismo"
"it.lex.corsa","running","corsa"
"it.lex.escursionismo-trekking","hiking","escursionismo / trekking"
"it.lex.sci","skiing","sci"
"it.lex.snowboard","snowboarding","snowboard"
"it.lex.yoga","yoga","yoga"
"it.lex.ballo-danza","dancing","ballo / danza"
"it.lex.pugilato","boxing","pugilato"
"it.lex.ginnastica","gymnastics","ginnastica"
"it.lex.scacchi","chess","scacchi"
"it.lex.lettura","reading","lettura"
"it.lex.pittura","painting","pittura"
"it.lex.fotografia","photography","fotografia"
"it.lex.cucina.cooking","cooking","cucina"
"it.lex.pasticceria","baking","pasticceria"
"it.lex.giardinaggio","gardening","giardinaggio"
"it.lex.lavoro-a-maglia","knitting","lavoro a maglia"
"it.lex.canto","singing","canto"
"it.lex.chitarra","guitar","chitarra"
"it.lex.pianoforte","piano","pianoforte"
"it.lex.violino","violin","violino"
"it.lex.batteria.drums","drums","batteria"
"it.lex.concerto","concert","concerto"
"it.lex.film","film / movie","film"
"it.lex.serie","series","serie"
"it.lex.episodio-puntata","episode","episodio / puntata"
"it.lex.gioco-da-tavolo","board game","gioco da tavolo"
"it.lex.videogioco","video game","videogioco"
"it.lex.giocare-a-calcio","to play football","giocare a calcio"
"it.lex.andare-a-nuotare","to go swimming","andare a nuotare"
"it.lex.andare-a-correre","to go for a run","andare a correre"
"it.lex.andare-in-bici","to go cycling","andare in bici"
"it.lex.fare-escursioni-trekking","to go hiking","fare escursioni / trekking"
"it.lex.sciare","to go skiing","sciare"
"it.lex.giocare-a-scacchi","to play chess","giocare a scacchi"
"it.lex.fare-yoga","to do yoga","fare yoga"
"it.lex.quali-sono-i-tuoi-hobby","What are your hobbies?","Quali sono i tuoi hobby?"
"it.lex.mi-piace-leggere","I like reading.","Mi piace leggere."
"it.lex.adoro-cucinare","I love cooking.","Adoro cucinare."
"it.lex.faccio-jogging-ogni-mattina","I go jogging every morning.","Faccio jogging ogni mattina."
"it.lex.suono-la-chitarra","I play the guitar.","Suono la chitarra."
"it.lex.suono-il-pianoforte-da-5-anni","I've been playing piano for 5 years.","Suono il pianoforte da 5 anni."
"it.lex.vela","sailing","vela"
"it.lex.canottaggio","rowing","canottaggio"
"it.lex.arrampicata","climbing","arrampicata"
"it.lex.equitazione","horse riding","equitazione"
"it.lex.tiro-con-l-arco","archery","tiro con l'arco"
"it.lex.arti-marziali","martial arts","arti marziali"
"it.lex.atletica","athletics","atletica"
"it.lex.italia","Italy","Italia"
"it.lex.roma","Rome","Roma"
"it.lex.milano","Milan","Milano"
"it.lex.venezia","Venice","Venezia"
"it.lex.firenze","Florence","Firenze"
"it.lex.napoli","Naples","Napoli"
"it.lex.torino","Turin","Torino"
"it.lex.bologna","Bologna","Bologna"
"it.lex.palermo","Palermo","Palermo"
"it.lex.sicilia","Sicily","Sicilia"
"it.lex.sardegna","Sardinia","Sardegna"
"it.lex.toscana","Tuscany","Toscana"
"it.lex.lombardia","Lombardy","Lombardia"
"it.lex.le-alpi","the Alps","le Alpi"
"it.lex.gli-appennini","the Apennines","gli Appennini"
"it.lex.il-colosseo","the Colosseum","il Colosseo"
"it.lex.il-pantheon","the Pantheon","il Pantheon"
"it.lex.il-vaticano","the Vatican","il Vaticano"
"it.lex.la-cappella-sistina","the Sistine Chapel","la Cappella Sistina"
"it.lex.gondola","gondola","gondola"
"it.lex.caffe-espresso","espresso","caffè espresso"
"it.lex.cappuccino","cappuccino","cappuccino"
"it.lex.pizza","pizza","pizza"
"it.lex.pasta","pasta","pasta"
"it.lex.risotto","risotto","risotto"
"it.lex.tiramisu","tiramisu","tiramisù"
"it.lex.pesto","pesto","pesto"
"it.lex.mozzarella","mozzarella","mozzarella"
"it.lex.prosciutto.prosciutto","prosciutto","prosciutto"
"it.lex.gelato.gelato","gelato","gelato"
"it.lex.cannoli","cannoli","cannoli"
"it.lex.bruschetta","bruschetta","bruschetta"
"it.lex.aperitivo","aperitivo","aperitivo"
"it.lex.prosecco","prosecco","prosecco"
"it.lex.chianti","Chianti","Chianti"
"it.lex.ferragosto","Ferragosto (August 15)","Ferragosto"
"it.lex.carnevale","Carnival","Carnevale"
"it.lex.pasqua","Easter","Pasqua"
"it.lex.natale","Christmas","Natale"
"it.lex.capodanno","New Year's Eve","Capodanno"
"it.lex.ognissanti-tutti-i-santi","All Saints' Day (Nov 1)","Ognissanti / Tutti i Santi"
"it.lex.festa-della-liberazione","Liberation Day (Apr 25)","Festa della Liberazione"
"it.lex.festa-della-repubblica","Republic Day (Jun 2)","Festa della Repubblica"
"it.lex.cucina-italiana","Italian cuisine","cucina italiana"
"it.lex.dieta-mediterranea","Mediterranean diet","dieta mediterranea"
"it.lex.il-papa","the pope","il papa"
"it.lex.la-citta-del-vaticano","the Vatican City","la Città del Vaticano"
"it.lex.piazza-navona","Piazza Navona","Piazza Navona"
"it.lex.fontana-di-trevi","Trevi Fountain","Fontana di Trevi"
"it.lex.il-canal-grande","the Grand Canal","il Canal Grande"
"it.lex.piazza-san-marco","Piazza San Marco","Piazza San Marco"
"it.lex.la-galleria-degli-uffizi","the Uffizi Gallery","la Galleria degli Uffizi"
"it.lex.torre-di-pisa","Leaning Tower of Pisa","Torre di Pisa"
"it.lex.il-vesuvio","Mount Vesuvius","il Vesuvio"
"it.lex.ferrari","Ferrari","Ferrari"
"it.lex.lamborghini","Lamborghini","Lamborghini"
"it.lex.fiat","Fiat","Fiat"
"it.lex.opera-lirica","opera","opera lirica"
"it.lex.musica-classica","classical music","musica classica"
"it.lex.rinascimento","Renaissance","Rinascimento"
"it.lex.barocco","Baroque","Barocco"
"it.lex.biglietto-del-treno","train ticket","biglietto del treno"
"it.lex.binario.platform","platform","binario"
"it.lex.carta-d-imbarco","boarding pass","carta d'imbarco"
"it.lex.valigia","suitcase","valigia"
"it.lex.bagaglio-a-mano","hand luggage","bagaglio a mano"
"it.lex.cassa","checkout","cassa"
"it.lex.carrello","shopping cart","carrello"
"it.lex.etichetta-del-prezzo","price tag","etichetta del prezzo"
"it.lex.viaggio-d-affari","business trip","viaggio d'affari"
"it.lex.biglietto-da-visita","business card","biglietto da visita"
"it.lex.camerino","fitting room","camerino"
"it.lex.sala-d-attesa","waiting room","sala d'attesa"
"it.lex.uscita-di-emergenza","emergency exit","uscita di emergenza"
"it.lex.estintore","fire extinguisher","estintore"
"it.lex.allarme-antincendio","fire alarm","allarme antincendio"
"it.lex.club-sportivo","sports club","club sportivo"
"it.lex.galleria-d-arte","art gallery","galleria d'arte"
"it.lex.riserva-naturale","nature reserve","riserva naturale"
"it.lex.sentiero-escursionistico","hiking trail","sentiero escursionistico"
"it.lex.record-mondiale","world record","record mondiale"
"it.lex.lingua-madre","mother tongue","lingua madre"
"it.lex.lingua-straniera","foreign language","lingua straniera"
"it.lex.corso-di-lingua","language course","corso di lingua"
"it.lex.scambio-linguistico","language exchange","scambio linguistico"
"it.lex.carta-di-credito","credit card","carta di credito"
"it.lex.conto-bancario","bank account","conto bancario"
"it.lex.assicurazione-sanitaria","health insurance","assicurazione sanitaria"
"it.lex.esame-del-sangue","blood test","esame del sangue"
"it.lex.kit-di-pronto-soccorso","first aid kit","kit di pronto soccorso"
"it.lex.cambiamento-climatico","climate change","cambiamento climatico"
"it.lex.effetto-serra","greenhouse effect","effetto serra"
"it.lex.energia-rinnovabile","renewable energy","energia rinnovabile"
"it.lex.pannello-solare","solar panel","pannello solare"
"it.lex.turbina-eolica","wind turbine","turbina eolica"
"it.lex.impronta-di-carbonio","carbon footprint","impronta di carbonio"
"it.lex.intelligenza-artificiale","artificial intelligence","intelligenza artificiale"
"it.lex.apprendimento-automatico","machine learning","apprendimento automatico"
"it.lex.realta-virtuale","virtual reality","realtà virtuale"
"it.lex.sistema-operativo","operating system","sistema operativo"
"it.lex.videochiamata","video call","videochiamata"
"it.lex.indirizzo-email","email address","indirizzo email"
"it.lex.numero-di-telefono","phone number","numero di telefono"
"it.lex.biglietto-di-andata-e-ritorno","return ticket","biglietto di andata e ritorno"
"it.lex.posto-al-finestrino","window seat","posto al finestrino"
"it.lex.servizio-in-camera","room service","servizio in camera"
"it.lex.camera-singola","single room","camera singola"
"it.lex.camera-doppia","double room","camera doppia"
"it.lex.ritiro-bagagli","baggage claim","ritiro bagagli"
"it.lex.scalo","stopover","scalo"
"it.lex.tasso-di-cambio","exchange rate","tasso di cambio"
"it.lex.assicurazione-viaggio","travel insurance","assicurazione viaggio"
"it.lex.crema-solare","sunscreen","crema solare"
"it.lex.bancomat","ATM","bancomat"
"it.lex.contanti","cash","contanti"
"it.lex.moneta","coin","moneta"
"it.lex.banconota","banknote","banconota"
"it.lex.mancia","tip","mancia"
"it.lex.iva","VAT","IVA"
"it.lex.fattura","invoice","fattura"
"it.lex.ricevuta-scontrino","receipt","ricevuta / scontrino"
"it.lex.rimborso","refund","rimborso"
"it.lex.affare-occasione","bargain","affare / occasione"
"it.lex.abbonamento-tessera","membership","abbonamento / tessera"
"it.lex.abbonamento.subscription","subscription","abbonamento"
"it.lex.registrazione-iscrizione","registration","registrazione / iscrizione"
"it.lex.conferma","confirmation","conferma"
"it.lex.cancellazione-disdetta","cancellation","cancellazione / disdetta"
"it.lex.reclamo","complaint","reclamo"
"it.lex.feedback-riscontro","feedback","feedback / riscontro"
"it.lex.recensione","review","recensione"
"it.lex.valutazione","rating","valutazione"
"it.lex.consiglio.recommendation","recommendation","consiglio"
"it.lex.certificato","certificate","certificato"
"it.lex.licenza","license","licenza"
"it.lex.permesso","permit","permesso"
"it.lex.visto","visa","visto"
"it.lex.passaporto","passport","passaporto"
"it.lex.carta-d-identita","identity card","carta d'identità"
"it.lex.permesso-di-soggiorno","residence permit","permesso di soggiorno"
"it.lex.cittadinanza","citizenship","cittadinanza"
"it.lex.nazionalita","nationality","nazionalità"
"it.lex.tessera-sanitaria","insurance card","tessera sanitaria"
"it.lex.ricerca","research","ricerca"
"it.lex.esperimento","experiment","esperimento"
"it.lex.teoria","theory","teoria"
"it.lex.ipotesi","hypothesis","ipotesi"
"it.lex.analisi","analysis","analisi"
"it.lex.conclusione","conclusion","conclusione"
"it.lex.innovazione","innovation","innovazione"
"it.lex.invenzione","invention","invenzione"
"it.lex.scoperta","discovery","scoperta"
"it.lex.evoluzione","evolution","evoluzione"
"it.lex.rivoluzione","revolution","rivoluzione"
"it.lex.democrazia","democracy","democrazia"
"it.lex.elezione","election","elezione"
"it.lex.parlamento","parliament","parlamento"
"it.lex.costituzione","constitution","costituzione"
"it.lex.diritti-umani","human rights","diritti umani"
"it.lex.corruzione","corruption","corruzione"
"it.lex.protesta","protest","protesta"
"it.lex.globalizzazione","globalization","globalizzazione"
"it.lex.immigrazione","immigration","immigrazione"
"it.lex.integrazione","integration","integrazione"
"it.lex.discriminazione","discrimination","discriminazione"
"it.lex.poverta","poverty","povertà"
"it.lex.ricchezza","wealth","ricchezza"
"it.lex.disuguaglianza","inequality","disuguaglianza"
"it.lex.inflazione","inflation","inflazione"
"it.lex.recessione","recession","recessione"
"it.lex.crescita","growth","crescita"
"it.lex.esportazione","export","esportazione"
"it.lex.importazione","import","importazione"
"it.lex.fallimento.bankruptcy","bankruptcy","fallimento"
"it.lex.fusione","merger","fusione"
"it.lex.startup","startup","startup"
"it.lex.ecosistema","ecosystem","ecosistema"
"it.lex.biodiversita","biodiversity","biodiversità"
"it.lex.cellula.cell","cell","cellula"
"it.lex.gene","gene","gene"
"it.lex.fotosintesi","photosynthesis","fotosintesi"
"it.lex.sistema-immunitario","immune system","sistema immunitario"
"it.lex.antibiotico","antibiotic","antibiotico"
"it.lex.pandemia","pandemic","pandemia"
"it.lex.epidemia","epidemic","epidemia"
"it.lex.prendere-una-decisione","to make a decision","prendere una decisione"
"it.lex.fare-una-foto","to take a photo","fare una foto"
"it.lex.fare-una-pausa","to take a break","fare una pausa"
"it.lex.fare-progressi","to make progress","fare progressi"
"it.lex.fare-un-errore","to make a mistake","fare un errore"
"it.lex.fare-una-telefonata","to make a phone call","fare una telefonata"
"it.lex.prendere-fissare-un-appuntamento","to make an appointment","prendere / fissare un appuntamento"
"it.lex.fare-una-domanda","to ask a question","fare una domanda"
"it.lex.dare-una-risposta","to give an answer","dare una risposta"
"it.lex.dare-un-consiglio","to give advice","dare un consiglio"
"it.lex.tenere-un-discorso","to give a speech","tenere un discorso"
"it.lex.fare-un-regalo","to give a present","fare un regalo"
"it.lex.prestare-attenzione","to pay attention","prestare attenzione"
"it.lex.mantenere-una-promessa","to keep a promise","mantenere una promessa"
"it.lex.mantenere-un-segreto","to keep a secret","mantenere un segreto"
"it.lex.restare-in-contatto","to keep in touch","restare in contatto"
"it.lex.perdere-peso","to lose weight","perdere peso"
"it.lex.aumentare-di-peso","to gain weight","aumentare di peso"
"it.lex.perdere-la-pazienza.to-lose-patience","to lose patience","perdere la pazienza"
"it.lex.tenere-una-riunione","to hold a meeting","tenere una riunione"
"it.lex.prendere-un-raffreddore","to catch a cold","prendere un raffreddore"
"it.lex.rompere-una-promessa","to break a promise","rompere una promessa"
"it.lex.esaurire-il-tempo","to run out of time","esaurire il tempo"
"it.lex.addormentarsi","to fall asleep","addormentarsi"
"it.lex.sentirsi-a-casa","to feel at home","sentirsi a casa"
"it.lex.prepararsi","to get ready","prepararsi"
"it.lex.stare-meglio","to get better","stare meglio"
"it.lex.peggiorare","to get worse","peggiorare"
"it.lex.liberarsi-di","to get rid of","liberarsi di"
"it.lex.andare-male","to go wrong","andare male"
"it.lex.andare-in-vacanza","to go on vacation","andare in vacanza"
"it.lex.fare-una-passeggiata","to go for a walk","fare una passeggiata"
"it.lex.fare-shopping","to go shopping","fare shopping"
"it.lex.andare-a-letto","to go to bed","andare a letto"
"it.lex.essere-di-buon-umore","to be in a good mood","essere di buon umore"
"it.lex.essere-di-cattivo-umore","to be in a bad mood","essere di cattivo umore"
"it.lex.essere-in-ritardo","to be late","essere in ritardo"
"it.lex.avere-ragione","to be right","avere ragione"
"it.lex.avere-torto","to be wrong","avere torto"
"it.lex.avere-paura-di","to be afraid of","avere paura di"
"it.lex.essere-orgoglioso-a-di","to be proud of","essere orgoglioso/a di"
"it.lex.essere-interessato-a-in","to be interested in","essere interessato/a in"
"it.lex.essere-stufo-a-di","to be fed up with","essere stufo/a di"
"it.lex.essere-deluso-a-da","to be disappointed with","essere deluso/a da"
"it.lex.essere-soddisfatto-a-di","to be satisfied with","essere soddisfatto/a di"
"it.lex.non-vedere-l-ora-di","to be looking forward to","non vedere l'ora di"
"it.lex.giungere-a-una-conclusione","to come to a conclusion","giungere a una conclusione"
"it.lex.andare-in-pezzi","to fall apart","andare in pezzi"
"it.lex.violare-la-legge","to break the law","violare la legge"
"it.lex.prendersi-cura-di","to take care of","prendersi cura di"
"it.lex.approfittare-di","to take advantage of","approfittare di"
"it.lex.prendere-parte-a","to take part in","prendere parte a"
"it.lex.correre-un-rischio","to take a risk","correre un rischio"
"it.lex.fare-un-complimento","to pay a compliment","fare un complimento"
"it.lex.fare-del-proprio-meglio","to do one's best","fare del proprio meglio"
"it.lex.divertirsi","to have fun","divertirsi"
"it.lex.passare-un-bel-momento","to have a good time","passare un bel momento"
"it.lex.cenare","to have dinner","cenare"
"it.lex.pranzare","to have lunch","pranzare"
"it.lex.fare-colazione","to have breakfast","fare colazione"
"it.lex.colore","color","colore"
"it.lex.rosso","red","rosso"
"it.lex.blu","blue","blu"
"it.lex.verde","green","verde"
"it.lex.giallo","yellow","giallo"
"it.lex.nero","black","nero"
"it.lex.bianco","white","bianco"
"it.lex.arancione","orange","arancione"
"it.lex.viola","purple","viola"
"it.lex.rosa","pink","rosa"
"it.lex.marrone","brown","marrone"
"it.lex.grigio","grey","grigio"
"it.lex.chiaro","light (color)","chiaro"
"it.lex.scuro","dark (color)","scuro"
"it.lex.forma","shape","forma"
"it.lex.cerchio","circle","cerchio"
"it.lex.quadrato","square","quadrato"
"it.lex.triangolo","triangle","triangolo"
"it.lex.linea","line","linea"
"it.lex.angolo","corner","angolo"
"it.lex.dimensione-taglia","size","dimensione / taglia"
"it.lex.peso","weight","peso"
"it.lex.altezza","height","altezza"
"it.lex.lunghezza","length","lunghezza"
"it.lex.larghezza","width","larghezza"
"it.lex.distanza","distance","distanza"
"it.lex.velocita","speed","velocità"
"it.lex.temperatura","temperature","temperatura"
"it.lex.livello","level","livello"
"it.lex.quantita","amount","quantità"
"it.lex.materiale","material","materiale"
"it.lex.legno","wood","legno"
"it.lex.metallo","metal","metallo"
"it.lex.plastica","plastic","plastica"
"it.lex.vetro","glass","vetro"
"it.lex.pelle-cuoio","leather","pelle / cuoio"
"it.lex.cotone","cotton","cotone"
"it.lex.seta","silk","seta"
"it.lex.lana","wool","lana"
"it.lex.oro","gold","oro"
"it.lex.argento","silver","argento"
"it.lex.ferro","iron","ferro"
"it.lex.acciaio","steel","acciaio"
"it.lex.luce","light","luce"
"it.lex.ombra","shadow","ombra"
"it.lex.suono","sound","suono"
"it.lex.rumore","noise","rumore"
"it.lex.energia","energy","energia"
"it.lex.potenza-forza","power","potenza / forza"
"it.lex.calore","heat","calore"
"it.lex.pressione","pressure","pressione"
"it.lex.gravita","gravity","gravità"
"it.lex.elettricita","electricity","elettricità"
"it.lex.atomo","atom","atomo"
"it.lex.molecola","molecule","molecola"
"it.lex.cellula.cell-biology","cell (biology)","cellula"
"it.lex.dna","DNA","DNA"
"it.lex.gene","gene","gene"
"it.lex.fotosintesi","photosynthesis","fotosintesi"
"it.lex.routine-mattutina","morning routine","routine mattutina"
"it.lex.routine-serale","evening routine","routine serale"
"it.lex.stile-di-vita-sano","healthy lifestyle","stile di vita sano"
"it.lex.dieta-equilibrata","balanced diet","dieta equilibrata"
"it.lex.attivita-fisica","physical activity","attività fisica"
"it.lex.salute-mentale","mental health","salute mentale"
"it.lex.benessere","well-being","benessere"
"it.lex.qualita-della-vita","quality of life","qualità della vita"
"it.lex.equilibrio-tra-lavoro-e-vita","work-life balance","equilibrio tra lavoro e vita"
"it.lex.tempo-libero","free time","tempo libero"
"it.lex.intrattenimento","entertainment","intrattenimento"
"it.lex.soddisfazione","satisfaction","soddisfazione"
"it.lex.felicita","happiness","felicità"
"it.lex.gentile-signore-gentile-signora","Dear Sir/Madam,","Gentile Signore / Gentile Signora,"
"it.lex.egregio-signor-rossi","Dear Mr. Rossi,","Egregio Signor Rossi,"
"it.lex.le-scrivo-riguardo-a","I am writing to you regarding...","Le scrivo riguardo a..."
"it.lex.in-allegato-trova","Please find attached...","In allegato trova..."
"it.lex.in-attesa-di-una-sua-risposta","I look forward to hearing from you.","In attesa di una Sua risposta."
"it.lex.cordiali-saluti","Yours sincerely,","Cordiali saluti,"
"it.lex.distinti-saluti","Kind regards,","Distinti saluti,"
"it.lex.a-mio-parere-secondo-me","In my opinion...","A mio parere... / Secondo me..."
"it.lex.questo-suggerisce-che","This suggests that...","Questo suggerisce che..."
"it.lex.in-conclusione","To conclude...","In conclusione..."
"it.lex.in-sintesi","In summary...","In sintesi..."
"it.lex.veniamo-al-dunque","Let's get down to business.","Veniamo al dunque."
"it.lex.affare-fatto","That's a deal.","Affare fatto!"
"it.lex.tutto-sommato","All things considered...","Tutto sommato..."
"it.lex.la-cosa-piu-importante-e","The most important thing is...","La cosa più importante è..."
"it.lex.prima-o-poi","sooner or later","prima o poi"
"it.lex.piu-o-meno","more or less","più o meno"
"it.lex.passo-dopo-passo","step by step","passo dopo passo"
"it.lex.sostenibile","sustainable","sostenibile"
"it.lex.efficiente","efficient","efficiente"
"it.lex.innovativo","innovative","innovativo"
"it.lex.trasparente","transparent","trasparente"
"it.lex.proattivo","proactive","proattivo"
"it.lex.ad-essere-onesti-onestamente","to be honest","ad essere onesti / onestamente"
"it.lex.tra-me-e-te","between you and me","tra me e te"
"it.lex.se-ho-capito-bene","if I understand correctly","se ho capito bene"
"it.lex.sembra-che","it seems that","sembra che"
"it.lex.apparentemente","apparently","apparentemente"
"it.lex.prima-o-poi","sooner or later","prima o poi"
"it.lex.in-effetti","as a matter of fact","in effetti"
"it.lex.per-questo-motivo","for this reason","per questo motivo"
"it.lex.in-altre-parole","in other words","in altre parole"
"it.lex.a-prima-vista","at first glance","a prima vista"
"it.lex.lo-stesso-ugualmente","all the same","lo stesso / ugualmente"
"it.lex.non-vedo-l-ora","I'm looking forward to it.","Non vedo l'ora."
"it.lex.alla-prossima","See you next time!","Alla prossima!"
"it.lex.e-stato-un-piacere","It was a pleasure.","È stato un piacere."
"it.lex.sono-impressionato-a","I'm impressed.","Sono impressionato/a."
"it.lex.e-incredibile","That's incredible!","È incredibile!"
"it.lex.non-ci-posso-credere","I can't believe it.","Non ci posso credere."
"it.lex.sono-orgoglioso-a-di-te","I'm proud of you.","Sono orgoglioso/a di te."
"it.lex.hai-fatto-benissimo","You did great!","Hai fatto benissimo!"
"it.lex.mi-sento-benissimo-oggi","I feel great today.","Mi sento benissimo oggi."
"it.lex.e-in-forma","She is in good shape.","È in forma."
"it.lex.conduce-una-vita-sana","He leads a healthy life.","Conduce una vita sana."
"it.lex.cerco-di-evitare-lo-zucchero","I try to avoid sugar.","Cerco di evitare lo zucchero."
"it.lex.vado-a-letto-presto","I go to bed early.","Vado a letto presto."
"it.lex.non-ho-contanti","I don't have any cash.","Non ho contanti."
"it.lex.c-e-un-bancomat-qui-vicino","Is there an ATM nearby?","C'è un bancomat qui vicino?"
"it.lex.ho-perso-il-portafoglio","I've lost my wallet.","Ho perso il portafoglio."
"it.lex.chiama-la-polizia","Call the police!","Chiama la polizia!"
"it.lex.e-un-emergenza","It's an emergency.","È un'emergenza."
"it.lex.ho-bisogno-di-aiuto","I need help.","Ho bisogno di aiuto."
"it.lex.non-mi-sento-bene","I'm not feeling well.","Non mi sento bene."
"it.lex.devo-andare-dal-medico","I need to see a doctor.","Devo andare dal medico."
"it.lex.dov-e-l-ospedale-piu-vicino","Where is the nearest hospital?","Dov'è l'ospedale più vicino?"
"it.lex.posso-usare-il-tuo-telefono","Can I use your phone?","Posso usare il tuo telefono?"
"it.lex.sono-stato-a-derubato-a","I've been robbed.","Sono stato/a derubato/a."
"it.lex.il-numero-di-emergenza-in-italia-e-il-118","The emergency number in Italy is 118.","Il numero di emergenza in Italia è il 118."
"it.lex.io-fui","I was (passato remoto)","io fui"
"it.lex.io-ebbi","I had (p.r.)","io ebbi"
"it.lex.io-andai","I went (p.r.)","io andai"
"it.lex.io-venni","I came (p.r.)","io venni"
"it.lex.io-feci","I did / made (p.r.)","io feci"
"it.lex.io-dissi","I said (p.r.)","io dissi"
"it.lex.io-diedi-detti","I gave (p.r.)","io diedi / detti"
"it.lex.io-vidi","I saw (p.r.)","io vidi"
"it.lex.io-scrissi","I wrote (p.r.)","io scrissi"
"it.lex.io-lessi","I read (p.r.)","io lessi"
"it.lex.io-presi","I took (p.r.)","io presi"
"it.lex.io-chiesi","I asked (p.r.)","io chiesi"
"it.lex.io-risposi","I answered (p.r.)","io risposi"
"it.lex.io-seppi","I knew (p.r.)","io seppi"
"it.lex.io-potei","I could (p.r.)","io potei"
"it.lex.io-dovetti","I had to (p.r.)","io dovetti"
"it.lex.io-volli","I wanted (p.r.)","io volli"
"it.lex.io-bevvi","I drank (p.r.)","io bevvi"
"it.lex.io-vissi","I lived (p.r.)","io vissi"
"it.lex.io-corsi","I ran (p.r.)","io corsi"
"it.lex.io-ruppi","I broke (p.r.)","io ruppi"
"it.lex.io-aprii","I opened (p.r.)","io aprii"
"it.lex.io-chiusi","I closed (p.r.)","io chiusi"
"it.lex.io-persi","I lost (p.r.)","io persi"
"it.lex.io-vinsi","I won (p.r.)","io vinsi"
"it.lex.io-rimasi","I remained (p.r.)","io rimasi"
"it.lex.io-misi","I put (p.r.)","io misi"
"it.lex.io-scelsi","I chose (p.r.)","io scelsi"
"it.lex.io-caddi","I fell (p.r.)","io caddi"
"it.lex.io-morii","I died (p.r.)","io morii"
"it.lex.io-andro","I will go","io andrò"
"it.lex.io-saro","I will be","io sarò"
"it.lex.io-avro","I will have","io avrò"
"it.lex.io-faro","I will do / make","io farò"
"it.lex.io-diro","I will say","io dirò"
"it.lex.io-verro","I will come","io verrò"
"it.lex.io-daro","I will give","io darò"
"it.lex.io-vedro","I will see","io vedrò"
"it.lex.io-potro","I will be able to","io potrò"
"it.lex.io-dovro","I will have to","io dovrò"
"it.lex.io-vorro","I will want","io vorrò"
"it.lex.io-sapro","I will know","io saprò"
"it.lex.io-terro","I will hold / keep","io terrò"
"it.lex.io-rimarro","I will remain","io rimarrò"
"it.lex.io-tradurro","I will translate","io tradurrò"
"it.lex.io-berro","I will drink","io berrò"
"it.lex.io-saliro","I will climb","io salirò"
"it.lex.me-lo-da","he gives it to me","me lo dà"
"it.lex.te-lo-manda","she sends it to you","te lo manda"
"it.lex.glielo-dico","I tell it to him","glielo dico"
"it.lex.glielo-diamo","we give it to them","glielo diamo"
"it.lex.me-lo-puoi-dare","Can you give it to me?","Me lo puoi dare?"
"it.lex.te-lo-mando","I'll send it to you.","Te lo mando."
"it.lex.me-lo-ha-spiegato","He explained it to me.","Me lo ha spiegato."
"it.lex.in-il-nel","in the (m, sg.) → nel","in + il → nel"
"it.lex.in-la-nella","in the (f, sg.) → nella","in + la → nella"
"it.lex.in-i-nei","in the (m, pl.) → nei","in + i → nei"
"it.lex.in-le-nelle","in the (f, pl.) → nelle","in + le → nelle"
"it.lex.su-il-sul","on the (m, sg.) → sul","su + il → sul"
"it.lex.su-la-sulla","on the (f, sg.) → sulla","su + la → sulla"
"it.lex.su-i-sui","on the (m, pl.) → sui","su + i → sui"
"it.lex.su-le-sulle","on the (f, pl.) → sulle","su + le → sulle"
"it.lex.da-il-dal","from the (m, sg.) → dal","da + il → dal"
"it.lex.da-la-dalla","from the (f, sg.) → dalla","da + la → dalla"
"it.lex.da-i-dai","from the (m, pl.) → dai","da + i → dai"
"it.lex.da-le-dalle","from the (f, pl.) → dalle","da + le → dalle"
"it.lex.a-il-al","to the (m, sg.) → al","a + il → al"
"it.lex.a-la-alla","to the (f, sg.) → alla","a + la → alla"
"it.lex.a-i-ai","to the (m, pl.) → ai","a + i → ai"
"it.lex.a-le-alle","to the (f, pl.) → alle","a + le → alle"
"it.lex.di-il-del","of the (m, sg.) → del","di + il → del"
"it.lex.di-la-della","of the (f, sg.) → della","di + la → della"
"it.lex.di-i-dei","of the (m, pl.) → dei","di + i → dei"
"it.lex.di-le-delle","of the (f, pl.) → delle","di + le → delle"
"it.lex.con-il-col-informal","with the (m, sg.) → col","con + il → col (informal)"
"it.lex.mio","my (m, sg.)","mio"
"it.lex.mia","my (f, sg.)","mia"
"it.lex.miei-mie","my (pl.)","miei / mie"
"it.lex.tuo","your (sg., m)","tuo"
"it.lex.tua","your (sg., f)","tua"
"it.lex.tuoi-tue","your (sg., pl.)","tuoi / tue"
"it.lex.suo","his / her (m)","suo"
"it.lex.sua","his / her (f)","sua"
"it.lex.suoi-sue","his / her (pl.)","suoi / sue"
"it.lex.nostro","our (m)","nostro"
"it.lex.nostra","our (f)","nostra"
"it.lex.nostri-nostre","our (pl.)","nostri / nostre"
"it.lex.vostro","your (pl., m)","vostro"
"it.lex.vostra","your (pl., f)","vostra"
"it.lex.vostri-vostre","your (pl., pl.)","vostri / vostre"
"it.lex.loro.their-m","their (m)","loro"
"it.lex.loro.their-f","their (f)","loro"
"it.lex.loro.their-pl","their (pl.)","loro"
"it.lex.la-mia-casa","my house","la mia casa"
"it.lex.la-sua-macchina","his car","la sua macchina"
"it.lex.i-nostri-figli","our children","i nostri figli"
"it.lex.il-tuo-amico","your friend (m)","il tuo amico"
"it.lex.questo","this (m, sg.)","questo"
"it.lex.questa","this (f, sg.)","questa"
"it.lex.questi","these (m, pl.)","questi"
"it.lex.queste","these (f, pl.)","queste"
"it.lex.quello","that (m, sg.)","quello"
"it.lex.quella","that (f, sg.)","quella"
"it.lex.quelli","those (m, pl.)","quelli"
"it.lex.quelle","those (f, pl.)","quelle"
"it.lex.questo-libro","this book","questo libro"
"it.lex.quella-macchina","that car","quella macchina"
"it.lex.queste-persone","these people","queste persone"
"it.lex.quei-bambini","those children","quei bambini"
"it.lex.molto-tanti","a lot of","molto / tanti"
"it.lex.poco-un-po","a little","poco / un po'"
"it.lex.alcuni-un-po-di","some","alcuni / un po' di"
"it.lex.molti","many","molti"
"it.lex.pochi","few","pochi"
"it.lex.troppo.too-much","too much","troppo"
"it.lex.troppi","too many","troppi"
"it.lex.abbastanza.enough","enough","abbastanza"
"it.lex.di-piu-piu","more","di più / più"
"it.lex.meno","less","meno"
"it.lex.la-maggior-parte","most","la maggior parte"
"it.lex.diversi-parecchi","several","diversi / parecchi"
"it.lex.tutto-tutti","all","tutto / tutti"
"it.lex.ogni","every","ogni"
"it.lex.ciascuno","each","ciascuno"
"it.lex.entrambi","both","entrambi"
"it.lex.ne-l-uno-ne-l-altro","neither","né l'uno né l'altro"
"it.lex.uno-dei-due-uno-o-l-altro","either","uno dei due / uno o l'altro"
"it.lex.nessuno.none","none","nessuno"
"it.lex.sono-le-9","It is 9 o'clock.","Sono le 9."
"it.lex.sono-le-2-e-mezza","It is half past 2.","Sono le 2 e mezza."
"it.lex.sono-le-3-e-un-quarto","It is quarter past 3.","Sono le 3 e un quarto."
"it.lex.sono-le-4-meno-un-quarto","It is quarter to 4.","Sono le 4 meno un quarto."
"it.lex.e-mezzogiorno","It is noon.","È mezzogiorno."
"it.lex.e-mezzanotte","It is midnight.","È mezzanotte."
"it.lex.alle-5","at 5 o'clock","alle 5"
"it.lex.tra-10-minuti","in 10 minutes","tra 10 minuti"
"it.lex.un-ora-fa","an hour ago","un'ora fa"
"it.lex.tra-due-giorni","in two days","tra due giorni"
"it.lex.tre-settimane-fa","three weeks ago","tre settimane fa"
"it.lex.il-lunedi-lunedi","on Monday","il lunedì / lunedì"
"it.lex.in-gennaio-a-gennaio","in January","in gennaio / a gennaio"
"it.lex.in-primavera","in spring","in primavera"
"it.lex.dal-lunedi-al-venerdi","from Monday to Friday","dal lunedì al venerdì"
"it.lex.ogni-giorno.every-day","every day","ogni giorno"
"it.lex.per-due-ore","for two hours","per due ore"
"it.lex.da-lunedi","since Monday","da lunedì"
"it.lex.fino-a-venerdi","until Friday","fino a venerdì"
"it.lex.prima-di-mezzogiorno","before noon","prima di mezzogiorno"
"it.lex.d-ora-in-poi","from now on","d'ora in poi"
"it.lex.all-improvviso","all of a sudden","all'improvviso"
"it.lex.all-ultimo-minuto","at the last minute","all'ultimo minuto"
"it.lex.allo-stesso-tempo","at the same time","allo stesso tempo"
"it.lex.nel-frattempo","in the meantime","nel frattempo"
"it.lex.da-allora","ever since","da allora"
"it.lex.attuale-attuale-corrente","'attuale' = current (NOT 'actual')","attuale = attuale / corrente"
"it.lex.eventuale-possibile","'eventuale' = possible (NOT 'eventual')","eventuale = possibile"
"it.lex.pretendere-esigere","'pretendere' = to demand (NOT 'pretend')","pretendere = esigere"
"it.lex.sensibile-sensibile","'sensibile' = sensitive (NOT 'sensible')","sensibile = sensibile"
"it.lex.simpatico-piacevole-carino","'simpatico' = likeable (NOT 'sympathetic')","simpatico = piacevole / carino"
"it.lex.parente-familiare-congiunto","'parente' = relative (NOT 'parent')","parente = familiare / congiunto"
"it.lex.firma-firma-societa","'firma' = signature (NOT 'firm/company')","firma = firma / società"
"it.lex.morbido-soffice-tenero","'morbido' = soft (NOT 'morbid')","morbido = soffice / tenero"
"it.lex.libreria-libreria-biblioteca-library","'libreria' = bookshop (NOT 'library')","libreria = libreria (biblioteca = library)"
"it.lex.casino-confusione-casino-gambling-house","'casino' = mess / chaos (NOT casino)","casino = confusione / casinò = gambling house"
"it.lex.preservare-conservare","'preservare' = to preserve (true cognate)","preservare = conservare ✓"
"it.lex.romanzo-libro-avventura-romantica-romance","'romanzo' = novel (NOT 'romance')","romanzo = libro / avventura romantica = romance"
"it.lex.annoiare-stancare-infastidire-to-annoy","'annoiare' = to bore (NOT 'to annoy')","annoiare = stancare (infastidire = to annoy)"
"it.lex.argomento-tema-litigio-argument","'argomento' = topic (NOT 'argument')","argomento = tema (litigio = argument)"
"it.lex.fastidioso-irritante","'fastidioso' = annoying (NOT 'fastidious')","fastidioso = irritante"
"it.lex.al-contrario","on the contrary","al contrario"
"it.lex.di-conseguenza","as a result","di conseguenza"
"it.lex.al-contrario-in-contrasto","in contrast","al contrario / in contrasto"
"it.lex.a-condizione-che","provided that","a condizione che"
"it.lex.supponendo-che","assuming that","supponendo che"
"it.lex.nel-caso-in-cui","in case","nel caso in cui"
"it.lex.quando-entro-il-momento-in-cui","by the time","quando / entro il momento in cui"
"it.lex.a-lungo-andare","in the long run","a lungo andare"
"it.lex.a-breve-termine","in the short term","a breve termine"
"it.lex.tutto-sommato-1n3jnoy","all in all","tutto sommato"
"it.lex.per-riassumere","to sum up","per riassumere"
"it.lex.prima-di-tutto","first of all","prima di tutto"
"it.lex.ultimo-ma-non-meno-importante","last but not least","ultimo ma non meno importante"
"it.lex.cioe","namely","cioè"
"it.lex.come-ad-esempio","such as","come ad esempio"
"it.lex.in-particolare","particularly","in particolare"
"it.lex.in-generale","generally speaking","in generale"
"it.lex.a-rigore","strictly speaking","a rigore"
"it.lex.per-quanto-ne-so","as far as I know","per quanto ne so"
"it.lex.risulta-che","it turns out that","risulta che"
"it.lex.inutile-dire-che","needless to say","inutile dire che"
"it.lex.alla-fine-dei-conti","when all is said and done","alla fine dei conti"
"it.lex.prendiamo-atto-delle-nostre-differenze","Let's agree to disagree.","Prendiamo atto delle nostre differenze."
"it.lex.tocca-a-te","The ball is in your court.","Tocca a te."
"it.lex.affare-fatto","That's a deal.","Affare fatto!"
"it.lex.sono-in-alto-mare","I'm in over my head.","Sono in alto mare."
"it.lex.e-ora-o-mai-piu","It's now or never.","È ora o mai più."
"it.lex.passo-dopo-passo-uwyx0e","Step by step.","Passo dopo passo."
"it.lex.il-duro-lavoro-premia","Hard work pays off.","Il duro lavoro premia."
"it.lex.sogna-in-grande","Dream big!","Sogna in grande!"
"it.lex.fallo-accadere","Make it happen!","Fallo accadere!"
"it.lex.sussurrare","to whisper","sussurrare"
"it.lex.urlare","to shout","urlare"
"it.lex.litigare","to argue","litigare"
"it.lex.perdonare","to forgive","perdonare"
"it.lex.accusare-incolpare","to blame","accusare / incolpare"
"it.lex.vantarsi","to brag","vantarsi"
"it.lex.ammirare","to admire","ammirare"
"it.lex.rispettare","to respect","rispettare"
"it.lex.ignorare","to ignore","ignorare"
"it.lex.incoraggiare","to encourage","incoraggiare"
"it.lex.scoraggiare","to discourage","scoraggiare"
"it.lex.ispirare","to inspire","ispirare"
"it.lex.motivare","to motivate","motivare"
"it.lex.convincere","to convince","convincere"
"it.lex.persuadere","to persuade","persuadere"
"it.lex.negoziare","to negotiate","negoziare"
"it.lex.competere-gareggiare","to compete","competere / gareggiare"
"it.lex.cooperare","to cooperate","cooperare"
"it.lex.comunicare","to communicate","comunicare"
"it.lex.esprimere","to express","esprimere"
"it.lex.descrivere","to describe","descrivere"
"it.lex.spiegare","to explain","spiegare"
"it.lex.riassumere","to summarize","riassumere"
"it.lex.analizzare","to analyze","analizzare"
"it.lex.valutare","to evaluate","valutare"
"it.lex.stimare","to estimate","stimare"
"it.lex.calcolare","to calculate","calcolare"
"it.lex.prevedere","to predict","prevedere"
"it.lex.simulare","to simulate","simulare"
"it.lex.programmare","to program","programmare"
"it.lex.progettare","to design","progettare"
"it.lex.lanciare.to-launch","to launch","lanciare"
"it.lex.testare","to test","testare"
"it.lex.gestire","to manage","gestire"
"it.lex.organizzare","to organize","organizzare"
"it.lex.coordinare","to coordinate","coordinare"
"it.lex.delegare","to delegate","delegare"
"it.lex.supervisionare","to supervise","supervisionare"
"it.lex.assumere","to hire","assumere"
"it.lex.licenziare","to fire","licenziare"
"it.lex.promuovere","to promote","promuovere"
"it.lex.retrocedere","to demote","retrocedere"
"it.lex.trattare","to negotiate","trattare"
"it.lex.verificare-controllare","to audit","verificare / controllare"
"it.lex.pianificare-il-budget","to budget","pianificare il budget"
"it.lex.investire","to invest","investire"
"it.lex.prendere-in-prestito","to borrow","prendere in prestito"
"it.lex.prestare","to lend","prestare"
"it.lex.donare","to donate","donare"
"it.lex.fare-volontariato","to volunteer","fare volontariato"
"it.lex.abbonarsi","to subscribe","abbonarsi"
"it.lex.seguire.to-follow-social","to follow (social)","seguire"
"it.lex.pubblicare-postare","to post","pubblicare / postare"
"it.lex.condividere","to share","condividere"
"it.lex.mettere-mi-piace","to like","mettere mi piace"
"it.lex.commentare","to comment","commentare"
"it.lex.taggare","to tag","taggare"
"it.lex.bloccare","to block","bloccare"
"it.lex.scorrere","to scroll","scorrere"
"it.lex.cliccare","to click","cliccare"
"it.lex.scorrere-strisciare","to swipe","scorrere / strisciare"
"it.lex.riavviare","to reboot","riavviare"
"it.lex.aggiornare","to update","aggiornare"
"it.lex.fare-un-backup","to backup","fare un backup"
"it.lex.cifrare","to encrypt","cifrare"
"it.lex.trasmettere-in-streaming","to stream","trasmettere in streaming"
"it.lex.riciclare","to recycle","riciclare"
"it.lex.inquinare","to pollute","inquinare"
"it.lex.conservare","to conserve","conservare"
"it.lex.proteggere","to protect","proteggere"
"it.lex.distruggere","to destroy","distruggere"
"it.lex.costruire","to build","costruire"
"it.lex.ristrutturare","to renovate","ristrutturare"
"it.lex.riparare.to-repair","to repair","riparare"
"it.lex.mantenere","to maintain","mantenere"
"it.lex.decorare","to decorate","decorare"
"it.lex.arredare","to furnish","arredare"
"it.lex.traslocare","to move house","traslocare"
"it.lex.tinteggiare-pitturare","to paint (walls)","tinteggiare / pitturare"
"it.lex.piantare","to plant","piantare"
"it.lex.annaffiare","to water","annaffiare"
"it.lex.raccogliere.to-harvest","to harvest","raccogliere"
"it.lex.scaffale-per-libri","bookshelf","scaffale per libri"
"it.lex.libreria.bookcase","bookcase","libreria"
"it.lex.camino","fireplace","camino"
"it.lex.canna-fumaria","chimney","canna fumaria"
"it.lex.cortile","courtyard","cortile"
"it.lex.portico","porch","portico"
"it.lex.cancello","gate","cancello"
"it.lex.recinto-staccionata","fence","recinto / staccionata"
"it.lex.cassetta-delle-lettere","mailbox","cassetta delle lettere"
"it.lex.campanello.doorbell","doorbell","campanello"
"it.lex.lucernario","skylight","lucernario"
"it.lex.corridoio","corridor","corridoio"
"it.lex.armadio-ripostiglio","closet","armadio / ripostiglio"
"it.lex.lavanderia","laundry room","lavanderia"
"it.lex.ripostiglio-deposito","storage room","ripostiglio / deposito"
"it.lex.officina-laboratorio","workshop","officina / laboratorio"
"it.lex.terrazzo-sul-tetto","rooftop","terrazzo sul tetto"
"it.lex.atrio-hall","lobby","atrio / hall"
"it.lex.reception-banco-accettazione","reception desk","reception / banco accettazione"
"it.lex.posto-auto","parking space","posto auto"
"it.lex.viale-d-accesso","driveway","viale d'accesso"
"it.lex.marciapiede","sidewalk","marciapiede"
"it.lex.incrocio.crossroads","crossroads","incrocio"
"it.lex.vicolo","alley","vicolo"
"it.lex.marciapiede-cordolo","curb","marciapiede / cordolo"
"it.lex.pavimentazione","pavement","pavimentazione"
"it.lex.cartello-stradale","signpost","cartello stradale"
"it.lex.targa-stradale","street sign","targa stradale"
"it.lex.segnale-stradale","traffic sign","segnale stradale"
"it.lex.lavori-stradali","road works","lavori stradali"
"it.lex.limite-di-velocita","speed limit","limite di velocità"
"it.lex.multa","fine / penalty","multa"
"it.lex.autostrada-a-pedaggio","toll road","autostrada a pedaggio"
"it.lex.area-di-servizio","rest area","area di servizio"
"it.lex.uscita-autostradale","motorway exit","uscita autostradale"
"it.lex.rampa-di-accesso","on-ramp","rampa di accesso"
"it.lex.cavalcavia","overpass","cavalcavia"
"it.lex.sottopassaggio","underpass","sottopassaggio"
"it.lex.passaggio-a-livello","level crossing","passaggio a livello"
"it.lex.orario","timetable","orario"
"it.lex.binario-banchina","platform","binario / banchina"
"it.lex.tabellone-delle-partenze","departure board","tabellone delle partenze"
"it.lex.tabellone-degli-arrivi","arrival board","tabellone degli arrivi"
"it.lex.ritardo","delay","ritardo"
"it.lex.binario.track","track","binario"
"it.lex.controllore","conductor","controllore"
"it.lex.tariffa","fare","tariffa"
"it.lex.abbonamento.season-ticket","season ticket","abbonamento"
"it.lex.biglietto-singolo","single ticket","biglietto singolo"
"it.lex.andata-e-ritorno","round trip","andata e ritorno"
"it.lex.coincidenza","connection","coincidenza"
"it.lex.rumoroso","noisy","rumoroso"
"it.lex.silenzioso.silent","silent","silenzioso"
"it.lex.affollato","crowded","affollato"
"it.lex.vuoto-deserto","empty (place)","vuoto / deserto"
"it.lex.animato-trafficato","busy (place)","animato / trafficato"
"it.lex.vivace","lively","vivace"
"it.lex.tranquillo","peaceful","tranquillo"
"it.lex.cupo-tetro","gloomy","cupo / tetro"
"it.lex.luminoso","bright","luminoso"
"it.lex.ombroso","shadowy","ombroso"
"it.lex.accogliente","cozy","accogliente"
"it.lex.elegante","elegant","elegante"
"it.lex.casual-informale","casual","casual / informale"
"it.lex.formale","formal","formale"
"it.lex.stretto.tight","tight","stretto"
"it.lex.largo-ampio","loose","largo / ampio"
"it.lex.ruvido-grezzo","rough","ruvido / grezzo"
"it.lex.liscio","smooth","liscio"
"it.lex.tagliente-acuto","sharp","tagliente / acuto"
"it.lex.smussato-ottuso","blunt","smussato / ottuso"
"it.lex.cavo-vuoto","hollow","cavo / vuoto"
"it.lex.solido-pieno","solid","solido / pieno"
"it.lex.liquido","liquid","liquido"
"it.lex.congelato","frozen","congelato"
"it.lex.sciolto","melted","sciolto"
"it.lex.bruciato","burned","bruciato"
"it.lex.troppo-cotto","overcooked","troppo cotto"
"it.lex.poco-cotto","undercooked","poco cotto"
"it.lex.crudo","raw","crudo"
"it.lex.piccante","spicy","piccante"
"it.lex.dolce","sweet","dolce"
"it.lex.aspro","sour","aspro"
"it.lex.salato","salty","salato"
"it.lex.amaro","bitter","amaro"
"it.lex.insipido","bland","insipido"
"it.lex.croccante","crispy","croccante"
"it.lex.cremoso","creamy","cremoso"
"it.lex.fresco.fresh","fresh","fresco"
"it.lex.raffermo","stale","raffermo"
"it.lex.maturo.ripe","ripe","maturo"
"it.lex.acerbo","unripe","acerbo"
"it.lex.nausea","nausea","nausea"
"it.lex.vomito","vomiting","vomito"
"it.lex.diarrea","diarrhea","diarrea"
"it.lex.stitichezza","constipation","stitichezza"
"it.lex.eruzione-cutanea","rash","eruzione cutanea"
"it.lex.livido","bruise","livido"
"it.lex.ferita","wound","ferita"
"it.lex.frattura","fracture","frattura"
"it.lex.distorsione","sprain","distorsione"
"it.lex.infiammazione","inflammation","infiammazione"
"it.lex.infezione","infection","infezione"
"it.lex.tosse","cough","tosse"
"it.lex.starnuto","sneeze","starnuto"
"it.lex.singhiozzo","hiccup","singhiozzo"
"it.lex.gonfiore","swelling","gonfiore"
"it.lex.sanguinamento","bleeding","sanguinamento"
"it.lex.privo-di-sensi-svenuto","unconscious","privo di sensi / svenuto"
"it.lex.stordito-con-le-vertigini","dizzy","stordito / con le vertigini"
"it.lex.nauseato","nauseous","nauseato"
"it.lex.esausto","exhausted","esausto"
"it.lex.svenire","faint","svenire"
"it.lex.polso.pulse","pulse","polso"
"it.lex.respiro","breathing","respiro"
"it.lex.battito-cardiaco","heartbeat","battito cardiaco"
"it.lex.temperatura","temperature","temperatura"
"it.lex.farmacia-di-turno","pharmacy (24h)","farmacia di turno"
"it.lex.pronto-soccorso.emergency-room","emergency room","pronto soccorso"
"it.lex.piacere","Pleased to meet you.","Piacere."
"it.lex.e-un-po-che-non-ci-vediamo","It's been a while!","È un po' che non ci vediamo!"
"it.lex.prenditi-cura-di-te","Take care!","Prenditi cura di te!"
"it.lex.buon-viaggio","Have a safe trip!","Buon viaggio!"
"it.lex.mi-mancherai","I'll miss you.","Mi mancherai."
"it.lex.ho-nostalgia-di-casa","I'm homesick.","Ho nostalgia di casa."
"it.lex.ho-il-jet-lag","I'm jet-lagged.","Ho il jet lag."
"it.lex.sono-scottato-a","I'm sunburned.","Sono scottato/a."
"it.lex.sono-abbronzato-a","I've got a tan.","Sono abbronzato/a."
"it.lex.che-bella-vista","What a beautiful view!","Che bella vista!"
"it.lex.mozzafiato","It's breathtaking.","Mozzafiato."
"it.lex.sono-senza-parole","I'm speechless.","Sono senza parole."
"it.lex.va-oltre-il-mio-budget","That's beyond my budget.","Va oltre il mio budget."
"it.lex.possiamo-trattare-il-prezzo","Can we negotiate the price?","Possiamo trattare il prezzo?"
"it.lex.c-e-un-opzione-piu-economica","Is there a cheaper option?","C'è un'opzione più economica?"
"it.lex.e-un-affare","That's a steal!","È un affare!"
"it.lex.e-troppo-caro","It's overpriced.","È troppo caro."
"it.lex.posso-provarlo","Can I try it on?","Posso provarlo?"
"it.lex.non-e-il-mio-stile","It's not my style.","Non è il mio stile."
"it.lex.ti-sta-bene","It suits you.","Ti sta bene."
"it.lex.non-va-bene","It doesn't fit.","Non va bene."
"it.lex.il-colore-e-perfetto","The color is perfect.","Il colore è perfetto."
"it.lex.lo-avete-in-un-altro-colore","Do you have it in another color?","Lo avete in un altro colore?"
"it.lex.sto-solo-guardando","I'm just browsing.","Sto solo guardando."
"it.lex.ci-penso","I'll think about it.","Ci penso."
"it.lex.torno-piu-tardi","I'll come back later.","Torno più tardi."
"it.lex.dove-si-paga","Where do I pay?","Dove si paga?"
"it.lex.accettate-contanti","Do you accept cash?","Accettate contanti?"
"it.lex.posso-avere-un-sacchetto","Can I have a bag?","Posso avere un sacchetto?"
"it.lex.confezione-regalo-per-favore","Gift wrapping, please.","Confezione regalo, per favore."
"it.lex.e-in-saldo","Is this on sale?","È in saldo?"
"it.lex.qual-e-la-politica-di-reso","What's the return policy?","Qual è la politica di reso?"
"it.lex.ho-un-reclamo-da-fare","I have a complaint.","Ho un reclamo da fare."
"it.lex.non-sono-soddisfatto-a","I'm not satisfied.","Non sono soddisfatto/a."
"it.lex.il-servizio-era-eccellente","The service was excellent.","Il servizio era eccellente."
"it.lex.vorrei-parlare-con-il-responsabile","I'd like to speak to the manager.","Vorrei parlare con il responsabile."
"it.lex.puoi-consigliarmi-un-buon-ristorante","Can you recommend a good restaurant?","Puoi consigliarmi un buon ristorante?"
"it.lex.e-autentico","Is this authentic?","È autentico?"
"it.lex.quali-sono-gli-orari-di-apertura","What are the opening hours?","Quali sono gli orari di apertura?"
"it.lex.si-fa-a-piedi","Is it far to walk?","Si fa a piedi?"
"it.lex.quanto-ci-vuole-in-autobus","How long does it take by bus?","Quanto ci vuole in autobus?"
"it.lex.c-e-una-visita-guidata","Is there a guided tour?","C'è una visita guidata?"
"it.lex.vorrei-un-audioguida","I'd like an audio guide.","Vorrei un'audioguida."
"it.lex.dove-si-comprano-i-biglietti","Where can I buy tickets?","Dove si comprano i biglietti?"
"it.lex.c-e-uno-sconto-per-studenti","Is there a discount for students?","C'è uno sconto per studenti?"
"it.lex.devo-prenotare-in-anticipo","Do I need to book in advance?","Devo prenotare in anticipo?"
"it.lex.la-fotografia-non-e-consentita","Photography is not allowed.","La fotografia non è consentita."
"it.lex.silenzio-per-favore","Please be quiet.","Silenzio, per favore."
"it.lex.vietato-l-ingresso","Keep out!","Vietato l'ingresso!"
"it.lex.divieto-di-accesso","No entry.","Divieto di accesso."
"it.lex.solo-per-emergenze","Emergency only.","Solo per emergenze."
"it.lex.vernice-fresca","Wet paint.","Vernice fresca."
"it.lex.attenzione-al-gradino","Mind the step.","Attenzione al gradino."
"it.lex.fuori-servizio","Out of order.","Fuori servizio."
"it.lex.in-costruzione","Under construction.","In costruzione."
"it.lex.spingere.push","Push","Spingere"
"it.lex.tirare.pull","Pull","Tirare"
"it.lex.aperto","Open","Aperto"
"it.lex.chiuso","Closed","Chiuso"
"it.lex.ingresso-gratuito","Free entry","Ingresso gratuito"
"it.lex.uscita","Exit","Uscita"
"it.lex.entrata","Entrance","Entrata"
"it.lex.noleggiare-una-macchina","to rent a car","noleggiare una macchina"
"it.lex.autonoleggio","car rental","autonoleggio"
"it.lex.benzina","petrol / gasoline","benzina"
"it.lex.gasolio","diesel","gasolio"
"it.lex.fare-benzina","to refuel","fare benzina"
"it.lex.polizia-stradale","traffic police","polizia stradale"
"it.lex.autovelox","speed camera","autovelox"
"it.lex.multa-per-sosta-vietata","parking ticket","multa per sosta vietata"
"it.lex.carro-attrezzi","tow truck","carro attrezzi"
"it.lex.gomma-a-terra-foratura","flat tire","gomma a terra / foratura"
"it.lex.ruota-di-scorta","spare tire","ruota di scorta"
"it.lex.cintura-di-sicurezza","seat belt","cintura di sicurezza"
"it.lex.airbag","airbag","airbag"
"it.lex.sorpassare","to overtake","sorpassare"
"it.lex.fare-retromarcia","to reverse","fare retromarcia"
"it.lex.parcheggiare","to park","parcheggiare"
"it.lex.accelerare","to accelerate","accelerare"
"it.lex.frenare","to brake","frenare"
"it.lex.mettere-la-freccia","to indicate","mettere la freccia"
"it.lex.rotatoria","roundabout","rotatoria"
"it.lex.autostrada.motorway","motorway","autostrada"
"it.lex.strada-statale","national road","strada statale"
"it.lex.strada-acciottolata","cobblestone street","strada acciottolata"
"it.lex.vicolo-stretto","narrow street","vicolo stretto"
"it.lex.vigile-urbano","traffic warden","vigile urbano"
"it.lex.periferia.suburb","suburb","periferia"
"it.lex.periferia.outskirts","outskirts","periferia"
"it.lex.pianta-della-citta","city map","pianta della città"
"it.lex.ufficio-turistico","tourist office","ufficio turistico"
"it.lex.monumento","monument","monumento"
"it.lex.statua","statue","statua"
"it.lex.fontana","fountain","fontana"
"it.lex.rovine-antiche","ancient ruins","rovine antiche"
