"id","lexeme_id","english","target","article","hint"
"w0001","de.lex.ich","I","ich","",""
"w0002","de.lex.du","you (singular informal)","du","",""
"w0003","de.lex.er","he","er","",""
"w0004","de.lex.sie.they","she","sie","",""
"w0005","de.lex.es","it","es","",""
"w0006","de.lex.wir","we","wir","",""
"w0007","de.lex.ihr.you","you (plural informal)","ihr","",""
"w0008","de.lex.sie.they","they","sie","",""
"w0009","de.lex.sie.they","you (formal)","Sie","",""
"w0010","de.lex.mich","me (accusative)","mich","",""
"w0011","de.lex.dich","you (accusative, sg.)","dich","",""
"w0012","de.lex.ihn","him (accusative)","ihn","",""
"w0013","de.lex.sie.her","her (accusative)","sie","",""
"w0014","de.lex.uns","us (accusative)","uns","",""
"w0015","de.lex.euch","you (accusative, pl.)","euch","",""
"w0016","de.lex.sie.them","them (accusative)","sie","",""
"w0017","de.lex.mir","to me (dative)","mir","",""
"w0018","de.lex.dir","to you (dative, sg.)","dir","",""
"w0019","de.lex.ihm","to him (dative)","ihm","",""
"w0020","de.lex.ihr.her","to her (dative)","ihr","",""
"w0021","de.lex.uns","to us (dative)","uns","",""
"w0022","de.lex.euch","to you (dative, pl.)","euch","",""
"w0023","de.lex.ihnen","to them (dative)","ihnen","",""
"w0024","de.lex.mich-selbst","myself","mich selbst","",""
"w0025","de.lex.dich-selbst","yourself","dich selbst","",""
"w0026","de.lex.sich-selbst.herself","himself / herself / itself","sich selbst","",""
"w0027","de.lex.uns-selbst","ourselves","uns selbst","",""
"w0028","de.lex.euch-selbst","yourselves","euch selbst","",""
"w0029","de.lex.sich-selbst.themselves","themselves","sich selbst","",""
"w0030","de.lex.jemand","someone","jemand","",""
"w0031","de.lex.niemand","nobody","niemand","",""
"w0032","de.lex.etwas","something","etwas","",""
"w0033","de.lex.nichts","nothing","nichts","",""
"w0034","de.lex.jeder-alle","everyone","jeder / alle","",""
"w0035","de.lex.alles","everything","alles","",""
"w0036","de.lex.beide","both","beide","",""
"w0037","de.lex.einander","each other","einander","",""
"w0038","de.lex.null","zero","null","",""
"w0039","de.lex.eins","one","eins","",""
"w0040","de.lex.zwei","two","zwei","",""
"w0041","de.lex.drei","three","drei","",""
"w0042","de.lex.vier","four","vier","",""
"w0043","de.lex.fuenf","five","fünf","",""
"w0044","de.lex.sechs","six","sechs","",""
"w0045","de.lex.sieben","seven","sieben","",""
"w0046","de.lex.acht","eight","acht","",""
"w0047","de.lex.neun","nine","neun","",""
"w0048","de.lex.zehn","ten","zehn","",""
"w0049","de.lex.elf","eleven","elf","",""
"w0050","de.lex.zwoelf","twelve","zwölf","",""
"w0051","de.lex.dreizehn","thirteen","dreizehn","",""
"w0052","de.lex.vierzehn","fourteen","vierzehn","",""
"w0053","de.lex.fuenfzehn","fifteen","fünfzehn","",""
"w0054","de.lex.zwanzig","twenty","zwanzig","",""
"w0055","de.lex.dreissig","thirty","dreißig","",""
"w0056","de.lex.vierzig","forty","vierzig","",""
"w0057","de.lex.fuenfzig","fifty","fünfzig","",""
"w0058","de.lex.sechzig","sixty","sechzig","",""
"w0059","de.lex.siebzig","seventy","siebzig","",""
"w0060","de.lex.achtzig","eighty","achtzig","",""
"w0061","de.lex.neunzig","ninety","neunzig","",""
"w0062","de.lex.hundert","hundred","hundert","",""
"w0063","de.lex.tausend","thousand","tausend","",""
"w0064","de.lex.eine-million","million","eine Million","",""
"w0065","de.lex.erst","first","erst-","",""
"w0066","de.lex.zweit","second (ordinal: 2nd)","zweit-","",""
"w0067","de.lex.dritt","third","dritt-","",""
"w0068","de.lex.viert","fourth","viert-","",""
"w0069","de.lex.fuenft","fifth","fünft-","",""
"w0070","de.lex.einmal","once","einmal","",""
"w0071","de.lex.zweimal","twice","zweimal","",""
"w0072","de.lex.halb","half","halb","",""
"w0073","de.lex.ein-viertel","a quarter","ein Viertel","",""
"w0074","de.lex.ein-drittel","a third","ein Drittel","",""
"w0075","de.lex.mann","man","Mann","der",""
"w0076","de.lex.frau","woman","Frau","die",""
"w0077","de.lex.kind","child","Kind","das",""
"w0078","de.lex.junge","boy","Junge","der",""
"w0079","de.lex.maedchen","girl","Mädchen","das",""
"w0080","de.lex.baby","baby","Baby","das",""
"w0081","de.lex.person","person","Person","die",""
"w0082","de.lex.erwachsener","adult (m)","Erwachsener","der",""
"w0083","de.lex.erwachsene","adult (f)","Erwachsene","die",""
"w0084","de.lex.teenager","teenager","Teenager","der",""
"w0085","de.lex.vater","father","Vater","der",""
"w0086","de.lex.mutter","mother","Mutter","die",""
"w0087","de.lex.sohn","son","Sohn","der",""
"w0088","de.lex.tochter","daughter","Tochter","die",""
"w0089","de.lex.bruder","brother","Bruder","der",""
"w0090","de.lex.schwester","sister","Schwester","die",""
"w0091","de.lex.ehemann","husband","Ehemann","der",""
"w0092","de.lex.ehefrau","wife","Ehefrau","die",""
"w0093","de.lex.grossvater","grandfather","Großvater","der",""
"w0094","de.lex.grossmutter","grandmother","Großmutter","die",""
"w0095","de.lex.enkel","grandson","Enkel","der",""
"w0096","de.lex.enkelin","granddaughter","Enkelin","die",""
"w0097","de.lex.onkel","uncle","Onkel","der",""
"w0098","de.lex.tante","aunt","Tante","die",""
"w0099","de.lex.cousin","cousin (m)","Cousin","der",""
"w0100","de.lex.cousine","cousin (f)","Cousine","die",""
"w0101","de.lex.neffe","nephew","Neffe","der",""
"w0102","de.lex.nichte","niece","Nichte","die",""
"w0103","de.lex.freund","friend (m)","Freund","der",""
"w0104","de.lex.freundin.friend","friend (f)","Freundin","die",""
"w0105","de.lex.nachbar.neighbor","neighbor (m)","Nachbar","der",""
"w0106","de.lex.nachbarin","neighbor (f)","Nachbarin","die",""
"w0107","de.lex.kollege","colleague (m)","Kollege","der",""
"w0108","de.lex.kollegin","colleague (f)","Kollegin","die",""
"w0109","de.lex.partner","partner","Partner","der",""
"w0110","de.lex.gast","guest","Gast","der",""
"w0111","de.lex.fremder","stranger (m)","Fremder","der",""
"w0112","de.lex.fremde","stranger (f)","Fremde","die",""
"w0113","de.lex.eltern","parents","Eltern","die",""
"w0114","de.lex.zwillinge","twins","Zwillinge","die",""
"w0115","de.lex.stiefvater","stepfather","Stiefvater","der",""
"w0116","de.lex.stiefmutter","stepmother","Stiefmutter","die",""
"w0117","de.lex.arzt","doctor (m)","Arzt","der",""
"w0118","de.lex.aerztin","doctor (f)","Ärztin","die",""
"w0119","de.lex.krankenpfleger","nurse (m)","Krankenpfleger","der",""
"w0120","de.lex.krankenschwester","nurse (f)","Krankenschwester","die",""
"w0121","de.lex.lehrer","teacher (m)","Lehrer","der",""
"w0122","de.lex.lehrerin","teacher (f)","Lehrerin","die",""
"w0123","de.lex.student","student (m)","Student","der",""
"w0124","de.lex.studentin","student (f)","Studentin","die",""
"w0125","de.lex.schueler","pupil","Schüler","der",""
"w0126","de.lex.professor","professor","Professor","der",""
"w0127","de.lex.anwalt","lawyer (m)","Anwalt","der",""
"w0128","de.lex.anwaeltin","lawyer (f)","Anwältin","die",""
"w0129","de.lex.richter","judge","Richter","der",""
"w0130","de.lex.ingenieur","engineer","Ingenieur","der",""
"w0131","de.lex.architekt","architect","Architekt","der",""
"w0132","de.lex.wissenschaftler","scientist","Wissenschaftler","der",""
"w0133","de.lex.programmierer","programmer","Programmierer","der",""
"w0134","de.lex.designer","designer","Designer","der",""
"w0135","de.lex.kuenstler","artist","Künstler","der",""
"w0136","de.lex.schriftsteller","writer","Schriftsteller","der",""
"w0137","de.lex.journalist","journalist","Journalist","der",""
"w0138","de.lex.fotograf","photographer","Fotograf","der",""
"w0139","de.lex.musiker","musician","Musiker","der",""
"w0140","de.lex.saenger","singer","Sänger","der",""
"w0141","de.lex.schauspieler","actor","Schauspieler","der",""
"w0142","de.lex.regisseur","director","Regisseur","der",""
"w0143","de.lex.maler","painter","Maler","der",""
"w0144","de.lex.kuechenchef","chef","Küchenchef","der",""
"w0145","de.lex.koch","cook","Koch","der",""
"w0146","de.lex.kellner","waiter (m)","Kellner","der",""
"w0147","de.lex.kellnerin","waiter (f)","Kellnerin","die",""
"w0148","de.lex.baecker","baker","Bäcker","der",""
"w0149","de.lex.metzger","butcher","Metzger","der",""
"w0150","de.lex.bauer","farmer","Bauer","der",""
"w0151","de.lex.fahrer","driver","Fahrer","der",""
"w0152","de.lex.pilot","pilot","Pilot","der",""
"w0153","de.lex.soldat","soldier","Soldat","der",""
"w0154","de.lex.polizist","police officer","Polizist","der",""
"w0155","de.lex.feuerwehrmann","firefighter","Feuerwehrmann","der",""
"w0156","de.lex.elektriker","electrician","Elektriker","der",""
"w0157","de.lex.mechaniker","mechanic","Mechaniker","der",""
"w0158","de.lex.buchhalter","accountant","Buchhalter","der",""
"w0159","de.lex.manager","manager","Manager","der",""
"w0160","de.lex.chef","boss","Chef","der","False friend: der Chef = boss; chef/cook = Koch."
"w0161","de.lex.angestellter","employee (m)","Angestellter","der",""
"w0162","de.lex.angestellte","employee (f)","Angestellte","die",""
"w0163","de.lex.zahnarzt","dentist","Zahnarzt","der",""
"w0164","de.lex.apotheker","pharmacist","Apotheker","der",""
"w0165","de.lex.psychologe","psychologist","Psychologe","der",""
"w0166","de.lex.politiker","politician","Politiker","der",""
"w0167","de.lex.priester","priest","Priester","der",""
"w0168","de.lex.tierarzt","veterinarian","Tierarzt","der",""
"w0169","de.lex.kopf","head","Kopf","der",""
"w0170","de.lex.gesicht","face","Gesicht","das",""
"w0171","de.lex.auge","eye","Auge","das",""
"w0172","de.lex.ohr","ear","Ohr","das",""
"w0173","de.lex.nase","nose","Nase","die",""
"w0174","de.lex.mund","mouth","Mund","der",""
"w0175","de.lex.zahn","tooth","Zahn","der",""
"w0176","de.lex.zunge","tongue","Zunge","die",""
"w0177","de.lex.lippe","lip","Lippe","die",""
"w0178","de.lex.kinn","chin","Kinn","das",""
"w0179","de.lex.wange","cheek","Wange","die",""
"w0180","de.lex.stirn","forehead","Stirn","die",""
"w0181","de.lex.haar","hair","Haar","das",""
"w0182","de.lex.hals","neck","Hals","der",""
"w0183","de.lex.schulter","shoulder","Schulter","die",""
"w0184","de.lex.arm.arm","arm","Arm","der",""
"w0185","de.lex.ellbogen","elbow","Ellbogen","der",""
"w0186","de.lex.handgelenk","wrist","Handgelenk","das",""
"w0187","de.lex.hand","hand","Hand","die",""
"w0188","de.lex.finger","finger","Finger","der",""
"w0189","de.lex.daumen","thumb","Daumen","der",""
"w0190","de.lex.nagel","nail","Nagel","der",""
"w0191","de.lex.brust","chest","Brust","die",""
"w0192","de.lex.ruecken","back","Rücken","der",""
"w0193","de.lex.bauch.stomach","stomach","Bauch","der",""
"w0194","de.lex.huefte","hip","Hüfte","die",""
"w0195","de.lex.bein","leg","Bein","das",""
"w0196","de.lex.knie","knee","Knie","das",""
"w0197","de.lex.knoechel","ankle","Knöchel","der",""
"w0198","de.lex.fuss","foot","Fuß","der",""
"w0199","de.lex.zeh","toe","Zeh","der",""
"w0200","de.lex.herz","heart","Herz","das",""
"w0201","de.lex.lunge","lung","Lunge","die",""
"w0202","de.lex.leber","liver","Leber","die",""
"w0203","de.lex.niere","kidney","Niere","die",""
"w0204","de.lex.gehirn","brain","Gehirn","das",""
"w0205","de.lex.knochen","bone","Knochen","der",""
"w0206","de.lex.muskel","muscle","Muskel","der",""
"w0207","de.lex.haut","skin","Haut","die",""
"w0208","de.lex.blut","blood","Blut","das",""
"w0209","de.lex.brot","bread","Brot","das",""
"w0210","de.lex.broetchen","roll","Brötchen","das",""
"w0211","de.lex.butter","butter","Butter","die",""
"w0212","de.lex.milch","milk","Milch","die",""
"w0213","de.lex.ei","egg","Ei","das",""
"w0214","de.lex.kaese","cheese","Käse","der",""
"w0215","de.lex.fleisch","meat","Fleisch","das",""
"w0216","de.lex.haehnchen","chicken (roast, meat)","Hähnchen","das",""
"w0217","de.lex.rindfleisch","beef","Rindfleisch","das",""
"w0218","de.lex.schweinefleisch","pork","Schweinefleisch","das",""
"w0219","de.lex.fisch","fish","Fisch","der",""
"w0220","de.lex.wurst","sausage","Wurst","die",""
"w0221","de.lex.schinken","ham","Schinken","der",""
"w0222","de.lex.suppe","soup","Suppe","die",""
"w0223","de.lex.salat.salad-dish","salad","Salat","der",""
"w0224","de.lex.nudeln","pasta","Nudeln","die",""
"w0225","de.lex.reis","rice","Reis","der",""
"w0226","de.lex.kartoffel","potato","Kartoffel","die",""
"w0227","de.lex.tomate","tomato","Tomate","die",""
"w0228","de.lex.gurke","cucumber","Gurke","die",""
"w0229","de.lex.karotte","carrot","Karotte","die",""
"w0230","de.lex.zwiebel","onion","Zwiebel","die",""
"w0231","de.lex.knoblauch","garlic","Knoblauch","der",""
"w0232","de.lex.pfeffer","pepper (spice)","Pfeffer","der",""
"w0233","de.lex.salz","salt","Salz","das",""
"w0234","de.lex.zucker","sugar","Zucker","der",""
"w0235","de.lex.oel","oil","Öl","das",""
"w0236","de.lex.essig","vinegar","Essig","der",""
"w0237","de.lex.senf","mustard","Senf","der",""
"w0238","de.lex.apfel","apple","Apfel","der",""
"w0239","de.lex.birne","pear","Birne","die",""
"w0240","de.lex.banane","banana","Banane","die",""
"w0241","de.lex.orange","orange","Orange","die",""
"w0242","de.lex.erdbeere","strawberry","Erdbeere","die",""
"w0243","de.lex.kirsche","cherry","Kirsche","die",""
"w0244","de.lex.traube","grape","Traube","die",""
"w0245","de.lex.zitrone","lemon","Zitrone","die",""
"w0246","de.lex.pfirsich","peach","Pfirsich","der",""
"w0247","de.lex.pflaume","plum","Pflaume","die",""
"w0248","de.lex.wassermelone","watermelon","Wassermelone","die",""
"w0249","de.lex.wasser","water","Wasser","das",""
"w0250","de.lex.saft","juice","Saft","der",""
"w0251","de.lex.kaffee","coffee","Kaffee","der",""
"w0252","de.lex.tee","tea","Tee","der",""
"w0253","de.lex.bier","beer","Bier","das",""
"w0254","de.lex.wein","wine","Wein","der",""
"w0255","de.lex.limonade","lemonade","Limonade","die",""
"w0256","de.lex.kuchen","cake","Kuchen","der",""
"w0257","de.lex.keks","cookie","Keks","der",""
"w0258","de.lex.schokolade","chocolate","Schokolade","die",""
"w0259","de.lex.eis.ice-cream","ice cream","Eis","das",""
"w0260","de.lex.marmelade","jam","Marmelade","die",""
"w0261","de.lex.honig","honey","Honig","der",""
"w0262","de.lex.mehl","flour","Mehl","das",""
"w0263","de.lex.fruehstueck","breakfast","Frühstück","das",""
"w0264","de.lex.mittagessen","lunch","Mittagessen","das",""
"w0265","de.lex.abendessen","dinner","Abendessen","das",""
"w0266","de.lex.snack","snack","Snack","der",""
"w0267","de.lex.dessert","dessert","Dessert","das",""
"w0268","de.lex.rezept.recipe-cooking","recipe","Rezept","das",""
"w0269","de.lex.mahlzeit","meal","Mahlzeit","die",""
"w0270","de.lex.speisekarte","menu","Speisekarte","die",""
"w0271","de.lex.gericht.dish","dish","Gericht","das",""
"w0272","de.lex.zutat","ingredient","Zutat","die",""
"w0273","de.lex.pilz","mushroom","Pilz","der",""
"w0274","de.lex.salat.lettuce-plant","lettuce","Salat","der",""
"w0275","de.lex.spinat","spinach","Spinat","der",""
"w0276","de.lex.brokkoli","broccoli","Brokkoli","der",""
"w0277","de.lex.mais","corn","Mais","der",""
"w0278","de.lex.erbse","pea","Erbse","die",""
"w0279","de.lex.bohne","bean","Bohne","die",""
"w0280","de.lex.haus","house","Haus","das",""
"w0281","de.lex.wohnung","apartment","Wohnung","die",""
"w0282","de.lex.gebaeude","building","Gebäude","das",""
"w0283","de.lex.zimmer","room","Zimmer","das",""
"w0284","de.lex.kueche","kitchen","Küche","die",""
"w0285","de.lex.badezimmer","bathroom","Badezimmer","das",""
"w0286","de.lex.schlafzimmer","bedroom","Schlafzimmer","das",""
"w0287","de.lex.wohnzimmer","living room","Wohnzimmer","das",""
"w0288","de.lex.esszimmer","dining room","Esszimmer","das",""
"w0289","de.lex.flur","hallway","Flur","der",""
"w0290","de.lex.keller","cellar","Keller","der",""
"w0291","de.lex.dachboden","attic","Dachboden","der",""
"w0292","de.lex.garage","garage","Garage","die",""
"w0293","de.lex.garten","garden","Garten","der",""
"w0294","de.lex.balkon","balcony","Balkon","der",""
"w0295","de.lex.terrasse","terrace","Terrasse","die",""
"w0296","de.lex.treppe","stairs","Treppe","die",""
"w0297","de.lex.aufzug","elevator","Aufzug","der",""
"w0298","de.lex.tuer","door","Tür","die",""
"w0299","de.lex.fenster","window","Fenster","das",""
"w0300","de.lex.wand","wall","Wand","die","False friend: die Wand = wall; wand = Zauberstab."
"w0301","de.lex.boden.floor","floor","Boden","der",""
"w0302","de.lex.decke.ceiling","ceiling","Decke","die",""
"w0303","de.lex.dach","roof","Dach","das",""
"w0304","de.lex.bett","bed","Bett","das",""
"w0305","de.lex.sofa","sofa","Sofa","das",""
"w0306","de.lex.sessel","armchair","Sessel","der",""
"w0307","de.lex.tisch","table","Tisch","der",""
"w0308","de.lex.stuhl","chair","Stuhl","der",""
"w0309","de.lex.schreibtisch","desk","Schreibtisch","der",""
"w0310","de.lex.regal","shelf","Regal","das",""
"w0311","de.lex.kleiderschrank","wardrobe","Kleiderschrank","der",""
"w0312","de.lex.schublade","drawer","Schublade","die",""
"w0313","de.lex.spiegel","mirror","Spiegel","der",""
"w0314","de.lex.lampe","lamp","Lampe","die",""
"w0315","de.lex.teppich","carpet","Teppich","der",""
"w0316","de.lex.vorhang","curtain","Vorhang","der",""
"w0317","de.lex.kissen","pillow","Kissen","das",""
"w0318","de.lex.decke.blanket-covering","blanket","Decke","die",""
"w0319","de.lex.handtuch","towel","Handtuch","das",""
"w0320","de.lex.schluessel","key","Schlüssel","der",""
"w0321","de.lex.schloss","lock","Schloss","das",""
"w0322","de.lex.klingel","bell","Klingel","die",""
"w0323","de.lex.waschmaschine","washing machine","Waschmaschine","die",""
"w0324","de.lex.spuelmaschine","dishwasher","Spülmaschine","die",""
"w0325","de.lex.kuehlschrank","refrigerator","Kühlschrank","der",""
"w0326","de.lex.mikrowelle","microwave","Mikrowelle","die",""
"w0327","de.lex.staubsauger","vacuum cleaner","Staubsauger","der",""
"w0328","de.lex.kaffeemaschine","coffee machine","Kaffeemaschine","die",""
"w0329","de.lex.wasserhahn","tap / faucet","Wasserhahn","der",""
"w0330","de.lex.lichtschalter","light switch","Lichtschalter","der",""
"w0331","de.lex.steckdose","power outlet","Steckdose","die",""
"w0332","de.lex.muelleimer","trash can","Mülleimer","der",""
"w0333","de.lex.strasse.street","street","Straße","die",""
"w0334","de.lex.strasse.road","road","Straße","die",""
"w0335","de.lex.weg.path","path","Weg","der",""
"w0336","de.lex.bruecke","bridge","Brücke","die",""
"w0337","de.lex.platz","square (in a town)","Platz","der",""
"w0338","de.lex.park","park","Park","der",""
"w0339","de.lex.stadt","city","Stadt","die",""
"w0340","de.lex.dorf","village","Dorf","das",""
"w0341","de.lex.viertel","district","Viertel","das",""
"w0342","de.lex.nachbarschaft","neighborhood","Nachbarschaft","die",""
"w0343","de.lex.stadtzentrum","city center","Stadtzentrum","das",""
"w0344","de.lex.vorort","suburb","Vorort","der",""
"w0345","de.lex.land","country","Land","das",""
"w0346","de.lex.region","region","Region","die",""
"w0347","de.lex.grenze.border","border","Grenze","die",""
"w0348","de.lex.flughafen","airport","Flughafen","der",""
"w0349","de.lex.bahnhof.train-station","train station","Bahnhof","der",""
"w0350","de.lex.bushaltestelle","bus stop","Bushaltestelle","die",""
"w0351","de.lex.u-bahn","subway","U-Bahn","die",""
"w0352","de.lex.strassenbahn","tram","Straßenbahn","die",""
"w0353","de.lex.taxi","taxi","Taxi","das",""
"w0354","de.lex.auto","car","Auto","das",""
"w0355","de.lex.bus","bus","Bus","der",""
"w0356","de.lex.zug","train","Zug","der",""
"w0357","de.lex.flugzeug.plane","plane","Flugzeug","das",""
"w0358","de.lex.schiff","ship","Schiff","das",""
"w0359","de.lex.fahrrad.bicycle","bicycle","Fahrrad","das",""
"w0360","de.lex.motorrad","motorcycle","Motorrad","das",""
"w0361","de.lex.verkehr","traffic","Verkehr","der",""
"w0362","de.lex.ampel","traffic light","Ampel","die",""
"w0363","de.lex.parkplatz","parking lot","Parkplatz","der",""
"w0364","de.lex.autobahn","highway","Autobahn","die",""
"w0365","de.lex.fahrkarte","ticket","Fahrkarte","die",""
"w0366","de.lex.karte","map","Karte","die",""
"w0367","de.lex.stau","traffic jam","Stau","der",""
"w0368","de.lex.fuehrerschein","driving license","Führerschein","der",""
"w0369","de.lex.tankstelle","fuel station","Tankstelle","die",""
"w0370","de.lex.fussgaengerueberweg","pedestrian crossing","Fußgängerüberweg","der",""
"w0371","de.lex.kreisverkehr","roundabout","Kreisverkehr","der",""
"w0372","de.lex.fahrradweg","bicycle lane","Fahrradweg","der",""
"w0373","de.lex.einbahnstrasse","one-way street","Einbahnstraße","die",""
"w0374","de.lex.laden","shop","Laden","der",""
"w0375","de.lex.geschaeft","store","Geschäft","das",""
"w0376","de.lex.supermarkt","supermarket","Supermarkt","der",""
"w0377","de.lex.baeckerei","bakery","Bäckerei","die",""
"w0378","de.lex.metzgerei","butcher shop","Metzgerei","die",""
"w0379","de.lex.apotheke","pharmacy","Apotheke","die",""
"w0380","de.lex.krankenhaus","hospital","Krankenhaus","das",""
"w0381","de.lex.klinik","clinic","Klinik","die",""
"w0382","de.lex.schule","school","Schule","die",""
"w0383","de.lex.universitaet","university","Universität","die",""
"w0384","de.lex.bibliothek","library","Bibliothek","die",""
"w0385","de.lex.museum","museum","Museum","das",""
"w0386","de.lex.theater.theater","theater","Theater","das",""
"w0387","de.lex.kino","cinema","Kino","das",""
"w0388","de.lex.kirche","church","Kirche","die",""
"w0389","de.lex.moschee","mosque","Moschee","die",""
"w0390","de.lex.bank","bank","Bank","die",""
"w0391","de.lex.postamt","post office","Postamt","das",""
"w0392","de.lex.hotel","hotel","Hotel","das",""
"w0393","de.lex.restaurant","restaurant","Restaurant","das",""
"w0394","de.lex.cafe.cafe","café","Café","das",""
"w0395","de.lex.bar","bar","Bar","die",""
"w0396","de.lex.buero","office","Büro","das",""
"w0397","de.lex.fabrik","factory","Fabrik","die",""
"w0398","de.lex.bauernhof","farm","Bauernhof","der",""
"w0399","de.lex.markt","market","Markt","der",""
"w0400","de.lex.buchhandlung","bookstore","Buchhandlung","die",""
"w0401","de.lex.fitnessstudio","gym","Fitnessstudio","das",""
"w0402","de.lex.schwimmbad","swimming pool","Schwimmbad","das",""
"w0403","de.lex.stadion","stadium","Stadion","das",""
"w0404","de.lex.polizeiwache","police station","Polizeiwache","die",""
"w0405","de.lex.feuerwache","fire station","Feuerwache","die",""
"w0406","de.lex.gericht.courthouse","courthouse","Gericht","das",""
"w0407","de.lex.botschaft","embassy","Botschaft","die",""
"w0408","de.lex.rathaus","town hall","Rathaus","das",""
"w0409","de.lex.natur","nature","Natur","die",""
"w0410","de.lex.wald","forest","Wald","der",""
"w0411","de.lex.baum","tree","Baum","der",""
"w0412","de.lex.blume","flower","Blume","die",""
"w0413","de.lex.gras","grass","Gras","das",""
"w0414","de.lex.blatt","leaf","Blatt","das",""
"w0415","de.lex.wurzel","root","Wurzel","die",""
"w0416","de.lex.ast","branch","Ast","der",""
"w0417","de.lex.busch","bush","Busch","der",""
"w0418","de.lex.berg","mountain","Berg","der",""
"w0419","de.lex.huegel","hill","Hügel","der",""
"w0420","de.lex.tal","valley","Tal","das",""
"w0421","de.lex.fluss","river","Fluss","der",""
"w0422","de.lex.see.lake","lake","See","der","der See = lake; die See = sea."
"w0423","de.lex.meer","sea","Meer","das",""
"w0424","de.lex.ozean","ocean","Ozean","der",""
"w0425","de.lex.strand","beach","Strand","der",""
"w0426","de.lex.insel","island","Insel","die",""
"w0427","de.lex.wueste","desert","Wüste","die",""
"w0428","de.lex.dschungel","jungle","Dschungel","der",""
"w0429","de.lex.feld","field","Feld","das",""
"w0430","de.lex.wiese","meadow","Wiese","die",""
"w0431","de.lex.hoehle","cave","Höhle","die",""
"w0432","de.lex.wasserfall","waterfall","Wasserfall","der",""
"w0433","de.lex.vulkan","volcano","Vulkan","der",""
"w0434","de.lex.gletscher","glacier","Gletscher","der",""
"w0435","de.lex.himmel","sky","Himmel","der",""
"w0436","de.lex.sonne","sun","Sonne","die",""
"w0437","de.lex.mond","moon","Mond","der",""
"w0438","de.lex.stern","star","Stern","der",""
"w0439","de.lex.wolke","cloud (in the sky)","Wolke","die",""
"w0440","de.lex.regen","rain","Regen","der",""
"w0441","de.lex.schnee","snow","Schnee","der",""
"w0442","de.lex.wind","wind","Wind","der",""
"w0443","de.lex.sturm","storm","Sturm","der",""
"w0444","de.lex.donner","thunder","Donner","der",""
"w0445","de.lex.blitz","lightning","Blitz","der",""
"w0446","de.lex.regenbogen","rainbow","Regenbogen","der",""
"w0447","de.lex.nebel","fog","Nebel","der",""
"w0448","de.lex.eis.ice","ice","Eis","das",""
"w0449","de.lex.frost","frost","Frost","der",""
"w0450","de.lex.erde","earth / soil","Erde","die",""
"w0451","de.lex.stein","stone","Stein","der",""
"w0452","de.lex.sand","sand","Sand","der",""
"w0453","de.lex.feuer","fire","Feuer","das",""
"w0454","de.lex.rauch","smoke","Rauch","der",""
"w0455","de.lex.luft","air","Luft","die",""
"w0456","de.lex.welle","wave","Welle","die",""
"w0457","de.lex.kueste","coast","Küste","die",""
"w0458","de.lex.klippe","cliff","Klippe","die",""
"w0459","de.lex.hund","dog","Hund","der",""
"w0460","de.lex.katze","cat","Katze","die",""
"w0461","de.lex.pferd","horse","Pferd","das",""
"w0462","de.lex.kuh","cow","Kuh","die",""
"w0463","de.lex.schwein","pig","Schwein","das",""
"w0464","de.lex.schaf","sheep","Schaf","das",""
"w0465","de.lex.ziege","goat","Ziege","die",""
"w0466","de.lex.huhn","chicken (hen)","Huhn","das",""
"w0467","de.lex.ente","duck","Ente","die",""
"w0468","de.lex.kaninchen","rabbit","Kaninchen","das",""
"w0469","de.lex.maus","mouse","Maus","die",""
"w0470","de.lex.ratte","rat","Ratte","die",""
"w0471","de.lex.vogel","bird","Vogel","der",""
"w0472","de.lex.adler","eagle","Adler","der",""
"w0473","de.lex.eule","owl","Eule","die",""
"w0474","de.lex.papagei","parrot","Papagei","der",""
"w0475","de.lex.taube","pigeon","Taube","die",""
"w0476","de.lex.kraehe","crow","Krähe","die",""
"w0477","de.lex.hai","shark","Hai","der",""
"w0478","de.lex.wal","whale","Wal","der",""
"w0479","de.lex.delfin","dolphin","Delfin","der",""
"w0480","de.lex.frosch","frog","Frosch","der",""
"w0481","de.lex.schlange","snake","Schlange","die",""
"w0482","de.lex.schildkroete","turtle","Schildkröte","die",""
"w0483","de.lex.krokodil","crocodile","Krokodil","das",""
"w0484","de.lex.eidechse","lizard","Eidechse","die",""
"w0485","de.lex.loewe","lion","Löwe","der",""
"w0486","de.lex.tiger","tiger","Tiger","der",""
"w0487","de.lex.baer","bear","Bär","der",""
"w0488","de.lex.wolf","wolf","Wolf","der",""
"w0489","de.lex.fuchs","fox","Fuchs","der",""
"w0490","de.lex.reh","deer","Reh","das",""
"w0491","de.lex.elefant","elephant","Elefant","der",""
"w0492","de.lex.giraffe","giraffe","Giraffe","die",""
"w0493","de.lex.zebra","zebra","Zebra","das",""
"w0494","de.lex.affe","monkey","Affe","der",""
"w0495","de.lex.gorilla","gorilla","Gorilla","der",""
"w0496","de.lex.kamel","camel","Kamel","das",""
"w0497","de.lex.kaenguru","kangaroo","Känguru","das",""
"w0498","de.lex.pinguin","penguin","Pinguin","der",""
"w0499","de.lex.schmetterling","butterfly","Schmetterling","der",""
"w0500","de.lex.biene","bee","Biene","die",""
"w0501","de.lex.ameise","ant","Ameise","die",""
"w0502","de.lex.spinne","spider","Spinne","die",""
"w0503","de.lex.fliege","fly","Fliege","die",""
"w0504","de.lex.muecke","mosquito","Mücke","die",""
"w0505","de.lex.zeit","time","Zeit","die",""
"w0506","de.lex.stunde.hour","hour","Stunde","die",""
"w0507","de.lex.minute","minute","Minute","die",""
"w0508","de.lex.sekunde","second (unit of time)","Sekunde","die",""
"w0509","de.lex.tag","day","Tag","der",""
"w0510","de.lex.woche","week","Woche","die",""
"w0511","de.lex.monat","month","Monat","der",""
"w0512","de.lex.jahr","year","Jahr","das",""
"w0513","de.lex.jahrzehnt","decade","Jahrzehnt","das",""
"w0514","de.lex.jahrhundert","century","Jahrhundert","das",""
"w0515","de.lex.morgen.morning","morning","Morgen","der",""
"w0516","de.lex.nachmittag","afternoon","Nachmittag","der",""
"w0517","de.lex.abend","evening","Abend","der",""
"w0518","de.lex.nacht","night","Nacht","die",""
"w0519","de.lex.mittag","noon","Mittag","der",""
"w0520","de.lex.mitternacht","midnight","Mitternacht","die",""
"w0521","de.lex.morgendaemmerung","dawn","Morgendämmerung","die",""
"w0522","de.lex.montag","Monday","Montag","der",""
"w0523","de.lex.dienstag","Tuesday","Dienstag","der",""
"w0524","de.lex.mittwoch","Wednesday","Mittwoch","der",""
"w0525","de.lex.donnerstag","Thursday","Donnerstag","der",""
"w0526","de.lex.freitag","Friday","Freitag","der",""
"w0527","de.lex.samstag","Saturday","Samstag","der",""
"w0528","de.lex.sonntag","Sunday","Sonntag","der",""
"w0529","de.lex.januar","January","Januar","der",""
"w0530","de.lex.februar","February","Februar","der",""
"w0531","de.lex.maerz","March","März","der",""
"w0532","de.lex.april","April","April","der",""
"w0533","de.lex.mai","May","Mai","der",""
"w0534","de.lex.juni","June","Juni","der",""
"w0535","de.lex.juli","July","Juli","der",""
"w0536","de.lex.august","August","August","der",""
"w0537","de.lex.september","September","September","der",""
"w0538","de.lex.oktober","October","Oktober","der",""
"w0539","de.lex.november","November","November","der",""
"w0540","de.lex.dezember","December","Dezember","der",""
"w0541","de.lex.fruehling","spring","Frühling","der",""
"w0542","de.lex.sommer","summer","Sommer","der",""
"w0543","de.lex.herbst","autumn","Herbst","der",""
"w0544","de.lex.winter","winter","Winter","der",""
"w0545","de.lex.urlaub","holiday","Urlaub","der",""
"w0546","de.lex.ferien","vacation","Ferien","die",""
"w0547","de.lex.geburtstag","birthday","Geburtstag","der",""
"w0548","de.lex.jahrestag","anniversary","Jahrestag","der",""
"w0549","de.lex.hochzeit","wedding","Hochzeit","die",""
"w0550","de.lex.vergangenheit","past","Vergangenheit","die",""
"w0551","de.lex.gegenwart","present","Gegenwart","die",""
"w0552","de.lex.zukunft","future","Zukunft","die",""
"w0553","de.lex.wochenende","weekend","Wochenende","das",""
"w0554","de.lex.frist","deadline","Frist","die",""
"w0555","de.lex.klasse","class","Klasse","die",""
"w0556","de.lex.stunde.lesson","lesson","Stunde","die",""
"w0557","de.lex.fach","subject","Fach","das",""
"w0558","de.lex.hausaufgabe","homework","Hausaufgabe","die",""
"w0559","de.lex.pruefung","exam","Prüfung","die",""
"w0560","de.lex.note","grade","Note","die",""
"w0561","de.lex.diplom","diploma","Diplom","das",""
"w0562","de.lex.abschluss","degree","Abschluss","der",""
"w0563","de.lex.wissen.knowledge","knowledge","Wissen","das",""
"w0564","de.lex.faehigkeit","skill","Fähigkeit","die",""
"w0565","de.lex.sprache","language","Sprache","die",""
"w0566","de.lex.wort","word","Wort","das",""
"w0567","de.lex.satz","sentence","Satz","der",""
"w0568","de.lex.grammatik","grammar","Grammatik","die",""
"w0569","de.lex.wortschatz","vocabulary","Wortschatz","der",""
"w0570","de.lex.aussprache","pronunciation","Aussprache","die",""
"w0571","de.lex.uebersetzung","translation","Übersetzung","die",""
"w0572","de.lex.woerterbuch","dictionary","Wörterbuch","das",""
"w0573","de.lex.buch","book","Buch","das",""
"w0574","de.lex.notizbuch","notebook","Notizbuch","das",""
"w0575","de.lex.stift","pen","Stift","der",""
"w0576","de.lex.bleistift","pencil","Bleistift","der",""
"w0577","de.lex.papier","paper","Papier","das",""
"w0578","de.lex.seite.page","page","Seite","die",""
"w0579","de.lex.kapitel","chapter","Kapitel","das",""
"w0580","de.lex.absatz","paragraph","Absatz","der",""
"w0581","de.lex.text","text","Text","der",""
"w0582","de.lex.frage","question","Frage","die",""
"w0583","de.lex.antwort.answer","answer","Antwort","die",""
"w0584","de.lex.uebung","exercise","Übung","die",""
"w0585","de.lex.mathematik","math","Mathematik","die",""
"w0586","de.lex.physik","physics","Physik","die",""
"w0587","de.lex.chemie","chemistry","Chemie","die",""
"w0588","de.lex.biologie","biology","Biologie","die",""
"w0589","de.lex.geschichte","history","Geschichte","die",""
"w0590","de.lex.geografie","geography","Geografie","die",""
"w0591","de.lex.kunst","art","Kunst","die",""
"w0592","de.lex.musik","music","Musik","die",""
"w0593","de.lex.sport","sport","Sport","der",""
"w0594","de.lex.vorlesung","lecture","Vorlesung","die",""
"w0595","de.lex.seminar","seminar","Seminar","das",""
"w0596","de.lex.abschlussarbeit","thesis","Abschlussarbeit","die",""
"w0597","de.lex.stipendium","scholarship","Stipendium","das",""
"w0598","de.lex.campus","campus","Campus","der",""
"w0599","de.lex.klassenzimmer","classroom","Klassenzimmer","das",""
"w0600","de.lex.tafel","blackboard","Tafel","die",""
"w0601","de.lex.arbeit","work","Arbeit","die",""
"w0602","de.lex.job","job","Job","der",""
"w0603","de.lex.karriere","career","Karriere","die",""
"w0604","de.lex.gehalt","salary","Gehalt","das",""
"w0605","de.lex.lohn","wage","Lohn","der",""
"w0606","de.lex.einkommen","income","Einkommen","das",""
"w0607","de.lex.geld","money","Geld","das",""
"w0608","de.lex.preis","price","Preis","der",""
"w0609","de.lex.kosten","cost","Kosten","die",""
"w0610","de.lex.budget","budget","Budget","das",""
"w0611","de.lex.gewinn","profit","Gewinn","der",""
"w0612","de.lex.verlust","loss","Verlust","der",""
"w0613","de.lex.steuer","tax","Steuer","die",""
"w0614","de.lex.rechnung.bill","bill","Rechnung","die",""
"w0615","de.lex.quittung","receipt","Quittung","die",""
"w0616","de.lex.vertrag","contract","Vertrag","der",""
"w0617","de.lex.meeting","meeting","Meeting","das",""
"w0618","de.lex.projekt","project","Projekt","das",""
"w0619","de.lex.bericht","report","Bericht","der",""
"w0620","de.lex.e-mail","email","E-Mail","die",""
"w0621","de.lex.firma","company","Firma","die",""
"w0622","de.lex.team","team","Team","das",""
"w0623","de.lex.vorstellungsgespraech","interview","Vorstellungsgespräch","das",""
"w0624","de.lex.bewerbung","application","Bewerbung","die",""
"w0625","de.lex.lebenslauf","resume","Lebenslauf","der",""
"w0626","de.lex.investition","investment","Investition","die",""
"w0627","de.lex.darlehen","loan","Darlehen","das",""
"w0628","de.lex.schulden","debt","Schulden","die",""
"w0629","de.lex.ersparnisse","savings","Ersparnisse","die",""
"w0630","de.lex.versicherung","insurance","Versicherung","die",""
"w0631","de.lex.rente","pension","Rente","die",""
"w0632","de.lex.gewerkschaft","trade union","Gewerkschaft","die",""
"w0633","de.lex.boerse","stock market","Börse","die",""
"w0634","de.lex.krise","crisis","Krise","die",""
"w0635","de.lex.wirtschaft","economy","Wirtschaft","die",""
"w0636","de.lex.industrie","industry","Industrie","die",""
"w0637","de.lex.produkt","product","Produkt","das",""
"w0638","de.lex.marke","brand","Marke","die",""
"w0639","de.lex.qualitaet","quality","Qualität","die",""
"w0640","de.lex.angebot","offer","Angebot","das",""
"w0641","de.lex.verkauf","sale","Verkauf","der",""
"w0642","de.lex.rabatt","discount","Rabatt","der",""
"w0643","de.lex.computer","computer","Computer","der",""
"w0644","de.lex.laptop","laptop","Laptop","der",""
"w0645","de.lex.telefon.phone","phone","Telefon","das",""
"w0646","de.lex.smartphone","smartphone","Smartphone","das",""
"w0647","de.lex.tablet","tablet","Tablet","das",""
"w0648","de.lex.bildschirm","screen","Bildschirm","der",""
"w0649","de.lex.tastatur","keyboard","Tastatur","die",""
"w0650","de.lex.kabel","cable","Kabel","das",""
"w0651","de.lex.internet","internet","Internet","das",""
"w0652","de.lex.webseite","website","Webseite","die",""
"w0653","de.lex.app","app","App","die",""
"w0654","de.lex.software","software","Software","die",""
"w0655","de.lex.programm","program","Programm","das",""
"w0656","de.lex.datei","file","Datei","die",""
"w0657","de.lex.ordner","folder","Ordner","der",""
"w0658","de.lex.passwort","password","Passwort","das",""
"w0659","de.lex.konto","account","Konto","das",""
"w0660","de.lex.nachricht","message","Nachricht","die",""
"w0661","de.lex.foto","photo","Foto","das",""
"w0662","de.lex.video","video","Video","das",""
"w0663","de.lex.kamera","camera","Kamera","die",""
"w0664","de.lex.fernseher","television","Fernseher","der",""
"w0665","de.lex.radio","radio","Radio","das",""
"w0666","de.lex.batterie","battery","Batterie","die",""
"w0667","de.lex.ladegeraet","charger","Ladegerät","das",""
"w0668","de.lex.drucker","printer","Drucker","der",""
"w0669","de.lex.netzwerk","network","Netzwerk","das",""
"w0670","de.lex.daten","data","Daten","die",""
"w0671","de.lex.cloud","cloud (computing)","Cloud","die",""
"w0672","de.lex.benutzername","username","Benutzername","der",""
"w0673","de.lex.benachrichtigung","notification","Benachrichtigung","die",""
"w0674","de.lex.algorithmus","algorithm","Algorithmus","der",""
"w0675","de.lex.datenbank","database","Datenbank","die",""
"w0676","de.lex.betriebssystem","operating system","Betriebssystem","das",""
"w0677","de.lex.programmiersprache","programming language","Programmiersprache","die",""
"w0678","de.lex.fehler.bug","bug","Fehler","der",""
"w0679","de.lex.aktualisierung","update","Aktualisierung","die",""
"w0680","de.lex.download","download","Download","der",""
"w0681","de.lex.upload","upload","Upload","der",""
"w0682","de.lex.gesundheit","health","Gesundheit","die",""
"w0683","de.lex.krankheit","illness","Krankheit","die",""
"w0684","de.lex.schmerz","pain","Schmerz","der",""
"w0685","de.lex.fieber","fever","Fieber","das",""
"w0686","de.lex.erkaeltung","cold (illness)","Erkältung","die",""
"w0687","de.lex.grippe","flu","Grippe","die",""
"w0688","de.lex.allergie","allergy","Allergie","die",""
"w0689","de.lex.medikament","medicine","Medikament","das",""
"w0690","de.lex.tablette","pill","Tablette","die",""
"w0691","de.lex.spritze","injection","Spritze","die",""
"w0692","de.lex.verband","bandage","Verband","der",""
"w0693","de.lex.operation","operation","Operation","die",""
"w0694","de.lex.termin","appointment","Termin","der",""
"w0695","de.lex.diaet","diet","Diät","die",""
"w0696","de.lex.schlaf","sleep","Schlaf","der",""
"w0697","de.lex.stress","stress","Stress","der",""
"w0698","de.lex.gewicht","weight","Gewicht","das",""
"w0699","de.lex.kopfschmerzen","headache","Kopfschmerzen","die",""
"w0700","de.lex.bauchschmerzen","stomachache","Bauchschmerzen","die",""
"w0701","de.lex.rezept.prescription-medical","prescription","Rezept","das",""
"w0702","de.lex.symptom","symptom","Symptom","das",""
"w0703","de.lex.diagnose","diagnosis","Diagnose","die",""
"w0704","de.lex.behandlung","treatment","Behandlung","die",""
"w0705","de.lex.impfstoff","vaccine","Impfstoff","der",""
"w0706","de.lex.virus","virus","Virus","das",""
"w0707","de.lex.bakterien","bacteria","Bakterien","die",""
"w0708","de.lex.blutdruck","blood pressure","Blutdruck","der",""
"w0709","de.lex.herzfrequenz","heart rate","Herzfrequenz","die",""
"w0710","de.lex.erste-hilfe","first aid","Erste Hilfe","die",""
"w0711","de.lex.notfall","emergency","Notfall","der",""
"w0712","de.lex.wartezimmer","waiting room","Wartezimmer","das",""
"w0713","de.lex.arztpraxis","doctor's office","Arztpraxis","die",""
"w0714","de.lex.kleidung","clothes","Kleidung","die",""
"w0715","de.lex.hemd","shirt","Hemd","das",""
"w0716","de.lex.t-shirt","t-shirt","T-Shirt","das",""
"w0717","de.lex.hose.pants","pants","Hose","die",""
"w0718","de.lex.jeans","jeans","Jeans","die",""
"w0719","de.lex.kleid","dress","Kleid","das",""
"w0720","de.lex.rock","skirt","Rock","der",""
"w0721","de.lex.jacke","jacket","Jacke","die",""
"w0722","de.lex.mantel","coat","Mantel","der",""
"w0723","de.lex.pullover","sweater","Pullover","der",""
"w0724","de.lex.anzug","suit","Anzug","der",""
"w0725","de.lex.krawatte","tie","Krawatte","die",""
"w0726","de.lex.schuhe","shoes","Schuhe","die",""
"w0727","de.lex.stiefel","boots","Stiefel","die",""
"w0728","de.lex.socken","socks","Socken","die",""
"w0729","de.lex.muetze.hat","hat","Mütze","die",""
"w0730","de.lex.schal","scarf","Schal","der",""
"w0731","de.lex.handschuhe","gloves","Handschuhe","die",""
"w0732","de.lex.brille","glasses","Brille","die",""
"w0733","de.lex.tasche.bag","bag","Tasche","die",""
"w0734","de.lex.ring","ring","Ring","der",""
"w0735","de.lex.uhr.clock","watch","Uhr","die",""
"w0736","de.lex.halskette","necklace","Halskette","die",""
"w0737","de.lex.ohrring","earring","Ohrring","der",""
"w0738","de.lex.regenschirm","umbrella","Regenschirm","der",""
"w0739","de.lex.guertel","belt","Gürtel","der",""
"w0740","de.lex.tasche.pocket","pocket","Tasche","die",""
"w0741","de.lex.knopf","button","Knopf","der",""
"w0742","de.lex.reissverschluss","zipper","Reißverschluss","der",""
"w0743","de.lex.unterwaesche","underwear","Unterwäsche","die",""
"w0744","de.lex.schlafanzug","pajamas","Schlafanzug","der",""
"w0745","de.lex.badeanzug","swimsuit","Badeanzug","der",""
"w0746","de.lex.sportkleidung","sportswear","Sportkleidung","die",""
"w0747","de.lex.idee","idea","Idee","die",""
"w0748","de.lex.gedanke","thought","Gedanke","der",""
"w0749","de.lex.meinung","opinion","Meinung","die",""
"w0750","de.lex.gefuehl","feeling","Gefühl","das",""
"w0751","de.lex.traum","dream","Traum","der",""
"w0752","de.lex.erinnerung.memory","memory","Erinnerung","die",""
"w0753","de.lex.vorstellung","imagination","Vorstellung","die",""
"w0754","de.lex.entscheidung","decision","Entscheidung","die",""
"w0755","de.lex.wahl.choice","choice","Wahl","die",""
"w0756","de.lex.plan","plan","Plan","der",""
"w0757","de.lex.ziel","goal (aim)","Ziel","das",""
"w0758","de.lex.wunsch","wish","Wunsch","der",""
"w0759","de.lex.hoffnung","hope","Hoffnung","die",""
"w0760","de.lex.angst","fear","Angst","die",""
"w0761","de.lex.liebe","love","Liebe","die",""
"w0762","de.lex.hass.hate","hate","Hass","der",""
"w0763","de.lex.freude","joy","Freude","die",""
"w0764","de.lex.traurigkeit","sadness","Traurigkeit","die",""
"w0765","de.lex.wut","anger","Wut","die",""
"w0766","de.lex.ueberraschung","surprise","Überraschung","die",""
"w0767","de.lex.vertrauen","trust","Vertrauen","das",""
"w0768","de.lex.respekt","respect","Respekt","der",""
"w0769","de.lex.freundschaft","friendship","Freundschaft","die",""
"w0770","de.lex.freiheit","freedom","Freiheit","die",""
"w0771","de.lex.frieden","peace","Frieden","der",""
"w0772","de.lex.krieg","war","Krieg","der",""
"w0773","de.lex.gefahr","danger","Gefahr","die",""
"w0774","de.lex.glueck.luck-chance","luck","Glück","das",""
"w0775","de.lex.erfolg","success","Erfolg","der",""
"w0776","de.lex.misserfolg","failure","Misserfolg","der",""
"w0777","de.lex.fehler.mistake","mistake","Fehler","der",""
"w0778","de.lex.problem","problem","Problem","das",""
"w0779","de.lex.loesung","solution","Lösung","die",""
"w0780","de.lex.grund","reason","Grund","der",""
"w0781","de.lex.ursache","cause","Ursache","die",""
"w0782","de.lex.wirkung","effect","Wirkung","die",""
"w0783","de.lex.ergebnis","result","Ergebnis","das",""
"w0784","de.lex.erfahrung","experience","Erfahrung","die",""
"w0785","de.lex.rat","advice","Rat","der",""
"w0786","de.lex.regel","rule","Regel","die",""
"w0787","de.lex.gesetz","law","Gesetz","das",""
"w0788","de.lex.recht.correct","right","Recht","das",""
"w0789","de.lex.verantwortung","responsibility","Verantwortung","die",""
"w0790","de.lex.wahrheit","truth","Wahrheit","die",""
"w0791","de.lex.luege","lie","Lüge","die",""
"w0792","de.lex.wichtigkeit","importance","Wichtigkeit","die",""
"w0793","de.lex.wert","value","Wert","der",""
"w0794","de.lex.unterschied","difference","Unterschied","der",""
"w0795","de.lex.aehnlichkeit","similarity","Ähnlichkeit","die",""
"w0796","de.lex.aenderung","change","Änderung","die",""
"w0797","de.lex.fortschritt","progress","Fortschritt","der",""
"w0798","de.lex.kultur","culture","Kultur","die",""
"w0799","de.lex.tradition","tradition","Tradition","die",""
"w0800","de.lex.religion","religion","Religion","die",""
"w0801","de.lex.politik","politics","Politik","die",""
"w0802","de.lex.gesellschaft","society","Gesellschaft","die",""
"w0803","de.lex.umwelt","environment","Umwelt","die",""
"w0804","de.lex.wissenschaft","science","Wissenschaft","die",""
"w0805","de.lex.technologie","technology","Technologie","die",""
"w0806","de.lex.bildung","education","Bildung","die",""
"w0807","de.lex.moeglichkeit","opportunity","Möglichkeit","die",""
"w0808","de.lex.risiko","risk","Risiko","das",""
"w0809","de.lex.einsamkeit","loneliness","Einsamkeit","die",""
"w0810","de.lex.nostalgie","nostalgia","Nostalgie","die",""
"w0811","de.lex.begeisterung","enthusiasm","Begeisterung","die",""
"w0812","de.lex.leidenschaft","passion","Leidenschaft","die",""
"w0813","de.lex.schuld","guilt","Schuld","die",""
"w0814","de.lex.stolz","pride","Stolz","der",""
"w0815","de.lex.dankbarkeit","gratitude","Dankbarkeit","die",""
"w0816","de.lex.erleichterung","relief","Erleichterung","die",""
"w0817","de.lex.langeweile","boredom","Langeweile","die",""
"w0818","de.lex.besorgnis","anxiety","Besorgnis","die",""
"w0819","de.lex.empathie","empathy","Empathie","die",""
"w0820","de.lex.mitgefuehl","compassion","Mitgefühl","das",""
"w0821","de.lex.sein","to be","sein","",""
"w0822","de.lex.haben","to have","haben","",""
"w0823","de.lex.machen","to do / make","machen","",""
"w0824","de.lex.sagen","to say","sagen","",""
"w0825","de.lex.gehen.go","to go","gehen","",""
"w0826","de.lex.kommen","to come","kommen","",""
"w0827","de.lex.wissen.know-a-fact","to know (a fact)","wissen","",""
"w0828","de.lex.kennen.know","to know (a person)","kennen","",""
"w0829","de.lex.denken","to think","denken","",""
"w0830","de.lex.sehen","to see","sehen","",""
"w0831","de.lex.wollen","to want","wollen","",""
"w0832","de.lex.geben","to give","geben","",""
"w0833","de.lex.nehmen","to take","nehmen","",""
"w0834","de.lex.finden","to find","finden","",""
"w0835","de.lex.erzaehlen","to tell","erzählen","",""
"w0836","de.lex.fragen","to ask","fragen","",""
"w0837","de.lex.arbeiten","to work","arbeiten","",""
"w0838","de.lex.rufen-anrufen","to call","rufen / anrufen","",""
"w0839","de.lex.versuchen","to try","versuchen","",""
"w0840","de.lex.brauchen","to need","brauchen","",""
"w0841","de.lex.fuehlen","to feel","fühlen","",""
"w0842","de.lex.werden","to become","werden","",""
"w0843","de.lex.verlassen","to leave","verlassen","",""
"w0844","de.lex.bedeuten","to mean","bedeuten","",""
"w0845","de.lex.behalten","to keep","behalten","",""
"w0846","de.lex.lassen","to let","lassen","",""
"w0847","de.lex.beginnen-anfangen","to begin","beginnen / anfangen","",""
"w0848","de.lex.zeigen","to show","zeigen","",""
"w0849","de.lex.hoeren","to hear","hören","","hören = hear."
"w0850","de.lex.spielen","to play","spielen","",""
"w0851","de.lex.laufen.run","to run","laufen","",""
"w0852","de.lex.bewegen","to move","bewegen","",""
"w0853","de.lex.leben.live","to live","leben","",""
"w0854","de.lex.glauben","to believe","glauben","",""
"w0855","de.lex.halten","to hold","halten","",""
"w0856","de.lex.bringen","to bring","bringen","","bringen = bring something to someone."
"w0857","de.lex.schreiben","to write","schreiben","",""
"w0858","de.lex.stehen","to stand","stehen","",""
"w0859","de.lex.verlieren","to lose","verlieren","",""
"w0860","de.lex.zahlen-bezahlen","to pay","zahlen / bezahlen","",""
"w0861","de.lex.treffen","to meet","treffen","",""
"w0862","de.lex.lernen","to learn","lernen","","lernen = learn/study generally."
"w0863","de.lex.aendern","to change","ändern","",""
"w0864","de.lex.fuehren","to lead","führen","",""
"w0865","de.lex.verstehen","to understand","verstehen","",""
"w0866","de.lex.zuschauen-ansehen","to watch","zuschauen / ansehen","",""
"w0867","de.lex.folgen","to follow","folgen","",""
"w0868","de.lex.stoppen-aufhoeren","to stop","stoppen / aufhören","",""
"w0869","de.lex.erstellen-schaffen","to create","erstellen / schaffen","",""
"w0870","de.lex.sprechen","to speak","sprechen","",""
"w0871","de.lex.lesen.read","to read","lesen","",""
"w0872","de.lex.verbringen","to spend (time)","verbringen","",""
"w0873","de.lex.ausgeben","to spend (money)","ausgeben","",""
"w0874","de.lex.wachsen","to grow","wachsen","",""
"w0875","de.lex.oeffnen-aufmachen","to open","öffnen / aufmachen","",""
"w0876","de.lex.schliessen-zumachen","to close","schließen / zumachen","",""
"w0877","de.lex.spazieren-gehen.walk","to walk","spazieren gehen","",""
"w0878","de.lex.gewinnen","to win","gewinnen","",""
"w0879","de.lex.anbieten","to offer","anbieten","",""
"w0880","de.lex.sich-erinnern-an","to remember","sich erinnern (an)","",""
"w0881","de.lex.lieben","to love","lieben","",""
"w0882","de.lex.kaufen","to buy","kaufen","",""
"w0883","de.lex.warten","to wait","warten","",""
"w0884","de.lex.sterben","to die","sterben","",""
"w0885","de.lex.schicken","to send","schicken","",""
"w0886","de.lex.bauen","to build","bauen","",""
"w0887","de.lex.bleiben","to stay","bleiben","",""
"w0888","de.lex.fallen","to fall","fallen","",""
"w0889","de.lex.schneiden","to cut","schneiden","",""
"w0890","de.lex.erreichen","to reach","erreichen","",""
"w0891","de.lex.verkaufen","to sell","verkaufen","",""
"w0892","de.lex.entscheiden","to decide","entscheiden","",""
"w0893","de.lex.zurueckkehren","to return","zurückkehren","",""
"w0894","de.lex.erklaeren","to explain","erklären","",""
"w0895","de.lex.hoffen","to hope","hoffen","",""
"w0896","de.lex.entwickeln","to develop","entwickeln","",""
"w0897","de.lex.tragen","to carry","tragen","",""
"w0898","de.lex.brechen","to break","brechen","",""
"w0899","de.lex.bekommen-erhalten","to receive","bekommen / erhalten","",""
"w0900","de.lex.zustimmen","to agree","zustimmen","",""
"w0901","de.lex.unterstuetzen","to support","unterstützen","",""
"w0902","de.lex.essen.eat","to eat","essen","",""
"w0903","de.lex.trinken","to drink","trinken","",""
"w0904","de.lex.schlafen","to sleep","schlafen","",""
"w0905","de.lex.sitzen","to sit","sitzen","",""
"w0906","de.lex.helfen","to help","helfen","",""
"w0907","de.lex.reisen","to travel","reisen","",""
"w0908","de.lex.fliegen","to fly","fliegen","",""
"w0909","de.lex.schwimmen.swim","to swim","schwimmen","",""
"w0910","de.lex.kochen.cook","to cook","kochen","",""
"w0911","de.lex.fahren","to drive","fahren","",""
"w0912","de.lex.drehen","to turn","drehen","",""
"w0913","de.lex.ziehen","to pull","ziehen","",""
"w0914","de.lex.druecken","to push","drücken","",""
"w0915","de.lex.springen","to jump","springen","",""
"w0916","de.lex.werfen","to throw","werfen","",""
"w0917","de.lex.fangen","to catch","fangen","",""
"w0918","de.lex.singen.sing","to sing","singen","",""
"w0919","de.lex.tanzen.dance","to dance","tanzen","",""
"w0920","de.lex.lachen","to laugh","lachen","",""
"w0921","de.lex.weinen","to cry","weinen","",""
"w0922","de.lex.laecheln","to smile","lächeln","",""
"w0923","de.lex.kuessen","to kiss","küssen","",""
"w0924","de.lex.umarmen","to hug","umarmen","",""
"w0925","de.lex.kaempfen","to fight","kämpfen","",""
"w0926","de.lex.waehlen.choose","to choose","wählen","",""
"w0927","de.lex.benutzen-verwenden","to use","benutzen / verwenden","",""
"w0928","de.lex.putzen-reinigen","to clean","putzen / reinigen","",""
"w0929","de.lex.reparieren","to fix","reparieren","",""
"w0930","de.lex.starten-anfangen","to start","starten / anfangen","",""
"w0931","de.lex.beenden-fertig-sein","to finish","beenden / fertig sein","",""
"w0932","de.lex.ueberpruefen","to check","überprüfen","",""
"w0933","de.lex.planen","to plan","planen","",""
"w0934","de.lex.vorbereiten","to prepare","vorbereiten","",""
"w0935","de.lex.messen","to measure","messen","",""
"w0936","de.lex.zaehlen","to count","zählen","",""
"w0937","de.lex.teilen","to share","teilen","",""
"w0938","de.lex.besuchen","to visit","besuchen","",""
"w0939","de.lex.einladen","to invite","einladen","",""
"w0940","de.lex.akzeptieren-annehmen","to accept","akzeptieren / annehmen","",""
"w0941","de.lex.ablehnen.refuse","to refuse","ablehnen","",""
"w0942","de.lex.vergessen","to forget","vergessen","",""
"w0943","de.lex.vergeben-verzeihen","to forgive","vergeben / verzeihen","",""
"w0944","de.lex.versprechen","to promise","versprechen","",""
"w0945","de.lex.vorschlagen","to suggest","vorschlagen","",""
"w0946","de.lex.empfehlen","to recommend","empfehlen","",""
"w0947","de.lex.danken","to thank","danken","",""
"w0948","de.lex.begruessen","to greet","begrüßen","",""
"w0949","de.lex.vorstellen","to introduce","vorstellen","",""
"w0950","de.lex.bestaetigen","to confirm","bestätigen","",""
"w0951","de.lex.absagen-stornieren","to cancel","absagen / stornieren","",""
"w0952","de.lex.reservieren","to reserve","reservieren","",""
"w0953","de.lex.bestellen","to order","bestellen","",""
"w0954","de.lex.leihen-borgen","to borrow","leihen / borgen","",""
"w0955","de.lex.verleihen","to lend","verleihen","",""
"w0956","de.lex.mieten","to rent","mieten","",""
"w0957","de.lex.verdienen","to earn","verdienen","",""
"w0958","de.lex.sparen","to save","sparen","",""
"w0959","de.lex.verwalten-leiten","to manage","verwalten / leiten","",""
"w0960","de.lex.organisieren","to organize","organisieren","",""
"w0961","de.lex.loesen","to solve","lösen","",""
"w0962","de.lex.schuetzen","to protect","schützen","",""
"w0963","de.lex.vermeiden","to avoid","vermeiden","",""
"w0964","de.lex.erlauben","to allow","erlauben","",""
"w0965","de.lex.verhindern","to prevent","verhindern","",""
"w0966","de.lex.verbessern","to improve","verbessern","",""
"w0967","de.lex.erhoehen-steigern","to increase","erhöhen / steigern","",""
"w0968","de.lex.verringern","to decrease","verringern","",""
"w0969","de.lex.sammeln","to collect","sammeln","",""
"w0970","de.lex.suchen","to search","suchen","",""
"w0971","de.lex.herausfinden","to find out","herausfinden","",""
"w0972","de.lex.bemerken","to notice","bemerken","",""
"w0973","de.lex.sich-vorstellen.imagine","to imagine","sich vorstellen","",""
"w0974","de.lex.sich-sorgen","to worry","sich sorgen","",""
"w0975","de.lex.geniessen","to enjoy","genießen","",""
"w0976","de.lex.leiden","to suffer","leiden","",""
"w0977","de.lex.feiern","to celebrate","feiern","",""
"w0978","de.lex.sich-entspannen","to relax","sich entspannen","",""
"w0979","de.lex.studieren-lernen","to study","studieren / lernen","",""
"w0980","de.lex.lehren-unterrichten","to teach","lehren / unterrichten","",""
"w0981","de.lex.zeichnen","to draw","zeichnen","",""
"w0982","de.lex.malen.paint","to paint","malen","",""
"w0983","de.lex.fotografieren","to photograph","fotografieren","",""
"w0984","de.lex.aufnehmen","to record","aufnehmen","",""
"w0985","de.lex.drucken","to print","drucken","",""
"w0986","de.lex.speichern","to save (file)","speichern","",""
"w0987","de.lex.loeschen","to delete","löschen","",""
"w0988","de.lex.installieren","to install","installieren","",""
"w0989","de.lex.herunterladen","to download","herunterladen","",""
"w0990","de.lex.hochladen","to upload","hochladen","",""
"w0991","de.lex.verbinden","to connect","verbinden","",""
"w0992","de.lex.uebersetzen","to translate","übersetzen","",""
"w0993","de.lex.wiederholen","to repeat","wiederholen","",""
"w0994","de.lex.ueben","to practice","üben","",""
"w0995","de.lex.einstellen","to hire","einstellen","",""
"w0996","de.lex.entlassen","to fire","entlassen","",""
"w0997","de.lex.sich-bewerben","to apply","sich bewerben","",""
"w0998","de.lex.in-rente-gehen","to retire","in Rente gehen","",""
"w0999","de.lex.teilnehmen.participate","to participate","teilnehmen","",""
"w1000","de.lex.vergleichen","to compare","vergleichen","",""
"w1001","de.lex.sich-hinlegen","to lie down","sich hinlegen","",""
"w1002","de.lex.aufstehen.get-up","to stand up","aufstehen","",""
"w1003","de.lex.sich-setzen","to sit down","sich setzen","",""
"w1004","de.lex.aufstehen.get-up","to get up","aufstehen","",""
"w1005","de.lex.aufwachen","to wake up","aufwachen","",""
"w1006","de.lex.einschlafen","to fall asleep","einschlafen","",""
"w1007","de.lex.sich-anziehen","to get dressed","sich anziehen","",""
"w1008","de.lex.sich-ausziehen","to get undressed","sich ausziehen","",""
"w1009","de.lex.sich-beeilen","to hurry","sich beeilen","",""
"w1010","de.lex.sich-beruhigen","to calm down","sich beruhigen","",""
"w1011","de.lex.sich-verlieben","to fall in love","sich verlieben","",""
"w1012","de.lex.sich-verirren","to get lost","sich verirren","",""
"w1013","de.lex.sich-gewoehnen-an","to get used to","sich gewöhnen an","",""
"w1014","de.lex.sich-beschweren","to complain","sich beschweren","",""
"w1015","de.lex.sich-entschuldigen","to apologize","sich entschuldigen","",""
"w1016","de.lex.sich-konzentrieren","to concentrate","sich konzentrieren","",""
"w1017","de.lex.ich-bin","I am","ich bin","",""
"w1018","de.lex.du-bist","you are (sg.)","du bist","",""
"w1019","de.lex.er-sie-es-ist","he / she / it is","er/sie/es ist","",""
"w1020","de.lex.wir-sind","we are","wir sind","",""
"w1021","de.lex.ihr-seid","you are (pl.)","ihr seid","",""
"w1022","de.lex.sie-sind","they are","sie sind","",""
"w1023","de.lex.ich-habe","I have","ich habe","",""
"w1024","de.lex.du-hast","you have (sg.)","du hast","",""
"w1025","de.lex.er-sie-es-hat","he / she / it has","er/sie/es hat","",""
"w1026","de.lex.wir-haben","we have","wir haben","",""
"w1027","de.lex.ihr-habt","you have (pl.)","ihr habt","",""
"w1028","de.lex.sie-haben","they have","sie haben","",""
"w1029","de.lex.ich-werde","I become","ich werde","",""
"w1030","de.lex.du-wirst","you become (sg.)","du wirst","",""
"w1031","de.lex.er-sie-es-wird","he / she / it becomes","er/sie/es wird","",""
"w1032","de.lex.ich-kann","I can","ich kann","",""
"w1033","de.lex.du-kannst","you can (sg.)","du kannst","",""
"w1034","de.lex.er-sie-es-kann","he / she / it can","er/sie/es kann","",""
"w1035","de.lex.wir-koennen","we can","wir können","",""
"w1036","de.lex.sie-koennen","they can","sie können","",""
"w1037","de.lex.ich-muss","I must","ich muss","",""
"w1038","de.lex.du-musst","you must (sg.)","du musst","",""
"w1039","de.lex.er-sie-es-muss","he / she / it must","er/sie/es muss","",""
"w1040","de.lex.wir-muessen","we must","wir müssen","",""
"w1041","de.lex.sie-muessen","they must","sie müssen","",""
"w1042","de.lex.ich-will","I want","ich will","",""
"w1043","de.lex.du-willst","you want (sg.)","du willst","",""
"w1044","de.lex.er-sie-es-will","he / she / it wants","er/sie/es will","",""
"w1045","de.lex.wir-wollen","we want","wir wollen","",""
"w1046","de.lex.sie-wollen","they want","sie wollen","",""
"w1047","de.lex.ich-soll","I should (am supposed to)","ich soll","",""
"w1048","de.lex.du-sollst","you should (sg.)","du sollst","",""
"w1049","de.lex.er-sie-es-soll","he / she / it should","er/sie/es soll","",""
"w1050","de.lex.ich-darf","I may / am allowed to","ich darf","",""
"w1051","de.lex.du-darfst","you may (sg.)","du darfst","",""
"w1052","de.lex.er-sie-es-darf","he / she / it may","er/sie/es darf","",""
"w1053","de.lex.wir-duerfen","we may","wir dürfen","",""
"w1054","de.lex.ich-mag","I like","ich mag","",""
"w1055","de.lex.du-magst","you like (sg.)","du magst","",""
"w1056","de.lex.er-sie-es-mag","he / she / it likes","er/sie/es mag","",""
"w1057","de.lex.ich-moechte","I would like","ich möchte","",""
"w1058","de.lex.du-moechtest","you would like (sg.)","du möchtest","",""
"w1059","de.lex.er-sie-es-moechte","he / she / it would like","er/sie/es möchte","",""
"w1060","de.lex.ich-weiss","I know (a fact)","ich weiß","",""
"w1061","de.lex.du-weisst","you know (sg.)","du weißt","",""
"w1062","de.lex.er-sie-es-weiss","he / she / it knows","er/sie/es weiß","",""
"w1063","de.lex.ich-sehe","I see","ich sehe","",""
"w1064","de.lex.du-siehst","you see (sg.)","du siehst","",""
"w1065","de.lex.er-sie-es-sieht","he / she / it sees","er/sie/es sieht","",""
"w1066","de.lex.ich-gebe","I give","ich gebe","",""
"w1067","de.lex.du-gibst","you give (sg.)","du gibst","",""
"w1068","de.lex.er-sie-es-gibt","he / she / it gives","er/sie/es gibt","",""
"w1069","de.lex.ich-nehme","I take","ich nehme","",""
"w1070","de.lex.du-nimmst","you take (sg.)","du nimmst","",""
"w1071","de.lex.er-sie-es-nimmt","he / she / it takes","er/sie/es nimmt","",""
"w1072","de.lex.ich-fahre","I drive","ich fahre","",""
"w1073","de.lex.du-faehrst","you drive (sg.)","du fährst","",""
"w1074","de.lex.er-sie-es-faehrt","he / she / it drives","er/sie/es fährt","",""
"w1075","de.lex.ich-laufe","I run","ich laufe","",""
"w1076","de.lex.du-laeufst","you run (sg.)","du läufst","",""
"w1077","de.lex.er-sie-es-laeuft","he / she / it runs","er/sie/es läuft","",""
"w1078","de.lex.ich-esse","I eat","ich esse","",""
"w1079","de.lex.du-isst","you eat (sg.)","du isst","",""
"w1080","de.lex.er-sie-es-isst","he / she / it eats","er/sie/es isst","",""
"w1081","de.lex.ich-lese","I read","ich lese","",""
"w1082","de.lex.du-liest","you read (sg.)","du liest","",""
"w1083","de.lex.er-sie-es-liest","he / she / it reads","er/sie/es liest","",""
"w1084","de.lex.ich-spreche","I speak","ich spreche","",""
"w1085","de.lex.du-sprichst","you speak (sg.)","du sprichst","",""
"w1086","de.lex.er-sie-es-spricht","he / she / it speaks","er/sie/es spricht","",""
"w1087","de.lex.ich-helfe","I help","ich helfe","",""
"w1088","de.lex.du-hilfst","you help (sg.)","du hilfst","",""
"w1089","de.lex.er-sie-es-hilft","he / she / it helps","er/sie/es hilft","",""
"w1090","de.lex.ich-halte","I hold","ich halte","",""
"w1091","de.lex.du-haeltst","you hold (sg.)","du hältst","",""
"w1092","de.lex.er-sie-es-haelt","he / she / it holds","er/sie/es hält","",""
"w1093","de.lex.ich-schlafe","I sleep","ich schlafe","",""
"w1094","de.lex.du-schlaefst","you sleep (sg.)","du schläfst","",""
"w1095","de.lex.er-sie-es-schlaeft","he / she / it sleeps","er/sie/es schläft","",""
"w1096","de.lex.ich-trage","I carry / wear","ich trage","",""
"w1097","de.lex.du-traegst","you carry (sg.)","du trägst","",""
"w1098","de.lex.er-sie-es-traegt","he / she / it carries","er/sie/es trägt","",""
"w1099","de.lex.ich-falle","I fall","ich falle","",""
"w1100","de.lex.du-faellst","you fall (sg.)","du fällst","",""
"w1101","de.lex.er-sie-es-faellt","he / she / it falls","er/sie/es fällt","",""
"w1102","de.lex.ich-treffe","I meet","ich treffe","",""
"w1103","de.lex.du-triffst","you meet (sg.)","du triffst","",""
"w1104","de.lex.er-sie-es-trifft","he / she / it meets","er/sie/es trifft","",""
"w1105","de.lex.ich-werfe","I throw","ich werfe","",""
"w1106","de.lex.du-wirfst","you throw (sg.)","du wirfst","",""
"w1107","de.lex.er-sie-es-wirft","he / she / it throws","er/sie/es wirft","",""
"w1108","de.lex.ich-wasche","I wash","ich wasche","",""
"w1109","de.lex.du-waeschst","you wash (sg.)","du wäschst","",""
"w1110","de.lex.er-sie-es-waescht","he / she / it washes","er/sie/es wäscht","",""
"w1111","de.lex.ich-war","I was","ich war","",""
"w1112","de.lex.du-warst","you were (sg.)","du warst","",""
"w1113","de.lex.er-sie-es-war","he / she / it was","er/sie/es war","",""
"w1114","de.lex.wir-waren","we were","wir waren","",""
"w1115","de.lex.ihr-wart","you were (pl.)","ihr wart","",""
"w1116","de.lex.sie-waren","they were","sie waren","",""
"w1117","de.lex.ich-hatte","I had","ich hatte","",""
"w1118","de.lex.du-hattest","you had (sg.)","du hattest","",""
"w1119","de.lex.er-sie-es-hatte","he / she / it had","er/sie/es hatte","",""
"w1120","de.lex.wir-hatten","we had","wir hatten","",""
"w1121","de.lex.sie-hatten","they had","sie hatten","",""
"w1122","de.lex.ich-wurde","I became","ich wurde","",""
"w1123","de.lex.er-sie-es-wurde","he / she / it became","er/sie/es wurde","",""
"w1124","de.lex.wir-wurden","we became","wir wurden","",""
"w1125","de.lex.ich-konnte","I could (past: was able to)","ich konnte","",""
"w1126","de.lex.er-konnte","he could (past: was able to)","er konnte","",""
"w1127","de.lex.wir-konnten","we could (past: were able to)","wir konnten","",""
"w1128","de.lex.ich-musste","I had to","ich musste","",""
"w1129","de.lex.er-musste","he had to","er musste","",""
"w1130","de.lex.wir-mussten","we had to","wir mussten","",""
"w1131","de.lex.ich-wollte","I wanted","ich wollte","",""
"w1132","de.lex.er-wollte","he wanted","er wollte","",""
"w1133","de.lex.wir-wollten","we wanted","wir wollten","",""
"w1134","de.lex.ich-sollte.i-was-supposed-to","I was supposed to","ich sollte","",""
"w1135","de.lex.er-sollte.he-was-supposed-to","he was supposed to","er sollte","",""
"w1136","de.lex.ich-durfte","I was allowed to","ich durfte","",""
"w1137","de.lex.er-durfte","he was allowed to","er durfte","",""
"w1138","de.lex.ich-ging","I went","ich ging","",""
"w1139","de.lex.ich-kam","I came","ich kam","",""
"w1140","de.lex.ich-sah","I saw","ich sah","",""
"w1141","de.lex.ich-gab","I gave","ich gab","",""
"w1142","de.lex.ich-nahm","I took","ich nahm","",""
"w1143","de.lex.ich-schrieb","I wrote","ich schrieb","",""
"w1144","de.lex.ich-las","I read (past)","ich las","",""
"w1145","de.lex.ich-sprach","I spoke","ich sprach","",""
"w1146","de.lex.ich-lief","I ran","ich lief","",""
"w1147","de.lex.ich-fuhr","I drove","ich fuhr","",""
"w1148","de.lex.ich-ass","I ate","ich aß","",""
"w1149","de.lex.ich-trank","I drank","ich trank","",""
"w1150","de.lex.ich-schlief","I slept","ich schlief","",""
"w1151","de.lex.ich-stand","I stood","ich stand","",""
"w1152","de.lex.ich-sass","I sat","ich saß","",""
"w1153","de.lex.ich-dachte","I thought","ich dachte","",""
"w1154","de.lex.ich-brachte","I brought","ich brachte","",""
"w1155","de.lex.ich-hielt","I held","ich hielt","",""
"w1156","de.lex.ich-fiel","I fell","ich fiel","",""
"w1157","de.lex.ich-verlor","I lost","ich verlor","",""
"w1158","de.lex.ich-gewann","I won","ich gewann","",""
"w1159","de.lex.ich-flog","I flew","ich flog","",""
"w1160","de.lex.ich-sang","I sang","ich sang","",""
"w1161","de.lex.ich-half","I helped","ich half","",""
"w1162","de.lex.ich-traf","I met","ich traf","",""
"w1163","de.lex.ich-fand","I found","ich fand","",""
"w1164","de.lex.ich-rief","I called","ich rief","",""
"w1165","de.lex.ich-verliess","I left","ich verließ","",""
"w1166","de.lex.ich-brach","I broke","ich brach","",""
"w1167","de.lex.ich-schnitt","I cut","ich schnitt","",""
"w1168","de.lex.ich-warf","I threw","ich warf","",""
"w1169","de.lex.ich-trug.i-carried","I carried","ich trug","",""
"w1170","de.lex.ich-wusste","I knew","ich wusste","",""
"w1171","de.lex.ich-begann","I began","ich begann","",""
"w1172","de.lex.sein-gewesen","to be → been","sein → gewesen","",""
"w1173","de.lex.haben-gehabt","to have → had","haben → gehabt","",""
"w1174","de.lex.werden-geworden","to become → become","werden → geworden","",""
"w1175","de.lex.gehen-gegangen","to go → gone","gehen → gegangen","",""
"w1176","de.lex.kommen-gekommen","to come → come","kommen → gekommen","",""
"w1177","de.lex.sehen-gesehen","to see → seen","sehen → gesehen","",""
"w1178","de.lex.wissen-gewusst","to know → known","wissen → gewusst","",""
"w1179","de.lex.geben-gegeben","to give → given","geben → gegeben","",""
"w1180","de.lex.nehmen-genommen","to take → taken","nehmen → genommen","",""
"w1181","de.lex.finden-gefunden","to find → found","finden → gefunden","",""
"w1182","de.lex.schreiben-geschrieben","to write → written","schreiben → geschrieben","",""
"w1183","de.lex.lesen-gelesen","to read → read","lesen → gelesen","",""
"w1184","de.lex.sprechen-gesprochen","to speak → spoken","sprechen → gesprochen","",""
"w1185","de.lex.laufen-gelaufen","to run → run","laufen → gelaufen","",""
"w1186","de.lex.fahren-gefahren","to drive → driven","fahren → gefahren","",""
"w1187","de.lex.essen-gegessen","to eat → eaten","essen → gegessen","",""
"w1188","de.lex.trinken-getrunken","to drink → drunk","trinken → getrunken","",""
"w1189","de.lex.schlafen-geschlafen","to sleep → slept","schlafen → geschlafen","",""
"w1190","de.lex.stehen-gestanden","to stand → stood","stehen → gestanden","",""
"w1191","de.lex.sitzen-gesessen","to sit → sat","sitzen → gesessen","",""
"w1192","de.lex.denken-gedacht","to think → thought","denken → gedacht","",""
"w1193","de.lex.bringen-gebracht","to bring → brought","bringen → gebracht","",""
"w1194","de.lex.halten-gehalten","to hold → held","halten → gehalten","",""
"w1195","de.lex.fallen-gefallen","to fall → fallen","fallen → gefallen","",""
"w1196","de.lex.rufen-gerufen","to call → called","rufen → gerufen","",""
"w1197","de.lex.verlieren-verloren","to lose → lost","verlieren → verloren","",""
"w1198","de.lex.gewinnen-gewonnen","to win → won","gewinnen → gewonnen","",""
"w1199","de.lex.fliegen-geflogen","to fly → flown","fliegen → geflogen","",""
"w1200","de.lex.schwimmen-geschwommen","to swim → swum","schwimmen → geschwommen","",""
"w1201","de.lex.singen-gesungen","to sing → sung","singen → gesungen","",""
"w1202","de.lex.beginnen-begonnen","to begin → begun","beginnen → begonnen","",""
"w1203","de.lex.helfen-geholfen","to help → helped","helfen → geholfen","",""
"w1204","de.lex.tragen-getragen","to carry → carried","tragen → getragen","",""
"w1205","de.lex.waschen-gewaschen","to wash → washed","waschen → gewaschen","",""
"w1206","de.lex.werfen-geworfen","to throw → thrown","werfen → geworfen","",""
"w1207","de.lex.brechen-gebrochen","to break → broken","brechen → gebrochen","",""
"w1208","de.lex.treffen-getroffen","to meet → met","treffen → getroffen","",""
"w1209","de.lex.schneiden-geschnitten","to cut → cut","schneiden → geschnitten","",""
"w1210","de.lex.verlassen-verlassen","to leave → left","verlassen → verlassen","",""
"w1211","de.lex.verstehen-verstanden","to understand → understood","verstehen → verstanden","",""
"w1212","de.lex.vergessen-vergessen","to forget → forgotten","vergessen → vergessen","",""
"w1213","de.lex.erhalten-erhalten","to receive → received","erhalten → erhalten","",""
"w1214","de.lex.bleiben-geblieben","to stay → stayed","bleiben → geblieben","",""
"w1215","de.lex.empfehlen-empfohlen","to recommend → recommended","empfehlen → empfohlen","",""
"w1216","de.lex.steigen-gestiegen","to rise → risen","steigen → gestiegen","",""
"w1217","de.lex.ziehen-gezogen","to pull → pulled","ziehen → gezogen","",""
"w1218","de.lex.ich-bin-gegangen","I have gone (Perfekt)","ich bin gegangen","",""
"w1219","de.lex.ich-bin-gekommen","I have come (Perfekt)","ich bin gekommen","",""
"w1220","de.lex.ich-bin-geblieben","I have stayed (Perfekt)","ich bin geblieben","",""
"w1221","de.lex.ich-bin-angekommen","I have arrived (Perfekt)","ich bin angekommen","",""
"w1222","de.lex.ich-bin-geflogen","I have flown (Perfekt)","ich bin geflogen","",""
"w1223","de.lex.ich-bin-gefahren","I have driven (Perfekt)","ich bin gefahren","",""
"w1224","de.lex.ich-bin-gefallen","I have fallen (Perfekt)","ich bin gefallen","",""
"w1225","de.lex.ich-habe-gegessen","I have eaten (Perfekt)","ich habe gegessen","",""
"w1226","de.lex.ich-habe-geschrieben","I have written (Perfekt)","ich habe geschrieben","",""
"w1227","de.lex.ich-habe-gesehen","I have seen (Perfekt)","ich habe gesehen","",""
"w1228","de.lex.ich-habe-gesprochen","I have spoken (Perfekt)","ich habe gesprochen","",""
"w1229","de.lex.ich-habe-geschlafen","I have slept (Perfekt)","ich habe geschlafen","",""
"w1230","de.lex.ich-habe-gearbeitet","I have worked (Perfekt)","ich habe gearbeitet","",""
"w1231","de.lex.ich-habe-gedacht","I have thought (Perfekt)","ich habe gedacht","",""
"w1232","de.lex.gut","good","gut","",""
"w1233","de.lex.schlecht","bad","schlecht","",""
"w1234","de.lex.gross","big","groß","",""
"w1235","de.lex.klein","small","klein","",""
"w1236","de.lex.neu","new","neu","",""
"w1237","de.lex.alt","old","alt","",""
"w1238","de.lex.schnell.fast","fast","schnell","",""
"w1239","de.lex.langsam.slow","slow","langsam","",""
"w1240","de.lex.heiss","hot","heiß","",""
"w1241","de.lex.kalt","cold (temperature)","kalt","",""
"w1242","de.lex.warm","warm","warm","",""
"w1243","de.lex.kuehl","cool","kühl","",""
"w1244","de.lex.lang","long","lang","",""
"w1245","de.lex.kurz","short","kurz","",""
"w1246","de.lex.breit","wide","breit","",""
"w1247","de.lex.schmal","narrow","schmal","",""
"w1248","de.lex.hoch","high","hoch","",""
"w1249","de.lex.niedrig","low","niedrig","",""
"w1250","de.lex.tief","deep","tief","",""
"w1251","de.lex.flach","flat","flach","",""
"w1252","de.lex.schwer","heavy","schwer","",""
"w1253","de.lex.leicht","light","leicht","",""
"w1254","de.lex.hart","hard","hart","",""
"w1255","de.lex.weich","soft","weich","",""
"w1256","de.lex.stark","strong","stark","",""
"w1257","de.lex.schwach","weak","schwach","",""
"w1258","de.lex.laut","loud","laut","",""
"w1259","de.lex.leise","quiet","leise","",""
"w1260","de.lex.schoen","beautiful","schön","",""
"w1261","de.lex.haesslich","ugly","hässlich","",""
"w1262","de.lex.sauber","clean","sauber","",""
"w1263","de.lex.dreckig","dirty","dreckig","",""
"w1264","de.lex.leer","empty","leer","",""
"w1265","de.lex.voll","full","voll","",""
"w1266","de.lex.offen","open","offen","",""
"w1267","de.lex.geschlossen","closed","geschlossen","",""
"w1268","de.lex.frei","free","frei","",""
"w1269","de.lex.beschaeftigt","busy","beschäftigt","",""
"w1270","de.lex.einfach.easy","easy","einfach","",""
"w1271","de.lex.schwierig","difficult","schwierig","",""
"w1272","de.lex.moeglich","possible","möglich","",""
"w1273","de.lex.unmoeglich","impossible","unmöglich","",""
"w1274","de.lex.notwendig","necessary","notwendig","",""
"w1275","de.lex.wichtig","important","wichtig","",""
"w1276","de.lex.interessant","interesting","interessant","",""
"w1277","de.lex.langweilig","boring","langweilig","",""
"w1278","de.lex.lustig","funny","lustig","",""
"w1279","de.lex.ernst","serious","ernst","",""
"w1280","de.lex.hoeflich","polite","höflich","",""
"w1281","de.lex.grob","rude","grob","",""
"w1282","de.lex.freundlich","kind","freundlich","",""
"w1283","de.lex.gemein","mean","gemein","",""
"w1284","de.lex.ehrlich","honest","ehrlich","",""
"w1285","de.lex.falsch","FALSE","falsch","",""
"w1286","de.lex.wahr","TRUE","wahr","",""
"w1287","de.lex.echt","real","echt","",""
"w1288","de.lex.seltsam","strange","seltsam","",""
"w1289","de.lex.normal","normal","normal","",""
"w1290","de.lex.besonders.special","special","besonders","",""
"w1291","de.lex.einfach.simple","simple","einfach","",""
"w1292","de.lex.komplex","complex","komplex","",""
"w1293","de.lex.gluecklich","happy","glücklich","",""
"w1294","de.lex.traurig","sad","traurig","",""
"w1295","de.lex.wuetend","angry","wütend","",""
"w1296","de.lex.aengstlich","afraid","ängstlich","",""
"w1297","de.lex.ueberrascht","surprised","überrascht","",""
"w1298","de.lex.muede","tired","müde","",""
"w1299","de.lex.hungrig","hungry","hungrig","",""
"w1300","de.lex.durstig","thirsty","durstig","",""
"w1301","de.lex.krank","sick","krank","",""
"w1302","de.lex.gesund","healthy","gesund","",""
"w1303","de.lex.reich.rich","rich","reich","",""
"w1304","de.lex.arm.poor","poor","arm","",""
"w1305","de.lex.teuer","expensive","teuer","",""
"w1306","de.lex.billig","cheap","billig","",""
"w1307","de.lex.klug","clever","klug","",""
"w1308","de.lex.dumm","stupid","dumm","",""
"w1309","de.lex.mutig","brave","mutig","",""
"w1310","de.lex.feige","cowardly","feige","",""
"w1311","de.lex.faul","lazy","faul","",""
"w1312","de.lex.fleissig","diligent","fleißig","",""
"w1313","de.lex.geduldig","patient","geduldig","",""
"w1314","de.lex.ungeduldig","impatient","ungeduldig","",""
"w1315","de.lex.grosszuegig","generous","großzügig","",""
"w1316","de.lex.selbstsuechtig","selfish","selbstsüchtig","",""
"w1317","de.lex.ehrgeizig-ambitioniert","ambitious","ehrgeizig / ambitioniert","",""
"w1318","de.lex.kreativ","creative","kreativ","",""
"w1319","de.lex.zuverlaessig","reliable","zuverlässig","",""
"w1320","de.lex.flexibel","flexible","flexibel","",""
"w1321","de.lex.schuechtern","shy","schüchtern","",""
"w1322","de.lex.selbstbewusst","confident","selbstbewusst","",""
"w1323","de.lex.neugierig","curious","neugierig","",""
"w1324","de.lex.gespraechig","talkative","gesprächig","",""
"w1325","de.lex.empfindlich","sensitive","empfindlich","",""
"w1326","de.lex.stur","stubborn","stur","",""
"w1327","de.lex.naiv","naive","naiv","",""
"w1328","de.lex.reif.mature","mature","reif","",""
"w1329","de.lex.gut-besser-am-besten","good – better – best","gut – besser – am besten","",""
"w1330","de.lex.schlecht-schlechter-am-schlechtesten","bad – worse – worst","schlecht – schlechter – am schlechtesten","",""
"w1331","de.lex.gross-groesser-am-groessten","big – bigger – biggest","groß – größer – am größten","",""
"w1332","de.lex.klein-kleiner-am-kleinsten","small – smaller – smallest","klein – kleiner – am kleinsten","",""
"w1333","de.lex.viel-mehr-am-meisten","much – more – most","viel – mehr – am meisten","",""
"w1334","de.lex.wenig-weniger-am-wenigsten","little – less – least","wenig – weniger – am wenigsten","",""
"w1335","de.lex.hoch-hoeher-am-hoechsten","high – higher – highest","hoch – höher – am höchsten","",""
"w1336","de.lex.nah-naeher-am-naechsten","near – nearer – nearest","nah – näher – am nächsten","",""
"w1337","de.lex.alt-aelter-am-aeltesten","old – older – oldest","alt – älter – am ältesten","",""
"w1338","de.lex.jung-juenger-am-juengsten","young – younger – youngest","jung – jünger – am jüngsten","",""
"w1339","de.lex.lang-laenger-am-laengsten","long – longer – longest","lang – länger – am längsten","",""
"w1340","de.lex.teuer-teurer-am-teuersten","expensive – more – most","teuer – teurer – am teuersten","",""
"w1341","de.lex.klug-klueger-am-kluegsten","clever – cleverer – cleverest","klug – klüger – am klügsten","",""
"w1342","de.lex.offensichtlich","obvious","offensichtlich","",""
"w1343","de.lex.vage","vague","vage","",""
"w1344","de.lex.bedeutsam","significant","bedeutsam","",""
"w1345","de.lex.voruebergehend","temporary","vorübergehend","",""
"w1346","de.lex.dauerhaft","permanent","dauerhaft","",""
"w1347","de.lex.haeufig","frequent","häufig","",""
"w1348","de.lex.selten.rare","rare","selten","",""
"w1349","de.lex.regelmaessig","regular","regelmäßig","",""
"w1350","de.lex.typisch","typical","typisch","",""
"w1351","de.lex.ungewoehnlich","unusual","ungewöhnlich","",""
"w1352","de.lex.einzigartig","unique","einzigartig","",""
"w1353","de.lex.modern","modern","modern","",""
"w1354","de.lex.traditionell","traditional","traditionell","",""
"w1355","de.lex.uralt","ancient","uralt","",""
"w1356","de.lex.gefaehrlich","dangerous","gefährlich","",""
"w1357","de.lex.sicher","safe","sicher","",""
"w1358","de.lex.bequem","comfortable","bequem","",""
"w1359","de.lex.unbequem","uncomfortable","unbequem","",""
"w1360","de.lex.beliebt","popular","beliebt","",""
"w1361","de.lex.beruehmt","famous","berühmt","",""
"w1362","de.lex.verheiratet","married","verheiratet","",""
"w1363","de.lex.geschieden","divorced","geschieden","",""
"w1364","de.lex.ledig","single","ledig","",""
"w1365","de.lex.gebildet","educated","gebildet","",""
"w1366","de.lex.erfahren","experienced","erfahren","",""
"w1367","de.lex.qualifiziert","qualified","qualifiziert","",""
"w1368","de.lex.arbeitslos","unemployed","arbeitslos","",""
"w1369","de.lex.pensioniert","retired","pensioniert","",""
"w1370","de.lex.jetzt","now","jetzt","",""
"w1371","de.lex.dann","then","dann","",""
"w1372","de.lex.bald","soon","bald","","False friend: means soon, not bald."
"w1373","de.lex.spaeter","later","später","",""
"w1374","de.lex.vorher","before","vorher","",""
"w1375","de.lex.nachher","after","nachher","",""
"w1376","de.lex.schon-bereits","already","schon / bereits","",""
"w1377","de.lex.noch","still","noch","",""
"w1378","de.lex.nicht-mehr","no longer","nicht mehr","",""
"w1379","de.lex.wieder","again","wieder","",""
"w1380","de.lex.immer","always","immer","",""
"w1381","de.lex.nie-niemals","never","nie / niemals","",""
"w1382","de.lex.oft","often","oft","",""
"w1383","de.lex.manchmal","sometimes","manchmal","",""
"w1384","de.lex.normalerweise","usually","normalerweise","",""
"w1385","de.lex.selten.rarely","rarely","selten","",""
"w1386","de.lex.endlich","finally","endlich","",""
"w1387","de.lex.ploetzlich","suddenly","plötzlich","",""
"w1388","de.lex.sofort","immediately","sofort","",""
"w1389","de.lex.allmaehlich","gradually","allmählich","",""
"w1390","de.lex.kuerzlich","recently","kürzlich","",""
"w1391","de.lex.heutzutage","nowadays","heutzutage","",""
"w1392","de.lex.taeglich","daily","täglich","",""
"w1393","de.lex.woechentlich","weekly","wöchentlich","",""
"w1394","de.lex.monatlich","monthly","monatlich","",""
"w1395","de.lex.jaehrlich","yearly","jährlich","",""
"w1396","de.lex.frueh","early","früh","",""
"w1397","de.lex.spaet","late","spät","",""
"w1398","de.lex.puenktlich","on time","pünktlich","",""
"w1399","de.lex.hier","here","hier","",""
"w1400","de.lex.dort","there","dort","",""
"w1401","de.lex.ueberall","everywhere","überall","",""
"w1402","de.lex.nirgendwo","nowhere","nirgendwo","",""
"w1403","de.lex.irgendwo","somewhere","irgendwo","",""
"w1404","de.lex.oben","upstairs","oben","",""
"w1405","de.lex.unten","downstairs","unten","",""
"w1406","de.lex.drinnen","inside","drinnen","",""
"w1407","de.lex.draussen","outside","draußen","",""
"w1408","de.lex.in-der-naehe","nearby","in der Nähe","",""
"w1409","de.lex.weit-weg","far away","weit weg","",""
"w1410","de.lex.im-ausland","abroad","im Ausland","",""
"w1411","de.lex.zu-hause","at home","zu Hause","",""
"w1412","de.lex.geradeaus","straight ahead","geradeaus","",""
"w1413","de.lex.nach-links","to the left","nach links","",""
"w1414","de.lex.nach-rechts","to the right","nach rechts","",""
"w1415","de.lex.schnell.quickly","quickly","schnell","",""
"w1416","de.lex.langsam.slowly","slowly","langsam","",""
"w1417","de.lex.vorsichtig","carefully","vorsichtig","",""
"w1418","de.lex.einfach-leicht","easily","einfach / leicht","",""
"w1419","de.lex.zusammen","together","zusammen","",""
"w1420","de.lex.allein","alone","allein","",""
"w1421","de.lex.absichtlich","on purpose","absichtlich","",""
"w1422","de.lex.zufaellig","by chance","zufällig","",""
"w1423","de.lex.versehentlich","accidentally","versehentlich","",""
"w1424","de.lex.gerne","gladly","gerne","",""
"w1425","de.lex.ungern","reluctantly","ungern","",""
"w1426","de.lex.ungefaehr","approximately","ungefähr","",""
"w1427","de.lex.genau","exactly","genau","",""
"w1428","de.lex.fast","almost","fast","","False friend: means almost; fast/quick = schnell."
"w1429","de.lex.mindestens","at least","mindestens","",""
"w1430","de.lex.hoechstens","at most","höchstens","",""
"w1431","de.lex.besonders.especially","especially","besonders","",""
"w1432","de.lex.hauptsaechlich","mainly","hauptsächlich","",""
"w1433","de.lex.vor-allem","above all","vor allem","",""
"w1434","de.lex.sonst","otherwise","sonst","",""
"w1435","de.lex.sowieso","anyway","sowieso","",""
"w1436","de.lex.eigentlich","actually","eigentlich","",""
"w1437","de.lex.tatsaechlich","indeed","tatsächlich","",""
"w1438","de.lex.leider","unfortunately","leider","",""
"w1439","de.lex.gluecklicherweise","fortunately","glücklicherweise","",""
"w1440","de.lex.eindeutig","clearly","eindeutig","",""
"w1441","de.lex.anscheinend","apparently","anscheinend","",""
"w1442","de.lex.sehr","very","sehr","",""
"w1443","de.lex.ziemlich","quite","ziemlich","",""
"w1444","de.lex.zu.too","too","zu","",""
"w1445","de.lex.genug","enough","genug","",""
"w1446","de.lex.aeusserst","extremely","äußerst","",""
"w1447","de.lex.recht.fairly","fairly","recht","",""
"w1448","de.lex.eher","rather","eher","",""
"w1449","de.lex.mehr","more","mehr","",""
"w1450","de.lex.weniger","less","weniger","",""
"w1451","de.lex.heute","today","heute","",""
"w1452","de.lex.gestern","yesterday","gestern","",""
"w1453","de.lex.morgen.tomorrow","tomorrow","morgen","",""
"w1454","de.lex.vorgestern","the day before yesterday","vorgestern","",""
"w1455","de.lex.uebermorgen","the day after tomorrow","übermorgen","",""
"w1456","de.lex.letzte-woche","last week","letzte Woche","",""
"w1457","de.lex.naechste-woche","next week","nächste Woche","",""
"w1458","de.lex.morgens","in the morning","morgens","",""
"w1459","de.lex.nachmittags","in the afternoon","nachmittags","",""
"w1460","de.lex.abends","in the evening","abends","",""
"w1461","de.lex.nachts","at night","nachts","",""
"w1462","de.lex.durch","through (Akkusativ)","durch","",""
"w1463","de.lex.fuer","for (Akkusativ)","für","",""
"w1464","de.lex.gegen","against (Akkusativ)","gegen","",""
"w1465","de.lex.ohne","without (Akkusativ)","ohne","",""
"w1466","de.lex.um","around (Akkusativ)","um","",""
"w1467","de.lex.bis","until / by (Akkusativ)","bis","",""
"w1468","de.lex.von","from (Dativ)","von","",""
"w1469","de.lex.mit","with (Dativ)","mit","",""
"w1470","de.lex.nach","after / to (Dativ)","nach","",""
"w1471","de.lex.seit","since / for (Dativ)","seit","",""
"w1472","de.lex.aus.from","out of (Dativ)","aus","",""
"w1473","de.lex.bei","at / by (Dativ)","bei","",""
"w1474","de.lex.zu.dativ","to (Dativ, person)","zu","",""
"w1475","de.lex.gegenueber","opposite (Dativ)","gegenüber","",""
"w1476","de.lex.ausser","except (Dativ)","außer","",""
"w1477","de.lex.wegen","because of (Genitiv)","wegen","",""
"w1478","de.lex.trotz","despite (Genitiv)","trotz","",""
"w1479","de.lex.waehrend.during","during (Genitiv)","während","",""
"w1480","de.lex.statt-anstatt","instead of (Genitiv)","statt / anstatt","",""
"w1481","de.lex.in-dativ","in + Dativ (location)","in (Dativ)","",""
"w1482","de.lex.in-akkusativ","in + Akkusativ (movement)","in (Akkusativ)","",""
"w1483","de.lex.auf-dativ","on + Dativ (location)","auf (Dativ)","",""
"w1484","de.lex.auf-akkusativ","on + Akkusativ (movement)","auf (Akkusativ)","",""
"w1485","de.lex.neben-dativ","next to (Dativ)","neben (Dativ)","",""
"w1486","de.lex.zwischen-dativ","between (Dativ)","zwischen (Dativ)","",""
"w1487","de.lex.hinter-dativ","behind (Dativ)","hinter (Dativ)","",""
"w1488","de.lex.vor-dativ","in front of (Dativ)","vor (Dativ)","",""
"w1489","de.lex.ueber-dativ","above (Dativ)","über (Dativ)","",""
"w1490","de.lex.unter-dativ","below (Dativ)","unter (Dativ)","",""
"w1491","de.lex.in-dem-im","in the → im","in + dem → im","",""
"w1492","de.lex.an-dem-am","at the → am","an + dem → am","",""
"w1493","de.lex.zu-dem-zum","to the → zum","zu + dem → zum","",""
"w1494","de.lex.zu-der-zur","to the (f) → zur","zu + der → zur","",""
"w1495","de.lex.von-dem-vom","from the → vom","von + dem → vom","",""
"w1496","de.lex.bei-dem-beim","at the → beim","bei + dem → beim","",""
"w1497","de.lex.in-das-ins","into the → ins","in + das → ins","",""
"w1498","de.lex.an-das-ans","onto the → ans","an + das → ans","",""
"w1499","de.lex.und","and","und","",""
"w1500","de.lex.oder","or","oder","",""
"w1501","de.lex.aber","but","aber","",""
"w1502","de.lex.denn","because (coord.)","denn","",""
"w1503","de.lex.weil","because (subord.)","weil","",""
"w1504","de.lex.obwohl","although","obwohl","",""
"w1505","de.lex.wenn","if / when","wenn","",""
"w1506","de.lex.als","when (past)","als","",""
"w1507","de.lex.waehrend.while","while","während","",""
"w1508","de.lex.seit-da","since","seit / da","",""
"w1509","de.lex.bis","until","bis","",""
"w1510","de.lex.damit","so that","damit","",""
"w1511","de.lex.um-zu","in order to","um ... zu","",""
"w1512","de.lex.sobald","as soon as","sobald","",""
"w1513","de.lex.solange","as long as","solange","",""
"w1514","de.lex.ob","whether","ob","",""
"w1515","de.lex.dass","that (subord.)","dass","",""
"w1516","de.lex.jedoch-allerdings","however","jedoch / allerdings","",""
"w1517","de.lex.deshalb-daher","therefore","deshalb / daher","",""
"w1518","de.lex.ausserdem","moreover","außerdem","",""
"w1519","de.lex.trotzdem.nevertheless","nevertheless","trotzdem","",""
"w1520","de.lex.andererseits","on the other hand","andererseits","",""
"w1521","de.lex.zusaetzlich","in addition","zusätzlich","",""
"w1522","de.lex.zum-beispiel","for example","zum Beispiel","",""
"w1523","de.lex.mit-anderen-worten","in other words","mit anderen Worten","",""
"w1524","de.lex.sowohl-als-auch","both ... and ...","sowohl ... als auch ...","",""
"w1525","de.lex.entweder-oder","either ... or ...","entweder ... oder ...","",""
"w1526","de.lex.weder-noch","neither ... nor ...","weder ... noch ...","",""
"w1527","de.lex.nicht-nur-sondern-auch","not only ... but also ...","nicht nur ... sondern auch ...","",""
"w1528","de.lex.nicht","not","nicht","",""
"w1529","de.lex.kein","no / not a (m)","kein","",""
"w1530","de.lex.keine","no / not a (f)","keine","",""
"w1531","de.lex.kein","no / not a (n)","kein","",""
"w1532","de.lex.gar-nicht","not at all","gar nicht","",""
"w1533","de.lex.noch-nicht","not yet","noch nicht","",""
"w1534","de.lex.anziehen","to put on (clothes)","anziehen","",""
"w1535","de.lex.ausziehen","to take off (clothes)","ausziehen","",""
"w1536","de.lex.ankommen","to arrive","ankommen","",""
"w1537","de.lex.abfahren","to depart","abfahren","",""
"w1538","de.lex.einsteigen","to get in (vehicle)","einsteigen","",""
"w1539","de.lex.aussteigen","to get out (vehicle)","aussteigen","",""
"w1540","de.lex.ausgehen","to go out","ausgehen","",""
"w1541","de.lex.zurueckkommen","to come back","zurückkommen","",""
"w1542","de.lex.mitbringen","to bring along","mitbringen","",""
"w1543","de.lex.mitnehmen","to take along","mitnehmen","",""
"w1544","de.lex.mitkommen","to come along","mitkommen","",""
"w1545","de.lex.anrufen","to call (phone)","anrufen","",""
"w1546","de.lex.zurueckrufen","to call back","zurückrufen","",""
"w1547","de.lex.einschalten-anmachen","to turn on","einschalten / anmachen","",""
"w1548","de.lex.ausschalten-ausmachen","to turn off","ausschalten / ausmachen","",""
"w1549","de.lex.ausfuellen","to fill in / complete","ausfüllen","",""
"w1550","de.lex.abholen","to pick up","abholen","",""
"w1551","de.lex.abgeben","to hand in","abgeben","",""
"w1552","de.lex.anprobieren","to try on","anprobieren","",""
"w1553","de.lex.ansehen","to look at","ansehen","",""
"w1554","de.lex.aufschreiben","to write down","aufschreiben","",""
"w1555","de.lex.zuhoeren.listen-to","to listen to","zuhören","",""
"w1556","de.lex.nachschlagen","to look up (a word)","nachschlagen","",""
"w1557","de.lex.wegwerfen","to throw away","wegwerfen","",""
"w1558","de.lex.aufraeumen","to clean up","aufräumen","",""
"w1559","de.lex.teilnehmen.take-part","to take part","teilnehmen","",""
"w1560","de.lex.ausmachen","to agree / arrange","ausmachen","",""
"w1561","de.lex.hinzufuegen","to add","hinzufügen","",""
"w1562","de.lex.abbrechen","to break off","abbrechen","",""
"w1563","de.lex.zurueckgeben","to give back","zurückgeben","",""
"w1564","de.lex.durchlesen","to read through","durchlesen","",""
"w1565","de.lex.aufladen","to charge (battery)","aufladen","",""
"w1566","de.lex.weiterleiten","to forward","weiterleiten","",""
"w1567","de.lex.er-steht-frueh-auf","He gets up early.","Er steht früh auf.","",""
"w1568","de.lex.sie-ruft-ihre-mutter-an","She calls her mother.","Sie ruft ihre Mutter an.","",""
"w1569","de.lex.wir-kommen-um-sieben-uhr-an","We arrive at seven.","Wir kommen um sieben Uhr an.","",""
"w1570","de.lex.mach-das-licht-aus","Turn off the light!","Mach das Licht aus!","",""
"w1571","de.lex.sie-probiert-das-kleid-an","She tries on the dress.","Sie probiert das Kleid an.","",""
"w1572","de.lex.er-fuellt-das-formular-aus","He fills in the form.","Er füllt das Formular aus.","",""
"w1573","de.lex.ich-schreibe-das-wort-auf","I write down the word.","Ich schreibe das Wort auf.","",""
"w1574","de.lex.sie-holen-mich-ab","They pick me up.","Sie holen mich ab.","",""
"w1575","de.lex.raeum-dein-zimmer-auf","Clean up your room!","Räum dein Zimmer auf!","",""
"w1576","de.lex.er-schlaegt-das-wort-nach","He looks the word up.","Er schlägt das Wort nach.","",""
"w1577","de.lex.sich-waschen","to wash oneself","sich waschen","",""
"w1578","de.lex.sich-kaemmen","to comb one's hair","sich kämmen","",""
"w1579","de.lex.sich-rasieren","to shave","sich rasieren","",""
"w1580","de.lex.sich-die-zaehne-putzen","to brush one's teeth","sich die Zähne putzen","",""
"w1581","de.lex.sich-fuehlen","to feel (well/ill)","sich fühlen","",""
"w1582","de.lex.sich-amuesieren","to enjoy oneself","sich amüsieren","",""
"w1583","de.lex.sich-interessieren-fuer","to be interested in","sich interessieren für","",""
"w1584","de.lex.sich-sorgen-machen-um","to worry about","sich Sorgen machen um","",""
"w1585","de.lex.sich-freuen-auf.look-forward-to","to look forward to","sich freuen auf","",""
"w1586","de.lex.sich-freuen-ueber","to be happy about","sich freuen über","",""
"w1587","de.lex.sich-beschweren-ueber","to complain about","sich beschweren über","",""
"w1588","de.lex.sich-vorstellen.introduce-oneself","to introduce oneself","sich vorstellen","",""
"w1589","de.lex.sich-treffen","to meet (each other)","sich treffen","",""
"w1590","de.lex.falsch-liegen-sich-irren","to be wrong","falsch liegen / sich irren","",""
"w1591","de.lex.sich-umdrehen","to turn around","sich umdrehen","",""
"w1592","de.lex.ich-fuehle-mich-krank","I feel sick.","Ich fühle mich krank.","",""
"w1593","de.lex.sie-beeilt-sich","She hurries.","Sie beeilt sich.","",""
"w1594","de.lex.er-setzt-sich","He sits down.","Er setzt sich.","",""
"w1595","de.lex.ich-erinnere-mich-an-ihn","I remember him.","Ich erinnere mich an ihn.","",""
"w1596","de.lex.er-entschuldigt-sich","He apologizes.","Er entschuldigt sich.","",""
"w1597","de.lex.sie-verlieben-sich","They fall in love.","Sie verlieben sich.","",""
"w1598","de.lex.hallo","Hello!","Hallo!","",""
"w1599","de.lex.guten-morgen","Good morning!","Guten Morgen!","",""
"w1600","de.lex.guten-tag","Good afternoon!","Guten Tag!","",""
"w1601","de.lex.guten-abend","Good evening!","Guten Abend!","",""
"w1602","de.lex.gute-nacht","Good night!","Gute Nacht!","",""
"w1603","de.lex.auf-wiedersehen","Goodbye!","Auf Wiedersehen!","",""
"w1604","de.lex.bis-spaeter","See you later!","Bis später!","",""
"w1605","de.lex.bis-bald","See you soon!","Bis bald!","",""
"w1606","de.lex.tschuess","Bye! (informal)","Tschüss!","",""
"w1607","de.lex.servus","Hello! (Austrian/Southern)","Servus!","",""
"w1608","de.lex.wie-geht-es-ihnen-wie-geht-s","How are you?","Wie geht es Ihnen? / Wie geht's?","",""
"w1609","de.lex.mir-geht-es-gut-danke.i-m-fine","I'm fine, thank you.","Mir geht es gut, danke.","",""
"w1610","de.lex.nicht-so-gut","Not so well.","Nicht so gut.","",""
"w1611","de.lex.es-geht-so","So so.","Es geht so.","",""
"w1612","de.lex.bitte","Please.","Bitte.","",""
"w1613","de.lex.danke","Thank you.","Danke.","",""
"w1614","de.lex.vielen-dank","Thank you very much.","Vielen Dank.","",""
"w1615","de.lex.bitte-sehr-gern-geschehen","You're welcome.","Bitte sehr. / Gern geschehen.","",""
"w1616","de.lex.entschuldigung","Excuse me.","Entschuldigung.","",""
"w1617","de.lex.es-tut-mir-leid.i-m-sorry","I'm sorry.","Es tut mir leid.","",""
"w1618","de.lex.kein-problem","No problem.","Kein Problem.","",""
"w1619","de.lex.natuerlich","Of course!","Natürlich!","",""
"w1620","de.lex.viel-glueck","Good luck!","Viel Glück!","",""
"w1621","de.lex.viel-spass","Have fun!","Viel Spaß!","",""
"w1622","de.lex.herzlichen-glueckwunsch","Congratulations!","Herzlichen Glückwunsch!","",""
"w1623","de.lex.alles-gute-zum-geburtstag","Happy birthday!","Alles Gute zum Geburtstag!","",""
"w1624","de.lex.frohe-weihnachten","Merry Christmas!","Frohe Weihnachten!","",""
"w1625","de.lex.frohes-neues-jahr","Happy New Year!","Frohes Neues Jahr!","",""
"w1626","de.lex.prost","Cheers!","Prost!","",""
"w1627","de.lex.gesundheit.bless-you","Bless you!","Gesundheit!","",""
"w1628","de.lex.gute-besserung","Get well soon!","Gute Besserung!","",""
"w1629","de.lex.hilfe","Help!","Hilfe!","",""
"w1630","de.lex.wie-heissen-sie-wie-heisst-du","What's your name?","Wie heißen Sie? / Wie heißt du?","",""
"w1631","de.lex.ich-heisse-mein-name-ist","My name is...","Ich heiße... / Mein Name ist...","",""
"w1632","de.lex.woher-kommen-sie","Where are you from?","Woher kommen Sie?","",""
"w1633","de.lex.ich-komme-aus-ungarn.i-m-from-hungary","I'm from Hungary.","Ich komme aus Ungarn.","",""
"w1634","de.lex.ich-wohne-in-berlin","I live in Berlin.","Ich wohne in Berlin.","",""
"w1635","de.lex.schoen-sie-kennenzulernen","Nice to meet you.","Schön, Sie kennenzulernen.","",""
"w1636","de.lex.sprechen-sie-deutsch","Do you speak German?","Sprechen Sie Deutsch?","",""
"w1637","de.lex.ich-verstehe-nicht.i-don-t-understand","I don't understand.","Ich verstehe nicht.","",""
"w1638","de.lex.koennten-sie-das-wiederholen","Could you repeat that?","Könnten Sie das wiederholen?","",""
"w1639","de.lex.koennten-sie-langsamer-sprechen","Could you speak more slowly?","Könnten Sie langsamer sprechen?","",""
"w1640","de.lex.was-bedeutet-das","What does that mean?","Was bedeutet das?","",""
"w1641","de.lex.wie-sagt-man-auf-deutsch","How do you say... in German?","Wie sagt man... auf Deutsch?","",""
"w1642","de.lex.koennen-sie-mir-helfen","Can you help me?","Können Sie mir helfen?","",""
"w1643","de.lex.ich-moechte","I would like...","Ich möchte...","",""
"w1644","de.lex.ich-brauche","I need...","Ich brauche...","",""
"w1645","de.lex.was-kostet-das","How much does it cost?","Was kostet das?","",""
"w1646","de.lex.wo-ist-die-toilette","Where is the toilet?","Wo ist die Toilette?","",""
"w1647","de.lex.die-rechnung-bitte","The bill, please.","Die Rechnung, bitte.","",""
"w1648","de.lex.guten-appetit","Enjoy your meal!","Guten Appetit!","",""
"w1649","de.lex.es-war-koestlich","It was delicious!","Es war köstlich!","",""
"w1650","de.lex.biegen-sie-links-ab","Turn left.","Biegen Sie links ab.","",""
"w1651","de.lex.biegen-sie-rechts-ab","Turn right.","Biegen Sie rechts ab.","",""
"w1652","de.lex.gehen-sie-geradeaus","Go straight ahead.","Gehen Sie geradeaus.","",""
"w1653","de.lex.es-ist-sonnig","It's sunny.","Es ist sonnig.","",""
"w1654","de.lex.es-regnet","It's raining.","Es regnet.","",""
"w1655","de.lex.es-schneit","It's snowing.","Es schneit.","",""
"w1656","de.lex.es-ist-kalt","It's cold.","Es ist kalt.","",""
"w1657","de.lex.ich-denke-dass","I think that...","Ich denke, dass...","",""
"w1658","de.lex.meiner-meinung-nach","In my opinion...","Meiner Meinung nach...","",""
"w1659","de.lex.ich-stimme-zu","I agree.","Ich stimme zu.","",""
"w1660","de.lex.ich-bin-anderer-meinung","I disagree.","Ich bin anderer Meinung.","",""
"w1661","de.lex.ich-bin-nicht-sicher","I'm not sure.","Ich bin nicht sicher.","",""
"w1662","de.lex.vielleicht","Maybe.","Vielleicht.","",""
"w1663","de.lex.auf-jeden-fall.definitely","Definitely.","Auf jeden Fall.","",""
"w1664","de.lex.das-ist-toll","That's great!","Das ist toll!","",""
"w1665","de.lex.es-gefaellt-mir","I like it.","Es gefällt mir.","",""
"w1666","de.lex.es-gefaellt-mir-nicht","I don't like it.","Es gefällt mir nicht.","",""
"w1667","de.lex.ich-bin-gluecklich","I'm happy.","Ich bin glücklich.","",""
"w1668","de.lex.ich-bin-muede.i-m-tired","I'm tired.","Ich bin müde.","",""
"w1669","de.lex.ich-habe-hunger.i-m-hungry","I'm hungry.","Ich habe Hunger.","",""
"w1670","de.lex.ich-habe-durst","I'm thirsty.","Ich habe Durst.","",""
"w1671","de.lex.ich-habe-es-eilig.i-m-in-a-hurry","I'm in a hurry.","Ich habe es eilig.","",""
"w1672","de.lex.ich-habe-zeit","I have time.","Ich habe Zeit.","",""
"w1673","de.lex.gehen-wir-lass-uns-gehen","Let's go!","Gehen wir! / Lass uns gehen!","",""
"w1674","de.lex.was-ist-passiert","What happened?","Was ist passiert?","",""
"w1675","de.lex.bist-du-fertig","Are you ready?","Bist du fertig?","",""
"w1676","de.lex.wie-war-dein-tag","How was your day?","Wie war dein Tag?","",""
"w1677","de.lex.nicht-mein-ding","Not my cup of tea.","Nicht mein Ding.","",""
"w1678","de.lex.das-macht-sinn","That makes sense.","Das macht Sinn.","",""
"w1679","de.lex.macht-nichts","Never mind.","Macht nichts.","",""
"w1680","de.lex.es-ist-egal","It doesn't matter.","Es ist egal.","",""
"w1681","de.lex.wirklich","Really?!","Wirklich?!","",""
"w1682","de.lex.im-ernst","Are you serious?","Im Ernst?","",""
"w1683","de.lex.nicht-moeglich","No way!","Nicht möglich!","",""
"w1684","de.lex.was-fuer-ein-zufall","What a coincidence!","Was für ein Zufall!","",""
"w1685","de.lex.ich-verstehe-ach-so","I see.","Ich verstehe. / Ach so.","",""
"w1686","de.lex.ich-werde-darueber-nachdenken","I'll think about it.","Ich werde darüber nachdenken.","",""
"w1687","de.lex.das-ist-eine-gute-idee","That's a good idea.","Das ist eine gute Idee.","",""
"w1688","de.lex.sie-haben-recht","You're right.","Sie haben recht.","",""
"w1689","de.lex.einen-moment-bitte","One moment, please.","Einen Moment, bitte.","",""
"w1690","de.lex.mach-weiter","Keep going!","Mach weiter!","",""
"w1691","de.lex.gib-nicht-auf","Don't give up!","Gib nicht auf!","",""
"w1692","de.lex.du-schaffst-das","You can do it!","Du schaffst das!","",""
"w1693","de.lex.ich-wuerde-gehen","I would go","ich würde gehen","",""
"w1694","de.lex.ich-wuerde-kaufen","I would buy","ich würde kaufen","",""
"w1695","de.lex.wuerdest-du-mir-helfen","Would you help me?","Würdest du mir helfen?","",""
"w1696","de.lex.ich-waere","I would be","ich wäre","",""
"w1697","de.lex.du-waerst","you would be (sg.)","du wärst","",""
"w1698","de.lex.er-sie-waere","he / she would be","er/sie wäre","",""
"w1699","de.lex.wir-waeren","we would be","wir wären","",""
"w1700","de.lex.ich-haette","I would have","ich hätte","",""
"w1701","de.lex.du-haettest","you would have (sg.)","du hättest","",""
"w1702","de.lex.er-haette","he would have","er hätte","",""
"w1703","de.lex.wir-haetten","we would have","wir hätten","",""
"w1704","de.lex.ich-koennte","I could (conditional)","ich könnte","",""
"w1705","de.lex.du-koenntest","you could (sg.)","du könntest","",""
"w1706","de.lex.er-koennte","he could (conditional)","er könnte","",""
"w1707","de.lex.wir-koennten","we could (conditional)","wir könnten","",""
"w1708","de.lex.ich-muesste","I would have to","ich müsste","",""
"w1709","de.lex.er-muesste","he would have to","er müsste","",""
"w1710","de.lex.ich-sollte.i-should","I should (ought to)","ich sollte","",""
"w1711","de.lex.er-sollte.he-should","he should","er sollte","",""
"w1712","de.lex.wenn-ich-reich-waere","If I were rich...","Wenn ich reich wäre...","",""
"w1713","de.lex.wenn-ich-mehr-zeit-haette","If I had more time...","Wenn ich mehr Zeit hätte...","",""
"w1714","de.lex.ich-wuenschte-ich-koennte-fliegen","I wish I could fly.","Ich wünschte, ich könnte fliegen.","",""
"w1715","de.lex.ich-wuerde-reisen-wenn-ich-geld-haette","I would travel if I had money.","Ich würde reisen, wenn ich Geld hätte.","",""
"w1716","de.lex.koenntest-du-mir-bitte-helfen","Could you help me, please?","Könntest du mir bitte helfen?","",""
"w1717","de.lex.das-waere-toll","That would be great.","Das wäre toll.","",""
"w1718","de.lex.es-waere-besser","It would be better to...","Es wäre besser,...","",""
"w1719","de.lex.ich-wuerde-lieber","I would prefer...","Ich würde lieber...","",""
"w1720","de.lex.was-wuerdest-du-tun","What would you do?","Was würdest du tun?","",""
"w1721","de.lex.ich-haette-das-sagen-sollen","I should have said that.","Ich hätte das sagen sollen.","",""
"w1722","de.lex.er-haette-kommen-koennen","He could have come.","Er hätte kommen können.","",""
"w1723","de.lex.wir-haetten-frueher-abfahren-sollen","We should have left earlier.","Wir hätten früher abfahren sollen.","",""
"w1724","de.lex.wenn-ich-das-nur-gewusst-haette","If only I had known...","Wenn ich das nur gewusst hätte...","",""
"w1725","de.lex.wuerde-es-ihnen-etwas-ausmachen-wenn-ich","Would you mind if I...?","Würde es Ihnen etwas ausmachen, wenn ich...?","",""
"w1726","de.lex.ich-waere-dankbar-wenn-sie","I'd appreciate it if you could...","Ich wäre dankbar, wenn Sie...","",""
"w1727","de.lex.zwei-fliegen-mit-einer-klappe-schlagen","to kill two birds with one stone","zwei Fliegen mit einer Klappe schlagen","",""
"w1728","de.lex.jemanden-auf-den-arm-nehmen","to pull someone's leg","jemanden auf den Arm nehmen","",""
"w1729","de.lex.den-nagel-auf-den-kopf-treffen","to hit the nail on the head","den Nagel auf den Kopf treffen","",""
"w1730","de.lex.alle-jubeljahre-einmal","once in a blue moon","alle Jubeljahre einmal","",""
"w1731","de.lex.hals-und-beinbruch","to break a leg!","Hals- und Beinbruch!","",""
"w1732","de.lex.zwei-linke-haende-haben","to be all thumbs","zwei linke Hände haben","",""
"w1733","de.lex.die-katze-aus-dem-sack-lassen","to let the cat out of the bag","die Katze aus dem Sack lassen","",""
"w1734","de.lex.kalte-fuesse-bekommen","to get cold feet","kalte Füße bekommen","",""
"w1735","de.lex.im-siebten-himmel-sein","to be on cloud nine","im siebten Himmel sein","",""
"w1736","de.lex.eine-nacht-darueber-schlafen","to sleep on it","eine Nacht darüber schlafen","",""
"w1737","de.lex.zwischen-den-zeilen-lesen","to read between the lines","zwischen den Zeilen lesen","",""
"w1738","de.lex.im-gleichen-boot-sitzen","to be in the same boat","im gleichen Boot sitzen","",""
"w1739","de.lex.alles-ausplaudern","to spill the beans","alles ausplaudern","",""
"w1740","de.lex.oel-ins-feuer-giessen","to add fuel to the fire","Öl ins Feuer gießen","",""
"w1741","de.lex.das-handtuch-werfen","to throw in the towel","das Handtuch werfen","",""
"w1742","de.lex.gruen-vor-neid-sein","to be green with envy","grün vor Neid sein","",""
"w1743","de.lex.jedes-unglueck-hat-auch-sein-gutes","every cloud has a silver lining","jedes Unglück hat auch sein Gutes","",""
"w1744","de.lex.besser-spaet-als-nie","better late than never","besser spät als nie","",""
"w1745","de.lex.zeit-ist-geld","time is money","Zeit ist Geld","",""
"w1746","de.lex.uebung-macht-den-meister","practice makes perfect","Übung macht den Meister","",""
"w1747","de.lex.ohne-fleiss-kein-preis","no pain no gain","ohne Fleiß kein Preis","",""
"w1748","de.lex.morgenstund-hat-gold-im-mund","the early bird catches the worm","Morgenstund hat Gold im Mund","",""
"w1749","de.lex.schmetterlinge-im-bauch-haben","to have butterflies in one's stomach","Schmetterlinge im Bauch haben","",""
"w1750","de.lex.bis-ueber-beide-ohren-verliebt-sein","to be head over heels in love","bis über beide Ohren verliebt sein","",""
"w1751","de.lex.ins-fettnaepfchen-treten","to put one's foot in one's mouth","ins Fettnäpfchen treten","",""
"w1752","de.lex.ganz-ohr-sein","to be all ears","ganz Ohr sein","",""
"w1753","de.lex.die-daumen-druecken","to keep one's fingers crossed","die Daumen drücken","",""
"w1754","de.lex.sich-auf-den-weg-machen","to hit the road","sich auf den Weg machen","",""
"w1755","de.lex.mit-dem-strom-schwimmen","to go with the flow","mit dem Strom schwimmen","",""
"w1756","de.lex.nur-an-der-oberflaeche-kratzen","to scratch the surface","nur an der Oberfläche kratzen","",""
"w1757","de.lex.jemandem-die-kalte-schulter-zeigen","to give someone the cold shoulder","jemandem die kalte Schulter zeigen","",""
"w1758","de.lex.schlafende-hunde-nicht-wecken","to let sleeping dogs lie","schlafende Hunde nicht wecken","",""
"w1759","de.lex.auf-duennem-eis-stehen","to be on thin ice","auf dünnem Eis stehen","",""
"w1760","de.lex.aus-einer-muecke-einen-elefanten-machen","to make a mountain out of a molehill","aus einer Mücke einen Elefanten machen","",""
"w1761","de.lex.in-den-sauren-apfel-beissen","to bite the bullet","in den sauren Apfel beißen","",""
"w1762","de.lex.taten-sagen-mehr-als-worte","actions speak louder than words","Taten sagen mehr als Worte","",""
"w1763","de.lex.wenn-schweine-fliegen-koennen","when pigs fly","wenn Schweine fliegen können","",""
"w1764","de.lex.alle-haende-voll-zu-tun-haben","to have one's hands full","alle Hände voll zu tun haben","",""
"w1765","de.lex.um-es-kurz-zu-fassen","to make a long story short","um es kurz zu fassen","",""
"w1766","de.lex.eine-schoene-stange-geld-kosten","to cost a pretty penny","eine schöne Stange Geld kosten","",""
"w1767","de.lex.den-bund-fuers-leben-schliessen","to tie the knot","den Bund fürs Leben schließen","",""
"w1768","de.lex.feierabend-machen","to call it a day","Feierabend machen","",""
"w1769","de.lex.ein-wolf-im-schafspelz-sein","to be a wolf in sheep's clothing","ein Wolf im Schafspelz sein","",""
"w1770","de.lex.hinter-dem-mond-leben","to be behind the times","hinter dem Mond leben","",""
"w1771","de.lex.auf-derselben-wellenlaenge-sein","to be on the same page","auf derselben Wellenlänge sein","",""
"w1772","de.lex.den-ball-ins-rollen-bringen","to get the ball rolling","den Ball ins Rollen bringen","",""
"w1773","de.lex.alles-auf-eine-karte-setzen","to put all eggs in one basket","alles auf eine Karte setzen","",""
"w1774","de.lex.den-stier-bei-den-hoernern-packen","to take the bull by the horns","den Stier bei den Hörnern packen","",""
"w1775","de.lex.bis-in-die-nacht-arbeiten","to burn the midnight oil","bis in die Nacht arbeiten","",""
"w1776","de.lex.sich-zu-viel-vornehmen","to bite off more than you can chew","sich zu viel vornehmen","",""
"w1777","de.lex.die-fassung-verlieren","to lose one's temper","die Fassung verlieren","",""
"w1778","de.lex.fussball","football / soccer","Fußball","der",""
"w1779","de.lex.basketball","basketball","Basketball","der",""
"w1780","de.lex.volleyball","volleyball","Volleyball","der",""
"w1781","de.lex.tennis","tennis","Tennis","das",""
"w1782","de.lex.schwimmen.swimming","swimming","Schwimmen","das",""
"w1783","de.lex.radfahren","cycling","Radfahren","das",""
"w1784","de.lex.laufen.running","running","Laufen","das",""
"w1785","de.lex.wandern.hiking","hiking","Wandern","das",""
"w1786","de.lex.skifahren","skiing","Skifahren","das",""
"w1787","de.lex.snowboarden","snowboarding","Snowboarden","das",""
"w1788","de.lex.yoga","yoga","Yoga","das",""
"w1789","de.lex.tanzen.dancing","dancing","Tanzen","das",""
"w1790","de.lex.boxen","boxing","Boxen","das",""
"w1791","de.lex.turnen","gymnastics","Turnen","das",""
"w1792","de.lex.schach","chess","Schach","das",""
"w1793","de.lex.lesen.reading","reading","Lesen","das",""
"w1794","de.lex.malen.painting","painting","Malen","das",""
"w1795","de.lex.fotografie","photography","Fotografie","die",""
"w1796","de.lex.kochen.cooking","cooking","Kochen","das",""
"w1797","de.lex.backen.baking","baking","Backen","das",""
"w1798","de.lex.gaertnern","gardening","Gärtnern","das",""
"w1799","de.lex.stricken","knitting","Stricken","das",""
"w1800","de.lex.singen.singing","singing","Singen","das",""
"w1801","de.lex.gitarre","guitar","Gitarre","die",""
"w1802","de.lex.klavier","piano","Klavier","das",""
"w1803","de.lex.geige","violin","Geige","die",""
"w1804","de.lex.schlagzeug","drums","Schlagzeug","das",""
"w1805","de.lex.konzert","concert","Konzert","das",""
"w1806","de.lex.film","film / movie","Film","der",""
"w1807","de.lex.serie","series","Serie","die",""
"w1808","de.lex.folge","episode","Folge","die",""
"w1809","de.lex.brettspiel","board game","Brettspiel","das",""
"w1810","de.lex.videospiel","video game","Videospiel","das",""
"w1811","de.lex.fussball-spielen","to play football","Fußball spielen","",""
"w1812","de.lex.schwimmen-gehen","to go swimming","schwimmen gehen","",""
"w1813","de.lex.joggen-gehen","to go for a run","joggen gehen","",""
"w1814","de.lex.rad-fahren","to go cycling","Rad fahren","",""
"w1815","de.lex.wandern-gehen","to go hiking","wandern gehen","",""
"w1816","de.lex.ski-fahren","to go skiing","Ski fahren","",""
"w1817","de.lex.schach-spielen","to play chess","Schach spielen","",""
"w1818","de.lex.yoga-machen","to do yoga","Yoga machen","",""
"w1819","de.lex.was-sind-deine-hobbys","What are your hobbies?","Was sind deine Hobbys?","",""
"w1820","de.lex.ich-lese-gerne","I like reading.","Ich lese gerne.","",""
"w1821","de.lex.ich-liebe-es-zu-kochen","I love cooking.","Ich liebe es zu kochen.","",""
"w1822","de.lex.ich-gehe-jeden-morgen-joggen","I go jogging every morning.","Ich gehe jeden Morgen joggen.","",""
"w1823","de.lex.bahnfahrkarte","train ticket","Bahnfahrkarte","die",""
"w1824","de.lex.bahnsteig","platform","Bahnsteig","der",""
"w1825","de.lex.bordkarte","boarding pass","Bordkarte","die",""
"w1826","de.lex.koffer","suitcase","Koffer","der",""
"w1827","de.lex.handgepaeck","hand luggage","Handgepäck","das",""
"w1828","de.lex.kasse","checkout (supermarket)","Kasse","die",""
"w1829","de.lex.einkaufswagen","shopping cart","Einkaufswagen","der",""
"w1830","de.lex.preisschild","price tag","Preisschild","das",""
"w1831","de.lex.geschaeftsreise","business trip","Geschäftsreise","die",""
"w1832","de.lex.visitenkarte","business card","Visitenkarte","die",""
"w1833","de.lex.arbeitszeit","working hours","Arbeitszeit","die",""
"w1834","de.lex.umkleidekabine","fitting room","Umkleidekabine","die",""
"w1835","de.lex.notausgang","emergency exit","Notausgang","der",""
"w1836","de.lex.feuerloescher","fire extinguisher","Feuerlöscher","der",""
"w1837","de.lex.feueralarm","fire alarm","Feueralarm","der",""
"w1838","de.lex.sporthalle","sports hall","Sporthalle","die",""
"w1839","de.lex.sportverein","sports club","Sportverein","der",""
"w1840","de.lex.kunstgalerie","art gallery","Kunstgalerie","die",""
"w1841","de.lex.naturschutzgebiet","nature reserve","Naturschutzgebiet","das",""
"w1842","de.lex.wanderweg","hiking trail","Wanderweg","der",""
"w1843","de.lex.berggipfel","mountain top","Berggipfel","der",""
"w1844","de.lex.weltrekord","world record","Weltrekord","der",""
"w1845","de.lex.muttersprache","mother tongue","Muttersprache","die",""
"w1846","de.lex.fremdsprache","foreign language","Fremdsprache","die",""
"w1847","de.lex.sprachkurs","language course","Sprachkurs","der",""
"w1848","de.lex.weihnachtsbaum","Christmas tree","Weihnachtsbaum","der",""
"w1849","de.lex.weihnachtsmarkt","Christmas market","Weihnachtsmarkt","der",""
"w1850","de.lex.osterei","Easter egg","Osterei","das",""
"w1851","de.lex.feuerwerk","fireworks","Feuerwerk","das",""
"w1852","de.lex.kreditkarte","credit card","Kreditkarte","die",""
"w1853","de.lex.bankkonto","bank account","Bankkonto","das",""
"w1854","de.lex.krankenversicherung","health insurance","Krankenversicherung","die",""
"w1855","de.lex.erste-hilfe-set","first aid kit","Erste-Hilfe-Set","das",""
"w1856","de.lex.klimawandel","climate change","Klimawandel","der",""
"w1857","de.lex.treibhauseffekt","greenhouse effect","Treibhauseffekt","der",""
"w1858","de.lex.erneuerbare-energie","renewable energy","erneuerbare Energie","die",""
"w1859","de.lex.solarpanel","solar panel","Solarpanel","das",""
"w1860","de.lex.windkraftanlage","wind turbine","Windkraftanlage","die",""
"w1861","de.lex.co2-fussabdruck","carbon footprint","CO2-Fußabdruck","der",""
"w1862","de.lex.kuenstliche-intelligenz","artificial intelligence","Künstliche Intelligenz","die",""
"w1863","de.lex.maschinelles-lernen","machine learning","maschinelles Lernen","das",""
"w1864","de.lex.virtuelle-realitaet","virtual reality","virtuelle Realität","die",""
"w1865","de.lex.videoanruf","video call","Videoanruf","der",""
"w1866","de.lex.e-mail-adresse","email address","E-Mail-Adresse","die",""
"w1867","de.lex.telefonnummer","phone number","Telefonnummer","die",""
"w1868","de.lex.rueckfahrkarte","return ticket","Rückfahrkarte","die",""
"w1869","de.lex.fensterplatz","window seat","Fensterplatz","der",""
"w1870","de.lex.zimmerservice","room service","Zimmerservice","der",""
"w1871","de.lex.einzelzimmer","single room","Einzelzimmer","das",""
"w1872","de.lex.doppelzimmer","double room","Doppelzimmer","das",""
"w1873","de.lex.gepaeckausgabe","baggage claim","Gepäckausgabe","die",""
"w1874","de.lex.zwischenstopp.stopover","stopover","Zwischenstopp","der",""
"w1875","de.lex.wechselkurs","exchange rate","Wechselkurs","der",""
"w1876","de.lex.reiseversicherung","travel insurance","Reiseversicherung","die",""
"w1877","de.lex.komm","Come! (du)","Komm!","",""
"w1878","de.lex.geh","Go! (du)","Geh!","",""
"w1879","de.lex.warte","Wait! (du)","Warte!","",""
"w1880","de.lex.hoer-auf","Stop! (du)","Hör auf!","",""
"w1881","de.lex.hoer-zu","Listen! (du)","Hör zu!","",""
"w1882","de.lex.schau","Look! (du)","Schau!","",""
"w1883","de.lex.setz-dich","Sit down! (du)","Setz dich!","",""
"w1884","de.lex.steh-auf","Stand up! (du)","Steh auf!","",""
"w1885","de.lex.komm-rein","Come in! (du)","Komm rein!","",""
"w1886","de.lex.sei-ruhig","Be quiet! (du)","Sei ruhig!","",""
"w1887","de.lex.pass-auf","Be careful! (du)","Pass auf!","",""
"w1888","de.lex.hilf-mir","Help me! (du)","Hilf mir!","",""
"w1889","de.lex.lies-das","Read this! (du)","Lies das!","",""
"w1890","de.lex.sprich-langsam","Speak slowly! (du)","Sprich langsam!","",""
"w1891","de.lex.erzaehl-mir","Tell me! (du)","Erzähl mir!","",""
"w1892","de.lex.gib-mir","Give me! (du)","Gib mir!","",""
"w1893","de.lex.nimm-es","Take it! (du)","Nimm es!","",""
"w1894","de.lex.bring-es","Bring it! (du)","Bring es!","",""
"w1895","de.lex.kommt","Come! (ihr)","Kommt!","",""
"w1896","de.lex.wartet","Wait! (ihr)","Wartet!","",""
"w1897","de.lex.seid-ruhig","Be quiet! (ihr)","Seid ruhig!","",""
"w1898","de.lex.helft-mir","Help me! (ihr)","Helft mir!","",""
"w1899","de.lex.kommen-sie-herein","Come in! (Sie)","Kommen Sie herein!","",""
"w1900","de.lex.bitte-warten-sie","Please wait! (Sie)","Bitte warten Sie!","",""
"w1901","de.lex.bitte-setzen-sie-sich","Please sit down! (Sie)","Bitte setzen Sie sich!","",""
"w1902","de.lex.bitte-sprechen-sie-langsam","Please speak slowly! (Sie)","Bitte sprechen Sie langsam!","",""
"w1903","de.lex.bitte-fuellen-sie-das-formular-aus","Please fill in the form! (Sie)","Bitte füllen Sie das Formular aus!","",""
"w1904","de.lex.bitte-unterschreiben-sie-hier","Please sign here! (Sie)","Bitte unterschreiben Sie hier!","",""
"w1905","de.lex.essen-wir-lass-uns-essen","Let's eat!","Essen wir! / Lass uns essen!","",""
"w1906","de.lex.fangen-wir-an","Let's start!","Fangen wir an!","",""
"w1907","de.lex.mach-es-aus","Turn it off! (du)","Mach es aus!","",""
"w1908","de.lex.mach-es-an","Turn it on! (du)","Mach es an!","",""
"w1909","de.lex.raeum-auf","Clean up! (du)","Räum auf!","",""
"w1910","de.lex.zieh-dich-an","Get dressed! (du)","Zieh dich an!","",""
"w1911","de.lex.aktuell","current/topical","aktuell","","False friend: means current/topical, not actual."
"w1912","de.lex.also","so/therefore","also","","False friend: means so/therefore, not also/too."
"w1913","de.lex.bekommen","to get/receive","bekommen","","False friend: means get/receive, not become."
"w1914","de.lex.brief","letter (mail)","Brief","der","False friend: der Brief = letter; brief = kurz."
"w1915","de.lex.eventuell","possibly","eventuell","","False friend: means possibly, not eventually."
"w1916","de.lex.gift","poison","Gift","das","False friend: das Gift = poison, not a present."
"w1917","de.lex.hell","bright/light","hell","","False friend: means bright/light; hell = Hölle."
"w1918","de.lex.gymnasium","high school / grammar school","Gymnasium","das","False friend: das Gymnasium is a type of school, not a gym."
"w1919","de.lex.handy","mobile phone","Handy","das","False friend: das Handy = mobile phone; handy = praktisch."
"w1920","de.lex.komisch","funny/strange","komisch","","False friend: means funny/strange, not comic."
"w1921","de.lex.ordinaer","vulgar","ordinär","","False friend: means vulgar, not ordinary."
"w1922","de.lex.passieren","to happen","passieren","","False friend: means happen; pass by = vorbeigehen."
"w1923","de.lex.sensibel","sensitive (false friend: sensibel)","sensibel","","False friend: means sensitive; sensible = vernünftig."
"w1924","de.lex.sympathisch","likeable","sympathisch","","False friend: means likeable; sympathetic = mitfühlend."
"w1925","de.lex.smoking","tuxedo","Smoking","der","False friend: der Smoking = tuxedo; smoking = Rauchen."
"w1926","de.lex.spenden","to donate","spenden","","False friend: means donate; spend = ausgeben."
"w1927","de.lex.still","quiet (false friend: still)","still","","False friend: means quiet; still/yet = noch."
"w1928","de.lex.wo.where","where","wo","","False friend: wo = where; who = wer."
"w1929","de.lex.see.poetic","sea (formal/poetic)","See","die","die See = sea; der See = lake."
"w1930","de.lex.rat","advice/council","Rat","der","False friend: der Rat = advice/council; rat = Ratte."
"w1931","de.lex.irritieren","to irritate / to confuse","irritieren","","Can mean irritate or confuse."
"w1932","de.lex.wo-warst-du","Where have you been?","Wo warst du?","",""
"w1933","de.lex.ich-war-im-buero","I was at the office.","Ich war im Büro.","",""
"w1934","de.lex.ich-hatte-viel-zu-tun","I had a lot to do.","Ich hatte viel zu tun.","",""
"w1935","de.lex.hattest-du-einen-guten-tag","Did you have a good day?","Hattest du einen guten Tag?","",""
"w1936","de.lex.es-war-anstrengend","It was exhausting.","Es war anstrengend.","",""
"w1937","de.lex.was-hast-du-heute-abend-vor","What are your plans for the evening?","Was hast du heute Abend vor?","",""
"w1938","de.lex.ich-bleibe-zu-hause","I'm staying home.","Ich bleibe zu Hause.","",""
"w1939","de.lex.moechtest-du-mitkommen","Would you like to join us?","Möchtest du mitkommen?","",""
"w1940","de.lex.leider-kann-ich-nicht","Unfortunately I can't.","Leider kann ich nicht.","",""
"w1941","de.lex.vielleicht-beim-naechsten-mal","Maybe next time.","Vielleicht beim nächsten Mal.","",""
"w1942","de.lex.haben-sie-das-in-einer-groesseren-groesse","Do you have this in a larger size?","Haben Sie das in einer größeren Größe?","",""
"w1943","de.lex.ich-moechte-das-anprobieren","I'd like to try this on.","Ich möchte das anprobieren.","",""
"w1944","de.lex.es-passt-perfekt","It fits perfectly.","Es passt perfekt.","",""
"w1945","de.lex.es-ist-etwas-zu-eng","It's a bit too tight.","Es ist etwas zu eng.","",""
"w1946","de.lex.ich-nehme-es","I'll take it.","Ich nehme es.","",""
"w1947","de.lex.kann-ich-mit-karte-zahlen","Can I pay by card?","Kann ich mit Karte zahlen?","",""
"w1948","de.lex.ich-moechte-das-zurueckgeben","I'd like to return this.","Ich möchte das zurückgeben.","",""
"w1949","de.lex.einen-tisch-fuer-zwei-personen-bitte","A table for two, please.","Einen Tisch für zwei Personen, bitte.","",""
"w1950","de.lex.was-empfehlen-sie","What do you recommend?","Was empfehlen Sie?","",""
"w1951","de.lex.ich-bin-vegetarier-vegetarierin","I'm a vegetarian.","Ich bin Vegetarier/Vegetarierin.","",""
"w1952","de.lex.enthaelt-das-gluten","Does this contain gluten?","Enthält das Gluten?","",""
"w1953","de.lex.entschuldigung-wo-ist-der-bahnhof","Excuse me, where is the station?","Entschuldigung, wo ist der Bahnhof?","",""
"w1954","de.lex.es-ist-ungefaehr-10-minuten-zu-fuss","It's about 10 minutes on foot.","Es ist ungefähr 10 Minuten zu Fuß.","",""
"w1955","de.lex.nehmen-sie-die-erste-strasse-links","Take the first street on the left.","Nehmen Sie die erste Straße links.","",""
"w1956","de.lex.ist-es-weit-von-hier","Is it far from here?","Ist es weit von hier?","",""
"w1957","de.lex.welche-linie-nehme-ich","Which line do I take?","Welche Linie nehme ich?","",""
"w1958","de.lex.sie-muessen-am-hauptbahnhof-umsteigen","You need to change at the central station.","Sie müssen am Hauptbahnhof umsteigen.","",""
"w1959","de.lex.ich-habe-eine-reservierung","I have a reservation.","Ich habe eine Reservierung.","",""
"w1960","de.lex.ist-das-fruehstueck-inbegriffen","Is breakfast included?","Ist das Frühstück inbegriffen?","",""
"w1961","de.lex.um-wie-viel-uhr-ist-der-check-out","What time is check-out?","Um wie viel Uhr ist der Check-out?","",""
"w1962","de.lex.wo-tut-es-weh","Where does it hurt?","Wo tut es weh?","",""
"w1963","de.lex.hier-tut-es-weh","It hurts here.","Hier tut es weh.","",""
"w1964","de.lex.ich-brauche-ein-rezept","I need a prescription.","Ich brauche ein Rezept.","",""
"w1965","de.lex.nehmen-sie-medikamente","Are you taking any medication?","Nehmen Sie Medikamente?","",""
"w1966","de.lex.haben-sie-allergien","Do you have any allergies?","Haben Sie Allergien?","",""
"w1967","de.lex.wann-beginnt-die-schicht","When does the shift start?","Wann beginnt die Schicht?","",""
"w1968","de.lex.ich-muss-einen-tag-freinehmen","I need to take a day off.","Ich muss einen Tag freinehmen.","",""
"w1969","de.lex.das-projekt-liegt-im-zeitplan","The project is on track.","Das Projekt liegt im Zeitplan.","",""
"w1970","de.lex.wir-haben-die-frist-verpasst","We missed the deadline.","Wir haben die Frist verpasst.","",""
"w1971","de.lex.kannst-du-mir-den-bericht-schicken","Can you send me the report?","Kannst du mir den Bericht schicken?","",""
"w1972","de.lex.ich-werde-mich-diesbezueglich-bei-dir-melden","I'll get back to you on that.","Ich werde mich diesbezüglich bei dir melden.","",""
"w1973","de.lex.ich-kann-sie-nicht-sehr-gut-hoeren","I can't hear you very well.","Ich kann Sie nicht sehr gut hören.","",""
"w1974","de.lex.mein-akku-ist-fast-leer","My battery is almost dead.","Mein Akku ist fast leer.","",""
"w1975","de.lex.hast-du-versucht-es-aus-und-einzuschalten","Have you tried turning it off and on?","Hast du versucht, es aus- und einzuschalten?","",""
"w1976","de.lex.ich-suche","I'm looking for...","Ich suche...","",""
"w1977","de.lex.koennen-sie-etwas-empfehlen","Can you recommend something?","Können Sie etwas empfehlen?","",""
"w1978","de.lex.das-weiss-ich-leider-nicht","I'm afraid I don't know.","Das weiß ich leider nicht.","",""
"w1979","de.lex.koennten-sie-das-aufschreiben","Could you write that down?","Könnten Sie das aufschreiben?","",""
"w1980","de.lex.wann-schliesst-der-laden","What time does the shop close?","Wann schließt der Laden?","",""
"w1981","de.lex.ist-dieser-platz-besetzt","Is this seat taken?","Ist dieser Platz besetzt?","",""
"w1982","de.lex.wie-lange-lernst-du-schon-deutsch","How long have you been learning German?","Wie lange lernst du schon Deutsch?","",""
"w1983","de.lex.wer","Who?","Wer?","",""
"w1984","de.lex.wen","Whom? (accusative)","Wen?","",""
"w1985","de.lex.wem","To whom? (dative)","Wem?","",""
"w1986","de.lex.wessen","Whose?","Wessen?","",""
"w1987","de.lex.was","What?","Was?","",""
"w1988","de.lex.wo","Where?","Wo?","",""
"w1989","de.lex.wohin","Where to?","Wohin?","",""
"w1990","de.lex.woher","Where from?","Woher?","",""
"w1991","de.lex.wann","When?","Wann?","",""
"w1992","de.lex.warum","Why?","Warum?","",""
"w1993","de.lex.wie","How?","Wie?","",""
"w1994","de.lex.wie-viel","How much?","Wie viel?","",""
"w1995","de.lex.wie-viele","How many?","Wie viele?","",""
"w1996","de.lex.wie-lange","How long?","Wie lange?","",""
"w1997","de.lex.wie-oft","How often?","Wie oft?","",""
"w1998","de.lex.welcher","Which? (m)","Welcher?","",""
"w1999","de.lex.welche","Which? (f)","Welche?","",""
"w2000","de.lex.welches","Which? (n)","Welches?","",""
"w2001","de.lex.was-fuer-ein","What kind of?","Was für ein?","",""
"w2002","de.lex.womit","With what?","Womit?","",""
"w2003","de.lex.worueber","About what?","Worüber?","",""
"w2004","de.lex.wofuer","For what?","Wofür?","",""
"w2005","de.lex.mit-wem","With whom?","Mit wem?","",""
"w2006","de.lex.wie-heisst-du","What is your name?","Wie heißt du?","",""
"w2007","de.lex.wo-wohnst-du","Where do you live?","Wo wohnst du?","",""
"w2008","de.lex.was-machst-du","What do you do?","Was machst du?","",""
"w2009","de.lex.wie-alt-bist-du","How old are you?","Wie alt bist du?","",""
"w2010","de.lex.wohin-gehst-du","Where are you going?","Wohin gehst du?","",""
"w2011","de.lex.wann-faengt-es-an","When does it start?","Wann fängt es an?","",""
"w2012","de.lex.warum-kommst-du-zu-spaet","Why are you late?","Warum kommst du zu spät?","",""
"w2013","de.lex.wie-lange-bist-du-schon-hier","How long have you been here?","Wie lange bist du schon hier?","",""
"w2014","de.lex.wie-viele-leute-sind-da","How many people are there?","Wie viele Leute sind da?","",""
"w2015","de.lex.wie-spaet-ist-es","What time is it?","Wie spät ist es?","",""
"w2016","de.lex.verstehst-du","Do you understand?","Verstehst du?","",""
"w2017","de.lex.hast-du-zeit","Do you have time?","Hast du Zeit?","",""
"w2018","de.lex.ist-alles-in-ordnung","Is everything okay?","Ist alles in Ordnung?","",""
"w2019","de.lex.wie-funktioniert-das","How does this work?","Wie funktioniert das?","",""
"w2020","de.lex.hast-du-gegessen","Did you eat?","Hast du gegessen?","",""
"w2021","de.lex.woran-denkst-du","What are you thinking about?","Woran denkst du?","",""
"w2022","de.lex.wonach-suchst-du","What are you looking for?","Wonach suchst du?","",""
"w2023","de.lex.kann-ich-ihnen-helfen","Can I help you?","Kann ich Ihnen helfen?","",""
"w2024","de.lex.kommst-du.are-you-coming","Are you coming?","Kommst du?","",""
"w2025","de.lex.ist-sie-hier","Is she here?","Ist sie hier?","",""
"w2026","de.lex.kannst-du-helfen","Can you help?","Kannst du helfen?","",""
"w2027","de.lex.das-verb-steht-immer-an-zweiter-stelle","Verb always in second position","Das Verb steht immer an zweiter Stelle","",""
"w2028","de.lex.sie-liest-das-buch","She reads the book.","Sie liest das Buch.","",""
"w2029","de.lex.gestern-hat-er-das-buch-gelesen","Yesterday he read the book.","Gestern hat er das Buch gelesen.","",""
"w2030","de.lex.am-montag-haben-wir-unterricht","On Monday we have class.","Am Montag haben wir Unterricht.","",""
"w2031","de.lex.im-nebensatz-verb-geht-ans-ende","Subordinate clause: verb goes to end","Im Nebensatz: Verb geht ans Ende","",""
"w2032","de.lex.ich-weiss-dass-er-muede-ist","I know that he is tired.","Ich weiß, dass er müde ist.","",""
"w2033","de.lex.er-geht-weil-er-hungrig-ist","He goes because he is hungry.","Er geht, weil er hungrig ist.","",""
"w2034","de.lex.obwohl-es-regnet-gehe-ich-raus","Although it rains, I go out.","Obwohl es regnet, gehe ich raus.","",""
"w2035","de.lex.als-ich-jung-war-spielte-ich-fussball","When I was young, I played football.","Als ich jung war, spielte ich Fußball.","",""
"w2036","de.lex.trennbares-praefix-am-ende-des-hauptsatzes","Separable prefix at end of main clause","Trennbares Präfix am Ende des Hauptsatzes","",""
"w2037","de.lex.er-macht-das-licht-aus","He turns off the light.","Er macht das Licht aus.","",""
"w2038","de.lex.sie-holt-ihre-freundin-ab","She picks up her friend.","Sie holt ihre Freundin ab.","",""
"w2039","de.lex.ich-kann-schwimmen","I can swim.","Ich kann schwimmen.","",""
"w2040","de.lex.sie-muss-arbeiten","She must work.","Sie muss arbeiten.","",""
"w2041","de.lex.ich-habe-gegessen","I have eaten. (Perfekt)","Ich habe gegessen.","",""
"w2042","de.lex.sie-ist-gegangen","She has gone. (Perfekt)","Sie ist gegangen.","",""
"w2043","de.lex.dativ-vor-akkusativ-bei-nomen","Dative before Accusative (nouns)","Dativ vor Akkusativ bei Nomen","",""
"w2044","de.lex.er-gibt-der-frau-das-buch","He gives the woman the book.","Er gibt der Frau das Buch.","",""
"w2045","de.lex.er-gibt-es-ihr","He gives it to her. (pronouns)","Er gibt es ihr.","",""
"w2046","de.lex.zeit-art-und-weise-ort-tekamolo","Time – Manner – Place order","Zeit – Art und Weise – Ort (TeKaMoLo)","",""
"w2047","de.lex.er-kommt-nicht","He doesn't come. (nicht)","Er kommt nicht.","",""
"w2048","de.lex.ich-habe-keine-zeit","I have no time. (kein)","Ich habe keine Zeit.","",""
"w2049","de.lex.kommst-du.are-you-coming-yes","Are you coming? (yes/no question)","Kommst du?","",""
"w2050","de.lex.ich-weiss-dass-sie-kommt","I know that she is coming.","Ich weiß, dass sie kommt.","",""
"w2051","de.lex.sie-sagt-dass-es-kalt-ist","She says that it is cold.","Sie sagt, dass es kalt ist.","",""
"w2052","de.lex.wenn-du-hilfe-brauchst-ruf-mich-an","If you need help, call me.","Wenn du Hilfe brauchst, ruf mich an.","",""
"w2053","de.lex.bevor-ich-rausgehe-schaue-ich-das-wetter-an","Before I go out, I check the weather.","Bevor ich rausgehe, schaue ich das Wetter an.","",""
"w2054","de.lex.nachdem-sie-gegessen-hatte-machte-sie-einen-spaziergang","After she ate, she went for a walk.","Nachdem sie gegessen hatte, machte sie einen Spaziergang.","",""
"w2055","de.lex.waehrend-er-liest-kocht-sie","While he reads, she cooks.","Während er liest, kocht sie.","",""
"w2056","de.lex.ich-weiss-nicht-ob-er-kommt","I don't know if he is coming.","Ich weiß nicht, ob er kommt.","",""
"w2057","de.lex.der-mann-der-dort-steht","the man who is standing there","der Mann, der dort steht","",""
"w2058","de.lex.das-buch-das-ich-gelesen-habe","the book that I read","das Buch, das ich gelesen habe","",""
"w2059","de.lex.die-stadt-in-der-ich-geboren-wurde","the city where I was born","die Stadt, in der ich geboren wurde","",""
"w2060","de.lex.eine-entscheidung-treffen","to make a decision","eine Entscheidung treffen","",""
"w2061","de.lex.ein-foto-machen","to take a photo","ein Foto machen","",""
"w2062","de.lex.eine-pause-machen","to take a break","eine Pause machen","",""
"w2063","de.lex.fortschritte-machen","to make progress","Fortschritte machen","",""
"w2064","de.lex.einen-fehler-machen","to make a mistake","einen Fehler machen","",""
"w2065","de.lex.einen-anruf-machen","to make a phone call","einen Anruf machen","",""
"w2066","de.lex.einen-termin-vereinbaren","to make an appointment","einen Termin vereinbaren","",""
"w2067","de.lex.eine-frage-stellen","to ask a question","eine Frage stellen","",""
"w2068","de.lex.eine-antwort-geben","to give an answer","eine Antwort geben","",""
"w2069","de.lex.rat-geben","to give advice","Rat geben","",""
"w2070","de.lex.eine-rede-halten","to give a speech","eine Rede halten","",""
"w2071","de.lex.ein-geschenk-geben","to give a present","ein Geschenk geben","",""
"w2072","de.lex.aufpassen-achtgeben","to pay attention","aufpassen / achtgeben","",""
"w2073","de.lex.ein-versprechen-halten","to keep a promise","ein Versprechen halten","",""
"w2074","de.lex.ein-geheimnis-bewahren","to keep a secret","ein Geheimnis bewahren","",""
"w2075","de.lex.in-kontakt-bleiben","to keep in touch","in Kontakt bleiben","",""
"w2076","de.lex.abnehmen","to lose weight","abnehmen","",""
"w2077","de.lex.zunehmen","to gain weight","zunehmen","",""
"w2078","de.lex.die-geduld-verlieren","to lose patience","die Geduld verlieren","",""
"w2079","de.lex.ein-meeting-abhalten","to hold a meeting","ein Meeting abhalten","",""
"w2080","de.lex.sich-erkaelten","to catch a cold","sich erkälten","",""
"w2081","de.lex.ein-versprechen-brechen","to break a promise","ein Versprechen brechen","",""
"w2082","de.lex.keine-zeit-mehr-haben","to run out of time","keine Zeit mehr haben","",""
"w2083","de.lex.sich-wie-zu-hause-fuehlen","to feel at home","sich wie zu Hause fühlen","",""
"w2084","de.lex.sich-fertigmachen","to get ready","sich fertigmachen","",""
"w2085","de.lex.besser-werden-sich-erholen","to get better","besser werden / sich erholen","",""
"w2086","de.lex.sich-verschlechtern","to get worse","sich verschlechtern","",""
"w2087","de.lex.loswerden","to get rid of","loswerden","",""
"w2088","de.lex.schiefgehen","to go wrong","schiefgehen","",""
"w2089","de.lex.in-den-urlaub-fahren","to go on vacation","in den Urlaub fahren","",""
"w2090","de.lex.spazieren-gehen.go-for-a-walk","to go for a walk","spazieren gehen","",""
"w2091","de.lex.einkaufen-gehen","to go shopping","einkaufen gehen","",""
"w2092","de.lex.ins-bett-gehen","to go to bed","ins Bett gehen","",""
"w2093","de.lex.gute-laune-haben","to be in a good mood","gute Laune haben","",""
"w2094","de.lex.schlechte-laune-haben","to be in a bad mood","schlechte Laune haben","",""
"w2095","de.lex.zu-spaet-kommen","to be late","zu spät kommen","",""
"w2096","de.lex.recht-haben","to be right","recht haben","",""
"w2097","de.lex.angst-haben-vor.be-afraid-of","to be afraid of","Angst haben vor","",""
"w2098","de.lex.stolz-sein-auf","to be proud of","stolz sein auf","",""
"w2099","de.lex.die-nase-voll-haben-von","to be fed up with","die Nase voll haben von","",""
"w2100","de.lex.enttaeuscht-sein-von","to be disappointed with","enttäuscht sein von","",""
"w2101","de.lex.zufrieden-sein-mit","to be satisfied with","zufrieden sein mit","",""
"w2102","de.lex.sich-freuen-auf.be-looking-forward-to","to be looking forward to","sich freuen auf","",""
"w2103","de.lex.sich-bewusst-sein-ueber","to be aware of","sich bewusst sein über","",""
"w2104","de.lex.zu-einer-schlussfolgerung-kommen","to come to a conclusion","zu einer Schlussfolgerung kommen","",""
"w2105","de.lex.auseinanderfallen","to fall apart","auseinanderfallen","",""
"w2106","de.lex.das-gesetz-brechen","to break the law","das Gesetz brechen","",""
"w2107","de.lex.deutschland","Germany","Deutschland","",""
"w2108","de.lex.oesterreich","Austria","Österreich","",""
"w2109","de.lex.die-schweiz","Switzerland","die Schweiz","",""
"w2110","de.lex.berlin","Berlin","Berlin","",""
"w2111","de.lex.wien","Vienna","Wien","",""
"w2112","de.lex.zuerich","Zurich","Zürich","",""
"w2113","de.lex.muenchen","Munich","München","",""
"w2114","de.lex.hamburg","Hamburg","Hamburg","",""
"w2115","de.lex.koeln","Cologne","Köln","",""
"w2116","de.lex.deutschsprachige-laender-d-a-ch","German-speaking countries (D-A-CH)","deutschsprachige Länder (D-A-CH)","",""
"w2117","de.lex.hochdeutsch-standarddeutsch","Standard German","Hochdeutsch / Standarddeutsch","",""
"w2118","de.lex.dialekt","dialect","Dialekt","der",""
"w2119","de.lex.jaenner-statt-januar","January (Austrian variant)","Jänner (statt Januar)","der",""
"w2120","de.lex.servus","hello (Austrian/Southern)","Servus!","",""
"w2121","de.lex.pfiat-di","goodbye (Austrian informal)","Pfiat di!","",""
"w2122","de.lex.semmel-statt-broetchen","bread roll (Austrian)","Semmel (statt Brötchen)","die",""
"w2123","de.lex.paradeiser-statt-tomate","tomato (Austrian)","Paradeiser (statt Tomate)","der",""
"w2124","de.lex.erdapfel-statt-kartoffel","potato (Austrian)","Erdapfel (statt Kartoffel)","der",""
"w2125","de.lex.obers-schlagobers-statt-sahne","cream (Austrian)","Obers / Schlagobers (statt Sahne)","das",""
"w2126","de.lex.lift-statt-aufzug","elevator (Austrian/general)","Lift (statt Aufzug)","der",""
"w2127","de.lex.grueezi","hello (Swiss formal)","Grüezi!","",""
"w2128","de.lex.velo-statt-fahrrad","bike (Swiss informal)","Velo (statt Fahrrad)","das",""
"w2129","de.lex.natel","mobile phone (Swiss)","Natel","das",""
"w2130","de.lex.schweizer-franken-chf","Swiss franc","Schweizer Franken (CHF)","der",""
"w2131","de.lex.brezel","pretzel","Brezel","die",""
"w2132","de.lex.bratwurst","bratwurst","Bratwurst","die",""
"w2133","de.lex.schnitzel","schnitzel","Schnitzel","das",""
"w2134","de.lex.sauerkraut","sauerkraut","Sauerkraut","das",""
"w2135","de.lex.schwarzbrot","rye bread","Schwarzbrot","das",""
"w2136","de.lex.das-oktoberfest","Oktoberfest","das Oktoberfest","",""
"w2137","de.lex.heiligabend","Christmas Eve","Heiligabend","der",""
"w2138","de.lex.tag-der-deutschen-einheit","Day of German Unity","Tag der Deutschen Einheit","der",""
"w2139","de.lex.karneval-fasching","Carnival","Karneval / Fasching","der",""
"w2140","de.lex.ostern","Easter","Ostern","",""
"w2141","de.lex.silvester","New Year's Eve","Silvester","der",""
"w2142","de.lex.suedtirol-italien","South Tyrol (Italy, German-speaking)","Südtirol (Italien)","",""
"w2143","de.lex.liechtenstein","Liechtenstein (also German-speaking)","Liechtenstein","",""
"w2144","de.lex.forschung","research","Forschung","die",""
"w2145","de.lex.experiment","experiment (scientific)","Experiment","das",""
"w2146","de.lex.theorie","theory","Theorie","die",""
"w2147","de.lex.hypothese","hypothesis","Hypothese","die",""
"w2148","de.lex.analyse","analysis","Analyse","die",""
"w2149","de.lex.schlussfolgerung","conclusion","Schlussfolgerung","die",""
"w2150","de.lex.innovation","innovation","Innovation","die",""
"w2151","de.lex.erfindung","invention","Erfindung","die",""
"w2152","de.lex.entdeckung","discovery","Entdeckung","die",""
"w2153","de.lex.evolution","evolution","Evolution","die",""
"w2154","de.lex.revolution","revolution","Revolution","die",""
"w2155","de.lex.demokratie","democracy","Demokratie","die",""
"w2156","de.lex.wahl.election","election","Wahl","die",""
"w2157","de.lex.parlament","parliament","Parlament","das",""
"w2158","de.lex.verfassung","constitution","Verfassung","die",""
"w2159","de.lex.menschenrechte","human rights","Menschenrechte","die",""
"w2160","de.lex.gleichheit","equality","Gleichheit","die",""
"w2161","de.lex.gerechtigkeit","justice","Gerechtigkeit","die",""
"w2162","de.lex.korruption","corruption","Korruption","die",""
"w2163","de.lex.protest","protest","Protest","der",""
"w2164","de.lex.globalisierung","globalization","Globalisierung","die",""
"w2165","de.lex.einwanderung","immigration","Einwanderung","die",""
"w2166","de.lex.integration","integration","Integration","die",""
"w2167","de.lex.diskriminierung","discrimination","Diskriminierung","die",""
"w2168","de.lex.armut","poverty","Armut","die",""
"w2169","de.lex.reichtum","wealth","Reichtum","der",""
"w2170","de.lex.inflation","inflation","Inflation","die",""
"w2171","de.lex.rezession","recession","Rezession","die",""
"w2172","de.lex.wachstum","growth","Wachstum","das",""
"w2173","de.lex.export","export","Export","der",""
"w2174","de.lex.import","import","Import","der",""
"w2175","de.lex.insolvenz","bankruptcy","Insolvenz","die",""
"w2176","de.lex.fusion","merger","Fusion","die",""
"w2177","de.lex.start-up","startup","Start-up","das",""
"w2178","de.lex.oekosystem","ecosystem","Ökosystem","das",""
"w2179","de.lex.artenvielfalt","biodiversity","Artenvielfalt","die",""
"w2180","de.lex.zelle","cell","Zelle","die",""
"w2181","de.lex.gen","gene","Gen","das",""
"w2182","de.lex.photosynthese","photosynthesis","Photosynthese","die",""
"w2183","de.lex.immunsystem","immune system","Immunsystem","das",""
"w2184","de.lex.antibiotikum","antibiotic","Antibiotikum","das",""
"w2185","de.lex.pandemie","pandemic","Pandemie","die",""
"w2186","de.lex.epidemie","epidemic","Epidemie","die",""
"w2187","de.lex.neuronales-netz","neural network","neuronales Netz","das",""
"w2188","de.lex.3d-druck","3D printing","3D-Druck","der",""
"w2189","de.lex.automatisierung","automation","Automatisierung","die",""
"w2190","de.lex.cybersicherheit","cybersecurity","Cybersicherheit","die",""
"w2191","de.lex.verschluesselung","encryption","Verschlüsselung","die",""
"w2192","de.lex.sehr-geehrte-damen-und-herren","Dear Sir/Madam,","Sehr geehrte Damen und Herren,","",""
"w2193","de.lex.ich-schreibe-ihnen-bezueglich","I am writing to you regarding...","Ich schreibe Ihnen bezüglich...","",""
"w2194","de.lex.im-anhang-finden-sie","Please find attached...","Im Anhang finden Sie...","",""
"w2195","de.lex.ich-freue-mich-auf-ihre-antwort","I look forward to hearing from you.","Ich freue mich auf Ihre Antwort.","",""
"w2196","de.lex.mit-freundlichen-gruessen","Yours sincerely,","Mit freundlichen Grüßen,","",""
"w2197","de.lex.das-deutet-darauf-hin-dass","This suggests that...","Das deutet darauf hin, dass...","",""
"w2198","de.lex.abschliessend","To conclude...","Abschließend...","",""
"w2199","de.lex.zusammenfassend","In summary...","Zusammenfassend...","",""
"w2200","de.lex.kommen-wir-zur-sache","Let's get down to business.","Kommen wir zur Sache.","",""
"w2201","de.lex.das-ist-nicht-verhandelbar","That's not negotiable.","Das ist nicht verhandelbar.","",""
"w2202","de.lex.abgemacht","That's a deal.","Abgemacht!","",""
"w2203","de.lex.alles-in-allem","All things considered...","Alles in allem...","",""
"w2204","de.lex.das-wichtigste-ist","The most important thing is...","Das Wichtigste ist...","",""
"w2205","de.lex.letztendlich","Ultimately...","Letztendlich...","",""
"w2206","de.lex.es-haengt-von-ab","It depends on...","Es hängt von... ab.","",""
"w2207","de.lex.anscheinend","Apparently...","Anscheinend...","",""
"w2208","de.lex.es-scheint-als-ob","It seems like...","Es scheint, als ob...","",""
"w2209","de.lex.frueher-oder-spaeter","sooner or later","früher oder später","",""
"w2210","de.lex.mehr-oder-weniger","more or less","mehr oder weniger","",""
"w2211","de.lex.schritt-fuer-schritt","step by step","Schritt für Schritt","",""
"w2212","de.lex.nachhaltig","sustainable","nachhaltig","",""
"w2213","de.lex.transparent","transparent","transparent","",""
"w2214","de.lex.effizient","efficient","effizient","",""
"w2215","de.lex.innovativ","innovative","innovativ","",""
"w2216","de.lex.wettbewerbsfaehig","competitive","wettbewerbsfähig","",""
"w2217","de.lex.proaktiv","proactive","proaktiv","",""
"w2218","de.lex.kollaborativ","collaborative","kollaborativ","",""
"w2219","de.lex.na-ja-jedenfalls","Well, anyway...","Na ja, jedenfalls...","",""
"w2220","de.lex.ehrlich-gesagt","To be honest...","Ehrlich gesagt...","",""
"w2221","de.lex.unter-uns-gesagt","Between you and me...","Unter uns gesagt...","",""
"w2222","de.lex.verstehen-sie-mich-nicht-falsch","Don't get me wrong.","Verstehen Sie mich nicht falsch.","",""
"w2223","de.lex.wenn-ich-das-richtig-verstehe","If I understand correctly...","Wenn ich das richtig verstehe...","",""
"w2224","de.lex.holz","wood","Holz","das",""
"w2225","de.lex.metall","metal","Metall","das",""
"w2226","de.lex.plastik","plastic","Plastik","das",""
"w2227","de.lex.glas","glass","Glas","das",""
"w2228","de.lex.leder","leather","Leder","das",""
"w2229","de.lex.baumwolle","cotton","Baumwolle","die",""
"w2230","de.lex.seide","silk","Seide","die",""
"w2231","de.lex.wolle","wool","Wolle","die",""
"w2232","de.lex.gummi","rubber","Gummi","das",""
"w2233","de.lex.gold","gold","Gold","das",""
"w2234","de.lex.silber","silver","Silber","das",""
"w2235","de.lex.eisen","iron","Eisen","das",""
"w2236","de.lex.stahl","steel","Stahl","der",""
"w2237","de.lex.kupfer","copper","Kupfer","das",""
"w2238","de.lex.beton","concrete","Beton","der",""
"w2239","de.lex.ton","clay","Ton","der",""
"w2240","de.lex.wachs","wax","Wachs","das",""
"w2241","de.lex.messer","knife","Messer","das",""
"w2242","de.lex.gabel","fork","Gabel","die",""
"w2243","de.lex.loeffel","spoon","Löffel","der",""
"w2244","de.lex.teller","plate","Teller","der",""
"w2245","de.lex.tasse","cup","Tasse","die",""
"w2246","de.lex.glas","glass (drinking)","Glas","das",""
"w2247","de.lex.flasche","bottle","Flasche","die",""
"w2248","de.lex.schachtel","box","Schachtel","die",""
"w2249","de.lex.korb","basket","Korb","der",""
"w2250","de.lex.schuessel","bowl","Schüssel","die",""
"w2251","de.lex.topf","pot","Topf","der",""
"w2252","de.lex.pfanne","pan","Pfanne","die",""
"w2253","de.lex.seife","soap","Seife","die",""
"w2254","de.lex.buerste","brush","Bürste","die",""
"w2255","de.lex.kamm","comb","Kamm","der",""
"w2256","de.lex.schere","scissors","Schere","die",""
"w2257","de.lex.nadel","needle","Nadel","die",""
"w2258","de.lex.faden","thread","Faden","der",""
"w2259","de.lex.seil","rope","Seil","das",""
"w2260","de.lex.kette","chain","Kette","die",""
"w2261","de.lex.haken","hook","Haken","der",""
"w2262","de.lex.nagel","nail (hardware)","Nagel","der",""
"w2263","de.lex.schraube","screw","Schraube","die",""
"w2264","de.lex.hammer","hammer","Hammer","der",""
"w2265","de.lex.schraubenzieher","screwdriver","Schraubenzieher","der",""
"w2266","de.lex.bohrer","drill","Bohrer","der",""
"w2267","de.lex.lineal","ruler","Lineal","das",""
"w2268","de.lex.massband","tape measure","Maßband","das",""
"w2269","de.lex.uhr.clock","clock / watch","Uhr","die",""
"w2270","de.lex.wecker","alarm clock","Wecker","der",""
"w2271","de.lex.geldboerse","wallet","Geldbörse","die",""
"w2272","de.lex.rucksack","backpack","Rucksack","der",""
"w2273","de.lex.briefumschlag","envelope","Briefumschlag","der",""
"w2274","de.lex.briefmarke","stamp","Briefmarke","die",""
"w2275","de.lex.etikett","label","Etikett","das",""
"w2276","de.lex.zeitung","newspaper","Zeitung","die",""
"w2277","de.lex.zeitschrift","magazine","Zeitschrift","die",""
"w2278","de.lex.ueberschrift","headline","Überschrift","die",""
"w2279","de.lex.artikel","article","Artikel","der",""
"w2280","de.lex.dokumentarfilm","documentary","Dokumentarfilm","der",""
"w2281","de.lex.kanal.channel","channel","Kanal","der",""
"w2282","de.lex.beitrag","post (social media)","Beitrag","der",""
"w2283","de.lex.kommentar","comment","Kommentar","der",""
"w2284","de.lex.hashtag","hashtag","Hashtag","der",""
"w2285","de.lex.podcast","podcast","Podcast","der",""
"w2286","de.lex.streamingdienst","streaming service","Streamingdienst","der",""
"w2287","de.lex.influencer","influencer","Influencer","der",""
"w2288","de.lex.postfach","inbox","Postfach","das",""
"w2289","de.lex.anhang","attachment","Anhang","der",""
"w2290","de.lex.betreffzeile","subject line","Betreffzeile","die",""
"w2291","de.lex.spam","spam","Spam","der",""
"w2292","de.lex.screenshot","screenshot","Screenshot","der",""
"w2293","de.lex.profilbild","profile picture","Profilbild","das",""
"w2294","de.lex.kalender","calendar","Kalender","der",""
"w2295","de.lex.erinnerung.reminder","reminder","Erinnerung","die",""
"w2296","de.lex.selbstvertrauen","self-confidence","Selbstvertrauen","das",""
"w2297","de.lex.selbstwertgefuehl","self-esteem","Selbstwertgefühl","das",""
"w2298","de.lex.depression","depression","Depression","die",""
"w2299","de.lex.trauma","trauma","Trauma","das",""
"w2300","de.lex.therapie","therapy","Therapie","die",""
"w2301","de.lex.motivation","motivation","Motivation","die",""
"w2302","de.lex.einstellung","attitude","Einstellung","die",""
"w2303","de.lex.gewohnheit","habit","Gewohnheit","die",""
"w2304","de.lex.routine","routine","Routine","die",""
"w2305","de.lex.atom","atom","Atom","das",""
"w2306","de.lex.molekuel","molecule","Molekül","das",""
"w2307","de.lex.element","element","Element","das",""
"w2308","de.lex.schwerkraft","gravity","Schwerkraft","die",""
"w2309","de.lex.energie","energy","Energie","die",""
"w2310","de.lex.kraft","power","Kraft","die",""
"w2311","de.lex.elektrizitaet","electricity","Elektrizität","die",""
"w2312","de.lex.strom.current","current","Strom","der",""
"w2313","de.lex.spannung","voltage","Spannung","die",""
"w2314","de.lex.frequenz","frequency","Frequenz","die",""
"w2315","de.lex.strahlung","radiation","Strahlung","die",""
"w2316","de.lex.versuch","experiment / attempt","Versuch","der",""
"w2317","de.lex.mikroskop","microscope","Mikroskop","das",""
"w2318","de.lex.teleskop","telescope","Teleskop","das",""
"w2319","de.lex.labor","laboratory","Labor","das",""
"w2320","de.lex.mauer.wall","wall (outer)","Mauer","die",""
"w2321","de.lex.zaun","fence","Zaun","der",""
"w2322","de.lex.tor.gate","gate","Tor","das",""
"w2323","de.lex.turm","tower","Turm","der",""
"w2324","de.lex.saeule","column","Säule","die",""
"w2325","de.lex.bogen.arch","arch","Bogen","der",""
"w2326","de.lex.tunnel","tunnel","Tunnel","der",""
"w2327","de.lex.damm","dam","Damm","der",""
"w2328","de.lex.kanal.canal","canal","Kanal","der",""
"w2329","de.lex.hafen.harbor","harbor","Hafen","der",""
"w2330","de.lex.leuchtturm","lighthouse","Leuchtturm","der",""
"w2331","de.lex.denkmal","monument","Denkmal","das",""
"w2332","de.lex.statue","statue","Statue","die",""
"w2333","de.lex.brunnen","fountain","Brunnen","der",""
"w2334","de.lex.buergersteig","sidewalk","Bürgersteig","der",""
"w2335","de.lex.kreuzung","crossroads","Kreuzung","die",""
"w2336","de.lex.tor.goal","goal (in sports)","Tor","das",""
"w2337","de.lex.punkt","point","Punkt","der",""
"w2338","de.lex.punktestand","score","Punktestand","der",""
"w2339","de.lex.mannschaft","team (sports)","Mannschaft","die",""
"w2340","de.lex.spieler","player","Spieler","der",""
"w2341","de.lex.trainer","coach","Trainer","der",""
"w2342","de.lex.schiedsrichter","referee","Schiedsrichter","der",""
"w2343","de.lex.meisterschaft","championship","Meisterschaft","die",""
"w2344","de.lex.turnier","tournament","Turnier","das",""
"w2345","de.lex.medaille","medal","Medaille","die",""
"w2346","de.lex.pokal","trophy","Pokal","der",""
"w2347","de.lex.rennen.race","race","Rennen","das",""
"w2348","de.lex.ziellinie","finish line","Ziellinie","die",""
"w2349","de.lex.abonnieren","to subscribe","abonnieren","",""
"w2350","de.lex.abbestellen","to unsubscribe","abbestellen","",""
"w2351","de.lex.blockieren","to block","blockieren","",""
"w2352","de.lex.melden","to report (online)","melden","",""
"w2353","de.lex.scrollen","to scroll","scrollen","",""
"w2354","de.lex.klicken","to click","klicken","",""
"w2355","de.lex.tippen","to tap","tippen","",""
"w2356","de.lex.reinzoomen","to zoom in","reinzoomen","",""
"w2357","de.lex.rauszoomen","to zoom out","rauszoomen","",""
"w2358","de.lex.aufladen","to charge (phone)","aufladen","",""
"w2359","de.lex.neu-starten","to reboot","neu starten","",""
"w2360","de.lex.aktualisieren","to update","aktualisieren","",""
"w2361","de.lex.sichern","to backup","sichern","",""
"w2362","de.lex.verschluesseln","to encrypt","verschlüsseln","",""
"w2363","de.lex.streamen","to stream","streamen","",""
"w2364","de.lex.teilen","to share (online)","teilen","",""
"w2365","de.lex.liken-gefallen","to like (social media)","liken / gefallen","",""
"w2366","de.lex.posten-veroeffentlichen","to post","posten / veröffentlichen","",""
"w2367","de.lex.markieren","to tag","markieren","",""
"w2368","de.lex.aufhoeren-kuendigen","to quit","aufhören / kündigen","",""
"w2369","de.lex.zuruecktreten-kuendigen","to resign","zurücktreten / kündigen","",""
"w2370","de.lex.verhandeln","to negotiate","verhandeln","",""
"w2371","de.lex.unterschreiben","to sign","unterschreiben","",""
"w2372","de.lex.einreichen","to submit","einreichen","",""
"w2373","de.lex.genehmigen","to approve","genehmigen","",""
"w2374","de.lex.ablehnen.reject","to reject","ablehnen","",""
"w2375","de.lex.finanzieren","to fund","finanzieren","",""
"w2376","de.lex.budgetieren","to budget","budgetieren","",""
"w2377","de.lex.pruefen-auditieren","to audit","prüfen / auditieren","",""
"w2378","de.lex.exportieren","to export","exportieren","",""
"w2379","de.lex.importieren","to import","importieren","",""
"w2380","de.lex.recyceln","to recycle","recyceln","",""
"w2381","de.lex.kompostieren","to compost","kompostieren","",""
"w2382","de.lex.konservieren-schonen","to conserve","konservieren / schonen","",""
"w2383","de.lex.verschmutzen","to pollute","verschmutzen","",""
"w2384","de.lex.ausstossen-emittieren","to emit","ausstoßen / emittieren","",""
"w2385","de.lex.aufnehmen-absorbieren","to absorb","aufnehmen / absorbieren","",""
"w2386","de.lex.waehlen.vote","to vote","wählen","",""
"w2387","de.lex.waehlen-waehlen","to elect","wählen / wählen","",""
"w2388","de.lex.regieren","to govern","regieren","",""
"w2389","de.lex.verbieten","to ban","verbieten","",""
"w2390","de.lex.legalisieren","to legalize","legalisieren","",""
"w2391","de.lex.regulieren","to regulate","regulieren","",""
"w2392","de.lex.untersuchen","to investigate","untersuchen","",""
"w2393","de.lex.verfolgen","to prosecute","verfolgen","",""
"w2394","de.lex.verurteilen","to sentence","verurteilen","",""
"w2395","de.lex.berufung-einlegen","to appeal","Berufung einlegen","",""
"w2396","de.lex.ehrenamtlich-taetig-sein","to volunteer","ehrenamtlich tätig sein","",""
"w2397","de.lex.sammeln-aufbringen","to raise (money)","sammeln / aufbringen","",""
"w2398","de.lex.ueberzeugen","to convince","überzeugen","",""
"w2399","de.lex.ueberreden","to persuade","überreden","",""
"w2400","de.lex.streiten-argumentieren","to argue","streiten / argumentieren","",""
"w2401","de.lex.debattieren","to debate","debattieren","",""
"w2402","de.lex.protestieren","to protest","protestieren","",""
"w2403","de.lex.demonstrieren","to demonstrate","demonstrieren","",""
"w2404","de.lex.streiken","to strike","streiken","",""
"w2405","de.lex.veroeffentlichen","to publish","veröffentlichen","",""
"w2406","de.lex.bearbeiten","to edit","bearbeiten","",""
"w2407","de.lex.korrektur-lesen","to proofread","Korrektur lesen","",""
"w2408","de.lex.zitieren","to cite","zitieren","",""
"w2409","de.lex.zusammenfassen","to summarize","zusammenfassen","",""
"w2410","de.lex.analysieren","to analyze","analysieren","",""
"w2411","de.lex.auswerten-bewerten","to evaluate","auswerten / bewerten","",""
"w2412","de.lex.berechnen","to calculate","berechnen","",""
"w2413","de.lex.schaetzen","to estimate","schätzen","",""
"w2414","de.lex.vorhersagen","to predict","vorhersagen","",""
"w2415","de.lex.simulieren","to simulate","simulieren","",""
"w2416","de.lex.programmieren","to program","programmieren","",""
"w2417","de.lex.programmieren-coden","to code","programmieren / coden","",""
"w2418","de.lex.debuggen","to debug","debuggen","",""
"w2419","de.lex.testen","to test","testen","",""
"w2420","de.lex.einsetzen-deployen","to deploy","einsetzen / deployen","",""
"w2421","de.lex.automatisieren","to automate","automatisieren","",""
"w2422","de.lex.optimieren","to optimize","optimieren","",""
"w2423","de.lex.es-ist-3-uhr","It is 3 o'clock.","Es ist 3 Uhr.","",""
"w2424","de.lex.es-ist-halb-vier","It is half past 3.","Es ist halb vier.","",""
"w2425","de.lex.es-ist-viertel-nach-drei","It is quarter past 3.","Es ist Viertel nach drei.","",""
"w2426","de.lex.es-ist-viertel-vor-vier","It is quarter to 4.","Es ist Viertel vor vier.","",""
"w2427","de.lex.es-ist-mittag","It is noon.","Es ist Mittag.","",""
"w2428","de.lex.es-ist-mitternacht","It is midnight.","Es ist Mitternacht.","",""
"w2429","de.lex.um-5-uhr","at 5 o'clock","um 5 Uhr","",""
"w2430","de.lex.in-10-minuten","in 10 minutes","in 10 Minuten","",""
"w2431","de.lex.vor-einer-stunde","an hour ago","vor einer Stunde","",""
"w2432","de.lex.in-zwei-tagen","in two days","in zwei Tagen","",""
"w2433","de.lex.vor-drei-wochen","three weeks ago","vor drei Wochen","",""
"w2434","de.lex.am-montag","on Monday","am Montag","",""
"w2435","de.lex.am-wochenende","on the weekend","am Wochenende","",""
"w2436","de.lex.im-januar","in January","im Januar","",""
"w2437","de.lex.im-fruehling","in spring","im Frühling","",""
"w2438","de.lex.von-montag-bis-freitag","from Monday to Friday","von Montag bis Freitag","",""
"w2439","de.lex.jeden-tag","every day","jeden Tag","",""
"w2440","de.lex.jede-woche","every week","jede Woche","",""
"w2441","de.lex.jedes-jahr","every year","jedes Jahr","",""
"w2442","de.lex.zwei-stunden-lang","for two hours","zwei Stunden lang","",""
"w2443","de.lex.seit-montag","since Monday","seit Montag","",""
"w2444","de.lex.bis-freitag","until Friday","bis Freitag","",""
"w2445","de.lex.vor-dem-mittag","before noon","vor dem Mittag","",""
"w2446","de.lex.nach-der-schule","after school","nach der Schule","",""
"w2447","de.lex.waehrend-des-sommers","during summer","während des Sommers","",""
"w2448","de.lex.am-anfang","at the beginning","am Anfang","",""
"w2449","de.lex.am-ende","at the end","am Ende","",""
"w2450","de.lex.von-nun-an","from now on","von nun an","",""
"w2451","de.lex.bis-jetzt","up until now","bis jetzt","",""
"w2452","de.lex.letztendlich-am-ende","in the end","letztendlich / am Ende","",""
"w2453","de.lex.auf-lange-sicht","in the long run","auf lange Sicht","",""
"w2454","de.lex.kurzfristig","in the short term","kurzfristig","",""
"w2455","de.lex.auf-den-ersten-blick","at first glance","auf den ersten Blick","",""
"w2456","de.lex.gleichzeitig","at the same time","gleichzeitig","",""
"w2457","de.lex.in-der-zwischenzeit","in the meantime","in der Zwischenzeit","",""
"w2458","de.lex.seitdem","ever since","seitdem","",""
"w2459","de.lex.mir-ist-kalt","I feel cold.","Mir ist kalt.","","Use Mir ist kalt, not Ich bin kalt."
"w2460","de.lex.ich-habe-hunger.i-am-hungry","I am hungry.","Ich habe Hunger.","","Use Ich habe Hunger."
"w2461","de.lex.er-ist-30-jahre-alt","He is 30 years old.","Er ist 30 Jahre alt.","","Use Jahre alt for age."
"w2462","de.lex.wann-kommst-du","When are you coming?","Wann kommst du?","","In questions, verb comes second/first after question word."
"w2463","de.lex.sie-ist-angekommen","She arrived.","Sie ist angekommen.","","ankommen uses sein in the Perfekt."
"w2464","de.lex.ich-denke-dass-er-muede-ist","I think that he is tired.","Ich denke, dass er müde ist.","","Use dass with comma; verb at the end."
"w2465","de.lex.wissen.know-a-fact","to know a fact","wissen","","wissen = know facts/information."
"w2466","de.lex.kennen.know-a-person","to know a person/place","kennen","","kennen = know people, places, or things by familiarity."
"w2467","de.lex.moegen","to like","mögen","","mögen = to like."
"w2468","de.lex.moechten","would like","möchten","","möchten = would like; polite wish."
"w2469","de.lex.zuhoeren.listen-to-someone","to listen to someone","zuhören","","zuhören = listen attentively; usually with dative."
"w2470","de.lex.legen","to lay/place something flat","legen","","legen = put/place something horizontally; transitive."
"w2471","de.lex.liegen","to lie / be lying","liegen","","liegen = lie/be located horizontally; intransitive."
"w2472","de.lex.stellen","to put/place upright","stellen","","stellen = put/place upright; transitive."
"w2473","de.lex.stehen","to stand / be standing","stehen","","stehen = stand/be standing; intransitive."
"w2474","de.lex.setzen","to set / sit someone down","setzen","","setzen = set/place in sitting position; transitive/reflexive."
"w2475","de.lex.sitzen","to sit / be sitting","sitzen","","sitzen = sit/be sitting; intransitive."
"w2476","de.lex.fahren","to go by vehicle / drive","fahren","","fahren = go by vehicle or drive."
"w2477","de.lex.gehen.go-on-foot","to go on foot / walk","gehen","","gehen = go/walk on foot."
"w2478","de.lex.holen","to fetch / pick up","holen","","holen = fetch/pick up."
"w2479","de.lex.studieren","to study at university","studieren","","studieren = study at university."
"w2480","de.lex.nach-weil-verb-ans-ende-ich-komme-weil-ich-zeit-habe","after 'weil': verb at end","Nach 'weil': Verb ans Ende – Ich komme, weil ich Zeit habe.","",""
"w2481","de.lex.nach-obwohl-verb-ans-ende-obwohl-es-regnet-gehe-ich-raus","after 'obwohl': verb at end","Nach 'obwohl': Verb ans Ende – Obwohl es regnet, gehe ich raus.","",""
"w2482","de.lex.mask-neutr-im-genitiv-e-s","Genitiv -s: des Mannes, des Hauses","Mask./Neutr. im Genitiv: -(e)s","",""
"w2483","de.lex.dativ-plural-immer-n-den-maennern-den-kindern","Dative plural always -n","Dativ Plural: immer -n → den Männern, den Kindern","",""
"w2484","de.lex.n-deklination-mask-bekommt-e-n-in-akk-dat-gen","n-Declension: der Junge → den Jungen","n-Deklination: Mask. bekommt -(e)n in Akk./Dat./Gen.","",""
"w2485","de.lex.perfekt-mit-sein-bewegung-oder-zustandsaenderung","Perfekt with sein: movement/change","Perfekt mit sein: Bewegung oder Zustandsänderung","",""
"w2486","de.lex.perfekt-mit-haben-die-meisten-anderen-verben","Perfekt with haben: most other verbs","Perfekt mit haben: die meisten anderen Verben","",""
"w2487","de.lex.komparativ-er-anhaengen-groesser-schneller","Comparative: add -er → größer","Komparativ: -er anhängen → größer, schneller","",""
"w2488","de.lex.superlativ-am-sten-am-groessten","Superlative: am ...sten → am größten","Superlativ: am ...sten → am größten","",""
"w2489","de.lex.umlaut-im-komparativ-alt-aelter-warm-waermer","Umlaut in comparatives: alt → älter","Umlaut im Komparativ: alt → älter, warm → wärmer","",""
"w2490","de.lex.dativ-dem-m-n-der-f-den-n-pl","der/die/das → dem/der/dem (Dativ)","Dativ: dem (m/n) / der (f) / den+n (pl.)","",""
"w2491","de.lex.genitiv-des-m-n-der-f-der-pl","der/die/das → des/der/des (Genitiv)","Genitiv: des (m/n) / der (f) / der (pl.)","",""
"w2492","de.lex.unbestimmter-artikel-m-akk-einen","ein → einen (m, Akkusativ)","Unbestimmter Artikel m, Akk.: einen","",""
"w2493","de.lex.negation-m-akk-keinen","kein → keinen (m, Akkusativ)","Negation m, Akk.: keinen","",""
"w2494","de.lex.reflexiv-3-pers-sich-er-waescht-sich","Reflexivpronomen: sich (er/sie/es/Sie)","Reflexiv 3. Pers.: sich – er wäscht sich","",""
"w2495","de.lex.gross-hochgewachsen","tall","groß / hochgewachsen","",""
"w2496","de.lex.klein-niedrig","short (height)","klein / niedrig","",""
"w2497","de.lex.schlank","slim","schlank","",""
"w2498","de.lex.uebergewichtig","overweight","übergewichtig","",""
"w2499","de.lex.muskuloes","muscular","muskulös","",""
"w2500","de.lex.sportlich","athletic","sportlich","",""
"w2501","de.lex.blonde-haare","blonde hair","blonde Haare","",""
"w2502","de.lex.braune-haare","brown hair","braune Haare","",""
"w2503","de.lex.schwarze-haare","black hair","schwarze Haare","",""
"w2504","de.lex.rote-haare","red hair","rote Haare","",""
"w2505","de.lex.graue-haare","grey hair","graue Haare","",""
"w2506","de.lex.lockige-haare","curly hair","lockige Haare","",""
"w2507","de.lex.glatte-haare","straight hair","glatte Haare","",""
"w2508","de.lex.kahl-glatzkoepfig","bald","kahl / glatzköpfig","",""
"w2509","de.lex.bart","beard","Bart","der",""
"w2510","de.lex.schnurrbart","mustache","Schnurrbart","der",""
"w2511","de.lex.blaue-augen","blue eyes","blaue Augen","",""
"w2512","de.lex.braune-augen","brown eyes","braune Augen","",""
"w2513","de.lex.sommersprossen","freckles","Sommersprossen","die",""
"w2514","de.lex.falten","wrinkles","Falten","die",""
"w2515","de.lex.narbe","scar","Narbe","die",""
"w2516","de.lex.tattoo","tattoo","Tattoo","das",""
"w2517","de.lex.blasse-haut","pale skin","blasse Haut","",""
"w2518","de.lex.gebraeunte-haut","tanned skin","gebräunte Haut","",""
"w2519","de.lex.er-sieht-seinem-vater-aehnlich","He looks like his father.","Er sieht seinem Vater ähnlich.","",""
"w2520","de.lex.wie-sieht-sie-aus","What does she look like?","Wie sieht sie aus?","",""
"w2521","de.lex.sie-hat-lange-lockige-haare","She has long curly hair.","Sie hat lange lockige Haare.","",""
"w2522","de.lex.er-ist-gross-und-schlank","He is tall and slim.","Er ist groß und schlank.","",""
"w2523","de.lex.sie-sieht-jung-aus-fuer-ihr-alter","She looks young for her age.","Sie sieht jung aus für ihr Alter.","",""
"w2524","de.lex.aufgeschlossen","open-minded","aufgeschlossen","",""
"w2525","de.lex.tolerant","broad-minded","tolerant","",""
"w2526","de.lex.engstirnig","narrow-minded","engstirnig","",""
"w2527","de.lex.sarkastisch","sarcastic","sarkastisch","",""
"w2528","de.lex.witzig-schlagfertig","witty","witzig / schlagfertig","",""
"w2529","de.lex.charmant","charming","charmant","",""
"w2530","de.lex.arrogant","arrogant","arrogant","",""
"w2531","de.lex.bescheiden","modest","bescheiden","",""
"w2532","de.lex.fleissig-arbeitsam","hardworking","fleißig / arbeitsam","",""
"w2533","de.lex.oben-ganz-oben","at the top","oben / ganz oben","",""
"w2534","de.lex.unten-ganz-unten","at the bottom","unten / ganz unten","",""
"w2535","de.lex.in-der-mitte","in the middle","in der Mitte","",""
"w2536","de.lex.auf-der-linken-seite","on the left side","auf der linken Seite","",""
"w2537","de.lex.auf-der-rechten-seite","on the right side","auf der rechten Seite","",""
"w2538","de.lex.in-der-ecke","in the corner","in der Ecke","",""
"w2539","de.lex.um-die-ecke","around the corner","um die Ecke","",""
"w2540","de.lex.auf-der-anderen-strassenseite","across the street","auf der anderen Straßenseite","",""
"w2541","de.lex.gegenueber-dem-bahnhof","opposite the station","gegenüber dem Bahnhof","",""
"w2542","de.lex.vor-dem-hotel","in front of the hotel","vor dem Hotel","",""
"w2543","de.lex.zwischen-der-kirche-und-dem-cafe","between the church and the café","zwischen der Kirche und dem Café","",""
"w2544","de.lex.im-zweiten-stock","on the second floor","im zweiten Stock","",""
"w2545","de.lex.im-erdgeschoss","on the ground floor","im Erdgeschoss","",""
"w2546","de.lex.im-stadtzentrum","in the city center","im Stadtzentrum","",""
"w2547","de.lex.in-den-vororten","in the suburbs","in den Vororten","",""
"w2548","de.lex.auf-dem-land","in the countryside","auf dem Land","",""
"w2549","de.lex.am-meer","by the sea","am Meer","",""
"w2550","de.lex.in-den-bergen","in the mountains","in den Bergen","",""
"w2551","de.lex.am-fluss","near the river","am Fluss","",""
"w2552","de.lex.im-norden-deutschlands","in the north of Germany","im Norden Deutschlands","",""
"w2553","de.lex.im-sueden-oesterreichs","in the south of Austria","im Süden Österreichs","",""
"w2554","de.lex.genauso-gross-wie","as big as","genauso groß wie","",""
"w2555","de.lex.groesser-als","bigger than","größer als","",""
"w2556","de.lex.am-groessten","the biggest","am größten","",""
"w2557","de.lex.so-schnell-wie-moeglich.as-fast-as-possible","as fast as possible","so schnell wie möglich","",""
"w2558","de.lex.besser-als-erwartet","better than expected","besser als erwartet","",""
"w2559","de.lex.schlechter-als-gestern","worse than yesterday","schlechter als gestern","",""
"w2560","de.lex.das-ist-der-beste-film-den-ich-gesehen-habe","This is the best film I've seen.","Das ist der beste Film, den ich gesehen habe.","",""
"w2561","de.lex.sie-ist-groesser-als-ihr-bruder","She is taller than her brother.","Sie ist größer als ihr Bruder.","",""
"w2562","de.lex.je-mehr-du-uebst-desto-besser","The more you practice, the better.","Je mehr du übst, desto besser.","",""
"w2563","de.lex.je-frueher-desto-besser","The sooner the better.","Je früher desto besser.","",""
"w2564","de.lex.etwas-besser","slightly better","etwas besser","",""
"w2565","de.lex.viel-schlechter","much worse","viel schlechter","",""
"w2566","de.lex.noch-besser","even better","noch besser","",""
"w2567","de.lex.nicht-so-gut-wie","not as good as","nicht so gut wie","",""
"w2568","de.lex.doppelt-so-alt","twice as old","doppelt so alt","",""
"w2569","de.lex.viel-interessanter","far more interesting","viel interessanter","",""
"w2570","de.lex.der-brief-wird-geschrieben","The letter is written.","Der Brief wird geschrieben.","",""
"w2571","de.lex.das-auto-wird-repariert","The car is being repaired.","Das Auto wird repariert.","",""
"w2572","de.lex.der-brief-wurde-geschrieben","The letter was written.","Der Brief wurde geschrieben.","",""
"w2573","de.lex.der-dieb-wurde-gefangen","The thief was caught.","Der Dieb wurde gefangen.","",""
"w2574","de.lex.die-rechnung-ist-bezahlt-worden","The bill has been paid.","Die Rechnung ist bezahlt worden.","",""
"w2575","de.lex.das-formular-muss-ausgefuellt-werden","The form must be filled in.","Das Formular muss ausgefüllt werden.","",""
"w2576","de.lex.der-bericht-soll-geschrieben-werden","The report should be written.","Der Bericht soll geschrieben werden.","",""
"w2577","de.lex.die-maschine-kann-repariert-werden","The machine can be repaired.","Die Maschine kann repariert werden.","",""
"w2578","de.lex.der-brief-wurde-von-ihr-geschrieben","The letter was written by her.","Der Brief wurde von ihr geschrieben.","",""
"w2579","de.lex.die-tuer-ist-geschlossen","The door is closed. (state)","Die Tür ist geschlossen.","",""
"w2580","de.lex.die-arbeit-ist-erledigt","The work is done. (state)","Die Arbeit ist erledigt.","",""
"w2581","de.lex.das-essen-ist-fertig","The meal is ready. (state)","Das Essen ist fertig.","",""
"w2582","de.lex.arbeiten-arbeit-arbeiter","to work → work → worker","arbeiten → Arbeit → Arbeiter","",""
"w2583","de.lex.schreiben-schreiben-schriftsteller","to write → writing → writer","schreiben → Schreiben → Schriftsteller","",""
"w2584","de.lex.sprechen-rede-sprecher","to speak → speech → speaker","sprechen → Rede → Sprecher","",""
"w2585","de.lex.lernen-lektion-lernende-lehrer","to learn → lesson → learner → teacher","lernen → Lektion → Lernende → Lehrer","",""
"w2586","de.lex.kochen-kochen-koch-kueche","to cook → cooking → cook → kitchen","kochen → Kochen → Koch → Küche","",""
"w2587","de.lex.fahren-fahrer-fahrt-fahrzeug","to drive → driver → ride → vehicle","fahren → Fahrer → Fahrt → Fahrzeug","",""
"w2588","de.lex.kaufen-kaeufer-kauf-verkaeufer-verkauf","to buy → buyer → purchase → seller → sale","kaufen → Käufer → Kauf → Verkäufer → Verkauf","",""
"w2589","de.lex.krank-krankheit-patient-krankenhaus-krankenschwester","sick → illness → patient → hospital → nurse","krank → Krankheit → Patient → Krankenhaus → Krankenschwester","",""
"w2590","de.lex.lieben-liebe-liebhaber-geliebte-liebenswert","to love → love → lover → beloved → lovable","lieben → Liebe → Liebhaber → Geliebte → liebenswert","",""
"w2591","de.lex.freund-freundschaft-freundlich","friend → friendship → friendly","Freund → Freundschaft → freundlich","",""
"w2592","de.lex.grundschule","primary school","Grundschule","die",""
"w2593","de.lex.hauptschule","secondary school","Hauptschule","die",""
"w2594","de.lex.gymnasium","high school","Gymnasium","das",""
"w2595","de.lex.berufsschule","vocational school","Berufsschule","die",""
"w2596","de.lex.lehrplan","curriculum","Lehrplan","der",""
"w2597","de.lex.semester","semester","Semester","das",""
"w2598","de.lex.einschreibung","enrollment","Einschreibung","die",""
"w2599","de.lex.studiengebuehr","tuition fee","Studiengebühr","die",""
"w2600","de.lex.muendliche-pruefung","oral exam","mündliche Prüfung","die",""
"w2601","de.lex.schriftliche-pruefung","written exam","schriftliche Prüfung","die",""
"w2602","de.lex.aufsatz","essay","Aufsatz","der",""
"w2603","de.lex.praesentation","presentation","Präsentation","die",""
"w2604","de.lex.forschungsarbeit","research paper","Forschungsarbeit","die",""
"w2605","de.lex.plagiat","plagiarism","Plagiat","das",""
"w2606","de.lex.zitat","citation","Zitat","das",""
"w2607","de.lex.sehr-gut","grade A / very good","sehr gut","",""
"w2608","de.lex.gut","grade B / good","gut","",""
"w2609","de.lex.befriedigend","grade C / satisfactory","befriedigend","",""
"w2610","de.lex.ungenuegend","grade F / fail","ungenügend","",""
"w2611","de.lex.eine-pruefung-bestehen","to pass an exam","eine Prüfung bestehen","",""
"w2612","de.lex.eine-pruefung-nicht-bestehen","to fail an exam","eine Prüfung nicht bestehen","",""
"w2613","de.lex.einen-abschluss-machen","to graduate","einen Abschluss machen","",""
"w2614","de.lex.abschlussfeier","graduation ceremony","Abschlussfeier","die",""
"w2615","de.lex.mensa","canteen / mensa","Mensa","die",""
"w2616","de.lex.wohnheim","dormitory","Wohnheim","das",""
"w2617","de.lex.sehr-geehrter-herr-schmidt","Dear Mr. Schmidt,","Sehr geehrter Herr Schmidt,","",""
"w2618","de.lex.sehr-geehrte-frau-mueller","Dear Ms. Müller,","Sehr geehrte Frau Müller,","",""
"w2619","de.lex.ich-moechte-mich-nach-erkundigen","I would like to inquire about...","Ich möchte mich nach ... erkundigen.","",""
"w2620","de.lex.freundliche-gruesse","Kind regards,","Freundliche Grüße,","",""
"w2621","de.lex.beste-gruesse","Best regards,","Beste Grüße,","",""
"w2622","de.lex.ich-bin-fest-davon-ueberzeugt-dass","I strongly believe that...","Ich bin fest davon überzeugt, dass...","",""
"w2623","de.lex.das-zeigt-dass","This shows that...","Das zeigt, dass...","",""
"w2624","de.lex.es-ist-erwaehnenswert-dass","It is worth noting that...","Es ist erwähnenswert, dass...","",""
"w2625","de.lex.das-ist-eine-berechtigte-sorge","That's a valid concern.","Das ist eine berechtigte Sorge.","",""
"w2626","de.lex.ich-verstehe-woher-sie-kommen","I see where you're coming from.","Ich verstehe, woher Sie kommen.","",""
"w2627","de.lex.das-habe-ich-nicht-so-gemeint","That's not what I meant.","Das habe ich nicht so gemeint.","",""
"w2628","de.lex.erlauben-sie-mir-zu-klaeren","Allow me to clarify.","Erlauben Sie mir zu klären.","",""
"w2629","de.lex.um-genauer-zu-sein","To be more precise...","Um genauer zu sein...","",""
"w2630","de.lex.sozusagen","So to speak.","Sozusagen.","",""
"w2631","de.lex.die-tatsache-bleibt-dass","The fact remains that...","Die Tatsache bleibt, dass...","",""
"w2632","de.lex.das-aendert-alles","That changes everything.","Das ändert alles.","",""
"w2633","de.lex.was-ist-das-fazit","What's the bottom line?","Was ist das Fazit?","",""
"w2634","de.lex.wir-muessen-einen-kompromiss-finden","We need to find a compromise.","Wir müssen einen Kompromiss finden.","",""
"w2635","de.lex.der-ball-liegt-bei-ihnen","The ball is in your court.","Der Ball liegt bei Ihnen.","",""
"w2636","de.lex.lassen-sie-uns-spaeter-kontakt-aufnehmen","Let's touch base later.","Lassen Sie uns später Kontakt aufnehmen.","",""
"w2637","de.lex.wir-sind-uns-einig","We're on the same page.","Wir sind uns einig.","",""
"w2638","de.lex.das-ueberfordert-mich","I'm in over my head.","Das überfordert mich.","",""
"w2639","de.lex.jetzt-oder-nie","It's now or never.","Jetzt oder nie.","",""
"w2640","de.lex.vorsicht-ist-besser-als-nachsicht","Better safe than sorry.","Vorsicht ist besser als Nachsicht.","",""
"w2641","de.lex.schritt-fuer-schritt","One step at a time.","Schritt für Schritt.","",""
"w2642","de.lex.harte-arbeit-zahlt-sich-aus","Hard work pays off.","Harte Arbeit zahlt sich aus.","",""
"w2643","de.lex.einfache-fahrkarte","one-way ticket","einfache Fahrkarte","die",""
"w2644","de.lex.erste-klasse","first class","erste Klasse","die",""
"w2645","de.lex.zweite-klasse","second class","zweite Klasse","die",""
"w2646","de.lex.gangplatz","aisle seat","Gangplatz","der",""
"w2647","de.lex.einchecken","to check in (hotel)","einchecken","",""
"w2648","de.lex.auschecken","to check out (hotel)","auschecken","",""
"w2649","de.lex.rezeption","reception","Rezeption","die",""
"w2650","de.lex.verspaetet","delayed","verspätet","",""
"w2651","de.lex.storniert-annulliert","cancelled","storniert / annulliert","",""
"w2652","de.lex.anschluss","connection","Anschluss","der",""
"w2653","de.lex.den-bus-verpassen","to miss the bus","den Bus verpassen","",""
"w2654","de.lex.den-zug-erwischen","to catch the train","den Zug erwischen","",""
"w2655","de.lex.direktflug","direct flight","Direktflug","der",""
"w2656","de.lex.zwischenstopp.layover","layover","Zwischenstopp","der",""
"w2657","de.lex.reiseplan","itinerary","Reiseplan","der",""
"w2658","de.lex.reisefuehrer","tour guide","Reiseführer","der",""
"w2659","de.lex.besichtigung","sightseeing","Besichtigung","die",""
"w2660","de.lex.souvenir","souvenir","Souvenir","das",""
"w2661","de.lex.ortszeit","local time","Ortszeit","die",""
"w2662","de.lex.jetlag","jet lag","Jetlag","der",""
"w2663","de.lex.last-minute-buchung","last-minute booking","Last-Minute-Buchung","die",""
"w2664","de.lex.ich-biss","I bit","ich biss","",""
"w2665","de.lex.ich-waehlte-ich-erkor","I chose","ich wählte / ich erkor","",""
"w2666","de.lex.ich-wuchs","I grew","ich wuchs","",""
"w2667","de.lex.ich-versteckte-ich-verbarg","I hid","ich versteckte / ich verbarg","",""
"w2668","de.lex.ich-schlug","I hit","ich schlug","",""
"w2669","de.lex.ich-verletzte","I hurt","ich verletzte","",""
"w2670","de.lex.ich-laeutete-ich-rief-an","I rang","ich läutete / ich rief an","",""
"w2671","de.lex.ich-stieg","I rose","ich stieg","",""
"w2672","de.lex.ich-schuettelte","I shook","ich schüttelte","",""
"w2673","de.lex.ich-schloss","I shut","ich schloss","",""
"w2674","de.lex.ich-verkaufte","I sold","ich verkaufte","",""
"w2675","de.lex.ich-verbrachte-ich-gab-aus","I spent","ich verbrachte / ich gab aus","",""
"w2676","de.lex.ich-stahl","I stole","ich stahl","",""
"w2677","de.lex.ich-schwamm","I swam","ich schwamm","",""
"w2678","de.lex.ich-lehrte-ich-unterrichtete","I taught","ich lehrte / ich unterrichtete","",""
"w2679","de.lex.ich-erzaehlte-ich-sagte","I told","ich erzählte / ich sagte","",""
"w2680","de.lex.ich-trug.i-wore","I wore","ich trug","",""
"w2681","de.lex.ich-habe-mich-gewaschen","I washed myself.","Ich habe mich gewaschen.","",""
"w2682","de.lex.sie-hat-sich-gekaemmt","She combed her hair.","Sie hat sich gekämmt.","",""
"w2683","de.lex.er-hat-sich-rasiert","He shaved.","Er hat sich rasiert.","",""
"w2684","de.lex.wir-haben-uns-amuesiert","We enjoyed ourselves.","Wir haben uns amüsiert.","",""
"w2685","de.lex.sie-hat-sich-daran-gewoehnt","She got used to it.","Sie hat sich daran gewöhnt.","",""
"w2686","de.lex.er-hat-sich-konzentriert","He concentrated.","Er hat sich konzentriert.","",""
"w2687","de.lex.ich-interessiere-mich-fuer-kunst","I'm interested in art.","Ich interessiere mich für Kunst.","",""
"w2688","de.lex.sie-beschwert-sich-ueber-alles","She complains about everything.","Sie beschwert sich über alles.","",""
"w2689","de.lex.gebaut-werden","to be built","gebaut werden","",""
"w2690","de.lex.verkauft-werden","to be sold","verkauft werden","",""
"w2691","de.lex.geschickt-werden","to be sent","geschickt werden","",""
"w2692","de.lex.gefunden-werden","to be found","gefunden werden","",""
"w2693","de.lex.benutzt-werden","to be used","benutzt werden","",""
"w2694","de.lex.gezeigt-werden","to be shown","gezeigt werden","",""
"w2695","de.lex.uebersetzt-werden","to be translated","übersetzt werden","",""
"w2696","de.lex.veroeffentlicht-werden","to be published","veröffentlicht werden","",""
"w2697","de.lex.bekannt-gegeben-werden","to be announced","bekannt gegeben werden","",""
"w2698","de.lex.abgesagt-werden","to be cancelled","abgesagt werden","",""
"w2699","de.lex.nummer.number","the number","Nummer","die",""
"w2700","de.lex.wort","the word","Wort","das",""
"w2701","de.lex.name","the name","Name","der",""
"w2702","de.lex.ort","the place","Ort","der",""
"w2703","de.lex.sache","the thing","Sache","die",""
"w2704","de.lex.weg.way","the way","Weg","der",""
"w2705","de.lex.tatsache","the fact","Tatsache","die",""
"w2706","de.lex.fall","the case","Fall","der",""
"w2707","de.lex.gruppe","the group","Gruppe","die",""
"w2708","de.lex.welt","the world","Welt","die",""
"w2709","de.lex.leben.life","the life","Leben","das",""
"w2710","de.lex.punkt","the point","Punkt","der",""
"w2711","de.lex.information","the information","Information","die",""
"w2712","de.lex.beispiel","the example","Beispiel","das",""
"w2713","de.lex.situation","the situation","Situation","die",""
"w2714","de.lex.position","the position","Position","die",""
"w2715","de.lex.rolle","the role","Rolle","die",""
"w2716","de.lex.funktion","the function","Funktion","die",""
"w2717","de.lex.aufgabe","the task","Aufgabe","die",""
"w2718","de.lex.aktivitaet","the activity","Aktivität","die",""
"w2719","de.lex.aktion","the action","Aktion","die",""
"w2720","de.lex.reaktion","the reaction","Reaktion","die",""
"w2721","de.lex.verhalten","the behavior","Verhalten","das",""
"w2722","de.lex.prinzip","the principle","Prinzip","das",""
"w2723","de.lex.praxis","the practice","Praxis","die",""
"w2724","de.lex.leistung","the performance","Leistung","die",""
"w2725","de.lex.kapazitaet","the capacity","Kapazität","die",""
"w2726","de.lex.grenze.limit","the limit","Grenze","die",""
"w2727","de.lex.unterstuetzung","the support","Unterstützung","die",""
"w2728","de.lex.hilfe.help","the help","Hilfe","die",""
"w2729","de.lex.warnung","the warning","Warnung","die",""
"w2730","de.lex.anweisung","the instruction","Anweisung","die",""
"w2731","de.lex.bestellung","the order","Bestellung","die",""
"w2732","de.lex.anfrage","the request","Anfrage","die",""
"w2733","de.lex.erlaubnis","the permission","Erlaubnis","die",""
"w2734","de.lex.antwort.response","the response","Antwort","die",""
"w2735","de.lex.ergaenzung","the addition","Ergänzung","die",""
"w2736","de.lex.ausnahme","the exception","Ausnahme","die",""
"w2737","de.lex.detail","the detail","Detail","das",""
"w2738","de.lex.zusammenfassung","the summary","Zusammenfassung","die",""
"w2739","de.lex.anfang","the beginning","Anfang","der",""
"w2740","de.lex.ende","the end","Ende","das",""
"w2741","de.lex.ganze","the whole","Ganze","das",""
"w2742","de.lex.stueck","the piece","Stück","das",""
"w2743","de.lex.abschnitt","the section","Abschnitt","der",""
"w2744","de.lex.menge","the amount","Menge","die",""
"w2745","de.lex.entfernung","the distance","Entfernung","die",""
"w2746","de.lex.geschwindigkeit","the speed","Geschwindigkeit","die",""
"w2747","de.lex.temperatur","the temperature","Temperatur","die",""
"w2748","de.lex.niveau","the level","Niveau","das",""
"w2749","de.lex.oberflaeche","the surface","Oberfläche","die",""
"w2750","de.lex.rand","the edge","Rand","der",""
"w2751","de.lex.haelfte","the half","Hälfte","die",""
"w2752","de.lex.mitte","the center","Mitte","die",""
"w2753","de.lex.spitze","the top","Spitze","die",""
"w2754","de.lex.boden.bottom","the bottom","Boden","der",""
"w2755","de.lex.seite.side","the side","Seite","die",""
"w2756","de.lex.richtung","the direction","Richtung","die",""
"w2757","de.lex.schritt","the step","Schritt","der",""
"w2758","de.lex.stufe","the stage","Stufe","die",""
"w2759","de.lex.prozess","the process","Prozess","der",""
"w2760","de.lex.methode","the method","Methode","die",""
"w2761","de.lex.strategie","the strategy","Strategie","die",""
"w2762","de.lex.zweck","the purpose","Zweck","der",""
"w2763","de.lex.bewegung","the movement","Bewegung","die",""
"w2764","de.lex.verbindung","the connection","Verbindung","die",""
"w2765","de.lex.entwicklung","the development","Entwicklung","die",""
"w2766","de.lex.verbesserung","the improvement","Verbesserung","die",""
"w2767","de.lex.erhoehung","the increase","Erhöhung","die",""
"w2768","de.lex.verringerung","the decrease","Verringerung","die",""
"w2769","de.lex.bedingung","the condition","Bedingung","die",""
"w2770","de.lex.vereinbarung","the agreement","Vereinbarung","die",""
"w2771","de.lex.gemeinschaft","the community","Gemeinschaft","die",""
"w2772","de.lex.beziehung","the relationship","Beziehung","die",""
"w2773","de.lex.so-gross-wie-moeglich","as big as possible","so groß wie möglich","",""
"w2774","de.lex.so-schnell-wie-moeglich.as-quickly-as-possible","as quickly as possible","so schnell wie möglich","",""
"w2775","de.lex.so-bald-wie-moeglich","as soon as possible","so bald wie möglich","",""
"w2776","de.lex.das-war-vor-langer-zeit","It was a long time ago.","Das war vor langer Zeit.","",""
"w2777","de.lex.es-dauert-nicht-lange","It won't take long.","Es dauert nicht lange.","",""
"w2778","de.lex.ich-warte-seit-einer-stunde","I've been waiting for an hour.","Ich warte seit einer Stunde.","",""
"w2779","de.lex.sie-wohnt-seit-zwei-jahren-hier","She has been living here for two years.","Sie wohnt seit zwei Jahren hier.","",""
"w2780","de.lex.er-arbeitet-seit-dem-morgen","He has been working since morning.","Er arbeitet seit dem Morgen.","",""
"w2781","de.lex.wir-haben-seit-wochen-nicht-gesprochen","We haven't spoken for weeks.","Wir haben seit Wochen nicht gesprochen.","",""
"w2782","de.lex.ich-bin-in-fuenf-minuten-da","I'll be there in five minutes.","Ich bin in fünf Minuten da.","",""
"w2783","de.lex.sie-ist-vor-drei-tagen-abgereist","She left three days ago.","Sie ist vor drei Tagen abgereist.","",""
"w2784","de.lex.das-meeting-beginnt-um-halb-drei","The meeting starts at half past two.","Das Meeting beginnt um halb drei.","",""
"w2785","de.lex.ich-habe-keine-ahnung","I have no idea.","Ich habe keine Ahnung.","",""
"w2786","de.lex.das-ist-offensichtlich","That's obvious.","Das ist offensichtlich.","",""
"w2787","de.lex.was-fuer-eine-ueberraschung","What a surprise!","Was für eine Überraschung!","",""
"w2788","de.lex.ich-kann-es-nicht-glauben","I can't believe it.","Ich kann es nicht glauben.","",""
"w2789","de.lex.das-ist-unglaublich","That's incredible!","Das ist unglaublich!","",""
"w2790","de.lex.gut-gemacht","Well done!","Gut gemacht!","",""
"w2791","de.lex.weiter-so","Keep it up!","Weiter so!","",""
"w2792","de.lex.ich-bin-stolz-auf-dich","I'm proud of you.","Ich bin stolz auf dich.","",""
"w2793","de.lex.du-hast-das-toll-gemacht","You did great!","Du hast das toll gemacht!","",""
"w2794","de.lex.ich-fuehle-mich-nicht-wohl","I'm not feeling well.","Ich fühle mich nicht wohl.","",""
"w2795","de.lex.ich-muss-zum-arzt","I need to see a doctor.","Ich muss zum Arzt.","",""
"w2796","de.lex.koennen-sie-einen-krankenwagen-rufen","Can you call an ambulance?","Können Sie einen Krankenwagen rufen?","",""
"w2797","de.lex.ich-habe-meinen-reisepass-verloren","I've lost my passport.","Ich habe meinen Reisepass verloren.","",""
"w2798","de.lex.ich-wurde-bestohlen","I've been robbed.","Ich wurde bestohlen.","",""
"w2799","de.lex.rufen-sie-die-polizei","Call the police!","Rufen Sie die Polizei!","",""
"w2800","de.lex.wo-ist-das-naechste-krankenhaus","Where is the nearest hospital?","Wo ist das nächste Krankenhaus?","",""
"w2801","de.lex.ich-brauche-hilfe","I need help.","Ich brauche Hilfe.","",""
"w2802","de.lex.es-ist-ein-notfall","It's an emergency.","Es ist ein Notfall.","",""
"w2803","de.lex.die-notrufnummer-in-deutschland-ist-112","The phone number for emergencies in Germany is 112.","Die Notrufnummer in Deutschland ist 112.","",""
"w2804","de.lex.kann-ich-ihr-telefon-benutzen","Can I use your phone?","Kann ich Ihr Telefon benutzen?","",""
"w2805","de.lex.ich-habe-meine-geldboerse-vergessen","I've forgotten my wallet.","Ich habe meine Geldbörse vergessen.","",""
"w2806","de.lex.ich-habe-kein-bargeld","I don't have any cash.","Ich habe kein Bargeld.","",""
"w2807","de.lex.gibt-es-einen-geldautomaten-in-der-naehe","Is there a cash machine nearby?","Gibt es einen Geldautomaten in der Nähe?","",""
"w2808","de.lex.koenntest-du-mir-etwas-geld-leihen","Could you lend me some money?","Könntest du mir etwas Geld leihen?","",""
"w2809","de.lex.ich-zahle-es-dir-morgen-zurueck","I'll pay you back tomorrow.","Ich zahle es dir morgen zurück.","",""
"w2810","de.lex.lass-uns-die-kosten-teilen","Let's split the cost.","Lass uns die Kosten teilen.","",""
"w2811","de.lex.geldautomat","cash machine / ATM","Geldautomat","der",""
"w2812","de.lex.bargeld","cash","Bargeld","das",""
"w2813","de.lex.muenze","coin","Münze","die",""
"w2814","de.lex.geldschein","banknote","Geldschein","der",""
"w2815","de.lex.wechselgeld","change (coins)","Wechselgeld","das",""
"w2816","de.lex.preisliste","price list","Preisliste","die",""
"w2817","de.lex.gesamtbetrag","total","Gesamtbetrag","der",""
"w2818","de.lex.trinkgeld","tip","Trinkgeld","das",""
"w2819","de.lex.mehrwertsteuer","value added tax","Mehrwertsteuer","die",""
"w2820","de.lex.rechnung.invoice","invoice","Rechnung","die",""
"w2821","de.lex.zahlung","payment","Zahlung","die",""
"w2822","de.lex.rate","installment","Rate","die",""
"w2823","de.lex.anzahlung","deposit","Anzahlung","die",""
"w2824","de.lex.rueckerstattung","refund","Rückerstattung","die",""
"w2825","de.lex.ausverkauf-sale","sale (reduced price)","Ausverkauf / Sale","der",""
"w2826","de.lex.schnaeppchen","bargain","Schnäppchen","das",""
"w2827","de.lex.mitgliedschaft","membership","Mitgliedschaft","die",""
"w2828","de.lex.abonnement","subscription","Abonnement","das",""
"w2829","de.lex.anmeldung","registration","Anmeldung","die",""
"w2830","de.lex.bestaetigung","confirmation","Bestätigung","die",""
"w2831","de.lex.stornierung","cancellation","Stornierung","die",""
"w2832","de.lex.beschwerde","complaint","Beschwerde","die",""
"w2833","de.lex.feedback","feedback","Feedback","das",""
"w2834","de.lex.bewertung.review","review","Bewertung","die",""
"w2835","de.lex.bewertung.rating","rating","Bewertung","die",""
"w2836","de.lex.empfehlung","recommendation","Empfehlung","die",""
"w2837","de.lex.referenz","reference","Referenz","die",""
"w2838","de.lex.zertifikat","certificate","Zertifikat","das",""
"w2839","de.lex.lizenz","license","Lizenz","die",""
"w2840","de.lex.genehmigung","permit","Genehmigung","die",""
"w2841","de.lex.visum","visa","Visum","das",""
"w2842","de.lex.aufenthaltserlaubnis","residence permit","Aufenthaltserlaubnis","die",""
"w2843","de.lex.staatsbuergerschaft","citizenship","Staatsbürgerschaft","die",""
"w2844","de.lex.nationalitaet","nationality","Nationalität","die",""
"w2845","de.lex.personalausweis","identity card","Personalausweis","der",""
"w2846","de.lex.versicherungskarte","insurance card","Versicherungskarte","die",""
"w2847","de.lex.ich-moechte-mich-anmelden","I would like to register.","Ich möchte mich anmelden.","",""
"w2848","de.lex.ich-moechte-mich-abmelden","I would like to deregister.","Ich möchte mich abmelden.","",""
"w2849","de.lex.ich-moechte-mein-visum-verlaengern","I would like to renew my visa.","Ich möchte mein Visum verlängern.","",""
"w2850","de.lex.ich-moechte-ein-konto-eroeffnen","I would like to open a bank account.","Ich möchte ein Konto eröffnen.","",""
"w2851","de.lex.ich-moechte-mich-um-eine-stelle-bewerben","I would like to apply for a job.","Ich möchte mich um eine Stelle bewerben.","",""
"w2852","de.lex.ich-habe-einen-termin-um-15-uhr","I have an appointment at 3 pm.","Ich habe einen Termin um 15 Uhr.","",""
"w2853","de.lex.kann-ich-den-termin-verschieben","Can I reschedule?","Kann ich den Termin verschieben?","",""
"w2854","de.lex.wo-muss-ich-unterschreiben","Where do I sign?","Wo muss ich unterschreiben?","",""
"w2855","de.lex.muss-ich-dokumente-mitbringen","Do I need to bring any documents?","Muss ich Dokumente mitbringen?","",""
"w2856","de.lex.ist-dieses-formular-richtig","Is this form correct?","Ist dieses Formular richtig?","",""
"w2857","de.lex.wie-lange-dauert-die-bearbeitung","How long does it take to process?","Wie lange dauert die Bearbeitung?","",""
"w2858","de.lex.wann-bekomme-ich-eine-rueckmeldung","When will I hear back?","Wann bekomme ich eine Rückmeldung?","",""
"w2859","de.lex.farbe","the color","Farbe","die",""
"w2860","de.lex.rot","red","rot","",""
"w2861","de.lex.blau","blue","blau","",""
"w2862","de.lex.gruen","green","grün","",""
"w2863","de.lex.gelb","yellow","gelb","",""
"w2864","de.lex.schwarz","black","schwarz","",""
"w2865","de.lex.weiss","white","weiß","",""
"w2866","de.lex.orange","orange (color)","orange","",""
"w2867","de.lex.lila","purple","lila","",""
"w2868","de.lex.rosa","pink","rosa","",""
"w2869","de.lex.braun","brown","braun","",""
"w2870","de.lex.grau.grey","grey","grau","",""
"w2871","de.lex.hell","light (color)","hell","",""
"w2872","de.lex.dunkel","dark (color)","dunkel","",""
"w2873","de.lex.form","the shape","Form","die",""
"w2874","de.lex.kreis","circle","Kreis","der",""
"w2875","de.lex.quadrat","square (shape)","Quadrat","das",""
"w2876","de.lex.dreieck","triangle","Dreieck","das",""
"w2877","de.lex.linie","line","Linie","die",""
"w2878","de.lex.ecke","corner","Ecke","die",""
"w2879","de.lex.puenktlich-sein","to be on time","pünktlich sein","",""
"w2880","de.lex.zu-frueh-kommen","to be early","zu früh kommen","",""
"w2881","de.lex.morgenroutine","morning routine","Morgenroutine","die",""
"w2882","de.lex.abendroutine","evening routine","Abendroutine","die",""
"w2883","de.lex.gesunder-lebensstil","healthy lifestyle","gesunder Lebensstil","der",""
"w2884","de.lex.ausgewogene-ernaehrung","balanced diet","ausgewogene Ernährung","die",""
"w2885","de.lex.koerperliche-aktivitaet","physical activity","körperliche Aktivität","die",""
"w2886","de.lex.geistige-gesundheit","mental health","geistige Gesundheit","die",""
"w2887","de.lex.wohlbefinden","well-being","Wohlbefinden","das",""
"w2888","de.lex.lebensqualitaet","quality of life","Lebensqualität","die",""
"w2889","de.lex.work-life-balance","work-life balance","Work-Life-Balance","die",""
"w2890","de.lex.freizeit.free-time","free time","Freizeit","die",""
"w2891","de.lex.freizeit.leisure","leisure","Freizeit","die",""
"w2892","de.lex.unterhaltung","entertainment","Unterhaltung","die",""
"w2893","de.lex.genuss","enjoyment","Genuss","der",""
"w2894","de.lex.zufriedenheit","satisfaction","Zufriedenheit","die",""
"w2895","de.lex.glueck.happiness-wellbeing","happiness","Glück","das",""
"w2896","de.lex.ich-fuehle-mich-heute-grossartig","I feel great today.","Ich fühle mich heute großartig.","",""
"w2897","de.lex.sie-ist-in-guter-form","She is in good shape.","Sie ist in guter Form.","",""
"w2898","de.lex.er-fuehrt-ein-gesundes-leben","He leads a healthy life.","Er führt ein gesundes Leben.","",""
"w2899","de.lex.sie-trainieren-jeden-tag","They work out every day.","Sie trainieren jeden Tag.","",""
"w2900","de.lex.ich-gehe-frueh-ins-bett","I go to bed early.","Ich gehe früh ins Bett.","",""
"w2901","de.lex.sie-meditiert-morgens","She meditates in the morning.","Sie meditiert morgens.","",""
"w2902","de.lex.er-isst-viel-gemuese","He eats a lot of vegetables.","Er isst viel Gemüse.","",""
"w2903","de.lex.wir-kochen-meistens-zu-hause","We cook at home most of the time.","Wir kochen meistens zu Hause.","",""
"w2904","de.lex.ich-versuche-zucker-zu-vermeiden","I try to avoid sugar.","Ich versuche Zucker zu vermeiden.","",""
"w2905","de.lex.sie-trinkt-taeglich-zwei-liter-wasser","She drinks two liters of water a day.","Sie trinkt täglich zwei Liter Wasser.","",""
"w2906","de.lex.naemlich","namely","nämlich","",""
"w2907","de.lex.besonders-insbesondere","particularly","besonders / insbesondere","",""
"w2908","de.lex.im-allgemeinen","generally speaking","im Allgemeinen","",""
"w2909","de.lex.streng-genommen","strictly speaking","streng genommen","",""
"w2910","de.lex.soweit-ich-weiss","as far as I know","soweit ich weiß","",""
"w2911","de.lex.es-scheint-dass","it seems that","es scheint, dass","",""
"w2912","de.lex.kein-wunder-dass","no wonder that","kein Wunder, dass","",""
"w2913","de.lex.tatsaechlich-eigentlich","as a matter of fact","tatsächlich / eigentlich","",""
"w2914","de.lex.aus-diesem-grund","for this reason","aus diesem Grund","",""
"w2915","de.lex.daher-deshalb","hence","daher / deshalb","",""
"w2916","de.lex.somit-also","thus","somit / also","",""
"w2917","de.lex.ebenso","likewise","ebenso","",""
"w2918","de.lex.waehrend-wohingegen","whereas","während / wohingegen","",""
"w2919","de.lex.unter-keinen-umstaenden","under no circumstances","unter keinen Umständen","",""
"w2920","de.lex.trotzdem-dennoch","all the same","trotzdem / dennoch","",""
"w2921","de.lex.trotzdem.even-so","even so","trotzdem","",""
"w2922","de.lex.wann-beginnt-der-film","What time does the film start?","Wann beginnt der Film?","",""
"w2923","de.lex.gibt-es-eine-apotheke-die-sonntags-geoeffnet-ist","Is there a pharmacy open on Sunday?","Gibt es eine Apotheke, die sonntags geöffnet ist?","",""
"w2924","de.lex.koennten-sie-die-musik-leiser-machen","Could you turn down the music?","Könnten Sie die Musik leiser machen?","",""
"w2925","de.lex.koennten-sie-das-fenster-oeffnen","Could you open the window?","Könnten Sie das Fenster öffnen?","",""
"w2926","de.lex.haben-sie-einen-stadtplan","Do you have a map of the city?","Haben Sie einen Stadtplan?","",""
"w2927","de.lex.darf-ich-hier-fotografieren","Can I take a picture here?","Darf ich hier fotografieren?","",""
"w2928","de.lex.ist-das-museum-heute-geoeffnet","Is the museum open today?","Ist das Museum heute geöffnet?","",""
"w2929","de.lex.wie-lang-ist-die-wartezeit","How long is the waiting time?","Wie lang ist die Wartezeit?","",""
"w2930","de.lex.ich-habe-eine-frage-zu-meiner-rechnung","I have a question about my bill.","Ich habe eine Frage zu meiner Rechnung.","",""
"w2931","de.lex.der-service-war-ausgezeichnet","The service was excellent.","Der Service war ausgezeichnet.","",""
"w2932","de.lex.ich-moechte-eine-bewertung-hinterlassen","I'd like to leave a review.","Ich möchte eine Bewertung hinterlassen.","",""
"w2933","de.lex.das-habe-ich-nicht-bestellt","That's not what I ordered.","Das habe ich nicht bestellt.","",""
"w2934","de.lex.meine-bestellung-ist-noch-nicht-angekommen","My order hasn't arrived yet.","Meine Bestellung ist noch nicht angekommen.","",""
"w2935","de.lex.kann-ich-mit-dem-manager-sprechen","Can I speak to the manager?","Kann ich mit dem Manager sprechen?","",""
"w2936","de.lex.ich-moechte-eine-rueckerstattung","I'd like a refund.","Ich möchte eine Rückerstattung.","",""
"w2937","de.lex.das-produkt-ist-defekt","The product is defective.","Das Produkt ist defekt.","",""
"w2938","de.lex.ich-bin-stammkunde","I'm a regular customer.","Ich bin Stammkunde.","",""
"w2939","de.lex.bieten-sie-einen-studentenrabatt-an","Do you offer a student discount?","Bieten Sie einen Studentenrabatt an?","",""
"w2940","de.lex.gibt-es-eine-kundenkarte","Is there a loyalty card?","Gibt es eine Kundenkarte?","",""
"w2941","de.lex.ich-habe-einen-gutschein","I have a voucher.","Ich habe einen Gutschein.","",""
"w2942","de.lex.gutschein","coupon / voucher","Gutschein","der",""
"w2943","de.lex.kundenkarte","loyalty card","Kundenkarte","die",""
"w2944","de.lex.sonderangebot","special deal","Sonderangebot","das",""
"w2945","de.lex.raeumungsverkauf","clearance sale","Räumungsverkauf","der",""
"w2946","de.lex.gebraucht-second-hand","second-hand","gebraucht / Second-Hand","",""
"w2947","de.lex.brandneu","brand new","brandneu","",""
"w2948","de.lex.ausverkauft","out of stock","ausverkauft","",""
"w2949","de.lex.auf-lager","in stock","auf Lager","",""
"w2950","de.lex.verfuegbar","available","verfügbar","",""
"w2951","de.lex.nicht-verfuegbar","unavailable","nicht verfügbar","",""
"w2952","de.lex.lieferung","delivery","Lieferung","die",""
"w2953","de.lex.versand","shipping","Versand","der",""
"w2954","de.lex.expresslieferung","express delivery","Expresslieferung","die",""
"w2955","de.lex.kostenloser-versand","free shipping","kostenloser Versand","der",""
"w2956","de.lex.sendungsnummer","tracking number","Sendungsnummer","die",""
"w2957","de.lex.rueckgabebedingungen","return policy","Rückgabebedingungen","die",""
"w2958","de.lex.ich-freue-mich-darauf.i-m-looking-forward-to-it","I'm looking forward to it.","Ich freue mich darauf.","",""
"w2959","de.lex.bis-zum-naechsten-mal","See you next time!","Bis zum nächsten Mal!","",""
"w2960","de.lex.es-war-mir-ein-vergnuegen","It was a pleasure.","Es war mir ein Vergnügen.","",""
