"lexeme_id","english","target","article","pos","sense","level","rank","tags"
"it.lex.io","I","io","","","","","1","core-3000"
"it.lex.tu","you (singular)","tu","","","","","2","core-3000"
"it.lex.lui","he","lui","","","","","3","core-3000"
"it.lex.lei.she","she","lei","","","","","4","core-3000"
"it.lex.esso-essa","it","esso / essa","","","","","5","core-3000"
"it.lex.noi","we","noi","","","","","6","core-3000"
"it.lex.voi","you (plural)","voi","","","","","7","core-3000"
"it.lex.loro.they","they","loro","","","","","8","core-3000"
"it.lex.lei.you-formal","you (formal)","Lei","","","","","9","core-3000"
"it.lex.mi-me","me (accusative)","mi / me","","","","","10","core-3000"
"it.lex.ti-te","you (acc., sg.)","ti / te","","","","","11","core-3000"
"it.lex.lo-lui","him","lo / lui","","","","","12","core-3000"
"it.lex.la-lei","her","la / lei","","","","","13","core-3000"
"it.lex.ci-noi","us","ci / noi","","","","","14","core-3000"
"it.lex.vi-voi","you (acc., pl.)","vi / voi","","","","","15","core-3000"
"it.lex.li-le-loro","them","li / le / loro","","","","","16","core-3000"
"it.lex.mi","to me (dative)","mi","","","","","17","core-3000"
"it.lex.ti","to you (dat., sg.)","ti","","","","","18","core-3000"
"it.lex.gli","to him","gli","","","","","19","core-3000"
"it.lex.le","to her","le","","","","","20","core-3000"
"it.lex.ci","to us","ci","","","","","21","core-3000"
"it.lex.vi","to you (dat., pl.)","vi","","","","","22","core-3000"
"it.lex.loro-gli","to them","loro / gli","","","","","23","core-3000"
"it.lex.me-stesso-mi","myself","me stesso / mi","","","","","24","core-3000"
"it.lex.te-stesso-ti","yourself","te stesso / ti","","","","","25","core-3000"
"it.lex.se-stesso-si","himself / herself","se stesso / si","","","","","26","core-3000"
"it.lex.noi-stessi-ci","ourselves","noi stessi / ci","","","","","27","core-3000"
"it.lex.voi-stessi-vi","yourselves","voi stessi / vi","","","","","28","core-3000"
"it.lex.se-stessi-si","themselves","se stessi / si","","","","","29","core-3000"
"it.lex.qualcuno","someone","qualcuno","","","","","30","core-3000"
"it.lex.nessuno.nobody","nobody","nessuno","","","","","31","core-3000"
"it.lex.qualcosa","something","qualcosa","","","","","32","core-3000"
"it.lex.niente-nulla","nothing","niente / nulla","","","","","33","core-3000"
"it.lex.tutti-ognuno","everyone","tutti / ognuno","","","","","34","core-3000"
"it.lex.tutto","everything","tutto","","","","","35","core-3000"
"it.lex.entrambi","both","entrambi","","","","","36","core-3000"
"it.lex.l-un-l-altro","each other","l'un l'altro","","","","","37","core-3000"
"it.lex.questo-questa","this","questo / questa","","","","","38","core-3000"
"it.lex.quello-quella","that","quello / quella","","","","","39","core-3000"
"it.lex.questi-queste","these","questi / queste","","","","","40","core-3000"
"it.lex.quelli-quelle","those","quelli / quelle","","","","","41","core-3000"
"it.lex.qui-qua","here","qui / qua","","","","","42","core-3000"
"it.lex.li-la","there","lì / là","","","","","43","core-3000"
"it.lex.zero","zero","zero","","","","","44","core-3000"
"it.lex.uno","one","uno","","","","","45","core-3000"
"it.lex.due","two","due","","","","","46","core-3000"
"it.lex.tre","three","tre","","","","","47","core-3000"
"it.lex.quattro","four","quattro","","","","","48","core-3000"
"it.lex.cinque","five","cinque","","","","","49","core-3000"
"it.lex.sei","six","sei","","","","","50","core-3000"
"it.lex.sette","seven","sette","","","","","51","core-3000"
"it.lex.otto","eight","otto","","","","","52","core-3000"
"it.lex.nove","nine","nove","","","","","53","core-3000"
"it.lex.dieci","ten","dieci","","","","","54","core-3000"
"it.lex.undici","eleven","undici","","","","","55","core-3000"
"it.lex.dodici","twelve","dodici","","","","","56","core-3000"
"it.lex.tredici","thirteen","tredici","","","","","57","core-3000"
"it.lex.quattordici","fourteen","quattordici","","","","","58","core-3000"
"it.lex.quindici","fifteen","quindici","","","","","59","core-3000"
"it.lex.sedici","sixteen","sedici","","","","","60","core-3000"
"it.lex.diciassette","seventeen","diciassette","","","","","61","core-3000"
"it.lex.diciotto","eighteen","diciotto","","","","","62","core-3000"
"it.lex.diciannove","nineteen","diciannove","","","","","63","core-3000"
"it.lex.venti","twenty","venti","","","","","64","core-3000"
"it.lex.ventuno","twenty-one","ventuno","","","","","65","core-3000"
"it.lex.trenta","thirty","trenta","","","","","66","core-3000"
"it.lex.quaranta","forty","quaranta","","","","","67","core-3000"
"it.lex.cinquanta","fifty","cinquanta","","","","","68","core-3000"
"it.lex.sessanta","sixty","sessanta","","","","","69","core-3000"
"it.lex.settanta","seventy","settanta","","","","","70","core-3000"
"it.lex.ottanta","eighty","ottanta","","","","","71","core-3000"
"it.lex.novanta","ninety","novanta","","","","","72","core-3000"
"it.lex.cento","hundred","cento","","","","","73","core-3000"
"it.lex.mille","thousand","mille","","","","","74","core-3000"
"it.lex.un-milione","million","un milione","","","","","75","core-3000"
"it.lex.un-miliardo","billion","un miliardo","","","","","76","core-3000"
"it.lex.primo-prima","first","primo / prima","","","","","77","core-3000"
"it.lex.secondo-seconda","second","secondo / seconda","","","","","78","core-3000"
"it.lex.terzo-terza","third","terzo / terza","","","","","79","core-3000"
"it.lex.quarto","fourth","quarto","","","","","80","core-3000"
"it.lex.quinto","fifth","quinto","","","","","81","core-3000"
"it.lex.sesto","sixth","sesto","","","","","82","core-3000"
"it.lex.settimo","seventh","settimo","","","","","83","core-3000"
"it.lex.ottavo","eighth","ottavo","","","","","84","core-3000"
"it.lex.nono","ninth","nono","","","","","85","core-3000"
"it.lex.decimo","tenth","decimo","","","","","86","core-3000"
"it.lex.una-volta","once","una volta","","","","","87","core-3000"
"it.lex.due-volte","twice","due volte","","","","","88","core-3000"
"it.lex.tre-volte","three times","tre volte","","","","","89","core-3000"
"it.lex.meta","half","metà","","","","","90","core-3000"
"it.lex.un-quarto","a quarter","un quarto","","","","","91","core-3000"
"it.lex.un-terzo","a third","un terzo","","","","","92","core-3000"
"it.lex.una-dozzina","a dozen","una dozzina","","","","","93","core-3000"
"it.lex.un-paio","a pair","un paio","","","","","94","core-3000"
"it.lex.uomo","man","uomo","","","","","95","core-3000"
"it.lex.donna","woman","donna","","","","","96","core-3000"
"it.lex.bambino-bambina","child","bambino / bambina","","","","","97","core-3000"
"it.lex.ragazzo","boy","ragazzo","","","","","98","core-3000"
"it.lex.ragazza","girl","ragazza","","","","","99","core-3000"
"it.lex.bebe-neonato","baby","bebè / neonato","","","","","100","core-3000"
"it.lex.persona","person","persona","","","","","101","core-3000"
"it.lex.adulto","adult","adulto","","","","","102","core-3000"
"it.lex.adolescente","teenager","adolescente","","","","","103","core-3000"
"it.lex.padre","father","padre","","","","","104","core-3000"
"it.lex.madre","mother","madre","","","","","105","core-3000"
"it.lex.figlio","son","figlio","","","","","106","core-3000"
"it.lex.figlia","daughter","figlia","","","","","107","core-3000"
"it.lex.fratello","brother","fratello","","","","","108","core-3000"
"it.lex.sorella","sister","sorella","","","","","109","core-3000"
"it.lex.marito","husband","marito","","","","","110","core-3000"
"it.lex.moglie","wife","moglie","","","","","111","core-3000"
"it.lex.nonno","grandfather","nonno","","","","","112","core-3000"
"it.lex.nonna","grandmother","nonna","","","","","113","core-3000"
"it.lex.nipote-m.grandson","grandson","nipote (m)","","","","","114","core-3000"
"it.lex.nipote-f.granddaughter","granddaughter","nipote (f)","","","","","115","core-3000"
"it.lex.zio","uncle","zio","","","","","116","core-3000"
"it.lex.zia","aunt","zia","","","","","117","core-3000"
"it.lex.cugino","cousin (m)","cugino","","","","","118","core-3000"
"it.lex.cugina","cousin (f)","cugina","","","","","119","core-3000"
"it.lex.nipote-m.nephew","nephew","nipote (m)","","","","","120","core-3000"
"it.lex.nipote-f.niece","niece","nipote (f)","","","","","121","core-3000"
"it.lex.amico","friend (m)","amico","","","","","122","core-3000"
"it.lex.amica","friend (f)","amica","","","","","123","core-3000"
"it.lex.vicino.neighbor-m","neighbor (m)","vicino","","","","","124","core-3000"
"it.lex.vicina","neighbor (f)","vicina","","","","","125","core-3000"
"it.lex.collega-m","colleague (m)","collega (m)","","","","","126","core-3000"
"it.lex.collega-f","colleague (f)","collega (f)","","","","","127","core-3000"
"it.lex.partner-compagno","partner","partner / compagno","","","","","128","core-3000"
"it.lex.ospite","guest","ospite","","","","","129","core-3000"
"it.lex.straniero","stranger","straniero","","","","","130","core-3000"
"it.lex.genitori","parents","genitori","","","","","131","core-3000"
"it.lex.gemelli","twins","gemelli","","","","","132","core-3000"
"it.lex.patrigno","stepfather","patrigno","","","","","133","core-3000"
"it.lex.matrigna","stepmother","matrigna","","","","","134","core-3000"
"it.lex.padrino","godfather","padrino","","","","","135","core-3000"
"it.lex.madrina","godmother","madrina","","","","","136","core-3000"
"it.lex.fidanzato","fiancé (m)","fidanzato","","","","","137","core-3000"
"it.lex.fidanzata","fiancé (f)","fidanzata","","","","","138","core-3000"
"it.lex.ex","ex-partner","ex","","","","","139","core-3000"
"it.lex.suocero-suocera","in-law","suocero / suocera","","","","","140","core-3000"
"it.lex.medico-dottore","doctor (m)","medico / dottore","","","","","141","core-3000"
"it.lex.dottoressa","doctor (f)","dottoressa","","","","","142","core-3000"
"it.lex.infermiere","nurse (m)","infermiere","","","","","143","core-3000"
"it.lex.infermiera","nurse (f)","infermiera","","","","","144","core-3000"
"it.lex.insegnante-professore","teacher (m)","insegnante / professore","","","","","145","core-3000"
"it.lex.professoressa","teacher (f)","professoressa","","","","","146","core-3000"
"it.lex.studente","student (m)","studente","","","","","147","core-3000"
"it.lex.studentessa","student (f)","studentessa","","","","","148","core-3000"
"it.lex.alunno-allievo","pupil","alunno / allievo","","","","","149","core-3000"
"it.lex.professore","professor","professore","","","","","150","core-3000"
"it.lex.avvocato","lawyer (m)","avvocato","","","","","151","core-3000"
"it.lex.avvocatessa","lawyer (f)","avvocatessa","","","","","152","core-3000"
"it.lex.giudice","judge","giudice","","","","","153","core-3000"
"it.lex.ingegnere","engineer","ingegnere","","","","","154","core-3000"
"it.lex.architetto","architect","architetto","","","","","155","core-3000"
"it.lex.scienziato","scientist","scienziato","","","","","156","core-3000"
"it.lex.programmatore","programmer","programmatore","","","","","157","core-3000"
"it.lex.designer-progettista","designer","designer / progettista","","","","","158","core-3000"
"it.lex.artista","artist","artista","","","","","159","core-3000"
"it.lex.scrittore-scrittrice","writer","scrittore / scrittrice","","","","","160","core-3000"
"it.lex.giornalista","journalist","giornalista","","","","","161","core-3000"
"it.lex.fotografo","photographer","fotografo","","","","","162","core-3000"
"it.lex.musicista","musician","musicista","","","","","163","core-3000"
"it.lex.cantante","singer","cantante","","","","","164","core-3000"
"it.lex.attore","actor","attore","","","","","165","core-3000"
"it.lex.attrice","actress","attrice","","","","","166","core-3000"
"it.lex.regista","director","regista","","","","","167","core-3000"
"it.lex.pittore","painter","pittore","","","","","168","core-3000"
"it.lex.chef-cuoco","chef","chef / cuoco","","","","","169","core-3000"
"it.lex.cuoco-cuoca","cook","cuoco / cuoca","","","","","170","core-3000"
"it.lex.cameriere","waiter (m)","cameriere","","","","","171","core-3000"
"it.lex.cameriera","waiter (f)","cameriera","","","","","172","core-3000"
"it.lex.fornaio-panettiere","baker","fornaio / panettiere","","","","","173","core-3000"
"it.lex.macellaio","butcher","macellaio","","","","","174","core-3000"
"it.lex.agricoltore-contadino","farmer","agricoltore / contadino","","","","","175","core-3000"
"it.lex.autista-guidatore","driver","autista / guidatore","","","","","176","core-3000"
"it.lex.pilota","pilot","pilota","","","","","177","core-3000"
"it.lex.marinaio","sailor","marinaio","","","","","178","core-3000"
"it.lex.soldato","soldier","soldato","","","","","179","core-3000"
"it.lex.poliziotto","police officer","poliziotto","","","","","180","core-3000"
"it.lex.pompiere-vigile-del-fuoco","firefighter","pompiere / vigile del fuoco","","","","","181","core-3000"
"it.lex.postino","postman","postino","","","","","182","core-3000"
"it.lex.elettricista","electrician","elettricista","","","","","183","core-3000"
"it.lex.meccanico","mechanic","meccanico","","","","","184","core-3000"
"it.lex.contabile","accountant","contabile","","","","","185","core-3000"
"it.lex.manager-direttore","manager","manager / direttore","","","","","186","core-3000"
"it.lex.capo","boss","capo","","","","","187","core-3000"
"it.lex.dipendente-impiegato","employee","dipendente / impiegato","","","","","188","core-3000"
"it.lex.dentista","dentist","dentista","","","","","189","core-3000"
"it.lex.farmacista","pharmacist","farmacista","","","","","190","core-3000"
"it.lex.psicologo","psychologist","psicologo","","","","","191","core-3000"
"it.lex.politico","politician","politico","","","","","192","core-3000"
"it.lex.prete-sacerdote","priest","prete / sacerdote","","","","","193","core-3000"
"it.lex.veterinario","veterinarian","veterinario","","","","","194","core-3000"
"it.lex.economista","economist","economista","","","","","195","core-3000"
"it.lex.segretario-segretaria","secretary","segretario / segretaria","","","","","196","core-3000"
"it.lex.receptionist","receptionist","receptionist","","","","","197","core-3000"
"it.lex.idraulico","plumber","idraulico","","","","","198","core-3000"
"it.lex.falegname","carpenter","falegname","","","","","199","core-3000"
"it.lex.parrucchiere-parrucchiera","hairdresser","parrucchiere / parrucchiera","","","","","200","core-3000"
"it.lex.testa","head","testa","","","","","201","core-3000"
"it.lex.viso-faccia","face","viso / faccia","","","","","202","core-3000"
"it.lex.occhio","eye","occhio","","","","","203","core-3000"
"it.lex.orecchio","ear","orecchio","","","","","204","core-3000"
"it.lex.naso","nose","naso","","","","","205","core-3000"
"it.lex.bocca","mouth","bocca","","","","","206","core-3000"
"it.lex.dente","tooth","dente","","","","","207","core-3000"
"it.lex.lingua.tongue","tongue","lingua","","","","","208","core-3000"
"it.lex.labbro","lip","labbro","","","","","209","core-3000"
"it.lex.mento","chin","mento","","","","","210","core-3000"
"it.lex.guancia","cheek","guancia","","","","","211","core-3000"
"it.lex.fronte","forehead","fronte","","","","","212","core-3000"
"it.lex.capelli","hair","capelli","","","","","213","core-3000"
"it.lex.collo","neck","collo","","","","","214","core-3000"
"it.lex.gola","throat","gola","","","","","215","core-3000"
"it.lex.spalla","shoulder","spalla","","","","","216","core-3000"
"it.lex.braccio","arm","braccio","","","","","217","core-3000"
"it.lex.gomito","elbow","gomito","","","","","218","core-3000"
"it.lex.polso.wrist","wrist","polso","","","","","219","core-3000"
"it.lex.mano","hand","mano","","","","","220","core-3000"
"it.lex.dito","finger","dito","","","","","221","core-3000"
"it.lex.pollice","thumb","pollice","","","","","222","core-3000"
"it.lex.unghia","nail","unghia","","","","","223","core-3000"
"it.lex.petto","chest","petto","","","","","224","core-3000"
"it.lex.schiena","back","schiena","","","","","225","core-3000"
"it.lex.stomaco-pancia","stomach","stomaco / pancia","","","","","226","core-3000"
"it.lex.anca-fianco","hip","anca / fianco","","","","","227","core-3000"
"it.lex.gamba","leg","gamba","","","","","228","core-3000"
"it.lex.ginocchio","knee","ginocchio","","","","","229","core-3000"
"it.lex.caviglia","ankle","caviglia","","","","","230","core-3000"
"it.lex.piede","foot","piede","","","","","231","core-3000"
"it.lex.dito-del-piede","toe","dito del piede","","","","","232","core-3000"
"it.lex.cuore","heart","cuore","","","","","233","core-3000"
"it.lex.polmone","lung","polmone","","","","","234","core-3000"
"it.lex.fegato","liver","fegato","","","","","235","core-3000"
"it.lex.rene","kidney","rene","","","","","236","core-3000"
"it.lex.cervello","brain","cervello","","","","","237","core-3000"
"it.lex.osso","bone","osso","","","","","238","core-3000"
"it.lex.muscolo","muscle","muscolo","","","","","239","core-3000"
"it.lex.pelle","skin","pelle","","","","","240","core-3000"
"it.lex.sangue","blood","sangue","","","","","241","core-3000"
"it.lex.nervo","nerve","nervo","","","","","242","core-3000"
"it.lex.spina-dorsale","spine","spina dorsale","","","","","243","core-3000"
"it.lex.costola","rib","costola","","","","","244","core-3000"
"it.lex.vena","vein","vena","","","","","245","core-3000"
"it.lex.pane","bread","pane","","","","","246","core-3000"
"it.lex.panino","roll","panino","","","","","247","core-3000"
"it.lex.burro","butter","burro","","","","","248","core-3000"
"it.lex.latte","milk","latte","","","","","249","core-3000"
"it.lex.uovo","egg","uovo","","","","","250","core-3000"
"it.lex.formaggio","cheese","formaggio","","","","","251","core-3000"
"it.lex.carne","meat","carne","","","","","252","core-3000"
"it.lex.pollo","chicken","pollo","","","","","253","core-3000"
"it.lex.manzo","beef","manzo","","","","","254","core-3000"
"it.lex.maiale.pork","pork","maiale","","","","","255","core-3000"
"it.lex.pesce","fish","pesce","","","","","256","core-3000"
"it.lex.gambero","shrimp","gambero","","","","","257","core-3000"
"it.lex.salsiccia","sausage","salsiccia","","","","","258","core-3000"
"it.lex.prosciutto.ham","ham","prosciutto","","","","","259","core-3000"
"it.lex.zuppa-minestra","soup","zuppa / minestra","","","","","260","core-3000"
"it.lex.insalata","salad","insalata","","","","","261","core-3000"
"it.lex.pasta","pasta","pasta","","","","","262","core-3000"
"it.lex.riso","rice","riso","","","","","263","core-3000"
"it.lex.pizza","pizza","pizza","","","","","264","core-3000"
"it.lex.patata","potato","patata","","","","","265","core-3000"
"it.lex.pomodoro","tomato","pomodoro","","","","","266","core-3000"
"it.lex.cetriolo","cucumber","cetriolo","","","","","267","core-3000"
"it.lex.carota","carrot","carota","","","","","268","core-3000"
"it.lex.cipolla","onion","cipolla","","","","","269","core-3000"
"it.lex.aglio","garlic","aglio","","","","","270","core-3000"
"it.lex.pepe","pepper (spice)","pepe","","","","","271","core-3000"
"it.lex.sale","salt","sale","","","","","272","core-3000"
"it.lex.zucchero","sugar","zucchero","","","","","273","core-3000"
"it.lex.olio","oil","olio","","","","","274","core-3000"
"it.lex.aceto","vinegar","aceto","","","","","275","core-3000"
"it.lex.senape","mustard","senape","","","","","276","core-3000"
"it.lex.mela","apple","mela","","","","","277","core-3000"
"it.lex.pera","pear","pera","","","","","278","core-3000"
"it.lex.banana","banana","banana","","","","","279","core-3000"
"it.lex.arancia","orange","arancia","","","","","280","core-3000"
"it.lex.fragola","strawberry","fragola","","","","","281","core-3000"
"it.lex.ciliegia","cherry","ciliegia","","","","","282","core-3000"
"it.lex.uva","grape","uva","","","","","283","core-3000"
"it.lex.limone","lemon","limone","","","","","284","core-3000"
"it.lex.pesca","peach","pesca","","","","","285","core-3000"
"it.lex.prugna","plum","prugna","","","","","286","core-3000"
"it.lex.anguria","watermelon","anguria","","","","","287","core-3000"
"it.lex.melone","melon","melone","","","","","288","core-3000"
"it.lex.acqua","water","acqua","","","","","289","core-3000"
"it.lex.succo","juice","succo","","","","","290","core-3000"
"it.lex.caffe","coffee","caffè","","","","","291","core-3000"
"it.lex.te","tea","tè","","","","","292","core-3000"
"it.lex.birra","beer","birra","","","","","293","core-3000"
"it.lex.vino","wine","vino","","","","","294","core-3000"
"it.lex.limonata","lemonade","limonata","","","","","296","core-3000"
"it.lex.acqua-frizzante","sparkling water","acqua frizzante","","","","","297","core-3000"
"it.lex.acqua-naturale","flat water","acqua naturale","","","","","298","core-3000"
"it.lex.cocktail","cocktail","cocktail","","","","","299","core-3000"
"it.lex.caffe-espresso","espresso","caffè espresso","","","","","300","core-3000"
"it.lex.cappuccino","cappuccino","cappuccino","","","","","301","core-3000"
"it.lex.torta","cake","torta","","","","","302","core-3000"
"it.lex.biscotto","cookie","biscotto","","","","","303","core-3000"
"it.lex.cioccolato","chocolate","cioccolato","","","","","304","core-3000"
"it.lex.gelato.ice-cream","ice cream","gelato","","","","","305","core-3000"
"it.lex.marmellata","jam","marmellata","","","","","306","core-3000"
"it.lex.miele","honey","miele","","","","","307","core-3000"
"it.lex.farina","flour","farina","","","","","308","core-3000"
"it.lex.colazione","breakfast","colazione","","","","","309","core-3000"
"it.lex.pranzo","lunch","pranzo","","","","","310","core-3000"
"it.lex.cena","dinner","cena","","","","","311","core-3000"
"it.lex.spuntino","snack","spuntino","","","","","312","core-3000"
"it.lex.dolce-dessert","dessert","dolce / dessert","","","","","313","core-3000"
"it.lex.ricetta.recipe","recipe","ricetta","","","","","314","core-3000"
"it.lex.pasto","meal","pasto","","","","","315","core-3000"
"it.lex.menu","menu","menù","","","","","316","core-3000"
"it.lex.piatto.dish","dish","piatto","","","","","317","core-3000"
"it.lex.ingrediente","ingredient","ingrediente","","","","","318","core-3000"
"it.lex.fungo","mushroom","fungo","","","","","319","core-3000"
"it.lex.spinaci","spinach","spinaci","","","","","320","core-3000"
"it.lex.broccoli","broccoli","broccoli","","","","","321","core-3000"
"it.lex.mais","corn","mais","","","","","322","core-3000"
"it.lex.pisello","pea","pisello","","","","","323","core-3000"
"it.lex.fagiolo","bean","fagiolo","","","","","324","core-3000"
"it.lex.lattuga","lettuce","lattuga","","","","","325","core-3000"
"it.lex.carciofo","artichoke","carciofo","","","","","326","core-3000"
"it.lex.melanzana","eggplant","melanzana","","","","","327","core-3000"
"it.lex.zucchina","zucchini","zucchina","","","","","328","core-3000"
"it.lex.peperone","pepper (vegetable)","peperone","","","","","329","core-3000"
"it.lex.oliva","olive","oliva","","","","","330","core-3000"
"it.lex.olio-d-oliva","olive oil","olio d'oliva","","","","","331","core-3000"
"it.lex.panna","cream","panna","","","","","332","core-3000"
"it.lex.yogurt","yogurt","yogurt","","","","","333","core-3000"
"it.lex.salsa","sauce","salsa","","","","","334","core-3000"
"it.lex.condimento","dressing","condimento","","","","","335","core-3000"
"it.lex.porzione","portion","porzione","","","","","336","core-3000"
"it.lex.gusto-sapore","taste","gusto / sapore","","","","","337","core-3000"
"it.lex.sapore","flavor","sapore","","","","","338","core-3000"
"it.lex.casa","house","casa","","","","","339","core-3000"
"it.lex.appartamento","apartment","appartamento","","","","","340","core-3000"
"it.lex.edificio","building","edificio","","","","","341","core-3000"
"it.lex.stanza-camera","room","stanza / camera","","","","","342","core-3000"
"it.lex.cucina.kitchen","kitchen","cucina","","","","","343","core-3000"
"it.lex.bagno","bathroom","bagno","","","","","344","core-3000"
"it.lex.camera-da-letto","bedroom","camera da letto","","","","","345","core-3000"
"it.lex.salotto-soggiorno","living room","salotto / soggiorno","","","","","346","core-3000"
"it.lex.sala-da-pranzo","dining room","sala da pranzo","","","","","347","core-3000"
"it.lex.corridoio-ingresso","hallway","corridoio / ingresso","","","","","348","core-3000"
"it.lex.cantina","cellar","cantina","","","","","349","core-3000"
"it.lex.soffitta","attic","soffitta","","","","","350","core-3000"
"it.lex.garage","garage","garage","","","","","351","core-3000"
"it.lex.giardino","garden","giardino","","","","","352","core-3000"
"it.lex.balcone","balcony","balcone","","","","","353","core-3000"
"it.lex.terrazza","terrace","terrazza","","","","","354","core-3000"
"it.lex.scale","stairs","scale","","","","","355","core-3000"
"it.lex.ascensore","elevator","ascensore","","","","","356","core-3000"
"it.lex.porta","door","porta","","","","","357","core-3000"
"it.lex.finestra","window","finestra","","","","","358","core-3000"
"it.lex.muro-parete","wall","muro / parete","","","","","359","core-3000"
"it.lex.pavimento","floor","pavimento","","","","","360","core-3000"
"it.lex.soffitto","ceiling","soffitto","","","","","361","core-3000"
"it.lex.tetto","roof","tetto","","","","","362","core-3000"
"it.lex.letto","bed","letto","","","","","363","core-3000"
"it.lex.divano","sofa","divano","","","","","364","core-3000"
"it.lex.poltrona","armchair","poltrona","","","","","365","core-3000"
"it.lex.tavolo","table","tavolo","","","","","366","core-3000"
"it.lex.sedia","chair","sedia","","","","","367","core-3000"
"it.lex.scrivania","desk","scrivania","","","","","368","core-3000"
"it.lex.scaffale","shelf","scaffale","","","","","369","core-3000"
"it.lex.armadio","wardrobe","armadio","","","","","370","core-3000"
"it.lex.cassetto","drawer","cassetto","","","","","371","core-3000"
"it.lex.specchio","mirror","specchio","","","","","372","core-3000"
"it.lex.lampada","lamp","lampada","","","","","373","core-3000"
"it.lex.tappeto","carpet","tappeto","","","","","374","core-3000"
"it.lex.tenda","curtain","tenda","","","","","375","core-3000"
"it.lex.cuscino","pillow","cuscino","","","","","376","core-3000"
"it.lex.coperta","blanket","coperta","","","","","377","core-3000"
"it.lex.asciugamano","towel","asciugamano","","","","","378","core-3000"
"it.lex.chiave","key","chiave","","","","","379","core-3000"
"it.lex.serratura","lock","serratura","","","","","380","core-3000"
"it.lex.campanello.bell","bell","campanello","","","","","381","core-3000"
"it.lex.lavatrice","washing machine","lavatrice","","","","","382","core-3000"
"it.lex.lavastoviglie","dishwasher","lavastoviglie","","","","","383","core-3000"
"it.lex.frigorifero","refrigerator","frigorifero","","","","","384","core-3000"
"it.lex.microonde","microwave","microonde","","","","","385","core-3000"
"it.lex.aspirapolvere","vacuum cleaner","aspirapolvere","","","","","386","core-3000"
"it.lex.macchina-del-caffe","coffee machine","macchina del caffè","","","","","387","core-3000"
"it.lex.rubinetto","tap / faucet","rubinetto","","","","","388","core-3000"
"it.lex.interruttore","light switch","interruttore","","","","","389","core-3000"
"it.lex.presa-elettrica","power outlet","presa elettrica","","","","","390","core-3000"
"it.lex.cestino-bidone","trash can","cestino / bidone","","","","","391","core-3000"
"it.lex.forno","oven","forno","","","","","392","core-3000"
"it.lex.tostapane","toaster","tostapane","","","","","393","core-3000"
"it.lex.bollitore","kettle","bollitore","","","","","394","core-3000"
"it.lex.aria-condizionata","air conditioning","aria condizionata","","","","","395","core-3000"
"it.lex.riscaldamento","heating","riscaldamento","","","","","396","core-3000"
"it.lex.via-strada","street","via / strada","","","","","397","core-3000"
"it.lex.strada","road","strada","","","","","398","core-3000"
"it.lex.sentiero-percorso","path","sentiero / percorso","","","","","399","core-3000"
"it.lex.ponte","bridge","ponte","","","","","400","core-3000"
"it.lex.piazza","square","piazza","","","","","401","core-3000"
"it.lex.parco","park","parco","","","","","402","core-3000"
"it.lex.citta","city","città","","","","","403","core-3000"
"it.lex.paese-villaggio","village","paese / villaggio","","","","","404","core-3000"
"it.lex.quartiere","district","quartiere","","","","","405","core-3000"
"it.lex.quartiere-vicinato","neighborhood","quartiere / vicinato","","","","","406","core-3000"
"it.lex.centro-citta","city center","centro città","","","","","407","core-3000"
"it.lex.periferia.suburb","suburb","periferia","","","","","408","core-3000"
"it.lex.paese-nazione","country","paese / nazione","","","","","409","core-3000"
"it.lex.regione","region","regione","","","","","410","core-3000"
"it.lex.confine","border","confine","","","","","411","core-3000"
"it.lex.aeroporto","airport","aeroporto","","","","","412","core-3000"
"it.lex.stazione","train station","stazione","","","","","413","core-3000"
"it.lex.fermata-dell-autobus","bus stop","fermata dell'autobus","","","","","414","core-3000"
"it.lex.metropolitana","subway","metropolitana","","","","","415","core-3000"
"it.lex.tram","tram","tram","","","","","416","core-3000"
"it.lex.taxi","taxi","taxi","","","","","417","core-3000"
"it.lex.macchina-auto","car","macchina / auto","","","","","418","core-3000"
"it.lex.autobus","bus","autobus","","","","","419","core-3000"
"it.lex.treno","train","treno","","","","","420","core-3000"
"it.lex.aereo","plane","aereo","","","","","421","core-3000"
"it.lex.nave","ship","nave","","","","","422","core-3000"
"it.lex.bicicletta","bicycle","bicicletta","","","","","423","core-3000"
"it.lex.moto","motorcycle","moto","","","","","424","core-3000"
"it.lex.traffico","traffic","traffico","","","","","425","core-3000"
"it.lex.semaforo","traffic light","semaforo","","","","","426","core-3000"
"it.lex.parcheggio","parking lot","parcheggio","","","","","427","core-3000"
"it.lex.autostrada.highway","highway","autostrada","","","","","428","core-3000"
"it.lex.biglietto","ticket","biglietto","","","","","429","core-3000"
"it.lex.mappa-cartina","map","mappa / cartina","","","","","430","core-3000"
"it.lex.ingorgo","traffic jam","ingorgo","","","","","431","core-3000"
"it.lex.patente","driving license","patente","","","","","432","core-3000"
"it.lex.stazione-di-servizio","fuel station","stazione di servizio","","","","","433","core-3000"
"it.lex.rotatoria","roundabout","rotatoria","","","","","434","core-3000"
"it.lex.strisce-pedonali","pedestrian crossing","strisce pedonali","","","","","435","core-3000"
"it.lex.pista-ciclabile","bicycle lane","pista ciclabile","","","","","436","core-3000"
"it.lex.senso-unico","one-way street","senso unico","","","","","437","core-3000"
"it.lex.incrocio.intersection","intersection","incrocio","","","","","438","core-3000"
"it.lex.galleria-tunnel","tunnel","galleria / tunnel","","","","","439","core-3000"
"it.lex.pedaggio","toll","pedaggio","","","","","440","core-3000"
"it.lex.linea-di-autobus","bus line","linea di autobus","","","","","441","core-3000"
"it.lex.traghetto","ferry","traghetto","","","","","442","core-3000"
"it.lex.porto","port / harbor","porto","","","","","443","core-3000"
"it.lex.fermata","stop","fermata","","","","","444","core-3000"
"it.lex.negozio","shop","negozio","","","","","445","core-3000"
"it.lex.negozio-magazzino","store","negozio / magazzino","","","","","446","core-3000"
"it.lex.supermercato","supermarket","supermercato","","","","","447","core-3000"
"it.lex.panetteria-forno","bakery","panetteria / forno","","","","","448","core-3000"
"it.lex.macelleria","butcher shop","macelleria","","","","","449","core-3000"
"it.lex.farmacia","pharmacy","farmacia","","","","","450","core-3000"
"it.lex.ospedale","hospital","ospedale","","","","","451","core-3000"
"it.lex.clinica","clinic","clinica","","","","","452","core-3000"
"it.lex.scuola","school","scuola","","","","","453","core-3000"
"it.lex.universita","university","università","","","","","454","core-3000"
"it.lex.biblioteca","library","biblioteca","","","","","455","core-3000"
"it.lex.museo","museum","museo","","","","","456","core-3000"
"it.lex.teatro","theater","teatro","","","","","457","core-3000"
"it.lex.cinema","cinema","cinema","","","","","458","core-3000"
"it.lex.chiesa","church","chiesa","","","","","459","core-3000"
"it.lex.moschea","mosque","moschea","","","","","460","core-3000"
"it.lex.sinagoga","synagogue","sinagoga","","","","","461","core-3000"
"it.lex.banca","bank","banca","","","","","462","core-3000"
"it.lex.ufficio-postale","post office","ufficio postale","","","","","463","core-3000"
"it.lex.albergo-hotel","hotel","albergo / hotel","","","","","464","core-3000"
"it.lex.ristorante","restaurant","ristorante","","","","","465","core-3000"
"it.lex.bar-caffe","café","bar / caffè","","","","","466","core-3000"
"it.lex.bar","bar","bar","","","","","467","core-3000"
"it.lex.ufficio","office","ufficio","","","","","468","core-3000"
"it.lex.fabbrica","factory","fabbrica","","","","","469","core-3000"
"it.lex.fattoria","farm","fattoria","","","","","470","core-3000"
"it.lex.mercato","market","mercato","","","","","471","core-3000"
"it.lex.libreria.bookstore","bookstore","libreria","","","","","472","core-3000"
"it.lex.palestra","gym","palestra","","","","","473","core-3000"
"it.lex.piscina","swimming pool","piscina","","","","","474","core-3000"
"it.lex.stadio","stadium","stadio","","","","","475","core-3000"
"it.lex.palazzetto","sports hall","palazzetto","","","","","476","core-3000"
"it.lex.commissariato-questura","police station","commissariato / questura","","","","","477","core-3000"
"it.lex.caserma-dei-pompieri","fire station","caserma dei pompieri","","","","","478","core-3000"
"it.lex.tribunale","courthouse","tribunale","","","","","479","core-3000"
"it.lex.ambasciata","embassy","ambasciata","","","","","480","core-3000"
"it.lex.municipio","town hall","municipio","","","","","481","core-3000"
"it.lex.galleria","gallery","galleria","","","","","482","core-3000"
"it.lex.cattedrale","cathedral","cattedrale","","","","","483","core-3000"
"it.lex.castello","castle","castello","","","","","484","core-3000"
"it.lex.palazzo","palace","palazzo","","","","","485","core-3000"
"it.lex.monastero","monastery","monastero","","","","","486","core-3000"
"it.lex.campeggio","camp","campeggio","","","","","487","core-3000"
"it.lex.centro-commerciale","shopping center","centro commerciale","","","","","488","core-3000"
"it.lex.grande-magazzino","department store","grande magazzino","","","","","489","core-3000"
"it.lex.natura","nature","natura","","","","","490","core-3000"
"it.lex.foresta-bosco","forest","foresta / bosco","","","","","491","core-3000"
"it.lex.albero","tree","albero","","","","","492","core-3000"
"it.lex.fiore","flower","fiore","","","","","493","core-3000"
"it.lex.erba","grass","erba","","","","","494","core-3000"
"it.lex.foglia","leaf","foglia","","","","","495","core-3000"
"it.lex.radice","root","radice","","","","","496","core-3000"
"it.lex.ramo","branch","ramo","","","","","497","core-3000"
"it.lex.cespuglio","bush","cespuglio","","","","","498","core-3000"
"it.lex.montagna","mountain","montagna","","","","","499","core-3000"
"it.lex.collina","hill","collina","","","","","500","core-3000"
"it.lex.valle","valley","valle","","","","","501","core-3000"
"it.lex.fiume","river","fiume","","","","","502","core-3000"
"it.lex.lago","lake","lago","","","","","503","core-3000"
"it.lex.mare","sea","mare","","","","","504","core-3000"
"it.lex.oceano","ocean","oceano","","","","","505","core-3000"
"it.lex.spiaggia","beach","spiaggia","","","","","506","core-3000"
"it.lex.isola","island","isola","","","","","507","core-3000"
"it.lex.deserto","desert","deserto","","","","","508","core-3000"
"it.lex.giungla","jungle","giungla","","","","","509","core-3000"
"it.lex.campo","field","campo","","","","","510","core-3000"
"it.lex.prato","meadow","prato","","","","","511","core-3000"
"it.lex.grotta","cave","grotta","","","","","512","core-3000"
"it.lex.cascata","waterfall","cascata","","","","","513","core-3000"
"it.lex.vulcano","volcano","vulcano","","","","","514","core-3000"
"it.lex.ghiacciaio","glacier","ghiacciaio","","","","","515","core-3000"
"it.lex.cielo","sky","cielo","","","","","516","core-3000"
"it.lex.sole","sun","sole","","","","","517","core-3000"
"it.lex.luna","moon","luna","","","","","518","core-3000"
"it.lex.stella","star","stella","","","","","519","core-3000"
"it.lex.nuvola","cloud","nuvola","","","","","520","core-3000"
"it.lex.pioggia","rain","pioggia","","","","","521","core-3000"
"it.lex.neve","snow","neve","","","","","522","core-3000"
"it.lex.vento","wind","vento","","","","","523","core-3000"
"it.lex.tempesta","storm","tempesta","","","","","524","core-3000"
"it.lex.tuono","thunder","tuono","","","","","525","core-3000"
"it.lex.fulmine","lightning","fulmine","","","","","526","core-3000"
"it.lex.arcobaleno","rainbow","arcobaleno","","","","","527","core-3000"
"it.lex.nebbia","fog","nebbia","","","","","528","core-3000"
"it.lex.ghiaccio","ice","ghiaccio","","","","","529","core-3000"
"it.lex.brina","frost","brina","","","","","530","core-3000"
"it.lex.grandine","hail","grandine","","","","","531","core-3000"
"it.lex.terremoto","earthquake","terremoto","","","","","532","core-3000"
"it.lex.alluvione","flood","alluvione","","","","","533","core-3000"
"it.lex.siccita","drought","siccità","","","","","534","core-3000"
"it.lex.terra","earth / soil","terra","","","","","535","core-3000"
"it.lex.pietra-sasso","stone","pietra / sasso","","","","","536","core-3000"
"it.lex.sabbia","sand","sabbia","","","","","537","core-3000"
"it.lex.fuoco","fire","fuoco","","","","","538","core-3000"
"it.lex.fumo","smoke","fumo","","","","","539","core-3000"
"it.lex.aria","air","aria","","","","","540","core-3000"
"it.lex.onda","wave","onda","","","","","541","core-3000"
"it.lex.costa","coast","costa","","","","","542","core-3000"
"it.lex.scogliera","cliff","scogliera","","","","","543","core-3000"
"it.lex.penisola","peninsula","penisola","","","","","544","core-3000"
"it.lex.orizzonte","horizon","orizzonte","","","","","545","core-3000"
"it.lex.paesaggio","landscape","paesaggio","","","","","546","core-3000"
"it.lex.ambiente","environment","ambiente","","","","","547","core-3000"
"it.lex.cane","dog","cane","","","","","548","core-3000"
"it.lex.gatto","cat","gatto","","","","","549","core-3000"
"it.lex.cavallo","horse","cavallo","","","","","550","core-3000"
"it.lex.mucca","cow","mucca","","","","","551","core-3000"
"it.lex.maiale.pig","pig","maiale","","","","","552","core-3000"
"it.lex.pecora","sheep","pecora","","","","","553","core-3000"
"it.lex.capra","goat","capra","","","","","554","core-3000"
"it.lex.anatra","duck","anatra","","","","","556","core-3000"
"it.lex.coniglio","rabbit","coniglio","","","","","557","core-3000"
"it.lex.topo","mouse","topo","","","","","558","core-3000"
"it.lex.ratto","rat","ratto","","","","","559","core-3000"
"it.lex.uccello","bird","uccello","","","","","560","core-3000"
"it.lex.aquila","eagle","aquila","","","","","561","core-3000"
"it.lex.gufo-civetta","owl","gufo / civetta","","","","","562","core-3000"
"it.lex.pappagallo","parrot","pappagallo","","","","","563","core-3000"
"it.lex.piccione","pigeon","piccione","","","","","564","core-3000"
"it.lex.cornacchia","crow","cornacchia","","","","","565","core-3000"
"it.lex.rondine","swallow","rondine","","","","","566","core-3000"
"it.lex.passero","sparrow","passero","","","","","567","core-3000"
"it.lex.gabbiano","seagull","gabbiano","","","","","568","core-3000"
"it.lex.squalo","shark","squalo","","","","","570","core-3000"
"it.lex.balena","whale","balena","","","","","571","core-3000"
"it.lex.delfino","dolphin","delfino","","","","","572","core-3000"
"it.lex.rana","frog","rana","","","","","573","core-3000"
"it.lex.serpente","snake","serpente","","","","","574","core-3000"
"it.lex.tartaruga","turtle","tartaruga","","","","","575","core-3000"
"it.lex.coccodrillo","crocodile","coccodrillo","","","","","576","core-3000"
"it.lex.lucertola","lizard","lucertola","","","","","577","core-3000"
"it.lex.leone","lion","leone","","","","","578","core-3000"
"it.lex.tigre","tiger","tigre","","","","","579","core-3000"
"it.lex.orso","bear","orso","","","","","580","core-3000"
"it.lex.lupo","wolf","lupo","","","","","581","core-3000"
"it.lex.volpe","fox","volpe","","","","","582","core-3000"
"it.lex.cervo","deer","cervo","","","","","583","core-3000"
"it.lex.scoiattolo","squirrel","scoiattolo","","","","","585","core-3000"
"it.lex.elefante","elephant","elefante","","","","","586","core-3000"
"it.lex.giraffa","giraffe","giraffa","","","","","587","core-3000"
"it.lex.zebra","zebra","zebra","","","","","588","core-3000"
"it.lex.scimmia","monkey","scimmia","","","","","589","core-3000"
"it.lex.gorilla","gorilla","gorilla","","","","","590","core-3000"
"it.lex.cammello","camel","cammello","","","","","591","core-3000"
"it.lex.canguro","kangaroo","canguro","","","","","592","core-3000"
"it.lex.pinguino","penguin","pinguino","","","","","593","core-3000"
"it.lex.orso-polare","polar bear","orso polare","","","","","594","core-3000"
"it.lex.farfalla","butterfly","farfalla","","","","","595","core-3000"
"it.lex.ape","bee","ape","","","","","596","core-3000"
"it.lex.formica","ant","formica","","","","","597","core-3000"
"it.lex.ragno","spider","ragno","","","","","598","core-3000"
"it.lex.mosca","fly","mosca","","","","","599","core-3000"
"it.lex.zanzara","mosquito","zanzara","","","","","600","core-3000"
"it.lex.verme","worm","verme","","","","","601","core-3000"
"it.lex.lumaca","snail","lumaca","","","","","602","core-3000"
"it.lex.medusa","jellyfish","medusa","","","","","603","core-3000"
"it.lex.polpo","octopus","polpo","","","","","604","core-3000"
"it.lex.granchio","crab","granchio","","","","","605","core-3000"
"it.lex.aragosta","lobster","aragosta","","","","","606","core-3000"
"it.lex.tempo-ora","time","tempo / ora","","","","","607","core-3000"
"it.lex.ora","hour","ora","","","","","608","core-3000"
"it.lex.minuto","minute","minuto","","","","","609","core-3000"
"it.lex.secondo.second","second","secondo","","","","","610","core-3000"
"it.lex.giorno","day","giorno","","","","","611","core-3000"
"it.lex.settimana","week","settimana","","","","","612","core-3000"
"it.lex.mese","month","mese","","","","","613","core-3000"
"it.lex.anno","year","anno","","","","","614","core-3000"
"it.lex.decennio","decade","decennio","","","","","615","core-3000"
"it.lex.secolo","century","secolo","","","","","616","core-3000"
"it.lex.mattina","morning","mattina","","","","","617","core-3000"
"it.lex.pomeriggio","afternoon","pomeriggio","","","","","618","core-3000"
"it.lex.sera","evening","sera","","","","","619","core-3000"
"it.lex.notte","night","notte","","","","","620","core-3000"
"it.lex.mezzogiorno","noon","mezzogiorno","","","","","621","core-3000"
"it.lex.mezzanotte","midnight","mezzanotte","","","","","622","core-3000"
"it.lex.alba","dawn","alba","","","","","623","core-3000"
"it.lex.tramonto","dusk","tramonto","","","","","624","core-3000"
"it.lex.lunedi","Monday","lunedì","","","","","625","core-3000"
"it.lex.martedi","Tuesday","martedì","","","","","626","core-3000"
"it.lex.mercoledi","Wednesday","mercoledì","","","","","627","core-3000"
"it.lex.giovedi","Thursday","giovedì","","","","","628","core-3000"
"it.lex.venerdi","Friday","venerdì","","","","","629","core-3000"
"it.lex.sabato","Saturday","sabato","","","","","630","core-3000"
"it.lex.domenica","Sunday","domenica","","","","","631","core-3000"
"it.lex.gennaio","January","gennaio","","","","","632","core-3000"
"it.lex.febbraio","February","febbraio","","","","","633","core-3000"
"it.lex.marzo","March","marzo","","","","","634","core-3000"
"it.lex.aprile","April","aprile","","","","","635","core-3000"
"it.lex.maggio","May","maggio","","","","","636","core-3000"
"it.lex.giugno","June","giugno","","","","","637","core-3000"
"it.lex.luglio","July","luglio","","","","","638","core-3000"
"it.lex.agosto","August","agosto","","","","","639","core-3000"
"it.lex.settembre","September","settembre","","","","","640","core-3000"
"it.lex.ottobre","October","ottobre","","","","","641","core-3000"
"it.lex.novembre","November","novembre","","","","","642","core-3000"
"it.lex.dicembre","December","dicembre","","","","","643","core-3000"
"it.lex.primavera","spring","primavera","","","","","644","core-3000"
"it.lex.estate","summer","estate","","","","","645","core-3000"
"it.lex.autunno","autumn","autunno","","","","","646","core-3000"
"it.lex.inverno","winter","inverno","","","","","647","core-3000"
"it.lex.vacanza","holiday","vacanza","","","","","648","core-3000"
"it.lex.ferie-vacanze","vacation","ferie / vacanze","","","","","649","core-3000"
"it.lex.compleanno","birthday","compleanno","","","","","650","core-3000"
"it.lex.anniversario","anniversary","anniversario","","","","","651","core-3000"
"it.lex.matrimonio","wedding","matrimonio","","","","","652","core-3000"
"it.lex.funerale","funeral","funerale","","","","","653","core-3000"
"it.lex.passato","past","passato","","","","","654","core-3000"
"it.lex.presente","present","presente","","","","","655","core-3000"
"it.lex.futuro","future","futuro","","","","","656","core-3000"
"it.lex.fine-settimana","weekend","fine settimana","","","","","657","core-3000"
"it.lex.scadenza","deadline","scadenza","","","","","658","core-3000"
"it.lex.oggi","today","oggi","","","","","659","core-3000"
"it.lex.ieri","yesterday","ieri","","","","","660","core-3000"
"it.lex.domani","tomorrow","domani","","","","","661","core-3000"
"it.lex.l-altro-ieri","the day before yesterday","l'altro ieri","","","","","662","core-3000"
"it.lex.dopodomani","the day after tomorrow","dopodomani","","","","","663","core-3000"
"it.lex.la-settimana-scorsa","last week","la settimana scorsa","","","","","664","core-3000"
"it.lex.la-settimana-prossima","next week","la settimana prossima","","","","","665","core-3000"
"it.lex.l-anno-scorso","last year","l'anno scorso","","","","","666","core-3000"
"it.lex.l-anno-prossimo","next year","l'anno prossimo","","","","","667","core-3000"
"it.lex.classe","class","classe","","","","","668","core-3000"
"it.lex.lezione","lesson","lezione","","","","","669","core-3000"
"it.lex.materia","subject","materia","","","","","670","core-3000"
"it.lex.compiti","homework","compiti","","","","","671","core-3000"
"it.lex.esame","exam","esame","","","","","672","core-3000"
"it.lex.voto","grade","voto","","","","","673","core-3000"
"it.lex.diploma","diploma","diploma","","","","","674","core-3000"
"it.lex.laurea","degree","laurea","","","","","675","core-3000"
"it.lex.conoscenza","knowledge","conoscenza","","","","","676","core-3000"
"it.lex.abilita-competenza","skill","abilità / competenza","","","","","677","core-3000"
"it.lex.lingua.language","language","lingua","","","","","678","core-3000"
"it.lex.parola","word","parola","","","","","679","core-3000"
"it.lex.frase","sentence","frase","","","","","680","core-3000"
"it.lex.grammatica","grammar","grammatica","","","","","681","core-3000"
"it.lex.vocabolario","vocabulary","vocabolario","","","","","682","core-3000"
"it.lex.pronuncia","pronunciation","pronuncia","","","","","683","core-3000"
"it.lex.traduzione","translation","traduzione","","","","","684","core-3000"
"it.lex.dizionario","dictionary","dizionario","","","","","685","core-3000"
"it.lex.libro","book","libro","","","","","686","core-3000"
"it.lex.quaderno","notebook","quaderno","","","","","687","core-3000"
"it.lex.penna","pen","penna","","","","","688","core-3000"
"it.lex.matita","pencil","matita","","","","","689","core-3000"
"it.lex.carta","paper","carta","","","","","690","core-3000"
"it.lex.pagina","page","pagina","","","","","691","core-3000"
"it.lex.capitolo","chapter","capitolo","","","","","692","core-3000"
"it.lex.paragrafo","paragraph","paragrafo","","","","","693","core-3000"
"it.lex.testo","text","testo","","","","","694","core-3000"
"it.lex.domanda","question","domanda","","","","","695","core-3000"
"it.lex.risposta","answer","risposta","","","","","696","core-3000"
"it.lex.esercizio","exercise","esercizio","","","","","697","core-3000"
"it.lex.matematica","math","matematica","","","","","698","core-3000"
"it.lex.fisica","physics","fisica","","","","","699","core-3000"
"it.lex.chimica","chemistry","chimica","","","","","700","core-3000"
"it.lex.biologia","biology","biologia","","","","","701","core-3000"
"it.lex.storia","history","storia","","","","","702","core-3000"
"it.lex.geografia","geography","geografia","","","","","703","core-3000"
"it.lex.arte","art","arte","","","","","704","core-3000"
"it.lex.musica","music","musica","","","","","705","core-3000"
"it.lex.sport","sport","sport","","","","","706","core-3000"
"it.lex.conferenza-lezione","lecture","conferenza / lezione","","","","","707","core-3000"
"it.lex.seminario","seminar","seminario","","","","","708","core-3000"
"it.lex.tesi","thesis","tesi","","","","","709","core-3000"
"it.lex.borsa-di-studio","scholarship","borsa di studio","","","","","710","core-3000"
"it.lex.campus","campus","campus","","","","","711","core-3000"
"it.lex.aula","classroom","aula","","","","","712","core-3000"
"it.lex.lavagna","blackboard","lavagna","","","","","713","core-3000"
"it.lex.scuola-elementare","primary school","scuola elementare","","","","","714","core-3000"
"it.lex.liceo-scuola-superiore","high school","liceo / scuola superiore","","","","","715","core-3000"
"it.lex.istituto-professionale","vocational school","istituto professionale","","","","","717","core-3000"
"it.lex.esame-orale","oral exam","esame orale","","","","","718","core-3000"
"it.lex.esame-scritto","written exam","esame scritto","","","","","719","core-3000"
"it.lex.tema-saggio","essay","tema / saggio","","","","","720","core-3000"
"it.lex.presentazione","presentation","presentazione","","","","","721","core-3000"
"it.lex.elaborato-ricerca","research paper","elaborato / ricerca","","","","","722","core-3000"
"it.lex.plagio","plagiarism","plagio","","","","","723","core-3000"
"it.lex.citazione","citation","citazione","","","","","724","core-3000"
"it.lex.superare-un-esame","to pass an exam","superare un esame","","","","","725","core-3000"
"it.lex.non-superare-un-esame","to fail an exam","non superare un esame","","","","","726","core-3000"
"it.lex.laurearsi","to graduate","laurearsi","","","","","727","core-3000"
"it.lex.mensa","canteen","mensa","","","","","728","core-3000"
"it.lex.dormitorio-residenza-universitaria","dormitory","dormitorio / residenza universitaria","","","","","729","core-3000"
"it.lex.programma.curriculum","curriculum","programma","","","","","730","core-3000"
"it.lex.semestre","semester","semestre","","","","","731","core-3000"
"it.lex.tassa-universitaria","tuition fee","tassa universitaria","","","","","732","core-3000"
"it.lex.lavoro","work","lavoro","","","","","733","core-3000"
"it.lex.lavoro-impiego","job","lavoro / impiego","","","","","734","core-3000"
"it.lex.carriera","career","carriera","","","","","735","core-3000"
"it.lex.stipendio","salary","stipendio","","","","","736","core-3000"
"it.lex.salario","wage","salario","","","","","737","core-3000"
"it.lex.reddito","income","reddito","","","","","738","core-3000"
"it.lex.soldi-denaro","money","soldi / denaro","","","","","739","core-3000"
"it.lex.prezzo","price","prezzo","","","","","740","core-3000"
"it.lex.costo","cost","costo","","","","","741","core-3000"
"it.lex.budget","budget","budget","","","","","742","core-3000"
"it.lex.profitto","profit","profitto","","","","","743","core-3000"
"it.lex.perdita","loss","perdita","","","","","744","core-3000"
"it.lex.tassa-imposta","tax","tassa / imposta","","","","","745","core-3000"
"it.lex.conto-fattura","bill","conto / fattura","","","","","746","core-3000"
"it.lex.ricevuta","receipt","ricevuta","","","","","747","core-3000"
"it.lex.contratto","contract","contratto","","","","","748","core-3000"
"it.lex.riunione","meeting","riunione","","","","","749","core-3000"
"it.lex.progetto","project","progetto","","","","","750","core-3000"
"it.lex.relazione-rapporto","report","relazione / rapporto","","","","","751","core-3000"
"it.lex.email","email","email","","","","","752","core-3000"
"it.lex.azienda","company","azienda","","","","","753","core-3000"
"it.lex.squadra-team","team","squadra / team","","","","","754","core-3000"
"it.lex.colloquio","interview","colloquio","","","","","755","core-3000"
"it.lex.candidatura","application","candidatura","","","","","756","core-3000"
"it.lex.curriculum-vitae","resume","curriculum vitae","","","","","757","core-3000"
"it.lex.investimento","investment","investimento","","","","","758","core-3000"
"it.lex.prestito","loan","prestito","","","","","759","core-3000"
"it.lex.debito","debt","debito","","","","","760","core-3000"
"it.lex.risparmi","savings","risparmi","","","","","761","core-3000"
"it.lex.assicurazione","insurance","assicurazione","","","","","762","core-3000"
"it.lex.pensione","pension","pensione","","","","","763","core-3000"
"it.lex.sindacato","trade union","sindacato","","","","","764","core-3000"
"it.lex.borsa.stock-market","stock market","borsa","","","","","765","core-3000"
"it.lex.crisi","crisis","crisi","","","","","766","core-3000"
"it.lex.economia","economy","economia","","","","","767","core-3000"
"it.lex.industria","industry","industria","","","","","768","core-3000"
"it.lex.prodotto","product","prodotto","","","","","769","core-3000"
"it.lex.marca-brand","brand","marca / brand","","","","","770","core-3000"
"it.lex.qualita","quality","qualità","","","","","771","core-3000"
"it.lex.offerta","offer","offerta","","","","","772","core-3000"
"it.lex.vendita","sale","vendita","","","","","773","core-3000"
"it.lex.sconto","discount","sconto","","","","","774","core-3000"
"it.lex.affari","business","affari","","","","","775","core-3000"
"it.lex.imprenditore","entrepreneur","imprenditore","","","","","776","core-3000"
"it.lex.startup","startup","startup","","","","","777","core-3000"
"it.lex.straordinario","overtime","straordinario","","","","","779","core-3000"
"it.lex.turno","shift","turno","","","","","780","core-3000"
"it.lex.promozione","promotion","promozione","","","","","781","core-3000"
"it.lex.disoccupazione","unemployment","disoccupazione","","","","","782","core-3000"
"it.lex.libero-professionista","freelance","libero professionista","","","","","783","core-3000"
"it.lex.laboratorio-workshop","workshop","laboratorio / workshop","","","","","784","core-3000"
"it.lex.conferenza","conference","conferenza","","","","","785","core-3000"
"it.lex.obiettivo.target","target","obiettivo","","","","","787","core-3000"
"it.lex.strategia","strategy","strategia","","","","","788","core-3000"
"it.lex.negoziazione","negotiation","negoziazione","","","","","789","core-3000"
"it.lex.partnership","partnership","partnership","","","","","790","core-3000"
"it.lex.computer","computer","computer","","","","","791","core-3000"
"it.lex.laptop-portatile","laptop","laptop / portatile","","","","","792","core-3000"
"it.lex.telefono","phone","telefono","","","","","793","core-3000"
"it.lex.smartphone-cellulare","smartphone","smartphone / cellulare","","","","","794","core-3000"
"it.lex.tablet","tablet","tablet","","","","","795","core-3000"
"it.lex.schermo","screen","schermo","","","","","796","core-3000"
"it.lex.tastiera","keyboard","tastiera","","","","","797","core-3000"
"it.lex.mouse","mouse","mouse","","","","","798","core-3000"
"it.lex.cavo","cable","cavo","","","","","799","core-3000"
"it.lex.internet","internet","internet","","","","","800","core-3000"
"it.lex.sito-web","website","sito web","","","","","801","core-3000"
"it.lex.app","app","app","","","","","802","core-3000"
"it.lex.software","software","software","","","","","803","core-3000"
"it.lex.programma.program","program","programma","","","","","804","core-3000"
"it.lex.file","file","file","","","","","805","core-3000"
"it.lex.cartella","folder","cartella","","","","","806","core-3000"
"it.lex.password","password","password","","","","","807","core-3000"
"it.lex.account","account","account","","","","","808","core-3000"
"it.lex.messaggio","message","messaggio","","","","","809","core-3000"
"it.lex.foto","photo","foto","","","","","810","core-3000"
"it.lex.video","video","video","","","","","811","core-3000"
"it.lex.fotocamera-telecamera","camera","fotocamera / telecamera","","","","","812","core-3000"
"it.lex.televisione","television","televisione","","","","","813","core-3000"
"it.lex.radio","radio","radio","","","","","814","core-3000"
"it.lex.batteria.battery","battery","batteria","","","","","815","core-3000"
"it.lex.caricabatterie","charger","caricabatterie","","","","","816","core-3000"
"it.lex.stampante","printer","stampante","","","","","817","core-3000"
"it.lex.rete","network","rete","","","","","818","core-3000"
"it.lex.dati","data","dati","","","","","819","core-3000"
"it.lex.cloud","cloud","cloud","","","","","820","core-3000"
"it.lex.nome-utente","username","nome utente","","","","","821","core-3000"
"it.lex.notifica","notification","notifica","","","","","822","core-3000"
"it.lex.algoritmo","algorithm","algoritmo","","","","","823","core-3000"
"it.lex.database","database","database","","","","","824","core-3000"
"it.lex.sistema-operativo","operating system","sistema operativo","","","","","825","core-3000"
"it.lex.programmazione","programming","programmazione","","","","","826","core-3000"
"it.lex.bug-errore","bug","bug / errore","","","","","827","core-3000"
"it.lex.aggiornamento","update","aggiornamento","","","","","828","core-3000"
"it.lex.download","download","download","","","","","829","core-3000"
"it.lex.caricamento","upload","caricamento","","","","","830","core-3000"
"it.lex.wi-fi","wi-fi","wi-fi","","","","","831","core-3000"
"it.lex.bluetooth","bluetooth","bluetooth","","","","","832","core-3000"
"it.lex.sicurezza-informatica","cybersecurity","sicurezza informatica","","","","","833","core-3000"
"it.lex.crittografia","encryption","crittografia","","","","","834","core-3000"
"it.lex.intelligenza-artificiale","artificial intelligence","intelligenza artificiale","","","","","835","core-3000"
"it.lex.realta-virtuale","virtual reality","realtà virtuale","","","","","836","core-3000"
"it.lex.stampa-3d","3D printing","stampa 3D","","","","","837","core-3000"
"it.lex.automazione","automation","automazione","","","","","838","core-3000"
"it.lex.social-media","social media","social media","","","","","839","core-3000"
"it.lex.streaming","streaming","streaming","","","","","840","core-3000"
"it.lex.commercio-elettronico","e-commerce","commercio elettronico","","","","","841","core-3000"
"it.lex.digitale","digital","digitale","","","","","842","core-3000"
"it.lex.salute","health","salute","","","","","843","core-3000"
"it.lex.malattia","illness","malattia","","","","","844","core-3000"
"it.lex.dolore","pain","dolore","","","","","845","core-3000"
"it.lex.febbre","fever","febbre","","","","","846","core-3000"
"it.lex.raffreddore","cold","raffreddore","","","","","847","core-3000"
"it.lex.influenza","flu","influenza","","","","","848","core-3000"
"it.lex.allergia","allergy","allergia","","","","","849","core-3000"
"it.lex.medicina-farmaco","medicine","medicina / farmaco","","","","","850","core-3000"
"it.lex.pillola","pill","pillola","","","","","851","core-3000"
"it.lex.iniezione","injection","iniezione","","","","","852","core-3000"
"it.lex.benda","bandage","benda","","","","","853","core-3000"
"it.lex.operazione","operation","operazione","","","","","854","core-3000"
"it.lex.appuntamento","appointment","appuntamento","","","","","855","core-3000"
"it.lex.dieta","diet","dieta","","","","","856","core-3000"
"it.lex.sonno","sleep","sonno","","","","","857","core-3000"
"it.lex.stress","stress","stress","","","","","858","core-3000"
"it.lex.peso","weight","peso","","","","","859","core-3000"
"it.lex.mal-di-testa","headache","mal di testa","","","","","860","core-3000"
"it.lex.mal-di-stomaco","stomachache","mal di stomaco","","","","","861","core-3000"
"it.lex.mal-di-denti","toothache","mal di denti","","","","","862","core-3000"
"it.lex.mal-di-schiena","back pain","mal di schiena","","","","","863","core-3000"
"it.lex.ricetta.prescription","prescription","ricetta","","","","","864","core-3000"
"it.lex.sintomo","symptom","sintomo","","","","","865","core-3000"
"it.lex.diagnosi","diagnosis","diagnosi","","","","","866","core-3000"
"it.lex.trattamento","treatment","trattamento","","","","","867","core-3000"
"it.lex.vaccino","vaccine","vaccino","","","","","868","core-3000"
"it.lex.virus","virus","virus","","","","","869","core-3000"
"it.lex.batteri","bacteria","batteri","","","","","870","core-3000"
"it.lex.pressione-sanguigna","blood pressure","pressione sanguigna","","","","","871","core-3000"
"it.lex.frequenza-cardiaca","heart rate","frequenza cardiaca","","","","","872","core-3000"
"it.lex.pronto-soccorso.first-aid","first aid","pronto soccorso","","","","","873","core-3000"
"it.lex.emergenza","emergency","emergenza","","","","","874","core-3000"
"it.lex.sala-d-attesa","waiting room","sala d'attesa","","","","","875","core-3000"
"it.lex.studio-medico","doctor's office","studio medico","","","","","876","core-3000"
"it.lex.visita-di-controllo","checkup","visita di controllo","","","","","877","core-3000"
"it.lex.chirurgia-intervento","surgery","chirurgia / intervento","","","","","878","core-3000"
"it.lex.guarigione-recupero","recovery","guarigione / recupero","","","","","879","core-3000"
"it.lex.prevenzione","prevention","prevenzione","","","","","880","core-3000"
"it.lex.igiene","hygiene","igiene","","","","","881","core-3000"
"it.lex.disinfettante","disinfectant","disinfettante","","","","","882","core-3000"
"it.lex.ambulanza","ambulance","ambulanza","","","","","883","core-3000"
"it.lex.sedia-a-rotelle","wheelchair","sedia a rotelle","","","","","884","core-3000"
"it.lex.stampelle","crutches","stampelle","","","","","885","core-3000"
"it.lex.analisi-del-sangue","blood test","analisi del sangue","","","","","887","core-3000"
"it.lex.radiografia","X-ray","radiografia","","","","","888","core-3000"
"it.lex.scansione-ecografia","scan","scansione / ecografia","","","","","889","core-3000"
"it.lex.termometro","thermometer","termometro","","","","","890","core-3000"
"it.lex.vestiti-abbigliamento","clothes","vestiti / abbigliamento","","","","","891","core-3000"
"it.lex.camicia","shirt","camicia","","","","","892","core-3000"
"it.lex.maglietta","t-shirt","maglietta","","","","","893","core-3000"
"it.lex.pantaloni","pants","pantaloni","","","","","894","core-3000"
"it.lex.jeans","jeans","jeans","","","","","895","core-3000"
"it.lex.vestito-abito","dress","vestito / abito","","","","","896","core-3000"
"it.lex.gonna","skirt","gonna","","","","","897","core-3000"
"it.lex.giacca","jacket","giacca","","","","","898","core-3000"
"it.lex.cappotto","coat","cappotto","","","","","899","core-3000"
"it.lex.maglione","sweater","maglione","","","","","900","core-3000"
"it.lex.abito-completo","suit","abito / completo","","","","","901","core-3000"
"it.lex.cravatta","tie","cravatta","","","","","902","core-3000"
"it.lex.scarpe","shoes","scarpe","","","","","903","core-3000"
"it.lex.stivali","boots","stivali","","","","","904","core-3000"
"it.lex.calzini","socks","calzini","","","","","905","core-3000"
"it.lex.cappello","hat","cappello","","","","","906","core-3000"
"it.lex.berretto","cap","berretto","","","","","907","core-3000"
"it.lex.sciarpa","scarf","sciarpa","","","","","908","core-3000"
"it.lex.guanti","gloves","guanti","","","","","909","core-3000"
"it.lex.occhiali","glasses","occhiali","","","","","910","core-3000"
"it.lex.occhiali-da-sole","sunglasses","occhiali da sole","","","","","911","core-3000"
"it.lex.borsa.bag","bag","borsa","","","","","912","core-3000"
"it.lex.anello","ring","anello","","","","","913","core-3000"
"it.lex.orologio","watch","orologio","","","","","914","core-3000"
"it.lex.collana","necklace","collana","","","","","915","core-3000"
"it.lex.orecchino","earring","orecchino","","","","","916","core-3000"
"it.lex.braccialetto","bracelet","braccialetto","","","","","917","core-3000"
"it.lex.ombrello","umbrella","ombrello","","","","","918","core-3000"
"it.lex.cintura","belt","cintura","","","","","919","core-3000"
"it.lex.tasca","pocket","tasca","","","","","920","core-3000"
"it.lex.bottone","button","bottone","","","","","921","core-3000"
"it.lex.cerniera","zipper","cerniera","","","","","922","core-3000"
"it.lex.biancheria-intima","underwear","biancheria intima","","","","","923","core-3000"
"it.lex.pigiama","pajamas","pigiama","","","","","924","core-3000"
"it.lex.costume-da-bagno","swimsuit","costume da bagno","","","","","925","core-3000"
"it.lex.abbigliamento-sportivo","sportswear","abbigliamento sportivo","","","","","926","core-3000"
"it.lex.impermeabile","raincoat","impermeabile","","","","","927","core-3000"
"it.lex.sandali","sandals","sandali","","","","","928","core-3000"
"it.lex.scarpe-da-ginnastica","sneakers","scarpe da ginnastica","","","","","929","core-3000"
"it.lex.tacco","heel","tacco","","","","","930","core-3000"
"it.lex.pelliccia","fur coat","pelliccia","","","","","931","core-3000"
"it.lex.giubbotto-di-pelle","leather jacket","giubbotto di pelle","","","","","932","core-3000"
"it.lex.felpa-con-cappuccio","hoodie","felpa con cappuccio","","","","","933","core-3000"
"it.lex.pantaloncini","shorts","pantaloncini","","","","","934","core-3000"
"it.lex.seta","silk","seta","","","","","935","core-3000"
"it.lex.cotone","cotton","cotone","","","","","936","core-3000"
"it.lex.lana","wool","lana","","","","","937","core-3000"
"it.lex.lino","linen","lino","","","","","938","core-3000"
"it.lex.idea","idea","idea","","","","","939","core-3000"
"it.lex.pensiero","thought","pensiero","","","","","940","core-3000"
"it.lex.opinione","opinion","opinione","","","","","941","core-3000"
"it.lex.sentimento","feeling","sentimento","","","","","942","core-3000"
"it.lex.sogno","dream","sogno","","","","","943","core-3000"
"it.lex.memoria-ricordo","memory","memoria / ricordo","","","","","944","core-3000"
"it.lex.immaginazione","imagination","immaginazione","","","","","945","core-3000"
"it.lex.decisione","decision","decisione","","","","","946","core-3000"
"it.lex.scelta","choice","scelta","","","","","947","core-3000"
"it.lex.piano","plan","piano","","","","","948","core-3000"
"it.lex.obiettivo.goal","goal","obiettivo","","","","","949","core-3000"
"it.lex.desiderio","wish","desiderio","","","","","950","core-3000"
"it.lex.speranza","hope","speranza","","","","","951","core-3000"
"it.lex.paura","fear","paura","","","","","952","core-3000"
"it.lex.amore","love","amore","","","","","953","core-3000"
"it.lex.odio","hate","odio","","","","","954","core-3000"
"it.lex.gioia","joy","gioia","","","","","955","core-3000"
"it.lex.tristezza","sadness","tristezza","","","","","956","core-3000"
"it.lex.rabbia","anger","rabbia","","","","","957","core-3000"
"it.lex.sorpresa","surprise","sorpresa","","","","","958","core-3000"
"it.lex.fiducia","trust","fiducia","","","","","959","core-3000"
"it.lex.rispetto","respect","rispetto","","","","","960","core-3000"
"it.lex.amicizia","friendship","amicizia","","","","","961","core-3000"
"it.lex.liberta","freedom","libertà","","","","","962","core-3000"
"it.lex.pace","peace","pace","","","","","963","core-3000"
"it.lex.guerra","war","guerra","","","","","964","core-3000"
"it.lex.pericolo","danger","pericolo","","","","","965","core-3000"
"it.lex.fortuna","luck","fortuna","","","","","966","core-3000"
"it.lex.successo","success","successo","","","","","967","core-3000"
"it.lex.fallimento.failure","failure","fallimento","","","","","968","core-3000"
"it.lex.errore","mistake","errore","","","","","969","core-3000"
"it.lex.problema","problem","problema","","","","","970","core-3000"
"it.lex.soluzione","solution","soluzione","","","","","971","core-3000"
"it.lex.ragione-motivo","reason","ragione / motivo","","","","","972","core-3000"
"it.lex.causa","cause","causa","","","","","973","core-3000"
"it.lex.effetto","effect","effetto","","","","","974","core-3000"
"it.lex.risultato","result","risultato","","","","","975","core-3000"
"it.lex.esperienza","experience","esperienza","","","","","976","core-3000"
"it.lex.consiglio.advice","advice","consiglio","","","","","977","core-3000"
"it.lex.regola","rule","regola","","","","","978","core-3000"
"it.lex.legge","law","legge","","","","","979","core-3000"
"it.lex.diritto","right","diritto","","","","","980","core-3000"
"it.lex.responsabilita","responsibility","responsabilità","","","","","981","core-3000"
"it.lex.verita","truth","verità","","","","","982","core-3000"
"it.lex.bugia","lie","bugia","","","","","983","core-3000"
"it.lex.importanza","importance","importanza","","","","","984","core-3000"
"it.lex.valore","value","valore","","","","","985","core-3000"
"it.lex.differenza","difference","differenza","","","","","986","core-3000"
"it.lex.somiglianza","similarity","somiglianza","","","","","987","core-3000"
"it.lex.cambiamento","change","cambiamento","","","","","988","core-3000"
"it.lex.progresso","progress","progresso","","","","","989","core-3000"
"it.lex.cultura","culture","cultura","","","","","990","core-3000"
"it.lex.tradizione","tradition","tradizione","","","","","991","core-3000"
"it.lex.religione","religion","religione","","","","","992","core-3000"
"it.lex.politica","politics","politica","","","","","993","core-3000"
"it.lex.societa","society","società","","","","","994","core-3000"
"it.lex.scienza","science","scienza","","","","","996","core-3000"
"it.lex.tecnologia","technology","tecnologia","","","","","997","core-3000"
"it.lex.istruzione-educazione","education","istruzione / educazione","","","","","998","core-3000"
"it.lex.opportunita","opportunity","opportunità","","","","","999","core-3000"
"it.lex.rischio","risk","rischio","","","","","1000","core-3000"
"it.lex.solitudine","loneliness","solitudine","","","","","1001","core-3000"
"it.lex.nostalgia","nostalgia","nostalgia","","","","","1002","core-3000"
"it.lex.entusiasmo","enthusiasm","entusiasmo","","","","","1003","core-3000"
"it.lex.passione","passion","passione","","","","","1004","core-3000"
"it.lex.colpa","guilt","colpa","","","","","1005","core-3000"
"it.lex.orgoglio","pride","orgoglio","","","","","1006","core-3000"
"it.lex.gratitudine","gratitude","gratitudine","","","","","1007","core-3000"
"it.lex.sollievo","relief","sollievo","","","","","1008","core-3000"
"it.lex.noia","boredom","noia","","","","","1009","core-3000"
"it.lex.ansia","anxiety","ansia","","","","","1010","core-3000"
"it.lex.empatia","empathy","empatia","","","","","1011","core-3000"
"it.lex.compassione","compassion","compassione","","","","","1012","core-3000"
"it.lex.coraggio","courage","coraggio","","","","","1013","core-3000"
"it.lex.pazienza","patience","pazienza","","","","","1014","core-3000"
"it.lex.generosita","generosity","generosità","","","","","1015","core-3000"
"it.lex.onesta","honesty","onestà","","","","","1016","core-3000"
"it.lex.lealta","loyalty","lealtà","","","","","1017","core-3000"
"it.lex.giustizia","justice","giustizia","","","","","1018","core-3000"
"it.lex.uguaglianza","equality","uguaglianza","","","","","1019","core-3000"
"it.lex.essere","to be","essere","","","","","1020","core-3000"
"it.lex.avere","to have","avere","","","","","1021","core-3000"
"it.lex.fare","to do / make","fare","","","","","1022","core-3000"
"it.lex.dire","to say","dire","","","","","1023","core-3000"
"it.lex.andare","to go","andare","","","","","1024","core-3000"
"it.lex.venire","to come","venire","","","","","1025","core-3000"
"it.lex.sapere","to know (a fact)","sapere","","","","","1026","core-3000"
"it.lex.conoscere","to know (a person)","conoscere","","","","","1027","core-3000"
"it.lex.pensare","to think","pensare","","","","","1028","core-3000"
"it.lex.vedere","to see","vedere","","","","","1029","core-3000"
"it.lex.volere","to want","volere","","","","","1030","core-3000"
"it.lex.dare","to give","dare","","","","","1031","core-3000"
"it.lex.prendere","to take","prendere","","","","","1032","core-3000"
"it.lex.trovare","to find","trovare","","","","","1033","core-3000"
"it.lex.raccontare-dire","to tell","raccontare / dire","","","","","1034","core-3000"
"it.lex.chiedere","to ask","chiedere","","","","","1035","core-3000"
"it.lex.lavorare","to work","lavorare","","","","","1036","core-3000"
"it.lex.chiamare","to call","chiamare","","","","","1037","core-3000"
"it.lex.provare-cercare","to try","provare / cercare","","","","","1038","core-3000"
"it.lex.aver-bisogno-di","to need","aver bisogno di","","","","","1039","core-3000"
"it.lex.sentire-sentirsi","to feel","sentire / sentirsi","","","","","1040","core-3000"
"it.lex.diventare","to become","diventare","","","","","1041","core-3000"
"it.lex.partire-lasciare","to leave","partire / lasciare","","","","","1042","core-3000"
"it.lex.significare","to mean","significare","","","","","1043","core-3000"
"it.lex.tenere-mantenere","to keep","tenere / mantenere","","","","","1044","core-3000"
"it.lex.lasciare","to let","lasciare","","","","","1045","core-3000"
"it.lex.iniziare-cominciare","to begin","iniziare / cominciare","","","","","1046","core-3000"
"it.lex.mostrare","to show","mostrare","","","","","1047","core-3000"
"it.lex.sentire","to hear","sentire","","","","","1048","core-3000"
"it.lex.giocare-suonare","to play","giocare / suonare","","","","","1049","core-3000"
"it.lex.correre","to run","correre","","","","","1050","core-3000"
"it.lex.muoversi-spostarsi","to move","muoversi / spostarsi","","","","","1051","core-3000"
"it.lex.vivere","to live","vivere","","","","","1052","core-3000"
"it.lex.credere","to believe","credere","","","","","1053","core-3000"
"it.lex.tenere","to hold","tenere","","","","","1054","core-3000"
"it.lex.portare.to-bring","to bring","portare","","","","","1055","core-3000"
"it.lex.scrivere","to write","scrivere","","","","","1056","core-3000"
"it.lex.stare-in-piedi","to stand","stare in piedi","","","","","1057","core-3000"
"it.lex.perdere","to lose","perdere","","","","","1058","core-3000"
"it.lex.pagare","to pay","pagare","","","","","1059","core-3000"
"it.lex.incontrare","to meet","incontrare","","","","","1060","core-3000"
"it.lex.imparare","to learn","imparare","","","","","1061","core-3000"
"it.lex.cambiare","to change","cambiare","","","","","1062","core-3000"
"it.lex.guidare-condurre","to lead","guidare / condurre","","","","","1063","core-3000"
"it.lex.capire","to understand","capire","","","","","1064","core-3000"
"it.lex.guardare.to-watch","to watch","guardare","","","","","1065","core-3000"
"it.lex.seguire.to-follow","to follow","seguire","","","","","1066","core-3000"
"it.lex.fermarsi-smettere","to stop","fermarsi / smettere","","","","","1067","core-3000"
"it.lex.creare","to create","creare","","","","","1068","core-3000"
"it.lex.parlare","to speak","parlare","","","","","1069","core-3000"
"it.lex.leggere","to read","leggere","","","","","1070","core-3000"
"it.lex.trascorrere-passare","to spend (time)","trascorrere / passare","","","","","1071","core-3000"
"it.lex.spendere","to spend (money)","spendere","","","","","1072","core-3000"
"it.lex.crescere","to grow","crescere","","","","","1073","core-3000"
"it.lex.aprire","to open","aprire","","","","","1074","core-3000"
"it.lex.chiudere","to close","chiudere","","","","","1075","core-3000"
"it.lex.camminare","to walk","camminare","","","","","1076","core-3000"
"it.lex.vincere","to win","vincere","","","","","1077","core-3000"
"it.lex.offrire","to offer","offrire","","","","","1078","core-3000"
"it.lex.ricordare","to remember","ricordare","","","","","1079","core-3000"
"it.lex.amare","to love","amare","","","","","1080","core-3000"
"it.lex.comprare","to buy","comprare","","","","","1081","core-3000"
"it.lex.aspettare","to wait","aspettare","","","","","1082","core-3000"
"it.lex.morire","to die","morire","","","","","1083","core-3000"
"it.lex.mandare-inviare","to send","mandare / inviare","","","","","1084","core-3000"
"it.lex.costruire","to build","costruire","","","","","1085","core-3000"
"it.lex.restare-rimanere","to stay","restare / rimanere","","","","","1086","core-3000"
"it.lex.cadere","to fall","cadere","","","","","1087","core-3000"
"it.lex.tagliare","to cut","tagliare","","","","","1088","core-3000"
"it.lex.raggiungere","to reach","raggiungere","","","","","1089","core-3000"
"it.lex.vendere","to sell","vendere","","","","","1090","core-3000"
"it.lex.decidere","to decide","decidere","","","","","1091","core-3000"
"it.lex.tornare-restituire","to return","tornare / restituire","","","","","1092","core-3000"
"it.lex.spiegare","to explain","spiegare","","","","","1093","core-3000"
"it.lex.sperare","to hope","sperare","","","","","1094","core-3000"
"it.lex.sviluppare","to develop","sviluppare","","","","","1095","core-3000"
"it.lex.portare.to-carry","to carry","portare","","","","","1096","core-3000"
"it.lex.rompere","to break","rompere","","","","","1097","core-3000"
"it.lex.ricevere","to receive","ricevere","","","","","1098","core-3000"
"it.lex.essere-d-accordo","to agree","essere d'accordo","","","","","1099","core-3000"
"it.lex.supportare-sostenere","to support","supportare / sostenere","","","","","1100","core-3000"
"it.lex.mangiare","to eat","mangiare","","","","","1101","core-3000"
"it.lex.bere","to drink","bere","","","","","1102","core-3000"
"it.lex.dormire","to sleep","dormire","","","","","1103","core-3000"
"it.lex.sedersi.to-sit","to sit","sedersi","","","","","1104","core-3000"
"it.lex.aiutare","to help","aiutare","","","","","1105","core-3000"
"it.lex.viaggiare","to travel","viaggiare","","","","","1106","core-3000"
"it.lex.volare","to fly","volare","","","","","1107","core-3000"
"it.lex.nuotare","to swim","nuotare","","","","","1108","core-3000"
"it.lex.cucinare","to cook","cucinare","","","","","1109","core-3000"
"it.lex.guidare","to drive","guidare","","","","","1110","core-3000"
"it.lex.girare","to turn","girare","","","","","1111","core-3000"
"it.lex.tirare.to-pull","to pull","tirare","","","","","1112","core-3000"
"it.lex.spingere.to-push","to push","spingere","","","","","1113","core-3000"
"it.lex.saltare","to jump","saltare","","","","","1114","core-3000"
"it.lex.lanciare.to-throw","to throw","lanciare","","","","","1115","core-3000"
"it.lex.prendere-afferrare","to catch","prendere / afferrare","","","","","1116","core-3000"
"it.lex.cantare","to sing","cantare","","","","","1117","core-3000"
"it.lex.ballare","to dance","ballare","","","","","1118","core-3000"
"it.lex.ridere","to laugh","ridere","","","","","1119","core-3000"
"it.lex.piangere","to cry","piangere","","","","","1120","core-3000"
"it.lex.sorridere","to smile","sorridere","","","","","1121","core-3000"
"it.lex.baciare","to kiss","baciare","","","","","1122","core-3000"
"it.lex.abbracciare","to hug","abbracciare","","","","","1123","core-3000"
"it.lex.combattere-litigare","to fight","combattere / litigare","","","","","1124","core-3000"
"it.lex.scegliere","to choose","scegliere","","","","","1125","core-3000"
"it.lex.usare-utilizzare","to use","usare / utilizzare","","","","","1126","core-3000"
"it.lex.pulire","to clean","pulire","","","","","1127","core-3000"
"it.lex.riparare.to-fix","to fix","riparare","","","","","1128","core-3000"
"it.lex.iniziare-partire","to start","iniziare / partire","","","","","1129","core-3000"
"it.lex.finire","to finish","finire","","","","","1130","core-3000"
"it.lex.controllare","to check","controllare","","","","","1131","core-3000"
"it.lex.pianificare","to plan","pianificare","","","","","1132","core-3000"
"it.lex.preparare","to prepare","preparare","","","","","1133","core-3000"
"it.lex.misurare","to measure","misurare","","","","","1134","core-3000"
"it.lex.contare","to count","contare","","","","","1135","core-3000"
"it.lex.condividere","to share","condividere","","","","","1136","core-3000"
"it.lex.visitare","to visit","visitare","","","","","1137","core-3000"
"it.lex.invitare","to invite","invitare","","","","","1138","core-3000"
"it.lex.accettare","to accept","accettare","","","","","1139","core-3000"
"it.lex.rifiutare","to refuse","rifiutare","","","","","1140","core-3000"
"it.lex.dimenticare","to forget","dimenticare","","","","","1141","core-3000"
"it.lex.perdonare","to forgive","perdonare","","","","","1142","core-3000"
"it.lex.promettere","to promise","promettere","","","","","1143","core-3000"
"it.lex.suggerire","to suggest","suggerire","","","","","1144","core-3000"
"it.lex.consigliare","to recommend","consigliare","","","","","1145","core-3000"
"it.lex.ringraziare","to thank","ringraziare","","","","","1146","core-3000"
"it.lex.salutare","to greet","salutare","","","","","1147","core-3000"
"it.lex.presentare","to introduce","presentare","","","","","1148","core-3000"
"it.lex.confermare","to confirm","confermare","","","","","1149","core-3000"
"it.lex.annullare","to cancel","annullare","","","","","1150","core-3000"
"it.lex.prenotare","to reserve","prenotare","","","","","1151","core-3000"
"it.lex.ordinare","to order","ordinare","","","","","1152","core-3000"
"it.lex.prendere-in-prestito","to borrow","prendere in prestito","","","","","1153","core-3000"
"it.lex.prestare","to lend","prestare","","","","","1154","core-3000"
"it.lex.affittare","to rent","affittare","","","","","1155","core-3000"
"it.lex.guadagnare","to earn","guadagnare","","","","","1156","core-3000"
"it.lex.risparmiare","to save","risparmiare","","","","","1157","core-3000"
"it.lex.gestire","to manage","gestire","","","","","1158","core-3000"
"it.lex.organizzare","to organize","organizzare","","","","","1159","core-3000"
"it.lex.risolvere","to solve","risolvere","","","","","1160","core-3000"
"it.lex.proteggere","to protect","proteggere","","","","","1161","core-3000"
"it.lex.evitare","to avoid","evitare","","","","","1162","core-3000"
"it.lex.permettere","to allow","permettere","","","","","1163","core-3000"
"it.lex.prevenire","to prevent","prevenire","","","","","1164","core-3000"
"it.lex.migliorare","to improve","migliorare","","","","","1165","core-3000"
"it.lex.aumentare","to increase","aumentare","","","","","1166","core-3000"
"it.lex.diminuire","to decrease","diminuire","","","","","1167","core-3000"
"it.lex.raccogliere.to-collect","to collect","raccogliere","","","","","1168","core-3000"
"it.lex.cercare","to search","cercare","","","","","1169","core-3000"
"it.lex.scoprire","to find out","scoprire","","","","","1170","core-3000"
"it.lex.notare","to notice","notare","","","","","1171","core-3000"
"it.lex.immaginare","to imagine","immaginare","","","","","1172","core-3000"
"it.lex.preoccuparsi","to worry","preoccuparsi","","","","","1173","core-3000"
"it.lex.godere-divertirsi","to enjoy","godere / divertirsi","","","","","1174","core-3000"
"it.lex.soffrire","to suffer","soffrire","","","","","1175","core-3000"
"it.lex.festeggiare","to celebrate","festeggiare","","","","","1176","core-3000"
"it.lex.rilassarsi","to relax","rilassarsi","","","","","1177","core-3000"
"it.lex.studiare","to study","studiare","","","","","1178","core-3000"
"it.lex.insegnare","to teach","insegnare","","","","","1179","core-3000"
"it.lex.disegnare","to draw","disegnare","","","","","1180","core-3000"
"it.lex.dipingere","to paint","dipingere","","","","","1181","core-3000"
"it.lex.fotografare","to photograph","fotografare","","","","","1182","core-3000"
"it.lex.registrare","to record","registrare","","","","","1183","core-3000"
"it.lex.stampare","to print","stampare","","","","","1184","core-3000"
"it.lex.salvare","to save (file)","salvare","","","","","1185","core-3000"
"it.lex.eliminare-cancellare","to delete","eliminare / cancellare","","","","","1186","core-3000"
"it.lex.installare","to install","installare","","","","","1187","core-3000"
"it.lex.scaricare","to download","scaricare","","","","","1188","core-3000"
"it.lex.caricare","to upload","caricare","","","","","1189","core-3000"
"it.lex.connettere-collegare","to connect","connettere / collegare","","","","","1190","core-3000"
"it.lex.tradurre","to translate","tradurre","","","","","1191","core-3000"
"it.lex.ripetere","to repeat","ripetere","","","","","1192","core-3000"
"it.lex.praticare-esercitarsi","to practice","praticare / esercitarsi","","","","","1193","core-3000"
"it.lex.assumere","to hire","assumere","","","","","1194","core-3000"
"it.lex.licenziare","to fire","licenziare","","","","","1195","core-3000"
"it.lex.candidarsi","to apply","candidarsi","","","","","1196","core-3000"
"it.lex.andare-in-pensione","to retire","andare in pensione","","","","","1197","core-3000"
"it.lex.partecipare","to participate","partecipare","","","","","1198","core-3000"
"it.lex.confrontare","to compare","confrontare","","","","","1199","core-3000"
"it.lex.sdraiarsi","to lie down","sdraiarsi","","","","","1200","core-3000"
"it.lex.alzarsi-in-piedi","to stand up","alzarsi in piedi","","","","","1201","core-3000"
"it.lex.sedersi.to-sit-down","to sit down","sedersi","","","","","1202","core-3000"
"it.lex.alzarsi","to get up","alzarsi","","","","","1203","core-3000"
"it.lex.svegliarsi","to wake up","svegliarsi","","","","","1204","core-3000"
"it.lex.addormentarsi","to fall asleep","addormentarsi","","","","","1205","core-3000"
"it.lex.vestirsi","to get dressed","vestirsi","","","","","1206","core-3000"
"it.lex.svestirsi","to get undressed","svestirsi","","","","","1207","core-3000"
"it.lex.affrettarsi-sbrigarsi","to hurry","affrettarsi / sbrigarsi","","","","","1208","core-3000"
"it.lex.calmarsi","to calm down","calmarsi","","","","","1209","core-3000"
"it.lex.innamorarsi","to fall in love","innamorarsi","","","","","1210","core-3000"
"it.lex.perdersi","to get lost","perdersi","","","","","1211","core-3000"
"it.lex.abituarsi-a","to get used to","abituarsi a","","","","","1212","core-3000"
"it.lex.lamentarsi","to complain","lamentarsi","","","","","1213","core-3000"
"it.lex.scusarsi","to apologize","scusarsi","","","","","1214","core-3000"
"it.lex.concentrarsi","to concentrate","concentrarsi","","","","","1215","core-3000"
"it.lex.assaggiare","to taste","assaggiare","","","","","1216","core-3000"
"it.lex.annusare","to smell","annusare","","","","","1217","core-3000"
"it.lex.toccare","to touch","toccare","","","","","1218","core-3000"
"it.lex.udire","to hear","udire","","","","","1219","core-3000"
"it.lex.guardare.to-look-at","to look at","guardare","","","","","1220","core-3000"
"it.lex.ascoltare","to listen to","ascoltare","","","","","1221","core-3000"
"it.lex.io-sono","I am","io sono","","","","","1222","core-3000"
"it.lex.tu-sei","you are (sg.)","tu sei","","","","","1223","core-3000"
"it.lex.lui-lei-e","he / she is","lui / lei è","","","","","1224","core-3000"
"it.lex.noi-siamo","we are","noi siamo","","","","","1225","core-3000"
"it.lex.voi-siete","you are (pl.)","voi siete","","","","","1226","core-3000"
"it.lex.loro-sono","they are","loro sono","","","","","1227","core-3000"
"it.lex.io-ho","I have","io ho","","","","","1228","core-3000"
"it.lex.tu-hai","you have (sg.)","tu hai","","","","","1229","core-3000"
"it.lex.lui-lei-ha","he / she has","lui / lei ha","","","","","1230","core-3000"
"it.lex.noi-abbiamo","we have","noi abbiamo","","","","","1231","core-3000"
"it.lex.voi-avete","you have (pl.)","voi avete","","","","","1232","core-3000"
"it.lex.loro-hanno","they have","loro hanno","","","","","1233","core-3000"
"it.lex.io-vado","I go","io vado","","","","","1234","core-3000"
"it.lex.tu-vai","you go (sg.)","tu vai","","","","","1235","core-3000"
"it.lex.lui-lei-va","he / she goes","lui / lei va","","","","","1236","core-3000"
"it.lex.noi-andiamo","we go","noi andiamo","","","","","1237","core-3000"
"it.lex.voi-andate","you go (pl.)","voi andate","","","","","1238","core-3000"
"it.lex.loro-vanno","they go","loro vanno","","","","","1239","core-3000"
"it.lex.io-vengo","I come","io vengo","","","","","1240","core-3000"
"it.lex.tu-vieni","you come (sg.)","tu vieni","","","","","1241","core-3000"
"it.lex.lui-lei-viene","he / she comes","lui / lei viene","","","","","1242","core-3000"
"it.lex.noi-veniamo","we come","noi veniamo","","","","","1243","core-3000"
"it.lex.voi-venite","you come (pl.)","voi venite","","","","","1244","core-3000"
"it.lex.loro-vengono","they come","loro vengono","","","","","1245","core-3000"
"it.lex.io-faccio","I do / make","io faccio","","","","","1246","core-3000"
"it.lex.tu-fai","you do (sg.)","tu fai","","","","","1247","core-3000"
"it.lex.lui-lei-fa","he / she does","lui / lei fa","","","","","1248","core-3000"
"it.lex.noi-facciamo","we do","noi facciamo","","","","","1249","core-3000"
"it.lex.voi-fate","you do (pl.)","voi fate","","","","","1250","core-3000"
"it.lex.loro-fanno","they do","loro fanno","","","","","1251","core-3000"
"it.lex.io-dico","I say","io dico","","","","","1252","core-3000"
"it.lex.tu-dici","you say (sg.)","tu dici","","","","","1253","core-3000"
"it.lex.lui-lei-dice","he / she says","lui / lei dice","","","","","1254","core-3000"
"it.lex.noi-diciamo","we say","noi diciamo","","","","","1255","core-3000"
"it.lex.voi-dite","you say (pl.)","voi dite","","","","","1256","core-3000"
"it.lex.loro-dicono","they say","loro dicono","","","","","1257","core-3000"
"it.lex.io-do","I give","io do","","","","","1258","core-3000"
"it.lex.tu-dai","you give (sg.)","tu dai","","","","","1259","core-3000"
"it.lex.lui-lei-da","he / she gives","lui / lei dà","","","","","1260","core-3000"
"it.lex.noi-diamo","we give","noi diamo","","","","","1261","core-3000"
"it.lex.voi-date","you give (pl.)","voi date","","","","","1262","core-3000"
"it.lex.loro-danno","they give","loro danno","","","","","1263","core-3000"
"it.lex.io-sto","I stay / am","io sto","","","","","1264","core-3000"
"it.lex.tu-stai","you stay (sg.)","tu stai","","","","","1265","core-3000"
"it.lex.lui-lei-sta","he / she stays","lui / lei sta","","","","","1266","core-3000"
"it.lex.noi-stiamo","we stay","noi stiamo","","","","","1267","core-3000"
"it.lex.voi-state","you stay (pl.)","voi state","","","","","1268","core-3000"
"it.lex.loro-stanno","they stay","loro stanno","","","","","1269","core-3000"
"it.lex.io-so","I know (a fact)","io so","","","","","1270","core-3000"
"it.lex.tu-sai","you know (sg.)","tu sai","","","","","1271","core-3000"
"it.lex.lui-lei-sa","he / she knows","lui / lei sa","","","","","1272","core-3000"
"it.lex.noi-sappiamo","we know","noi sappiamo","","","","","1273","core-3000"
"it.lex.voi-sapete","you know (pl.)","voi sapete","","","","","1274","core-3000"
"it.lex.loro-sanno","they know","loro sanno","","","","","1275","core-3000"
"it.lex.io-voglio","I want","io voglio","","","","","1276","core-3000"
"it.lex.tu-vuoi","you want (sg.)","tu vuoi","","","","","1277","core-3000"
"it.lex.lui-lei-vuole","he / she wants","lui / lei vuole","","","","","1278","core-3000"
"it.lex.noi-vogliamo","we want","noi vogliamo","","","","","1279","core-3000"
"it.lex.voi-volete","you want (pl.)","voi volete","","","","","1280","core-3000"
"it.lex.loro-vogliono","they want","loro vogliono","","","","","1281","core-3000"
"it.lex.io-posso","I can","io posso","","","","","1282","core-3000"
"it.lex.tu-puoi","you can (sg.)","tu puoi","","","","","1283","core-3000"
"it.lex.lui-lei-puo","he / she can","lui / lei può","","","","","1284","core-3000"
"it.lex.noi-possiamo","we can","noi possiamo","","","","","1285","core-3000"
"it.lex.voi-potete","you can (pl.)","voi potete","","","","","1286","core-3000"
"it.lex.loro-possono","they can","loro possono","","","","","1287","core-3000"
"it.lex.io-devo","I must / have to","io devo","","","","","1288","core-3000"
"it.lex.tu-devi","you must (sg.)","tu devi","","","","","1289","core-3000"
"it.lex.lui-lei-deve","he / she must","lui / lei deve","","","","","1290","core-3000"
"it.lex.noi-dobbiamo","we must","noi dobbiamo","","","","","1291","core-3000"
"it.lex.voi-dovete","you must (pl.)","voi dovete","","","","","1292","core-3000"
"it.lex.loro-devono","they must","loro devono","","","","","1293","core-3000"
"it.lex.io-esco","I go out","io esco","","","","","1294","core-3000"
"it.lex.tu-esci","you go out (sg.)","tu esci","","","","","1295","core-3000"
"it.lex.lui-lei-esce","he / she goes out","lui / lei esce","","","","","1296","core-3000"
"it.lex.noi-usciamo","we go out","noi usciamo","","","","","1297","core-3000"
"it.lex.voi-uscite","you go out (pl.)","voi uscite","","","","","1298","core-3000"
"it.lex.loro-escono","they go out","loro escono","","","","","1299","core-3000"
"it.lex.io-tengo","I hold / keep","io tengo","","","","","1300","core-3000"
"it.lex.tu-tieni","you hold (sg.)","tu tieni","","","","","1301","core-3000"
"it.lex.lui-lei-tiene","he / she holds","lui / lei tiene","","","","","1302","core-3000"
"it.lex.noi-teniamo","we hold","noi teniamo","","","","","1303","core-3000"
"it.lex.voi-tenete","you hold (pl.)","voi tenete","","","","","1304","core-3000"
"it.lex.loro-tengono","they hold","loro tengono","","","","","1305","core-3000"
"it.lex.io-scelgo","I choose","io scelgo","","","","","1306","core-3000"
"it.lex.tu-scegli","you choose (sg.)","tu scegli","","","","","1307","core-3000"
"it.lex.lui-lei-sceglie","he / she chooses","lui / lei sceglie","","","","","1308","core-3000"
"it.lex.noi-scegliamo","we choose","noi scegliamo","","","","","1309","core-3000"
"it.lex.loro-scelgono","they choose","loro scelgono","","","","","1310","core-3000"
"it.lex.io-bevo","I drink","io bevo","","","","","1311","core-3000"
"it.lex.tu-bevi","you drink (sg.)","tu bevi","","","","","1312","core-3000"
"it.lex.lui-lei-beve","he / she drinks","lui / lei beve","","","","","1313","core-3000"
"it.lex.noi-beviamo","we drink","noi beviamo","","","","","1314","core-3000"
"it.lex.loro-bevono","they drink","loro bevono","","","","","1315","core-3000"
"it.lex.io-pongo","I put / place","io pongo","","","","","1316","core-3000"
"it.lex.tu-poni","you put (sg.)","tu poni","","","","","1317","core-3000"
"it.lex.lui-lei-pone","he / she puts","lui / lei pone","","","","","1318","core-3000"
"it.lex.noi-poniamo","we put","noi poniamo","","","","","1319","core-3000"
"it.lex.loro-pongono","they put","loro pongono","","","","","1320","core-3000"
"it.lex.io-siedo-seggo","I sit","io siedo / seggo","","","","","1321","core-3000"
"it.lex.tu-siedi","you sit (sg.)","tu siedi","","","","","1322","core-3000"
"it.lex.lui-lei-siede","he / she sits","lui / lei siede","","","","","1323","core-3000"
"it.lex.noi-sediamo","we sit","noi sediamo","","","","","1324","core-3000"
"it.lex.loro-siedono","they sit","loro siedono","","","","","1325","core-3000"
"it.lex.io-rimango","I remain / stay","io rimango","","","","","1326","core-3000"
"it.lex.tu-rimani","you remain (sg.)","tu rimani","","","","","1327","core-3000"
"it.lex.lui-lei-rimane","he / she remains","lui / lei rimane","","","","","1328","core-3000"
"it.lex.noi-rimaniamo","we remain","noi rimaniamo","","","","","1329","core-3000"
"it.lex.loro-rimangono","they remain","loro rimangono","","","","","1330","core-3000"
"it.lex.io-muoio","I die","io muoio","","","","","1331","core-3000"
"it.lex.tu-muori","you die (sg.)","tu muori","","","","","1332","core-3000"
"it.lex.lui-lei-muore","he / she dies","lui / lei muore","","","","","1333","core-3000"
"it.lex.noi-moriamo","we die","noi moriamo","","","","","1334","core-3000"
"it.lex.loro-muoiono","they die","loro muoiono","","","","","1335","core-3000"
"it.lex.io-odo","I hear (formal)","io odo","","","","","1336","core-3000"
"it.lex.tu-odi","you hear (sg.)","tu odi","","","","","1337","core-3000"
"it.lex.lui-lei-ode","he / she hears","lui / lei ode","","","","","1338","core-3000"
"it.lex.io-salgo","I climb","io salgo","","","","","1339","core-3000"
"it.lex.tu-sali","you climb (sg.)","tu sali","","","","","1340","core-3000"
"it.lex.lui-lei-sale","he / she climbs","lui / lei sale","","","","","1341","core-3000"
"it.lex.noi-saliamo","we climb","noi saliamo","","","","","1342","core-3000"
"it.lex.loro-salgono","they climb","loro salgono","","","","","1343","core-3000"
"it.lex.io-traduco","I translate","io traduco","","","","","1344","core-3000"
"it.lex.tu-traduci","you translate (sg.)","tu traduci","","","","","1345","core-3000"
"it.lex.lui-lei-traduce","he / she translates","lui / lei traduce","","","","","1346","core-3000"
"it.lex.noi-traduciamo","we translate","noi traduciamo","","","","","1347","core-3000"
"it.lex.loro-traducono","they translate","loro traducono","","","","","1348","core-3000"
"it.lex.io-sono-stato-a","I have been","io sono stato/a","","","","","1349","core-3000"
"it.lex.io-ho-avuto","I have had","io ho avuto","","","","","1350","core-3000"
"it.lex.io-sono-andato-a","I have gone","io sono andato/a","","","","","1351","core-3000"
"it.lex.io-sono-venuto-a","I have come","io sono venuto/a","","","","","1352","core-3000"
"it.lex.io-ho-fatto","I have done / made","io ho fatto","","","","","1353","core-3000"
"it.lex.io-ho-detto","I have said","io ho detto","","","","","1354","core-3000"
"it.lex.io-ho-dato","I have given","io ho dato","","","","","1355","core-3000"
"it.lex.io-ho-visto","I have seen","io ho visto","","","","","1356","core-3000"
"it.lex.io-ho-scritto","I have written","io ho scritto","","","","","1357","core-3000"
"it.lex.io-ho-letto","I have read","io ho letto","","","","","1358","core-3000"
"it.lex.io-ho-parlato","I have spoken","io ho parlato","","","","","1359","core-3000"
"it.lex.io-ho-mangiato","I have eaten","io ho mangiato","","","","","1360","core-3000"
"it.lex.io-ho-bevuto","I have drunk","io ho bevuto","","","","","1361","core-3000"
"it.lex.io-ho-dormito","I have slept","io ho dormito","","","","","1362","core-3000"
"it.lex.io-sono-arrivato-a","I have arrived","io sono arrivato/a","","","","","1363","core-3000"
"it.lex.io-sono-partito-a","I have left","io sono partito/a","","","","","1364","core-3000"
"it.lex.io-sono-rimasto-a","I have stayed","io sono rimasto/a","","","","","1365","core-3000"
"it.lex.io-sono-caduto-a","I have fallen","io sono caduto/a","","","","","1366","core-3000"
"it.lex.io-sono-tornato-a","I have returned","io sono tornato/a","","","","","1367","core-3000"
"it.lex.io-ho-comprato","I have bought","io ho comprato","","","","","1368","core-3000"
"it.lex.io-ho-pagato","I have paid","io ho pagato","","","","","1369","core-3000"
"it.lex.io-ho-trovato","I have found","io ho trovato","","","","","1370","core-3000"
"it.lex.io-ho-preso","I have taken","io ho preso","","","","","1371","core-3000"
"it.lex.io-ho-messo","I have put","io ho messo","","","","","1372","core-3000"
"it.lex.io-ho-perso","I have lost","io ho perso","","","","","1373","core-3000"
"it.lex.io-ho-vinto","I have won","io ho vinto","","","","","1374","core-3000"
"it.lex.io-ho-rotto","I have broken","io ho rotto","","","","","1375","core-3000"
"it.lex.io-ho-aperto","I have opened","io ho aperto","","","","","1376","core-3000"
"it.lex.io-ho-chiuso","I have closed","io ho chiuso","","","","","1377","core-3000"
"it.lex.io-ho-chiesto","I have asked","io ho chiesto","","","","","1378","core-3000"
"it.lex.io-ho-risposto","I have answered","io ho risposto","","","","","1379","core-3000"
"it.lex.io-ho-pensato","I have thought","io ho pensato","","","","","1380","core-3000"
"it.lex.io-ho-capito","I have understood","io ho capito","","","","","1381","core-3000"
"it.lex.io-ho-ricevuto","I have received","io ho ricevuto","","","","","1382","core-3000"
"it.lex.io-ho-mandato","I have sent","io ho mandato","","","","","1383","core-3000"
"it.lex.io-ho-chiamato","I have called","io ho chiamato","","","","","1384","core-3000"
"it.lex.io-ho-provato","I have tried","io ho provato","","","","","1385","core-3000"
"it.lex.io-ho-imparato","I have learned","io ho imparato","","","","","1386","core-3000"
"it.lex.io-ho-scelto","I have chosen","io ho scelto","","","","","1387","core-3000"
"it.lex.io-ho-deciso","I have decided","io ho deciso","","","","","1388","core-3000"
"it.lex.io-ho-vissuto","I have lived","io ho vissuto","","","","","1389","core-3000"
"it.lex.io-ho-lavorato","I have worked","io ho lavorato","","","","","1390","core-3000"
"it.lex.io-ho-aiutato","I have helped","io ho aiutato","","","","","1391","core-3000"
"it.lex.io-ho-giocato","I have played","io ho giocato","","","","","1392","core-3000"
"it.lex.io-ho-riso","I have laughed","io ho riso","","","","","1393","core-3000"
"it.lex.io-ho-pianto","I have cried","io ho pianto","","","","","1394","core-3000"
"it.lex.io-ero-imperfetto","I was (ongoing past)","io ero (imperfetto)","","","","","1395","core-3000"
"it.lex.io-avevo","I had (ongoing past)","io avevo","","","","","1396","core-3000"
"it.lex.io-andavo","I was going (ongoing past)","io andavo","","","","","1397","core-3000"
"it.lex.io-mangiavo","I was eating","io mangiavo","","","","","1398","core-3000"
"it.lex.io-dormivo","I was sleeping","io dormivo","","","","","1399","core-3000"
"it.lex.io-lavoravo","I was working","io lavoravo","","","","","1400","core-3000"
"it.lex.andavo","I used to go","andavo","","","","","1401","core-3000"
"it.lex.mangiavo","I used to eat","mangiavo","","","","","1402","core-3000"
"it.lex.quando-ero-bambino-a","when I was a child","quando ero bambino/a","","","","","1403","core-3000"
"it.lex.ogni-giorno.every-day-i-would","every day I would","ogni giorno","","","","","1404","core-3000"
"it.lex.essere-stato","to be → been","essere → stato","","","","","1405","core-3000"
"it.lex.avere-avuto","to have → had","avere → avuto","","","","","1406","core-3000"
"it.lex.fare-fatto","to do → done","fare → fatto","","","","","1407","core-3000"
"it.lex.dire-detto","to say → said","dire → detto","","","","","1408","core-3000"
"it.lex.andare-andato","to go → gone","andare → andato","","","","","1409","core-3000"
"it.lex.venire-venuto","to come → come","venire → venuto","","","","","1410","core-3000"
"it.lex.vedere-visto","to see → seen","vedere → visto","","","","","1411","core-3000"
"it.lex.scrivere-scritto","to write → written","scrivere → scritto","","","","","1412","core-3000"
"it.lex.leggere-letto","to read → read","leggere → letto","","","","","1413","core-3000"
"it.lex.prendere-preso","to take → taken","prendere → preso","","","","","1414","core-3000"
"it.lex.dare-dato","to give → given","dare → dato","","","","","1415","core-3000"
"it.lex.trovare-trovato","to find → found","trovare → trovato","","","","","1416","core-3000"
"it.lex.aprire-aperto","to open → opened","aprire → aperto","","","","","1417","core-3000"
"it.lex.chiudere-chiuso","to close → closed","chiudere → chiuso","","","","","1418","core-3000"
"it.lex.perdere-perso","to lose → lost","perdere → perso","","","","","1419","core-3000"
"it.lex.vincere-vinto","to win → won","vincere → vinto","","","","","1420","core-3000"
"it.lex.rompere-rotto","to break → broken","rompere → rotto","","","","","1421","core-3000"
"it.lex.chiedere-chiesto","to ask → asked","chiedere → chiesto","","","","","1422","core-3000"
"it.lex.rispondere-risposto","to answer → answered","rispondere → risposto","","","","","1423","core-3000"
"it.lex.rimanere-rimasto","to stay → stayed","rimanere → rimasto","","","","","1424","core-3000"
"it.lex.mettere-messo","to put → put","mettere → messo","","","","","1425","core-3000"
"it.lex.scegliere-scelto","to choose → chosen","scegliere → scelto","","","","","1426","core-3000"
"it.lex.bere-bevuto","to drink → drunk","bere → bevuto","","","","","1427","core-3000"
"it.lex.cadere-caduto","to fall → fallen","cadere → caduto","","","","","1428","core-3000"
"it.lex.vivere-vissuto","to live → lived","vivere → vissuto","","","","","1429","core-3000"
"it.lex.morire-morto","to die → died","morire → morto","","","","","1430","core-3000"
"it.lex.correre-corso","to run → run","correre → corso","","","","","1431","core-3000"
"it.lex.tradurre-tradotto","to translate → translated","tradurre → tradotto","","","","","1432","core-3000"
"it.lex.capire-capito","to understand → understood","capire → capito","","","","","1433","core-3000"
"it.lex.decidere-deciso","to decide → decided","decidere → deciso","","","","","1434","core-3000"
"it.lex.sapere-saputo","to know → known","sapere → saputo","","","","","1435","core-3000"
"it.lex.nascere-nato","to be born → born","nascere → nato","","","","","1436","core-3000"
"it.lex.arrivare-arrivato","to arrive → arrived","arrivare → arrivato","","","","","1437","core-3000"
"it.lex.partire-partito","to leave → left","partire → partito","","","","","1438","core-3000"
"it.lex.buono","good","buono","","","","","1439","core-3000"
"it.lex.cattivo","bad","cattivo","","","","","1440","core-3000"
"it.lex.grande","big","grande","","","","","1441","core-3000"
"it.lex.piccolo","small","piccolo","","","","","1442","core-3000"
"it.lex.nuovo","new","nuovo","","","","","1443","core-3000"
"it.lex.vecchio","old","vecchio","","","","","1444","core-3000"
"it.lex.veloce","fast","veloce","","","","","1445","core-3000"
"it.lex.lento","slow","lento","","","","","1446","core-3000"
"it.lex.caldo","hot","caldo","","","","","1447","core-3000"
"it.lex.freddo","cold","freddo","","","","","1448","core-3000"
"it.lex.tiepido-caldo","warm","tiepido / caldo","","","","","1449","core-3000"
"it.lex.fresco.cool","cool","fresco","","","","","1450","core-3000"
"it.lex.lungo.long","long","lungo","","","","","1451","core-3000"
"it.lex.corto","short","corto","","","","","1452","core-3000"
"it.lex.largo","wide","largo","","","","","1453","core-3000"
"it.lex.stretto.narrow","narrow","stretto","","","","","1454","core-3000"
"it.lex.alto","high","alto","","","","","1455","core-3000"
"it.lex.basso","low","basso","","","","","1456","core-3000"
"it.lex.profondo","deep","profondo","","","","","1457","core-3000"
"it.lex.piatto.flat","flat","piatto","","","","","1458","core-3000"
"it.lex.pesante","heavy","pesante","","","","","1459","core-3000"
"it.lex.leggero","light","leggero","","","","","1460","core-3000"
"it.lex.duro","hard","duro","","","","","1461","core-3000"
"it.lex.morbido","soft","morbido","","","","","1462","core-3000"
"it.lex.forte","strong","forte","","","","","1463","core-3000"
"it.lex.debole","weak","debole","","","","","1464","core-3000"
"it.lex.forte-rumoroso","loud","forte / rumoroso","","","","","1465","core-3000"
"it.lex.silenzioso.quiet","quiet","silenzioso","","","","","1466","core-3000"
"it.lex.bello","beautiful","bello","","","","","1467","core-3000"
"it.lex.brutto","ugly","brutto","","","","","1468","core-3000"
"it.lex.pulito","clean","pulito","","","","","1469","core-3000"
"it.lex.sporco","dirty","sporco","","","","","1470","core-3000"
"it.lex.vuoto","empty","vuoto","","","","","1471","core-3000"
"it.lex.pieno","full","pieno","","","","","1472","core-3000"
"it.lex.aperto","open","aperto","","","","","1473","core-3000"
"it.lex.chiuso","closed","chiuso","","","","","1474","core-3000"
"it.lex.libero","free","libero","","","","","1475","core-3000"
"it.lex.occupato","busy","occupato","","","","","1476","core-3000"
"it.lex.facile","easy","facile","","","","","1477","core-3000"
"it.lex.difficile","difficult","difficile","","","","","1478","core-3000"
"it.lex.possibile","possible","possibile","","","","","1479","core-3000"
"it.lex.impossibile","impossible","impossibile","","","","","1480","core-3000"
"it.lex.necessario","necessary","necessario","","","","","1481","core-3000"
"it.lex.importante","important","importante","","","","","1482","core-3000"
"it.lex.interessante","interesting","interessante","","","","","1483","core-3000"
"it.lex.noioso","boring","noioso","","","","","1484","core-3000"
"it.lex.divertente-buffo","funny","divertente / buffo","","","","","1485","core-3000"
"it.lex.serio","serious","serio","","","","","1486","core-3000"
"it.lex.educato-cortese","polite","educato / cortese","","","","","1487","core-3000"
"it.lex.scortese-maleducato","rude","scortese / maleducato","","","","","1488","core-3000"
"it.lex.gentile","kind","gentile","","","","","1489","core-3000"
"it.lex.cattivo-meschino","mean","cattivo / meschino","","","","","1490","core-3000"
"it.lex.onesto","honest","onesto","","","","","1491","core-3000"
"it.lex.falso","FALSE","falso","","","","","1492","core-3000"
"it.lex.vero","TRUE","vero","","","","","1493","core-3000"
"it.lex.reale-vero","real","reale / vero","","","","","1494","core-3000"
"it.lex.strano","strange","strano","","","","","1495","core-3000"
"it.lex.normale","normal","normale","","","","","1496","core-3000"
"it.lex.speciale","special","speciale","","","","","1497","core-3000"
"it.lex.semplice","simple","semplice","","","","","1498","core-3000"
"it.lex.complesso","complex","complesso","","","","","1499","core-3000"
"it.lex.felice","happy","felice","","","","","1500","core-3000"
"it.lex.triste","sad","triste","","","","","1501","core-3000"
"it.lex.arrabbiato","angry","arrabbiato","","","","","1502","core-3000"
"it.lex.spaventato","afraid","spaventato","","","","","1503","core-3000"
"it.lex.sorpreso","surprised","sorpreso","","","","","1504","core-3000"
"it.lex.stanco","tired","stanco","","","","","1505","core-3000"
"it.lex.affamato","hungry","affamato","","","","","1506","core-3000"
"it.lex.assetato","thirsty","assetato","","","","","1507","core-3000"
"it.lex.malato","sick","malato","","","","","1508","core-3000"
"it.lex.sano","healthy","sano","","","","","1509","core-3000"
"it.lex.ricco","rich","ricco","","","","","1510","core-3000"
"it.lex.povero","poor","povero","","","","","1511","core-3000"
"it.lex.caro","expensive","caro","","","","","1512","core-3000"
"it.lex.economico","cheap","economico","","","","","1513","core-3000"
"it.lex.intelligente-furbo","clever","intelligente / furbo","","","","","1514","core-3000"
"it.lex.stupido","stupid","stupido","","","","","1515","core-3000"
"it.lex.coraggioso","brave","coraggioso","","","","","1516","core-3000"
"it.lex.codardo","cowardly","codardo","","","","","1517","core-3000"
"it.lex.pigro","lazy","pigro","","","","","1518","core-3000"
"it.lex.diligente","diligent","diligente","","","","","1519","core-3000"
"it.lex.paziente","patient","paziente","","","","","1520","core-3000"
"it.lex.impaziente","impatient","impaziente","","","","","1521","core-3000"
"it.lex.generoso","generous","generoso","","","","","1522","core-3000"
"it.lex.egoista","selfish","egoista","","","","","1523","core-3000"
"it.lex.ambizioso","ambitious","ambizioso","","","","","1524","core-3000"
"it.lex.creativo","creative","creativo","","","","","1525","core-3000"
"it.lex.affidabile","reliable","affidabile","","","","","1526","core-3000"
"it.lex.flessibile","flexible","flessibile","","","","","1527","core-3000"
"it.lex.timido","shy","timido","","","","","1528","core-3000"
"it.lex.sicuro-di-se","confident","sicuro di sé","","","","","1529","core-3000"
"it.lex.curioso","curious","curioso","","","","","1530","core-3000"
"it.lex.chiacchierone","talkative","chiacchierone","","","","","1531","core-3000"
"it.lex.sensibile","sensitive","sensibile","","","","","1532","core-3000"
"it.lex.testardo","stubborn","testardo","","","","","1533","core-3000"
"it.lex.ingenuo","naive","ingenuo","","","","","1534","core-3000"
"it.lex.maturo.mature","mature","maturo","","","","","1535","core-3000"
"it.lex.moderno","modern","moderno","","","","","1536","core-3000"
"it.lex.tradizionale","traditional","tradizionale","","","","","1537","core-3000"
"it.lex.antico","ancient","antico","","","","","1538","core-3000"
"it.lex.pericoloso","dangerous","pericoloso","","","","","1539","core-3000"
"it.lex.sicuro","safe","sicuro","","","","","1540","core-3000"
"it.lex.comodo","comfortable","comodo","","","","","1541","core-3000"
"it.lex.popolare","popular","popolare","","","","","1542","core-3000"
"it.lex.famoso","famous","famoso","","","","","1543","core-3000"
"it.lex.sposato","married","sposato","","","","","1544","core-3000"
"it.lex.divorziato","divorced","divorziato","","","","","1545","core-3000"
"it.lex.single-celibe-nubile","single","single / celibe / nubile","","","","","1546","core-3000"
"it.lex.istruito","educated","istruito","","","","","1547","core-3000"
"it.lex.esperto","experienced","esperto","","","","","1548","core-3000"
"it.lex.qualificato","qualified","qualificato","","","","","1549","core-3000"
"it.lex.buono-migliore-il-migliore","good – better – best","buono – migliore – il migliore","","","","","1550","core-3000"
"it.lex.cattivo-peggiore-il-peggiore","bad – worse – worst","cattivo – peggiore – il peggiore","","","","","1551","core-3000"
"it.lex.grande-piu-grande-il-piu-grande","big – bigger – biggest","grande – più grande – il più grande","","","","","1552","core-3000"
"it.lex.piccolo-piu-piccolo-il-piu-piccolo","small – smaller – smallest","piccolo – più piccolo – il più piccolo","","","","","1553","core-3000"
"it.lex.molto-di-piu-il-piu","much / many – more – most","molto – di più – il più","","","","","1554","core-3000"
"it.lex.poco-meno-il-meno","little / few – less – least","poco – meno – il meno","","","","","1555","core-3000"
"it.lex.alto-piu-alto-il-piu-alto","tall – taller – tallest","alto – più alto – il più alto","","","","","1556","core-3000"
"it.lex.vecchio-piu-vecchio-il-piu-vecchio","old – older – oldest","vecchio – più vecchio – il più vecchio","","","","","1557","core-3000"
"it.lex.giovane-piu-giovane-il-piu-giovane","young – younger – youngest","giovane – più giovane – il più giovane","","","","","1558","core-3000"
"it.lex.caro-piu-caro-il-piu-caro","expensive – more – most expensive","caro – più caro – il più caro","","","","","1559","core-3000"
"it.lex.veloce-piu-veloce-il-piu-veloce","fast – faster – fastest","veloce – più veloce – il più veloce","","","","","1560","core-3000"
"it.lex.bello-piu-bello-il-piu-bello","beautiful – more – most beautiful","bello – più bello – il più bello","","","","","1561","core-3000"
"it.lex.grande-quanto-cosi-grande-come","as big as","grande quanto / così grande come","","","","","1562","core-3000"
"it.lex.piu-grande-di","bigger than","più grande di","","","","","1563","core-3000"
"it.lex.il-piu-grande","the biggest","il più grande","","","","","1564","core-3000"
"it.lex.il-piu-velocemente-possibile","as fast as possible","il più velocemente possibile","","","","","1565","core-3000"
"it.lex.meglio-del-previsto","better than expected","meglio del previsto","","","","","1566","core-3000"
"it.lex.piu-pratichi-meglio-e","the more you practice, the better","più pratichi, meglio è","","","","","1567","core-3000"
"it.lex.prima-e-meglio-e","the sooner the better","prima è, meglio è","","","","","1568","core-3000"
"it.lex.ancora-meglio","even better","ancora meglio","","","","","1569","core-3000"
"it.lex.molto-peggio","much worse","molto peggio","","","","","1570","core-3000"
"it.lex.non-cosi-buono-come","not as good as","non così buono come","","","","","1571","core-3000"
"it.lex.grande-il-doppio","twice as big","grande il doppio","","","","","1572","core-3000"
"it.lex.adesso-ora","now","adesso / ora","","","","","1573","core-3000"
"it.lex.poi-allora","then","poi / allora","","","","","1574","core-3000"
"it.lex.presto.soon","soon","presto","","","","","1575","core-3000"
"it.lex.dopo-piu-tardi","later","dopo / più tardi","","","","","1576","core-3000"
"it.lex.prima","before","prima","","","","","1577","core-3000"
"it.lex.dopo","after","dopo","","","","","1578","core-3000"
"it.lex.gia","already","già","","","","","1579","core-3000"
"it.lex.ancora","still","ancora","","","","","1580","core-3000"
"it.lex.non-piu","no longer","non più","","","","","1581","core-3000"
"it.lex.di-nuovo-ancora","again","di nuovo / ancora","","","","","1582","core-3000"
"it.lex.sempre","always","sempre","","","","","1583","core-3000"
"it.lex.mai","never","mai","","","","","1584","core-3000"
"it.lex.spesso","often","spesso","","","","","1585","core-3000"
"it.lex.a-volte","sometimes","a volte","","","","","1586","core-3000"
"it.lex.di-solito","usually","di solito","","","","","1587","core-3000"
"it.lex.raramente","rarely","raramente","","","","","1588","core-3000"
"it.lex.finalmente","finally","finalmente","","","","","1589","core-3000"
"it.lex.improvvisamente","suddenly","improvvisamente","","","","","1590","core-3000"
"it.lex.subito-immediatamente","immediately","subito / immediatamente","","","","","1591","core-3000"
"it.lex.gradualmente","gradually","gradualmente","","","","","1592","core-3000"
"it.lex.recentemente","recently","recentemente","","","","","1593","core-3000"
"it.lex.oggigiorno","nowadays","oggigiorno","","","","","1594","core-3000"
"it.lex.quotidianamente","daily","quotidianamente","","","","","1595","core-3000"
"it.lex.settimanalmente","weekly","settimanalmente","","","","","1596","core-3000"
"it.lex.mensilmente","monthly","mensilmente","","","","","1597","core-3000"
"it.lex.annualmente","yearly","annualmente","","","","","1598","core-3000"
"it.lex.presto.early","early","presto","","","","","1599","core-3000"
"it.lex.tardi","late","tardi","","","","","1600","core-3000"
"it.lex.in-orario-puntuale","on time","in orario / puntuale","","","","","1601","core-3000"
"it.lex.ovunque","everywhere","ovunque","","","","","1604","core-3000"
"it.lex.da-nessuna-parte","nowhere","da nessuna parte","","","","","1605","core-3000"
"it.lex.da-qualche-parte","somewhere","da qualche parte","","","","","1606","core-3000"
"it.lex.di-sopra","upstairs","di sopra","","","","","1607","core-3000"
"it.lex.di-sotto","downstairs","di sotto","","","","","1608","core-3000"
"it.lex.dentro","inside","dentro","","","","","1609","core-3000"
"it.lex.fuori","outside","fuori","","","","","1610","core-3000"
"it.lex.vicino.nearby","nearby","vicino","","","","","1611","core-3000"
"it.lex.lontano","far away","lontano","","","","","1612","core-3000"
"it.lex.all-estero","abroad","all'estero","","","","","1613","core-3000"
"it.lex.a-casa","at home","a casa","","","","","1614","core-3000"
"it.lex.dritto","straight ahead","dritto","","","","","1615","core-3000"
"it.lex.a-sinistra","to the left","a sinistra","","","","","1616","core-3000"
"it.lex.a-destra","to the right","a destra","","","","","1617","core-3000"
"it.lex.velocemente","quickly","velocemente","","","","","1618","core-3000"
"it.lex.lentamente","slowly","lentamente","","","","","1619","core-3000"
"it.lex.con-cura","carefully","con cura","","","","","1620","core-3000"
"it.lex.facilmente","easily","facilmente","","","","","1621","core-3000"
"it.lex.insieme","together","insieme","","","","","1622","core-3000"
"it.lex.da-solo-a","alone","da solo/a","","","","","1623","core-3000"
"it.lex.apposta-di-proposito","on purpose","apposta / di proposito","","","","","1624","core-3000"
"it.lex.per-caso","by chance","per caso","","","","","1625","core-3000"
"it.lex.accidentalmente","accidentally","accidentalmente","","","","","1626","core-3000"
"it.lex.volentieri","gladly","volentieri","","","","","1627","core-3000"
"it.lex.a-malincuore","reluctantly","a malincuore","","","","","1628","core-3000"
"it.lex.circa-approssimativamente","approximately","circa / approssimativamente","","","","","1629","core-3000"
"it.lex.esattamente","exactly","esattamente","","","","","1630","core-3000"
"it.lex.quasi","almost","quasi","","","","","1631","core-3000"
"it.lex.almeno","at least","almeno","","","","","1632","core-3000"
"it.lex.al-massimo","at most","al massimo","","","","","1633","core-3000"
"it.lex.specialmente","especially","specialmente","","","","","1634","core-3000"
"it.lex.principalmente","mainly","principalmente","","","","","1635","core-3000"
"it.lex.soprattutto","above all","soprattutto","","","","","1636","core-3000"
"it.lex.altrimenti","otherwise","altrimenti","","","","","1637","core-3000"
"it.lex.comunque","anyway","comunque","","","","","1638","core-3000"
"it.lex.in-realta-effettivamente","actually","in realtà / effettivamente","","","","","1639","core-3000"
"it.lex.davvero-infatti","indeed","davvero / infatti","","","","","1640","core-3000"
"it.lex.purtroppo","unfortunately","purtroppo","","","","","1641","core-3000"
"it.lex.fortunatamente","fortunately","fortunatamente","","","","","1642","core-3000"
"it.lex.chiaramente","clearly","chiaramente","","","","","1643","core-3000"
"it.lex.apparentemente","apparently","apparentemente","","","","","1644","core-3000"
"it.lex.molto","very","molto","","","","","1645","core-3000"
"it.lex.abbastanza.quite","quite","abbastanza","","","","","1646","core-3000"
"it.lex.troppo.too","too","troppo","","","","","1647","core-3000"
"it.lex.abbastanza.enough","enough","abbastanza","","","","","1648","core-3000"
"it.lex.estremamente","extremely","estremamente","","","","","1649","core-3000"
"it.lex.abbastanza.fairly","fairly","abbastanza","","","","","1650","core-3000"
"it.lex.piuttosto","rather","piuttosto","","","","","1651","core-3000"
"it.lex.di-piu-piu","more","di più / più","","","","","1652","core-3000"
"it.lex.meno","less","meno","","","","","1653","core-3000"
"it.lex.forse.perhaps","perhaps","forse","","","","","1654","core-3000"
"it.lex.probabilmente","probably","probabilmente","","","","","1655","core-3000"
"it.lex.certamente","certainly","certamente","","","","","1656","core-3000"
"it.lex.sicuramente","definitely","sicuramente","","","","","1657","core-3000"
"it.lex.forse.maybe","maybe","forse","","","","","1658","core-3000"
"it.lex.davvero","really","davvero","","","","","1659","core-3000"
"it.lex.veramente","truly","veramente","","","","","1660","core-3000"
"it.lex.cosi","so","così","","","","","1661","core-3000"
"it.lex.anche","too (also)","anche","","","","","1662","core-3000"
"it.lex.solo-soltanto","only","solo / soltanto","","","","","1663","core-3000"
"it.lex.anche-persino","even","anche / persino","","","","","1664","core-3000"
"it.lex.appena-solo","just","appena / solo","","","","","1665","core-3000"
"it.lex.ancora-pero","yet","ancora / però","","","","","1666","core-3000"
"it.lex.in","in","in","","","","","1667","core-3000"
"it.lex.su","on","su","","","","","1668","core-3000"
"it.lex.a","at","a","","","","","1669","core-3000"
"it.lex.a-verso","to","a / verso","","","","","1670","core-3000"
"it.lex.da.from","from","da","","","","","1671","core-3000"
"it.lex.di","of","di","","","","","1672","core-3000"
"it.lex.con","with","con","","","","","1673","core-3000"
"it.lex.senza","without","senza","","","","","1674","core-3000"
"it.lex.per.for","for","per","","","","","1675","core-3000"
"it.lex.da-per","by","da / per","","","","","1676","core-3000"
"it.lex.di-su-circa","about","di / su / circa","","","","","1677","core-3000"
"it.lex.attraverso","through","attraverso","","","","","1678","core-3000"
"it.lex.tra-fra.between","between","tra / fra","","","","","1679","core-3000"
"it.lex.tra-fra.among","among","tra / fra","","","","","1680","core-3000"
"it.lex.dietro","behind","dietro","","","","","1681","core-3000"
"it.lex.davanti-a","in front of","davanti a","","","","","1682","core-3000"
"it.lex.accanto-a","next to","accanto a","","","","","1683","core-3000"
"it.lex.di-fronte-a","opposite","di fronte a","","","","","1684","core-3000"
"it.lex.sopra","above","sopra","","","","","1685","core-3000"
"it.lex.sotto","below","sotto","","","","","1686","core-3000"
"it.lex.vicino-a","near","vicino a","","","","","1687","core-3000"
"it.lex.lontano-da","far from","lontano da","","","","","1688","core-3000"
"it.lex.lungo.along","along","lungo","","","","","1689","core-3000"
"it.lex.intorno-a","around","intorno a","","","","","1690","core-3000"
"it.lex.contro","against","contro","","","","","1691","core-3000"
"it.lex.nonostante","despite","nonostante","","","","","1692","core-3000"
"it.lex.secondo.according-to","according to","secondo","","","","","1693","core-3000"
"it.lex.invece-di","instead of","invece di","","","","","1694","core-3000"
"it.lex.a-causa-di","because of","a causa di","","","","","1695","core-3000"
"it.lex.grazie-a","thanks to","grazie a","","","","","1696","core-3000"
"it.lex.durante","during","durante","","","","","1697","core-3000"
"it.lex.prima-di","before","prima di","","","","","1699","core-3000"
"it.lex.da.since","since","da","","","","","1700","core-3000"
"it.lex.fino-a","until","fino a","","","","","1701","core-3000"
"it.lex.e","and","e","","","","","1702","core-3000"
"it.lex.o","or","o","","","","","1703","core-3000"
"it.lex.ma","but","ma","","","","","1704","core-3000"
"it.lex.perche","because","perché","","","","","1705","core-3000"
"it.lex.sebbene-benche-anche-se","although","sebbene / benché / anche se","","","","","1706","core-3000"
"it.lex.se.if","if","se","","","","","1707","core-3000"
"it.lex.quando","when","quando","","","","","1708","core-3000"
"it.lex.mentre","while","mentre","","","","","1709","core-3000"
"it.lex.da-quando","since (time)","da quando","","","","","1710","core-3000"
"it.lex.finche.until-conj","until (conj.)","finché","","","","","1711","core-3000"
"it.lex.affinche-cosi-che","so that","affinché / così che","","","","","1712","core-3000"
"it.lex.per.in-order-to","in order to","per","","","","","1713","core-3000"
"it.lex.appena","as soon as","appena","","","","","1714","core-3000"
"it.lex.finche.as-long-as","as long as","finché","","","","","1715","core-3000"
"it.lex.se.whether","whether","se","","","","","1716","core-3000"
"it.lex.che","that (conj.)","che","","","","","1717","core-3000"
"it.lex.pero-tuttavia","however","però / tuttavia","","","","","1718","core-3000"
"it.lex.quindi-percio","therefore","quindi / perciò","","","","","1719","core-3000"
"it.lex.inoltre","moreover","inoltre","","","","","1720","core-3000"
"it.lex.tuttavia","nevertheless","tuttavia","","","","","1721","core-3000"
"it.lex.d-altra-parte","on the other hand","d'altra parte","","","","","1722","core-3000"
"it.lex.in-aggiunta-inoltre","in addition","in aggiunta / inoltre","","","","","1723","core-3000"
"it.lex.per-esempio-ad-esempio","for example","per esempio / ad esempio","","","","","1724","core-3000"
"it.lex.in-altre-parole","in other words","in altre parole","","","","","1725","core-3000"
"it.lex.sia-che","both ... and ...","sia ... che ...","","","","","1726","core-3000"
"it.lex.o-o","either ... or ...","o ... o ...","","","","","1727","core-3000"
"it.lex.ne-ne","neither ... nor ...","né ... né ...","","","","","1728","core-3000"
"it.lex.non-solo-ma-anche","not only ... but also ...","non solo ... ma anche ...","","","","","1729","core-3000"
"it.lex.non","not","non","","","","","1730","core-3000"
"it.lex.per-niente","not at all","per niente","","","","","1734","core-3000"
"it.lex.non-ancora","not yet","non ancora","","","","","1735","core-3000"
"it.lex.ciao-salve","Hello!","Ciao! / Salve!","","","","","1737","core-3000"
"it.lex.buongiorno","Good morning!","Buongiorno!","","","","","1738","core-3000"
"it.lex.buon-pomeriggio","Good afternoon!","Buon pomeriggio!","","","","","1739","core-3000"
"it.lex.buona-sera","Good evening!","Buona sera!","","","","","1740","core-3000"
"it.lex.buona-notte","Good night!","Buona notte!","","","","","1741","core-3000"
"it.lex.arrivederci","Goodbye!","Arrivederci!","","","","","1742","core-3000"
"it.lex.a-dopo","See you later!","A dopo!","","","","","1743","core-3000"
"it.lex.a-presto","See you soon!","A presto!","","","","","1744","core-3000"
"it.lex.ciao","Bye! (informal)","Ciao!","","","","","1745","core-3000"
"it.lex.come-stai-come-sta","How are you?","Come stai? / Come sta?","","","","","1746","core-3000"
"it.lex.sto-bene-grazie","I'm fine, thank you.","Sto bene, grazie.","","","","","1747","core-3000"
"it.lex.non-molto-bene","Not so well.","Non molto bene.","","","","","1748","core-3000"
"it.lex.cosi-cosi","So so.","Così così.","","","","","1749","core-3000"
"it.lex.per-favore-per-piacere","Please.","Per favore / Per piacere.","","","","","1750","core-3000"
"it.lex.grazie","Thank you.","Grazie.","","","","","1751","core-3000"
"it.lex.grazie-mille","Thank you very much.","Grazie mille.","","","","","1752","core-3000"
"it.lex.prego","You're welcome.","Prego.","","","","","1753","core-3000"
"it.lex.scusi-scusa","Excuse me.","Scusi / Scusa.","","","","","1754","core-3000"
"it.lex.mi-dispiace","I'm sorry.","Mi dispiace.","","","","","1755","core-3000"
"it.lex.nessun-problema","No problem.","Nessun problema.","","","","","1756","core-3000"
"it.lex.certo","Of course!","Certo!","","","","","1757","core-3000"
"it.lex.in-bocca-al-lupo.good-luck","Good luck!","In bocca al lupo!","","","","","1758","core-3000"
"it.lex.crepi","Reply to 'in bocca al lupo'","Crepi!","","","","","1759","core-3000"
"it.lex.divertiti","Have fun!","Divertiti!","","","","","1760","core-3000"
"it.lex.complimenti-congratulazioni","Congratulations!","Complimenti! / Congratulazioni!","","","","","1761","core-3000"
"it.lex.buon-compleanno","Happy birthday!","Buon compleanno!","","","","","1762","core-3000"
"it.lex.buon-natale","Merry Christmas!","Buon Natale!","","","","","1763","core-3000"
"it.lex.buon-anno","Happy New Year!","Buon Anno!","","","","","1764","core-3000"
"it.lex.salute-cin-cin","Cheers!","Salute! / Cin cin!","","","","","1765","core-3000"
"it.lex.salute-jzc56n","Bless you!","Salute!","","","","","1766","core-3000"
"it.lex.guarisci-presto","Get well soon!","Guarisci presto!","","","","","1767","core-3000"
"it.lex.aiuto","Help!","Aiuto!","","","","","1768","core-3000"
"it.lex.come-ti-chiami-come-si-chiama","What's your name?","Come ti chiami? / Come si chiama?","","","","","1769","core-3000"
"it.lex.mi-chiamo","My name is...","Mi chiamo...","","","","","1770","core-3000"
"it.lex.di-dove-sei","Where are you from?","Di dove sei?","","","","","1771","core-3000"
"it.lex.sono-ungherese-vengo-dall-ungheria","I'm from Hungary.","Sono ungherese / Vengo dall'Ungheria.","","","","","1772","core-3000"
"it.lex.abito-a-roma","I live in Rome.","Abito a Roma.","","","","","1773","core-3000"
"it.lex.piacere-di-conoscerti","Nice to meet you.","Piacere di conoscerti.","","","","","1774","core-3000"
"it.lex.parli-italiano","Do you speak Italian?","Parli italiano?","","","","","1775","core-3000"
"it.lex.non-capisco","I don't understand.","Non capisco.","","","","","1776","core-3000"
"it.lex.puoi-ripetere-puo-ripetere","Could you repeat that?","Puoi ripetere? / Può ripetere?","","","","","1777","core-3000"
"it.lex.puoi-parlare-piu-lentamente","Could you speak more slowly?","Puoi parlare più lentamente?","","","","","1778","core-3000"
"it.lex.cosa-significa","What does that mean?","Cosa significa?","","","","","1779","core-3000"
"it.lex.come-si-dice-in-italiano","How do you say... in Italian?","Come si dice... in italiano?","","","","","1780","core-3000"
"it.lex.puoi-aiutarmi","Can you help me?","Puoi aiutarmi?","","","","","1781","core-3000"
"it.lex.vorrei","I would like...","Vorrei...","","","","","1782","core-3000"
"it.lex.ho-bisogno-di","I need...","Ho bisogno di...","","","","","1783","core-3000"
"it.lex.quanto-costa","How much does it cost?","Quanto costa?","","","","","1784","core-3000"
"it.lex.dov-e-il-bagno","Where is the toilet?","Dov'è il bagno?","","","","","1785","core-3000"
"it.lex.il-conto-per-favore","The bill, please.","Il conto, per favore.","","","","","1786","core-3000"
"it.lex.buon-appetito","Enjoy your meal!","Buon appetito!","","","","","1787","core-3000"
"it.lex.era-delizioso","It was delicious!","Era delizioso!","","","","","1788","core-3000"
"it.lex.giri-a-sinistra","Turn left.","Giri a sinistra.","","","","","1789","core-3000"
"it.lex.giri-a-destra","Turn right.","Giri a destra.","","","","","1790","core-3000"
"it.lex.vada-dritto","Go straight ahead.","Vada dritto.","","","","","1791","core-3000"
"it.lex.c-e-il-sole","It's sunny.","C'è il sole.","","","","","1792","core-3000"
"it.lex.piove","It's raining.","Piove.","","","","","1793","core-3000"
"it.lex.nevica","It's snowing.","Nevica.","","","","","1794","core-3000"
"it.lex.fa-freddo","It's cold.","Fa freddo.","","","","","1795","core-3000"
"it.lex.fa-caldo","It's hot.","Fa caldo.","","","","","1796","core-3000"
"it.lex.penso-che","I think that...","Penso che...","","","","","1797","core-3000"
"it.lex.a-mio-avviso-secondo-me","In my opinion...","A mio avviso... / Secondo me...","","","","","1798","core-3000"
"it.lex.sono-d-accordo","I agree.","Sono d'accordo.","","","","","1799","core-3000"
"it.lex.non-sono-d-accordo","I disagree.","Non sono d'accordo.","","","","","1800","core-3000"
"it.lex.non-sono-sicuro-a","I'm not sure.","Non sono sicuro/a.","","","","","1801","core-3000"
"it.lex.forse","Maybe.","Forse.","","","","","1802","core-3000"
"it.lex.sicuramente-dnfszw","Definitely.","Sicuramente.","","","","","1803","core-3000"
"it.lex.che-bello-ottimo","That's great!","Che bello! / Ottimo!","","","","","1804","core-3000"
"it.lex.mi-piace","I like it.","Mi piace.","","","","","1805","core-3000"
"it.lex.non-mi-piace","I don't like it.","Non mi piace.","","","","","1806","core-3000"
"it.lex.sono-felice","I'm happy.","Sono felice.","","","","","1807","core-3000"
"it.lex.sono-stanco-a","I'm tired.","Sono stanco/a.","","","","","1808","core-3000"
"it.lex.ho-fame","I'm hungry.","Ho fame.","","","","","1809","core-3000"
"it.lex.ho-sete","I'm thirsty.","Ho sete.","","","","","1810","core-3000"
"it.lex.sono-di-fretta","I'm in a hurry.","Sono di fretta.","","","","","1811","core-3000"
"it.lex.ho-tempo","I have time.","Ho tempo.","","","","","1812","core-3000"
"it.lex.andiamo","Let's go!","Andiamo!","","","","","1813","core-3000"
"it.lex.cos-e-successo","What happened?","Cos'è successo?","","","","","1814","core-3000"
"it.lex.sei-pronto-a","Are you ready?","Sei pronto/a?","","","","","1815","core-3000"
"it.lex.com-e-andata-la-giornata","How was your day?","Com'è andata la giornata?","","","","","1816","core-3000"
"it.lex.non-importa","Never mind.","Non importa.","","","","","1817","core-3000"
"it.lex.non-fa-niente","It doesn't matter.","Non fa niente.","","","","","1818","core-3000"
"it.lex.davvero-1rb2qnt","Really?!","Davvero?!","","","","","1819","core-3000"
"it.lex.sul-serio","Are you serious?","Sul serio?","","","","","1820","core-3000"
"it.lex.impossibile-ma-dai","No way!","Impossibile! / Ma dai!","","","","","1821","core-3000"
"it.lex.che-coincidenza","What a coincidence!","Che coincidenza!","","","","","1822","core-3000"
"it.lex.capisco-ah-capito","I see.","Capisco. / Ah, capito.","","","","","1823","core-3000"
"it.lex.ha-senso","That makes sense.","Ha senso.","","","","","1824","core-3000"
"it.lex.ci-pensero","I'll think about it.","Ci penserò.","","","","","1825","core-3000"
"it.lex.buona-idea","That's a good idea.","Buona idea.","","","","","1826","core-3000"
"it.lex.hai-ragione","You're right.","Hai ragione.","","","","","1827","core-3000"
"it.lex.un-momento-per-favore","One moment, please.","Un momento, per favore.","","","","","1828","core-3000"
"it.lex.continua","Keep going!","Continua!","","","","","1829","core-3000"
"it.lex.non-mollare","Don't give up!","Non mollare!","","","","","1830","core-3000"
"it.lex.ce-la-fai","You can do it!","Ce la fai!","","","","","1831","core-3000"
"it.lex.bravo-a","Well done!","Bravo/a!","","","","","1832","core-3000"
"it.lex.io-andrei","I would go","io andrei","","","","","1833","core-3000"
"it.lex.io-comprerei","I would buy","io comprerei","","","","","1834","core-3000"
"it.lex.io-mangerei","I would eat","io mangerei","","","","","1835","core-3000"
"it.lex.vorrei-1tigz5d","I would like","vorrei","","","","","1836","core-3000"
"it.lex.io-sarei","I would be","io sarei","","","","","1837","core-3000"
"it.lex.tu-saresti","you would be (sg.)","tu saresti","","","","","1838","core-3000"
"it.lex.lui-lei-sarebbe","he / she would be","lui / lei sarebbe","","","","","1839","core-3000"
"it.lex.noi-saremmo","we would be","noi saremmo","","","","","1840","core-3000"
"it.lex.loro-sarebbero","they would be","loro sarebbero","","","","","1841","core-3000"
"it.lex.io-avrei","I would have","io avrei","","","","","1842","core-3000"
"it.lex.tu-avresti","you would have (sg.)","tu avresti","","","","","1843","core-3000"
"it.lex.lui-avrebbe","he would have","lui avrebbe","","","","","1844","core-3000"
"it.lex.noi-avremmo","we would have","noi avremmo","","","","","1845","core-3000"
"it.lex.io-potrei","I could","io potrei","","","","","1846","core-3000"
"it.lex.tu-potresti","you could (sg.)","tu potresti","","","","","1847","core-3000"
"it.lex.lui-lei-potrebbe","he could","lui / lei potrebbe","","","","","1848","core-3000"
"it.lex.noi-potremmo","we could","noi potremmo","","","","","1849","core-3000"
"it.lex.loro-potrebbero","they could","loro potrebbero","","","","","1850","core-3000"
"it.lex.io-dovrei.i-would-have-to","I would have to","io dovrei","","","","","1851","core-3000"
"it.lex.lui-lei-dovrebbe","he would have to","lui / lei dovrebbe","","","","","1852","core-3000"
"it.lex.noi-dovremmo","we would have to","noi dovremmo","","","","","1853","core-3000"
"it.lex.io-dovrei.i-should","I should","io dovrei","","","","","1854","core-3000"
"it.lex.se-fossi-ricco-a","If I were rich...","Se fossi ricco/a...","","","","","1855","core-3000"
"it.lex.se-avessi-piu-tempo","If I had more time...","Se avessi più tempo...","","","","","1856","core-3000"
"it.lex.vorrei-poter-volare","I wish I could fly.","Vorrei poter volare.","","","","","1857","core-3000"
"it.lex.viaggerei-se-avessi-soldi","I would travel if I had money.","Viaggerei se avessi soldi.","","","","","1858","core-3000"
"it.lex.potresti-aiutarmi-per-favore","Could you help me, please?","Potresti aiutarmi, per favore?","","","","","1859","core-3000"
"it.lex.sarebbe-fantastico","That would be great.","Sarebbe fantastico.","","","","","1860","core-3000"
"it.lex.sarebbe-meglio","It would be better to...","Sarebbe meglio...","","","","","1861","core-3000"
"it.lex.preferirei","I would prefer...","Preferirei...","","","","","1862","core-3000"
"it.lex.cosa-faresti","What would you do?","Cosa faresti?","","","","","1863","core-3000"
"it.lex.avrei-dovuto-dirlo","I should have said that.","Avrei dovuto dirlo.","","","","","1864","core-3000"
"it.lex.avrebbe-potuto-venire","He could have come.","Avrebbe potuto venire.","","","","","1865","core-3000"
"it.lex.magari-fosse-vero","I wish it were true.","Magari fosse vero.","","","","","1866","core-3000"
"it.lex.ti-dispiace-se","Would you mind if I...?","Ti dispiace se...?","","","","","1867","core-3000"
"it.lex.ti-sarei-grato-se-potessi","I'd appreciate it if you could...","Ti sarei grato se potessi...","","","","","1868","core-3000"
"it.lex.penso-che-sia-stanco","I think that he is tired. (conj.)","Penso che sia stanco.","","","","","1869","core-3000"
"it.lex.spero-che-sia-vero","I hope that it is true. (conj.)","Spero che sia vero.","","","","","1870","core-3000"
"it.lex.vuole-che-lui-venga","She wants him to come. (conj.)","Vuole che lui venga.","","","","","1871","core-3000"
"it.lex.e-importante-che-tu-sappia","It's important that you know.","È importante che tu sappia.","","","","","1872","core-3000"
"it.lex.sebbene-stia-piovendo","Although it's raining... (conj.)","Sebbene stia piovendo...","","","","","1873","core-3000"
"it.lex.senza-sapere","Without knowing.","Senza sapere.","","","","","1874","core-3000"
"it.lex.vieni","Come! (tu)","Vieni!","","","","","1875","core-3000"
"it.lex.vai","Go! (tu)","Vai!","","","","","1876","core-3000"
"it.lex.aspetta","Wait! (tu)","Aspetta!","","","","","1877","core-3000"
"it.lex.fermati","Stop! (tu)","Fermati!","","","","","1878","core-3000"
"it.lex.ascolta","Listen! (tu)","Ascolta!","","","","","1879","core-3000"
"it.lex.guarda","Look! (tu)","Guarda!","","","","","1880","core-3000"
"it.lex.siediti","Sit down! (tu)","Siediti!","","","","","1881","core-3000"
"it.lex.alzati","Stand up! (tu)","Alzati!","","","","","1882","core-3000"
"it.lex.entra","Come in! (tu)","Entra!","","","","","1883","core-3000"
"it.lex.esci","Go out! (tu)","Esci!","","","","","1884","core-3000"
"it.lex.stai-zitto-a","Be quiet! (tu)","Stai zitto/a!","","","","","1885","core-3000"
"it.lex.stai-attento-a","Be careful! (tu)","Stai attento/a!","","","","","1886","core-3000"
"it.lex.aiutami","Help me! (tu)","Aiutami!","","","","","1887","core-3000"
"it.lex.leggi-questo","Read this! (tu)","Leggi questo!","","","","","1888","core-3000"
"it.lex.parla-lentamente","Speak slowly! (tu)","Parla lentamente!","","","","","1889","core-3000"
"it.lex.dimmi","Tell me! (tu)","Dimmi!","","","","","1890","core-3000"
"it.lex.dammi","Give me! (tu)","Dammi!","","","","","1891","core-3000"
"it.lex.prendilo","Take it! (tu)","Prendilo!","","","","","1892","core-3000"
"it.lex.portalo","Bring it! (tu)","Portalo!","","","","","1893","core-3000"
"it.lex.mangia","Eat! (tu)","Mangia!","","","","","1894","core-3000"
"it.lex.bevi","Drink! (tu)","Bevi!","","","","","1895","core-3000"
"it.lex.scrivi","Write! (tu)","Scrivi!","","","","","1896","core-3000"
"it.lex.apri","Open! (tu)","Apri!","","","","","1897","core-3000"
"it.lex.chiudi","Close! (tu)","Chiudi!","","","","","1898","core-3000"
"it.lex.gira-a-sinistra","Turn left! (tu)","Gira a sinistra!","","","","","1899","core-3000"
"it.lex.chiamami","Call me! (tu)","Chiamami!","","","","","1900","core-3000"
"it.lex.seguimi","Follow me! (tu)","Seguimi!","","","","","1901","core-3000"
"it.lex.fidati-di-me","Trust me! (tu)","Fidati di me!","","","","","1902","core-3000"
"it.lex.dimenticalo","Forget it! (tu)","Dimenticalo!","","","","","1903","core-3000"
"it.lex.pensa","Think! (tu)","Pensa!","","","","","1904","core-3000"
"it.lex.prova","Try! (tu)","Prova!","","","","","1905","core-3000"
"it.lex.entri","Come in! (Lei – formal)","Entri!","","","","","1906","core-3000"
"it.lex.prego-aspetti","Please wait! (Lei)","Prego, aspetti.","","","","","1907","core-3000"
"it.lex.si-accomodi","Please sit down! (Lei)","Si accomodi.","","","","","1908","core-3000"
"it.lex.parli-lentamente","Please speak slowly! (Lei)","Parli lentamente.","","","","","1909","core-3000"
"it.lex.mangiamo","Let's eat!","Mangiamo!","","","","","1911","core-3000"
"it.lex.iniziamo","Let's start!","Iniziamo!","","","","","1912","core-3000"
"it.lex.non-preoccuparti","Don't worry!","Non preoccuparti!","","","","","1913","core-3000"
"it.lex.non-dimenticare","Don't forget!","Non dimenticare!","","","","","1914","core-3000"
"it.lex.non-toccare","Don't touch!","Non toccare!","","","","","1915","core-3000"
"it.lex.non-correre","Don't run!","Non correre!","","","","","1916","core-3000"
"it.lex.non-fare-tardi","Don't be late!","Non fare tardi!","","","","","1917","core-3000"
"it.lex.fallo","Do it!","Fallo!","","","","","1918","core-3000"
"it.lex.prendere-due-piccioni-con-una-fava","to kill two birds with one stone","prendere due piccioni con una fava","","","","","1919","core-3000"
"it.lex.prendere-in-giro-qualcuno","to pull someone's leg","prendere in giro qualcuno","","","","","1920","core-3000"
"it.lex.colpire-nel-segno","to hit the nail on the head","colpire nel segno","","","","","1921","core-3000"
"it.lex.ogni-morte-di-papa","once in a blue moon","ogni morte di papa","","","","","1922","core-3000"
"it.lex.in-bocca-al-lupo.break-a-leg","break a leg!","In bocca al lupo!","","","","","1923","core-3000"
"it.lex.essere-negato-per-qualcosa","to be all thumbs","essere negato per qualcosa","","","","","1924","core-3000"
"it.lex.lasciarsi-sfuggire-un-segreto","to let the cat out of the bag","lasciarsi sfuggire un segreto","","","","","1925","core-3000"
"it.lex.avere-i-piedi-di-piombo-tirarsi-indietro","to get cold feet","avere i piedi di piombo / tirarsi indietro","","","","","1926","core-3000"
"it.lex.essere-al-settimo-cielo","to be on cloud nine","essere al settimo cielo","","","","","1927","core-3000"
"it.lex.dormirci-su","to sleep on it","dormirci su","","","","","1928","core-3000"
"it.lex.leggere-tra-le-righe","to read between the lines","leggere tra le righe","","","","","1929","core-3000"
"it.lex.essere-nella-stessa-barca","to be in the same boat","essere nella stessa barca","","","","","1930","core-3000"
"it.lex.vuotare-il-sacco","to spill the beans","vuotare il sacco","","","","","1931","core-3000"
"it.lex.aggiungere-benzina-al-fuoco","to add fuel to the fire","aggiungere benzina al fuoco","","","","","1932","core-3000"
"it.lex.gettare-la-spugna","to throw in the towel","gettare la spugna","","","","","1933","core-3000"
"it.lex.essere-verde-di-invidia","to be green with envy","essere verde di invidia","","","","","1934","core-3000"
"it.lex.non-tutto-il-male-vien-per-nuocere","every cloud has a silver lining","non tutto il male vien per nuocere","","","","","1935","core-3000"
"it.lex.meglio-tardi-che-mai","better late than never","meglio tardi che mai","","","","","1936","core-3000"
"it.lex.il-tempo-e-denaro","time is money","il tempo è denaro","","","","","1937","core-3000"
"it.lex.l-esercizio-fa-il-maestro","practice makes perfect","l'esercizio fa il maestro","","","","","1938","core-3000"
"it.lex.nessuna-fatica-nessun-guadagno","no pain no gain","nessuna fatica, nessun guadagno","","","","","1939","core-3000"
"it.lex.chi-dorme-non-piglia-pesci","the early bird catches the worm","chi dorme non piglia pesci","","","","","1940","core-3000"
"it.lex.avere-le-farfalle-nello-stomaco","to have butterflies in one's stomach","avere le farfalle nello stomaco","","","","","1941","core-3000"
"it.lex.essere-perdutamente-innamorato-a","to be head over heels in love","essere perdutamente innamorato/a","","","","","1942","core-3000"
"it.lex.mettere-i-piedi-in-fallo-fare-una-gaffe","to put one's foot in one's mouth","mettere i piedi in fallo / fare una gaffe","","","","","1943","core-3000"
"it.lex.essere-tutt-orecchi","to be all ears","essere tutt'orecchi","","","","","1944","core-3000"
"it.lex.incrociare-le-dita","to keep one's fingers crossed","incrociare le dita","","","","","1945","core-3000"
"it.lex.mettersi-in-cammino","to hit the road","mettersi in cammino","","","","","1946","core-3000"
"it.lex.andare-con-la-corrente","to go with the flow","andare con la corrente","","","","","1947","core-3000"
"it.lex.scalfire-la-superficie","to scratch the surface","scalfire la superficie","","","","","1948","core-3000"
"it.lex.lavorare-fino-a-tardi","to burn the midnight oil","lavorare fino a tardi","","","","","1949","core-3000"
"it.lex.essere-troppo-ambiziosi","to bite off more than you can chew","essere troppo ambiziosi","","","","","1950","core-3000"
"it.lex.perdere-la-pazienza.to-lose-one-s-temper","to lose one's temper","perdere la pazienza","","","","","1951","core-3000"
"it.lex.i-fatti-contano-piu-delle-parole","actions speak louder than words","i fatti contano più delle parole","","","","","1952","core-3000"
"it.lex.quando-voleranno-i-maiali-mai","when pigs fly","quando voleranno i maiali / mai","","","","","1953","core-3000"
"it.lex.avere-le-mani-in-pasta","to have one's hands full","avere le mani in pasta","","","","","1954","core-3000"
"it.lex.farla-breve","to make a long story short","farla breve","","","","","1955","core-3000"
"it.lex.costare-un-occhio-della-testa","to cost a pretty penny","costare un occhio della testa","","","","","1956","core-3000"
"it.lex.sposarsi-fare-il-grande-passo","to tie the knot","sposarsi / fare il grande passo","","","","","1957","core-3000"
"it.lex.chiudere-bottega","to call it a day","chiudere bottega","","","","","1958","core-3000"
"it.lex.essere-un-lupo-in-veste-di-agnello","to be a wolf in sheep's clothing","essere un lupo in veste di agnello","","","","","1959","core-3000"
"it.lex.essere-fuori-moda-antiquato","to be behind the times","essere fuori moda / antiquato","","","","","1960","core-3000"
"it.lex.essere-sulla-stessa-lunghezza-d-onda","to be on the same page","essere sulla stessa lunghezza d'onda","","","","","1961","core-3000"
"it.lex.mettere-tutte-le-uova-in-un-paniere","to put all eggs in one basket","mettere tutte le uova in un paniere","","","","","1962","core-3000"
"it.lex.prendere-il-toro-per-le-corna","to take the bull by the horns","prendere il toro per le corna","","","","","1963","core-3000"
"it.lex.non-svegliare-il-can-che-dorme","to let sleeping dogs lie","non svegliare il can che dorme","","","","","1964","core-3000"
"it.lex.essere-in-una-situazione-rischiosa","to be on thin ice","essere in una situazione rischiosa","","","","","1965","core-3000"
"it.lex.fare-di-una-mosca-un-elefante","to make a mountain out of a molehill","fare di una mosca un elefante","","","","","1966","core-3000"
"it.lex.mordere-il-proiettile-stringere-i-denti","to bite the bullet","mordere il proiettile / stringere i denti","","","","","1967","core-3000"
"it.lex.non-e-tutto-oro-quel-che-luccica","all that glitters is not gold","non è tutto oro quel che luccica","","","","","1968","core-3000"
"it.lex.prevenire-e-meglio-che-curare","better safe than sorry","prevenire è meglio che curare","","","","","1969","core-3000"
"it.lex.trattare-qualcuno-con-freddezza","to give someone the cold shoulder","trattare qualcuno con freddezza","","","","","1970","core-3000"
"it.lex.lontano-dagli-occhi-lontano-dal-cuore","out of sight, out of mind","lontano dagli occhi, lontano dal cuore","","","","","1971","core-3000"
"it.lex.essere-al-posto-giusto-al-momento-giusto","to be at the right place at the right time","essere al posto giusto al momento giusto","","","","","1972","core-3000"
"it.lex.ci-vogliono-due-per-litigare","it takes two to tango","ci vogliono due per litigare","","","","","1973","core-3000"
"it.lex.dove-sei-stato-a","Where have you been?","Dove sei stato/a?","","","","","1974","core-3000"
"it.lex.ero-in-ufficio","I was at the office.","Ero in ufficio.","","","","","1975","core-3000"
"it.lex.avevo-molto-da-fare","I had a lot to do.","Avevo molto da fare.","","","","","1976","core-3000"
"it.lex.hai-passato-una-buona-giornata","Did you have a good day?","Hai passato una buona giornata?","","","","","1977","core-3000"
"it.lex.era-estenuante","It was exhausting.","Era estenuante.","","","","","1978","core-3000"
"it.lex.resto-a-casa","I'm staying home.","Resto a casa.","","","","","1979","core-3000"
"it.lex.vuoi-venire-con-noi","Would you like to join us?","Vuoi venire con noi?","","","","","1980","core-3000"
"it.lex.purtroppo-non-posso","Unfortunately I can't.","Purtroppo non posso.","","","","","1981","core-3000"
"it.lex.magari-la-prossima-volta","Maybe next time.","Magari la prossima volta.","","","","","1982","core-3000"
"it.lex.lo-avete-in-una-taglia-piu-grande","Do you have this in a larger size?","Lo avete in una taglia più grande?","","","","","1983","core-3000"
"it.lex.vorrei-provarlo","I'd like to try this on.","Vorrei provarlo.","","","","","1984","core-3000"
"it.lex.va-a-pennello","It fits perfectly.","Va a pennello.","","","","","1985","core-3000"
"it.lex.e-un-po-troppo-stretto","It's a bit too tight.","È un po' troppo stretto.","","","","","1986","core-3000"
"it.lex.lo-prendo","I'll take it.","Lo prendo.","","","","","1987","core-3000"
"it.lex.posso-pagare-con-la-carta","Can I pay by card?","Posso pagare con la carta?","","","","","1988","core-3000"
"it.lex.vorrei-restituire-questo","I'd like to return this.","Vorrei restituire questo.","","","","","1989","core-3000"
"it.lex.un-tavolo-per-due-per-favore","A table for two, please.","Un tavolo per due, per favore.","","","","","1990","core-3000"
"it.lex.cosa-consiglia","What do you recommend?","Cosa consiglia?","","","","","1991","core-3000"
"it.lex.sono-vegetariano-a","I'm a vegetarian.","Sono vegetariano/a.","","","","","1992","core-3000"
"it.lex.contiene-glutine","Does this contain gluten?","Contiene glutine?","","","","","1993","core-3000"
"it.lex.scusi-dov-e-la-stazione","Excuse me, where is the station?","Scusi, dov'è la stazione?","","","","","1994","core-3000"
"it.lex.sono-circa-10-minuti-a-piedi","It's about 10 minutes on foot.","Sono circa 10 minuti a piedi.","","","","","1995","core-3000"
"it.lex.prenda-la-prima-strada-a-sinistra","Take the first street on the left.","Prenda la prima strada a sinistra.","","","","","1996","core-3000"
"it.lex.e-lontano-da-qui","Is it far from here?","È lontano da qui?","","","","","1997","core-3000"
"it.lex.quale-linea-devo-prendere","Which line do I take?","Quale linea devo prendere?","","","","","1998","core-3000"
"it.lex.deve-cambiare","You need to change.","Deve cambiare.","","","","","1999","core-3000"
"it.lex.ho-una-prenotazione","I have a reservation.","Ho una prenotazione.","","","","","2000","core-3000"
"it.lex.la-colazione-e-inclusa","Is breakfast included?","La colazione è inclusa?","","","","","2001","core-3000"
"it.lex.a-che-ora-e-il-check-out","What time is check-out?","A che ora è il check-out?","","","","","2002","core-3000"
"it.lex.dove-fa-male","Where does it hurt?","Dove fa male?","","","","","2003","core-3000"
"it.lex.fa-male-qui","It hurts here.","Fa male qui.","","","","","2004","core-3000"
"it.lex.ho-bisogno-di-una-ricetta","I need a prescription.","Ho bisogno di una ricetta.","","","","","2005","core-3000"
"it.lex.ha-allergie","Do you have any allergies?","Ha allergie?","","","","","2006","core-3000"
"it.lex.quando-inizia-il-turno","When does the shift start?","Quando inizia il turno?","","","","","2007","core-3000"
"it.lex.devo-prendere-un-giorno-di-ferie","I need to take a day off.","Devo prendere un giorno di ferie.","","","","","2008","core-3000"
"it.lex.il-progetto-e-nei-tempi","The project is on track.","Il progetto è nei tempi.","","","","","2009","core-3000"
"it.lex.abbiamo-perso-la-scadenza","We missed the deadline.","Abbiamo perso la scadenza.","","","","","2010","core-3000"
"it.lex.puoi-mandarmi-il-rapporto","Can you send me the report?","Puoi mandarmi il rapporto?","","","","","2011","core-3000"
"it.lex.mi-faro-vivo-a","I'll get back to you.","Mi farò vivo/a.","","","","","2012","core-3000"
"it.lex.non-ti-sento-bene","I can't hear you very well.","Non ti sento bene.","","","","","2013","core-3000"
"it.lex.la-mia-batteria-e-quasi-scarica","My battery is almost dead.","La mia batteria è quasi scarica.","","","","","2014","core-3000"
"it.lex.hai-provato-a-spegnerlo-e-riaccenderlo","Have you tried turning it off and on?","Hai provato a spegnerlo e riaccenderlo?","","","","","2015","core-3000"
"it.lex.sto-cercando","I'm looking for...","Sto cercando...","","","","","2016","core-3000"
"it.lex.potrebbe-scriverlo","Could you write that down?","Potrebbe scriverlo?","","","","","2017","core-3000"
"it.lex.a-che-ora-chiude-il-negozio","What time does the shop close?","A che ora chiude il negozio?","","","","","2018","core-3000"
"it.lex.e-occupato-questo-posto","Is this seat taken?","È occupato questo posto?","","","","","2019","core-3000"
"it.lex.da-quanto-studi-l-italiano","How long have you been learning Italian?","Da quanto studi l'italiano?","","","","","2020","core-3000"
"it.lex.studio-da-due-anni","I've been studying for two years.","Studio da due anni.","","","","","2021","core-3000"
"it.lex.posso-fare-una-foto-qui","Can I take a picture here?","Posso fare una foto qui?","","","","","2022","core-3000"
"it.lex.il-museo-e-aperto-oggi","Is the museum open today?","Il museo è aperto oggi?","","","","","2023","core-3000"
"it.lex.quanto-si-aspetta","How long is the waiting time?","Quanto si aspetta?","","","","","2024","core-3000"
"it.lex.non-e-quello-che-ho-ordinato","That's not what I ordered.","Non è quello che ho ordinato.","","","","","2025","core-3000"
"it.lex.il-prodotto-e-difettoso","The product is defective.","Il prodotto è difettoso.","","","","","2026","core-3000"
"it.lex.vorrei-un-rimborso","I'd like a refund.","Vorrei un rimborso.","","","","","2027","core-3000"
"it.lex.ho-un-buono-sconto","I have a voucher.","Ho un buono sconto.","","","","","2028","core-3000"
"it.lex.chi","Who?","Chi?","","","","","2029","core-3000"
"it.lex.chi-a-chi","Whom?","Chi? / A chi?","","","","","2030","core-3000"
"it.lex.di-chi","Whose?","Di chi?","","","","","2031","core-3000"
"it.lex.che-cosa-cosa","What?","Che cosa? / Cosa?","","","","","2032","core-3000"
"it.lex.dove","Where?","Dove?","","","","","2033","core-3000"
"it.lex.dove-dove-vai","Where to?","Dove? / Dove vai?","","","","","2034","core-3000"
"it.lex.da-dove","Where from?","Da dove?","","","","","2035","core-3000"
"it.lex.quando-177mmrv","When?","Quando?","","","","","2036","core-3000"
"it.lex.perche-1b889d6","Why?","Perché?","","","","","2037","core-3000"
"it.lex.come","How?","Come?","","","","","2038","core-3000"
"it.lex.quanto","How much?","Quanto?","","","","","2039","core-3000"
"it.lex.quanti-quante","How many?","Quanti / Quante?","","","","","2040","core-3000"
"it.lex.quanto-tempo","How long?","Quanto tempo?","","","","","2041","core-3000"
"it.lex.ogni-quanto","How often?","Ogni quanto?","","","","","2042","core-3000"
"it.lex.quale","Which?","Quale?","","","","","2043","core-3000"
"it.lex.che-tipo-di","What kind of?","Che tipo di?","","","","","2044","core-3000"
"it.lex.con-cosa","With what?","Con cosa?","","","","","2045","core-3000"
"it.lex.di-cosa","About what?","Di cosa?","","","","","2046","core-3000"
"it.lex.per-cosa","For what?","Per cosa?","","","","","2047","core-3000"
"it.lex.con-chi","With whom?","Con chi?","","","","","2048","core-3000"
"it.lex.come-ti-chiami","What is your name?","Come ti chiami?","","","","","2049","core-3000"
"it.lex.dove-abiti","Where do you live?","Dove abiti?","","","","","2050","core-3000"
"it.lex.cosa-fai-che-lavoro-fai","What do you do?","Cosa fai? / Che lavoro fai?","","","","","2051","core-3000"
"it.lex.quanti-anni-hai","How old are you?","Quanti anni hai?","","","","","2052","core-3000"
"it.lex.dove-vai","Where are you going?","Dove vai?","","","","","2053","core-3000"
"it.lex.quando-inizia","When does it start?","Quando inizia?","","","","","2054","core-3000"
"it.lex.perche-sei-in-ritardo","Why are you late?","Perché sei in ritardo?","","","","","2055","core-3000"
"it.lex.da-quanto-sei-qui","How long have you been here?","Da quanto sei qui?","","","","","2056","core-3000"
"it.lex.quante-persone-ci-sono","How many people are there?","Quante persone ci sono?","","","","","2057","core-3000"
"it.lex.che-ore-sono-che-ora-e","What time is it?","Che ore sono? / Che ora è?","","","","","2058","core-3000"
"it.lex.capisci","Do you understand?","Capisci?","","","","","2059","core-3000"
"it.lex.hai-tempo","Do you have time?","Hai tempo?","","","","","2060","core-3000"
"it.lex.va-tutto-bene","Is everything okay?","Va tutto bene?","","","","","2061","core-3000"
"it.lex.come-funziona","How does this work?","Come funziona?","","","","","2062","core-3000"
"it.lex.hai-mangiato","Did you eat?","Hai mangiato?","","","","","2063","core-3000"
"it.lex.vieni-1je5zm2","Are you coming?","Vieni?","","","","","2064","core-3000"
"it.lex.e-qui","Is she here?","È qui?","","","","","2065","core-3000"
"it.lex.puoi-aiutare","Can you help?","Puoi aiutare?","","","","","2066","core-3000"
"it.lex.a-cosa-stai-pensando","What are you thinking about?","A cosa stai pensando?","","","","","2067","core-3000"
"it.lex.cosa-stai-cercando","What are you looking for?","Cosa stai cercando?","","","","","2068","core-3000"
"it.lex.sei-mai-stato-a-in-italia","Have you ever been to Italy?","Sei mai stato/a in Italia?","","","","","2069","core-3000"
"it.lex.ti-piace-la-pizza","Do you like pizza?","Ti piace la pizza?","","","","","2070","core-3000"
"it.lex.sei-sposato-a","Are you married?","Sei sposato/a?","","","","","2071","core-3000"
"it.lex.hai-figli","Do you have children?","Hai figli?","","","","","2072","core-3000"
"it.lex.com-e-il-tempo","What's the weather like?","Com'è il tempo?","","","","","2073","core-3000"
"it.lex.cosa-ne-pensi","What do you think?","Cosa ne pensi?","","","","","2074","core-3000"
"it.lex.calcio","football / soccer","calcio","","","","","2075","core-3000"
"it.lex.pallacanestro-basket","basketball","pallacanestro / basket","","","","","2076","core-3000"
"it.lex.pallavolo","volleyball","pallavolo","","","","","2077","core-3000"
"it.lex.tennis","tennis","tennis","","","","","2078","core-3000"
"it.lex.nuoto","swimming","nuoto","","","","","2079","core-3000"
"it.lex.ciclismo","cycling","ciclismo","","","","","2080","core-3000"
"it.lex.corsa","running","corsa","","","","","2081","core-3000"
"it.lex.escursionismo-trekking","hiking","escursionismo / trekking","","","","","2082","core-3000"
"it.lex.sci","skiing","sci","","","","","2083","core-3000"
"it.lex.snowboard","snowboarding","snowboard","","","","","2084","core-3000"
"it.lex.yoga","yoga","yoga","","","","","2085","core-3000"
"it.lex.ballo-danza","dancing","ballo / danza","","","","","2086","core-3000"
"it.lex.pugilato","boxing","pugilato","","","","","2087","core-3000"
"it.lex.ginnastica","gymnastics","ginnastica","","","","","2088","core-3000"
"it.lex.scacchi","chess","scacchi","","","","","2089","core-3000"
"it.lex.lettura","reading","lettura","","","","","2090","core-3000"
"it.lex.pittura","painting","pittura","","","","","2091","core-3000"
"it.lex.fotografia","photography","fotografia","","","","","2092","core-3000"
"it.lex.cucina.cooking","cooking","cucina","","","","","2093","core-3000"
"it.lex.pasticceria","baking","pasticceria","","","","","2094","core-3000"
"it.lex.giardinaggio","gardening","giardinaggio","","","","","2095","core-3000"
"it.lex.lavoro-a-maglia","knitting","lavoro a maglia","","","","","2096","core-3000"
"it.lex.canto","singing","canto","","","","","2097","core-3000"
"it.lex.chitarra","guitar","chitarra","","","","","2098","core-3000"
"it.lex.pianoforte","piano","pianoforte","","","","","2099","core-3000"
"it.lex.violino","violin","violino","","","","","2100","core-3000"
"it.lex.batteria.drums","drums","batteria","","","","","2101","core-3000"
"it.lex.concerto","concert","concerto","","","","","2102","core-3000"
"it.lex.film","film / movie","film","","","","","2103","core-3000"
"it.lex.serie","series","serie","","","","","2104","core-3000"
"it.lex.episodio-puntata","episode","episodio / puntata","","","","","2105","core-3000"
"it.lex.gioco-da-tavolo","board game","gioco da tavolo","","","","","2106","core-3000"
"it.lex.videogioco","video game","videogioco","","","","","2107","core-3000"
"it.lex.giocare-a-calcio","to play football","giocare a calcio","","","","","2108","core-3000"
"it.lex.andare-a-nuotare","to go swimming","andare a nuotare","","","","","2109","core-3000"
"it.lex.andare-a-correre","to go for a run","andare a correre","","","","","2110","core-3000"
"it.lex.andare-in-bici","to go cycling","andare in bici","","","","","2111","core-3000"
"it.lex.fare-escursioni-trekking","to go hiking","fare escursioni / trekking","","","","","2112","core-3000"
"it.lex.sciare","to go skiing","sciare","","","","","2113","core-3000"
"it.lex.giocare-a-scacchi","to play chess","giocare a scacchi","","","","","2114","core-3000"
"it.lex.fare-yoga","to do yoga","fare yoga","","","","","2115","core-3000"
"it.lex.quali-sono-i-tuoi-hobby","What are your hobbies?","Quali sono i tuoi hobby?","","","","","2116","core-3000"
"it.lex.mi-piace-leggere","I like reading.","Mi piace leggere.","","","","","2117","core-3000"
"it.lex.adoro-cucinare","I love cooking.","Adoro cucinare.","","","","","2118","core-3000"
"it.lex.faccio-jogging-ogni-mattina","I go jogging every morning.","Faccio jogging ogni mattina.","","","","","2119","core-3000"
"it.lex.suono-la-chitarra","I play the guitar.","Suono la chitarra.","","","","","2120","core-3000"
"it.lex.suono-il-pianoforte-da-5-anni","I've been playing piano for 5 years.","Suono il pianoforte da 5 anni.","","","","","2121","core-3000"
"it.lex.vela","sailing","vela","","","","","2122","core-3000"
"it.lex.canottaggio","rowing","canottaggio","","","","","2123","core-3000"
"it.lex.arrampicata","climbing","arrampicata","","","","","2124","core-3000"
"it.lex.equitazione","horse riding","equitazione","","","","","2125","core-3000"
"it.lex.tiro-con-l-arco","archery","tiro con l'arco","","","","","2126","core-3000"
"it.lex.arti-marziali","martial arts","arti marziali","","","","","2127","core-3000"
"it.lex.atletica","athletics","atletica","","","","","2128","core-3000"
"it.lex.italia","Italy","Italia","","","","","2129","core-3000"
"it.lex.roma","Rome","Roma","","","","","2130","core-3000"
"it.lex.milano","Milan","Milano","","","","","2131","core-3000"
"it.lex.venezia","Venice","Venezia","","","","","2132","core-3000"
"it.lex.firenze","Florence","Firenze","","","","","2133","core-3000"
"it.lex.napoli","Naples","Napoli","","","","","2134","core-3000"
"it.lex.torino","Turin","Torino","","","","","2135","core-3000"
"it.lex.bologna","Bologna","Bologna","","","","","2136","core-3000"
"it.lex.palermo","Palermo","Palermo","","","","","2137","core-3000"
"it.lex.sicilia","Sicily","Sicilia","","","","","2138","core-3000"
"it.lex.sardegna","Sardinia","Sardegna","","","","","2139","core-3000"
"it.lex.toscana","Tuscany","Toscana","","","","","2140","core-3000"
"it.lex.lombardia","Lombardy","Lombardia","","","","","2141","core-3000"
"it.lex.le-alpi","the Alps","le Alpi","","","","","2142","core-3000"
"it.lex.gli-appennini","the Apennines","gli Appennini","","","","","2143","core-3000"
"it.lex.il-colosseo","the Colosseum","il Colosseo","","","","","2144","core-3000"
"it.lex.il-pantheon","the Pantheon","il Pantheon","","","","","2145","core-3000"
"it.lex.il-vaticano","the Vatican","il Vaticano","","","","","2146","core-3000"
"it.lex.la-cappella-sistina","the Sistine Chapel","la Cappella Sistina","","","","","2147","core-3000"
"it.lex.gondola","gondola","gondola","","","","","2148","core-3000"
"it.lex.risotto","risotto","risotto","","","","","2153","core-3000"
"it.lex.tiramisu","tiramisu","tiramisù","","","","","2154","core-3000"
"it.lex.pesto","pesto","pesto","","","","","2155","core-3000"
"it.lex.mozzarella","mozzarella","mozzarella","","","","","2156","core-3000"
"it.lex.prosciutto.prosciutto","prosciutto","prosciutto","","","","","2157","core-3000"
"it.lex.gelato.gelato","gelato","gelato","","","","","2158","core-3000"
"it.lex.cannoli","cannoli","cannoli","","","","","2159","core-3000"
"it.lex.bruschetta","bruschetta","bruschetta","","","","","2160","core-3000"
"it.lex.aperitivo","aperitivo","aperitivo","","","","","2161","core-3000"
"it.lex.prosecco","prosecco","prosecco","","","","","2162","core-3000"
"it.lex.chianti","Chianti","Chianti","","","","","2163","core-3000"
"it.lex.ferragosto","Ferragosto (August 15)","Ferragosto","","","","","2164","core-3000"
"it.lex.carnevale","Carnival","Carnevale","","","","","2165","core-3000"
"it.lex.pasqua","Easter","Pasqua","","","","","2166","core-3000"
"it.lex.natale","Christmas","Natale","","","","","2167","core-3000"
"it.lex.capodanno","New Year's Eve","Capodanno","","","","","2168","core-3000"
"it.lex.ognissanti-tutti-i-santi","All Saints' Day (Nov 1)","Ognissanti / Tutti i Santi","","","","","2169","core-3000"
"it.lex.festa-della-liberazione","Liberation Day (Apr 25)","Festa della Liberazione","","","","","2170","core-3000"
"it.lex.festa-della-repubblica","Republic Day (Jun 2)","Festa della Repubblica","","","","","2171","core-3000"
"it.lex.cucina-italiana","Italian cuisine","cucina italiana","","","","","2172","core-3000"
"it.lex.dieta-mediterranea","Mediterranean diet","dieta mediterranea","","","","","2173","core-3000"
"it.lex.il-papa","the pope","il papa","","","","","2174","core-3000"
"it.lex.la-citta-del-vaticano","the Vatican City","la Città del Vaticano","","","","","2175","core-3000"
"it.lex.piazza-navona","Piazza Navona","Piazza Navona","","","","","2176","core-3000"
"it.lex.fontana-di-trevi","Trevi Fountain","Fontana di Trevi","","","","","2177","core-3000"
"it.lex.il-canal-grande","the Grand Canal","il Canal Grande","","","","","2178","core-3000"
"it.lex.piazza-san-marco","Piazza San Marco","Piazza San Marco","","","","","2179","core-3000"
"it.lex.la-galleria-degli-uffizi","the Uffizi Gallery","la Galleria degli Uffizi","","","","","2180","core-3000"
"it.lex.torre-di-pisa","Leaning Tower of Pisa","Torre di Pisa","","","","","2181","core-3000"
"it.lex.il-vesuvio","Mount Vesuvius","il Vesuvio","","","","","2182","core-3000"
"it.lex.ferrari","Ferrari","Ferrari","","","","","2183","core-3000"
"it.lex.lamborghini","Lamborghini","Lamborghini","","","","","2184","core-3000"
"it.lex.fiat","Fiat","Fiat","","","","","2185","core-3000"
"it.lex.opera-lirica","opera","opera lirica","","","","","2186","core-3000"
"it.lex.musica-classica","classical music","musica classica","","","","","2187","core-3000"
"it.lex.rinascimento","Renaissance","Rinascimento","","","","","2188","core-3000"
"it.lex.barocco","Baroque","Barocco","","","","","2189","core-3000"
"it.lex.biglietto-del-treno","train ticket","biglietto del treno","","","","","2190","core-3000"
"it.lex.binario.platform","platform","binario","","","","","2191","core-3000"
"it.lex.carta-d-imbarco","boarding pass","carta d'imbarco","","","","","2192","core-3000"
"it.lex.valigia","suitcase","valigia","","","","","2193","core-3000"
"it.lex.bagaglio-a-mano","hand luggage","bagaglio a mano","","","","","2194","core-3000"
"it.lex.cassa","checkout","cassa","","","","","2195","core-3000"
"it.lex.carrello","shopping cart","carrello","","","","","2196","core-3000"
"it.lex.etichetta-del-prezzo","price tag","etichetta del prezzo","","","","","2197","core-3000"
"it.lex.viaggio-d-affari","business trip","viaggio d'affari","","","","","2198","core-3000"
"it.lex.biglietto-da-visita","business card","biglietto da visita","","","","","2199","core-3000"
"it.lex.camerino","fitting room","camerino","","","","","2200","core-3000"
"it.lex.uscita-di-emergenza","emergency exit","uscita di emergenza","","","","","2202","core-3000"
"it.lex.estintore","fire extinguisher","estintore","","","","","2203","core-3000"
"it.lex.allarme-antincendio","fire alarm","allarme antincendio","","","","","2204","core-3000"
"it.lex.club-sportivo","sports club","club sportivo","","","","","2205","core-3000"
"it.lex.galleria-d-arte","art gallery","galleria d'arte","","","","","2206","core-3000"
"it.lex.riserva-naturale","nature reserve","riserva naturale","","","","","2207","core-3000"
"it.lex.sentiero-escursionistico","hiking trail","sentiero escursionistico","","","","","2208","core-3000"
"it.lex.record-mondiale","world record","record mondiale","","","","","2209","core-3000"
"it.lex.lingua-madre","mother tongue","lingua madre","","","","","2210","core-3000"
"it.lex.lingua-straniera","foreign language","lingua straniera","","","","","2211","core-3000"
"it.lex.corso-di-lingua","language course","corso di lingua","","","","","2212","core-3000"
"it.lex.scambio-linguistico","language exchange","scambio linguistico","","","","","2213","core-3000"
"it.lex.carta-di-credito","credit card","carta di credito","","","","","2214","core-3000"
"it.lex.conto-bancario","bank account","conto bancario","","","","","2215","core-3000"
"it.lex.assicurazione-sanitaria","health insurance","assicurazione sanitaria","","","","","2216","core-3000"
"it.lex.esame-del-sangue","blood test","esame del sangue","","","","","2217","core-3000"
"it.lex.kit-di-pronto-soccorso","first aid kit","kit di pronto soccorso","","","","","2218","core-3000"
"it.lex.cambiamento-climatico","climate change","cambiamento climatico","","","","","2219","core-3000"
"it.lex.effetto-serra","greenhouse effect","effetto serra","","","","","2220","core-3000"
"it.lex.energia-rinnovabile","renewable energy","energia rinnovabile","","","","","2221","core-3000"
"it.lex.pannello-solare","solar panel","pannello solare","","","","","2222","core-3000"
"it.lex.turbina-eolica","wind turbine","turbina eolica","","","","","2223","core-3000"
"it.lex.impronta-di-carbonio","carbon footprint","impronta di carbonio","","","","","2224","core-3000"
"it.lex.apprendimento-automatico","machine learning","apprendimento automatico","","","","","2226","core-3000"
"it.lex.videochiamata","video call","videochiamata","","","","","2229","core-3000"
"it.lex.indirizzo-email","email address","indirizzo email","","","","","2230","core-3000"
"it.lex.numero-di-telefono","phone number","numero di telefono","","","","","2231","core-3000"
"it.lex.biglietto-di-andata-e-ritorno","return ticket","biglietto di andata e ritorno","","","","","2232","core-3000"
"it.lex.posto-al-finestrino","window seat","posto al finestrino","","","","","2233","core-3000"
"it.lex.servizio-in-camera","room service","servizio in camera","","","","","2234","core-3000"
"it.lex.camera-singola","single room","camera singola","","","","","2235","core-3000"
"it.lex.camera-doppia","double room","camera doppia","","","","","2236","core-3000"
"it.lex.ritiro-bagagli","baggage claim","ritiro bagagli","","","","","2237","core-3000"
"it.lex.scalo","stopover","scalo","","","","","2238","core-3000"
"it.lex.tasso-di-cambio","exchange rate","tasso di cambio","","","","","2239","core-3000"
"it.lex.assicurazione-viaggio","travel insurance","assicurazione viaggio","","","","","2240","core-3000"
"it.lex.crema-solare","sunscreen","crema solare","","","","","2241","core-3000"
"it.lex.bancomat","ATM","bancomat","","","","","2242","core-3000"
"it.lex.contanti","cash","contanti","","","","","2243","core-3000"
"it.lex.moneta","coin","moneta","","","","","2244","core-3000"
"it.lex.banconota","banknote","banconota","","","","","2245","core-3000"
"it.lex.mancia","tip","mancia","","","","","2246","core-3000"
"it.lex.iva","VAT","IVA","","","","","2247","core-3000"
"it.lex.fattura","invoice","fattura","","","","","2248","core-3000"
"it.lex.ricevuta-scontrino","receipt","ricevuta / scontrino","","","","","2249","core-3000"
"it.lex.rimborso","refund","rimborso","","","","","2250","core-3000"
"it.lex.affare-occasione","bargain","affare / occasione","","","","","2251","core-3000"
"it.lex.abbonamento-tessera","membership","abbonamento / tessera","","","","","2252","core-3000"
"it.lex.abbonamento.subscription","subscription","abbonamento","","","","","2253","core-3000"
"it.lex.registrazione-iscrizione","registration","registrazione / iscrizione","","","","","2254","core-3000"
"it.lex.conferma","confirmation","conferma","","","","","2255","core-3000"
"it.lex.cancellazione-disdetta","cancellation","cancellazione / disdetta","","","","","2256","core-3000"
"it.lex.reclamo","complaint","reclamo","","","","","2257","core-3000"
"it.lex.feedback-riscontro","feedback","feedback / riscontro","","","","","2258","core-3000"
"it.lex.recensione","review","recensione","","","","","2259","core-3000"
"it.lex.valutazione","rating","valutazione","","","","","2260","core-3000"
"it.lex.consiglio.recommendation","recommendation","consiglio","","","","","2261","core-3000"
"it.lex.certificato","certificate","certificato","","","","","2262","core-3000"
"it.lex.licenza","license","licenza","","","","","2263","core-3000"
"it.lex.permesso","permit","permesso","","","","","2264","core-3000"
"it.lex.visto","visa","visto","","","","","2265","core-3000"
"it.lex.passaporto","passport","passaporto","","","","","2266","core-3000"
"it.lex.carta-d-identita","identity card","carta d'identità","","","","","2267","core-3000"
"it.lex.permesso-di-soggiorno","residence permit","permesso di soggiorno","","","","","2268","core-3000"
"it.lex.cittadinanza","citizenship","cittadinanza","","","","","2269","core-3000"
"it.lex.nazionalita","nationality","nazionalità","","","","","2270","core-3000"
"it.lex.tessera-sanitaria","insurance card","tessera sanitaria","","","","","2271","core-3000"
"it.lex.ricerca","research","ricerca","","","","","2272","core-3000"
"it.lex.esperimento","experiment","esperimento","","","","","2273","core-3000"
"it.lex.teoria","theory","teoria","","","","","2274","core-3000"
"it.lex.ipotesi","hypothesis","ipotesi","","","","","2275","core-3000"
"it.lex.analisi","analysis","analisi","","","","","2276","core-3000"
"it.lex.conclusione","conclusion","conclusione","","","","","2277","core-3000"
"it.lex.innovazione","innovation","innovazione","","","","","2278","core-3000"
"it.lex.invenzione","invention","invenzione","","","","","2279","core-3000"
"it.lex.scoperta","discovery","scoperta","","","","","2280","core-3000"
"it.lex.evoluzione","evolution","evoluzione","","","","","2281","core-3000"
"it.lex.rivoluzione","revolution","rivoluzione","","","","","2282","core-3000"
"it.lex.democrazia","democracy","democrazia","","","","","2283","core-3000"
"it.lex.elezione","election","elezione","","","","","2284","core-3000"
"it.lex.parlamento","parliament","parlamento","","","","","2285","core-3000"
"it.lex.costituzione","constitution","costituzione","","","","","2286","core-3000"
"it.lex.diritti-umani","human rights","diritti umani","","","","","2287","core-3000"
"it.lex.corruzione","corruption","corruzione","","","","","2288","core-3000"
"it.lex.protesta","protest","protesta","","","","","2289","core-3000"
"it.lex.globalizzazione","globalization","globalizzazione","","","","","2290","core-3000"
"it.lex.immigrazione","immigration","immigrazione","","","","","2291","core-3000"
"it.lex.integrazione","integration","integrazione","","","","","2292","core-3000"
"it.lex.discriminazione","discrimination","discriminazione","","","","","2293","core-3000"
"it.lex.poverta","poverty","povertà","","","","","2294","core-3000"
"it.lex.ricchezza","wealth","ricchezza","","","","","2295","core-3000"
"it.lex.disuguaglianza","inequality","disuguaglianza","","","","","2296","core-3000"
"it.lex.inflazione","inflation","inflazione","","","","","2297","core-3000"
"it.lex.recessione","recession","recessione","","","","","2298","core-3000"
"it.lex.crescita","growth","crescita","","","","","2299","core-3000"
"it.lex.esportazione","export","esportazione","","","","","2300","core-3000"
"it.lex.importazione","import","importazione","","","","","2301","core-3000"
"it.lex.fallimento.bankruptcy","bankruptcy","fallimento","","","","","2302","core-3000"
"it.lex.fusione","merger","fusione","","","","","2303","core-3000"
"it.lex.ecosistema","ecosystem","ecosistema","","","","","2305","core-3000"
"it.lex.biodiversita","biodiversity","biodiversità","","","","","2306","core-3000"
"it.lex.cellula.cell","cell","cellula","","","","","2307","core-3000"
"it.lex.gene","gene","gene","","","","","2308","core-3000"
"it.lex.fotosintesi","photosynthesis","fotosintesi","","","","","2309","core-3000"
"it.lex.sistema-immunitario","immune system","sistema immunitario","","","","","2310","core-3000"
"it.lex.antibiotico","antibiotic","antibiotico","","","","","2311","core-3000"
"it.lex.pandemia","pandemic","pandemia","","","","","2312","core-3000"
"it.lex.epidemia","epidemic","epidemia","","","","","2313","core-3000"
"it.lex.prendere-una-decisione","to make a decision","prendere una decisione","","","","","2314","core-3000"
"it.lex.fare-una-foto","to take a photo","fare una foto","","","","","2315","core-3000"
"it.lex.fare-una-pausa","to take a break","fare una pausa","","","","","2316","core-3000"
"it.lex.fare-progressi","to make progress","fare progressi","","","","","2317","core-3000"
"it.lex.fare-un-errore","to make a mistake","fare un errore","","","","","2318","core-3000"
"it.lex.fare-una-telefonata","to make a phone call","fare una telefonata","","","","","2319","core-3000"
"it.lex.prendere-fissare-un-appuntamento","to make an appointment","prendere / fissare un appuntamento","","","","","2320","core-3000"
"it.lex.fare-una-domanda","to ask a question","fare una domanda","","","","","2321","core-3000"
"it.lex.dare-una-risposta","to give an answer","dare una risposta","","","","","2322","core-3000"
"it.lex.dare-un-consiglio","to give advice","dare un consiglio","","","","","2323","core-3000"
"it.lex.tenere-un-discorso","to give a speech","tenere un discorso","","","","","2324","core-3000"
"it.lex.fare-un-regalo","to give a present","fare un regalo","","","","","2325","core-3000"
"it.lex.prestare-attenzione","to pay attention","prestare attenzione","","","","","2326","core-3000"
"it.lex.mantenere-una-promessa","to keep a promise","mantenere una promessa","","","","","2327","core-3000"
"it.lex.mantenere-un-segreto","to keep a secret","mantenere un segreto","","","","","2328","core-3000"
"it.lex.restare-in-contatto","to keep in touch","restare in contatto","","","","","2329","core-3000"
"it.lex.perdere-peso","to lose weight","perdere peso","","","","","2330","core-3000"
"it.lex.aumentare-di-peso","to gain weight","aumentare di peso","","","","","2331","core-3000"
"it.lex.perdere-la-pazienza.to-lose-patience","to lose patience","perdere la pazienza","","","","","2332","core-3000"
"it.lex.tenere-una-riunione","to hold a meeting","tenere una riunione","","","","","2333","core-3000"
"it.lex.prendere-un-raffreddore","to catch a cold","prendere un raffreddore","","","","","2334","core-3000"
"it.lex.rompere-una-promessa","to break a promise","rompere una promessa","","","","","2335","core-3000"
"it.lex.esaurire-il-tempo","to run out of time","esaurire il tempo","","","","","2336","core-3000"
"it.lex.sentirsi-a-casa","to feel at home","sentirsi a casa","","","","","2338","core-3000"
"it.lex.prepararsi","to get ready","prepararsi","","","","","2339","core-3000"
"it.lex.stare-meglio","to get better","stare meglio","","","","","2340","core-3000"
"it.lex.peggiorare","to get worse","peggiorare","","","","","2341","core-3000"
"it.lex.liberarsi-di","to get rid of","liberarsi di","","","","","2342","core-3000"
"it.lex.andare-male","to go wrong","andare male","","","","","2343","core-3000"
"it.lex.andare-in-vacanza","to go on vacation","andare in vacanza","","","","","2344","core-3000"
"it.lex.fare-una-passeggiata","to go for a walk","fare una passeggiata","","","","","2345","core-3000"
"it.lex.fare-shopping","to go shopping","fare shopping","","","","","2346","core-3000"
"it.lex.andare-a-letto","to go to bed","andare a letto","","","","","2347","core-3000"
"it.lex.essere-di-buon-umore","to be in a good mood","essere di buon umore","","","","","2348","core-3000"
"it.lex.essere-di-cattivo-umore","to be in a bad mood","essere di cattivo umore","","","","","2349","core-3000"
"it.lex.essere-in-ritardo","to be late","essere in ritardo","","","","","2350","core-3000"
"it.lex.avere-ragione","to be right","avere ragione","","","","","2351","core-3000"
"it.lex.avere-torto","to be wrong","avere torto","","","","","2352","core-3000"
"it.lex.avere-paura-di","to be afraid of","avere paura di","","","","","2353","core-3000"
"it.lex.essere-orgoglioso-a-di","to be proud of","essere orgoglioso/a di","","","","","2354","core-3000"
"it.lex.essere-interessato-a-in","to be interested in","essere interessato/a in","","","","","2355","core-3000"
"it.lex.essere-stufo-a-di","to be fed up with","essere stufo/a di","","","","","2356","core-3000"
"it.lex.essere-deluso-a-da","to be disappointed with","essere deluso/a da","","","","","2357","core-3000"
"it.lex.essere-soddisfatto-a-di","to be satisfied with","essere soddisfatto/a di","","","","","2358","core-3000"
"it.lex.non-vedere-l-ora-di","to be looking forward to","non vedere l'ora di","","","","","2359","core-3000"
"it.lex.giungere-a-una-conclusione","to come to a conclusion","giungere a una conclusione","","","","","2360","core-3000"
"it.lex.andare-in-pezzi","to fall apart","andare in pezzi","","","","","2361","core-3000"
"it.lex.violare-la-legge","to break the law","violare la legge","","","","","2362","core-3000"
"it.lex.prendersi-cura-di","to take care of","prendersi cura di","","","","","2363","core-3000"
"it.lex.approfittare-di","to take advantage of","approfittare di","","","","","2364","core-3000"
"it.lex.prendere-parte-a","to take part in","prendere parte a","","","","","2365","core-3000"
"it.lex.correre-un-rischio","to take a risk","correre un rischio","","","","","2366","core-3000"
"it.lex.fare-un-complimento","to pay a compliment","fare un complimento","","","","","2367","core-3000"
"it.lex.fare-del-proprio-meglio","to do one's best","fare del proprio meglio","","","","","2368","core-3000"
"it.lex.divertirsi","to have fun","divertirsi","","","","","2369","core-3000"
"it.lex.passare-un-bel-momento","to have a good time","passare un bel momento","","","","","2370","core-3000"
"it.lex.cenare","to have dinner","cenare","","","","","2371","core-3000"
"it.lex.pranzare","to have lunch","pranzare","","","","","2372","core-3000"
"it.lex.fare-colazione","to have breakfast","fare colazione","","","","","2373","core-3000"
"it.lex.colore","color","colore","","","","","2374","core-3000"
"it.lex.rosso","red","rosso","","","","","2375","core-3000"
"it.lex.blu","blue","blu","","","","","2376","core-3000"
"it.lex.verde","green","verde","","","","","2377","core-3000"
"it.lex.giallo","yellow","giallo","","","","","2378","core-3000"
"it.lex.nero","black","nero","","","","","2379","core-3000"
"it.lex.bianco","white","bianco","","","","","2380","core-3000"
"it.lex.arancione","orange","arancione","","","","","2381","core-3000"
"it.lex.viola","purple","viola","","","","","2382","core-3000"
"it.lex.rosa","pink","rosa","","","","","2383","core-3000"
"it.lex.marrone","brown","marrone","","","","","2384","core-3000"
"it.lex.grigio","grey","grigio","","","","","2385","core-3000"
"it.lex.chiaro","light (color)","chiaro","","","","","2386","core-3000"
"it.lex.scuro","dark (color)","scuro","","","","","2387","core-3000"
"it.lex.forma","shape","forma","","","","","2388","core-3000"
"it.lex.cerchio","circle","cerchio","","","","","2389","core-3000"
"it.lex.quadrato","square","quadrato","","","","","2390","core-3000"
"it.lex.triangolo","triangle","triangolo","","","","","2391","core-3000"
"it.lex.linea","line","linea","","","","","2392","core-3000"
"it.lex.angolo","corner","angolo","","","","","2393","core-3000"
"it.lex.dimensione-taglia","size","dimensione / taglia","","","","","2394","core-3000"
"it.lex.altezza","height","altezza","","","","","2396","core-3000"
"it.lex.lunghezza","length","lunghezza","","","","","2397","core-3000"
"it.lex.larghezza","width","larghezza","","","","","2398","core-3000"
"it.lex.distanza","distance","distanza","","","","","2399","core-3000"
"it.lex.velocita","speed","velocità","","","","","2400","core-3000"
"it.lex.temperatura","temperature","temperatura","","","","","2401","core-3000"
"it.lex.livello","level","livello","","","","","2402","core-3000"
"it.lex.quantita","amount","quantità","","","","","2403","core-3000"
"it.lex.materiale","material","materiale","","","","","2404","core-3000"
"it.lex.legno","wood","legno","","","","","2405","core-3000"
"it.lex.metallo","metal","metallo","","","","","2406","core-3000"
"it.lex.plastica","plastic","plastica","","","","","2407","core-3000"
"it.lex.vetro","glass","vetro","","","","","2408","core-3000"
"it.lex.pelle-cuoio","leather","pelle / cuoio","","","","","2409","core-3000"
"it.lex.oro","gold","oro","","","","","2413","core-3000"
"it.lex.argento","silver","argento","","","","","2414","core-3000"
"it.lex.ferro","iron","ferro","","","","","2415","core-3000"
"it.lex.acciaio","steel","acciaio","","","","","2416","core-3000"
"it.lex.luce","light","luce","","","","","2417","core-3000"
"it.lex.ombra","shadow","ombra","","","","","2418","core-3000"
"it.lex.suono","sound","suono","","","","","2419","core-3000"
"it.lex.rumore","noise","rumore","","","","","2420","core-3000"
"it.lex.energia","energy","energia","","","","","2421","core-3000"
"it.lex.potenza-forza","power","potenza / forza","","","","","2422","core-3000"
"it.lex.calore","heat","calore","","","","","2423","core-3000"
"it.lex.pressione","pressure","pressione","","","","","2424","core-3000"
"it.lex.gravita","gravity","gravità","","","","","2425","core-3000"
"it.lex.elettricita","electricity","elettricità","","","","","2426","core-3000"
"it.lex.atomo","atom","atomo","","","","","2427","core-3000"
"it.lex.molecola","molecule","molecola","","","","","2428","core-3000"
"it.lex.cellula.cell-biology","cell (biology)","cellula","","","","","2429","core-3000"
"it.lex.dna","DNA","DNA","","","","","2430","core-3000"
"it.lex.routine-mattutina","morning routine","routine mattutina","","","","","2433","core-3000"
"it.lex.routine-serale","evening routine","routine serale","","","","","2434","core-3000"
"it.lex.stile-di-vita-sano","healthy lifestyle","stile di vita sano","","","","","2435","core-3000"
"it.lex.dieta-equilibrata","balanced diet","dieta equilibrata","","","","","2436","core-3000"
"it.lex.attivita-fisica","physical activity","attività fisica","","","","","2437","core-3000"
"it.lex.salute-mentale","mental health","salute mentale","","","","","2438","core-3000"
"it.lex.benessere","well-being","benessere","","","","","2439","core-3000"
"it.lex.qualita-della-vita","quality of life","qualità della vita","","","","","2440","core-3000"
"it.lex.equilibrio-tra-lavoro-e-vita","work-life balance","equilibrio tra lavoro e vita","","","","","2441","core-3000"
"it.lex.tempo-libero","free time","tempo libero","","","","","2442","core-3000"
"it.lex.intrattenimento","entertainment","intrattenimento","","","","","2443","core-3000"
"it.lex.soddisfazione","satisfaction","soddisfazione","","","","","2444","core-3000"
"it.lex.felicita","happiness","felicità","","","","","2445","core-3000"
"it.lex.gentile-signore-gentile-signora","Dear Sir/Madam,","Gentile Signore / Gentile Signora,","","","","","2446","core-3000"
"it.lex.egregio-signor-rossi","Dear Mr. Rossi,","Egregio Signor Rossi,","","","","","2447","core-3000"
"it.lex.le-scrivo-riguardo-a","I am writing to you regarding...","Le scrivo riguardo a...","","","","","2448","core-3000"
"it.lex.in-allegato-trova","Please find attached...","In allegato trova...","","","","","2449","core-3000"
"it.lex.in-attesa-di-una-sua-risposta","I look forward to hearing from you.","In attesa di una Sua risposta.","","","","","2450","core-3000"
"it.lex.cordiali-saluti","Yours sincerely,","Cordiali saluti,","","","","","2451","core-3000"
"it.lex.distinti-saluti","Kind regards,","Distinti saluti,","","","","","2452","core-3000"
"it.lex.a-mio-parere-secondo-me","In my opinion...","A mio parere... / Secondo me...","","","","","2453","core-3000"
"it.lex.questo-suggerisce-che","This suggests that...","Questo suggerisce che...","","","","","2454","core-3000"
"it.lex.in-conclusione","To conclude...","In conclusione...","","","","","2455","core-3000"
"it.lex.in-sintesi","In summary...","In sintesi...","","","","","2456","core-3000"
"it.lex.veniamo-al-dunque","Let's get down to business.","Veniamo al dunque.","","","","","2457","core-3000"
"it.lex.affare-fatto","That's a deal.","Affare fatto!","","","","","2458","core-3000"
"it.lex.tutto-sommato","All things considered...","Tutto sommato...","","","","","2459","core-3000"
"it.lex.la-cosa-piu-importante-e","The most important thing is...","La cosa più importante è...","","","","","2460","core-3000"
"it.lex.prima-o-poi","sooner or later","prima o poi","","","","","2461","core-3000"
"it.lex.piu-o-meno","more or less","più o meno","","","","","2462","core-3000"
"it.lex.passo-dopo-passo","step by step","passo dopo passo","","","","","2463","core-3000"
"it.lex.sostenibile","sustainable","sostenibile","","","","","2464","core-3000"
"it.lex.efficiente","efficient","efficiente","","","","","2465","core-3000"
"it.lex.innovativo","innovative","innovativo","","","","","2466","core-3000"
"it.lex.trasparente","transparent","trasparente","","","","","2467","core-3000"
"it.lex.proattivo","proactive","proattivo","","","","","2468","core-3000"
"it.lex.ad-essere-onesti-onestamente","to be honest","ad essere onesti / onestamente","","","","","2469","core-3000"
"it.lex.tra-me-e-te","between you and me","tra me e te","","","","","2470","core-3000"
"it.lex.se-ho-capito-bene","if I understand correctly","se ho capito bene","","","","","2471","core-3000"
"it.lex.sembra-che","it seems that","sembra che","","","","","2472","core-3000"
"it.lex.in-effetti","as a matter of fact","in effetti","","","","","2475","core-3000"
"it.lex.per-questo-motivo","for this reason","per questo motivo","","","","","2476","core-3000"
"it.lex.a-prima-vista","at first glance","a prima vista","","","","","2478","core-3000"
"it.lex.lo-stesso-ugualmente","all the same","lo stesso / ugualmente","","","","","2479","core-3000"
"it.lex.non-vedo-l-ora","I'm looking forward to it.","Non vedo l'ora.","","","","","2480","core-3000"
"it.lex.alla-prossima","See you next time!","Alla prossima!","","","","","2481","core-3000"
"it.lex.e-stato-un-piacere","It was a pleasure.","È stato un piacere.","","","","","2482","core-3000"
"it.lex.sono-impressionato-a","I'm impressed.","Sono impressionato/a.","","","","","2483","core-3000"
"it.lex.e-incredibile","That's incredible!","È incredibile!","","","","","2484","core-3000"
"it.lex.non-ci-posso-credere","I can't believe it.","Non ci posso credere.","","","","","2485","core-3000"
"it.lex.sono-orgoglioso-a-di-te","I'm proud of you.","Sono orgoglioso/a di te.","","","","","2486","core-3000"
"it.lex.hai-fatto-benissimo","You did great!","Hai fatto benissimo!","","","","","2487","core-3000"
"it.lex.mi-sento-benissimo-oggi","I feel great today.","Mi sento benissimo oggi.","","","","","2488","core-3000"
"it.lex.e-in-forma","She is in good shape.","È in forma.","","","","","2489","core-3000"
"it.lex.conduce-una-vita-sana","He leads a healthy life.","Conduce una vita sana.","","","","","2490","core-3000"
"it.lex.cerco-di-evitare-lo-zucchero","I try to avoid sugar.","Cerco di evitare lo zucchero.","","","","","2491","core-3000"
"it.lex.vado-a-letto-presto","I go to bed early.","Vado a letto presto.","","","","","2492","core-3000"
"it.lex.non-ho-contanti","I don't have any cash.","Non ho contanti.","","","","","2493","core-3000"
"it.lex.c-e-un-bancomat-qui-vicino","Is there an ATM nearby?","C'è un bancomat qui vicino?","","","","","2494","core-3000"
"it.lex.ho-perso-il-portafoglio","I've lost my wallet.","Ho perso il portafoglio.","","","","","2495","core-3000"
"it.lex.chiama-la-polizia","Call the police!","Chiama la polizia!","","","","","2496","core-3000"
"it.lex.e-un-emergenza","It's an emergency.","È un'emergenza.","","","","","2497","core-3000"
"it.lex.ho-bisogno-di-aiuto","I need help.","Ho bisogno di aiuto.","","","","","2498","core-3000"
"it.lex.non-mi-sento-bene","I'm not feeling well.","Non mi sento bene.","","","","","2499","core-3000"
"it.lex.devo-andare-dal-medico","I need to see a doctor.","Devo andare dal medico.","","","","","2500","core-3000"
"it.lex.dov-e-l-ospedale-piu-vicino","Where is the nearest hospital?","Dov'è l'ospedale più vicino?","","","","","2501","core-3000"
"it.lex.posso-usare-il-tuo-telefono","Can I use your phone?","Posso usare il tuo telefono?","","","","","2502","core-3000"
"it.lex.sono-stato-a-derubato-a","I've been robbed.","Sono stato/a derubato/a.","","","","","2503","core-3000"
"it.lex.il-numero-di-emergenza-in-italia-e-il-118","The emergency number in Italy is 118.","Il numero di emergenza in Italia è il 118.","","","","","2504","core-3000"
"it.lex.io-fui","I was (passato remoto)","io fui","","","","","2505","core-3000"
"it.lex.io-ebbi","I had (p.r.)","io ebbi","","","","","2506","core-3000"
"it.lex.io-andai","I went (p.r.)","io andai","","","","","2507","core-3000"
"it.lex.io-venni","I came (p.r.)","io venni","","","","","2508","core-3000"
"it.lex.io-feci","I did / made (p.r.)","io feci","","","","","2509","core-3000"
"it.lex.io-dissi","I said (p.r.)","io dissi","","","","","2510","core-3000"
"it.lex.io-diedi-detti","I gave (p.r.)","io diedi / detti","","","","","2511","core-3000"
"it.lex.io-vidi","I saw (p.r.)","io vidi","","","","","2512","core-3000"
"it.lex.io-scrissi","I wrote (p.r.)","io scrissi","","","","","2513","core-3000"
"it.lex.io-lessi","I read (p.r.)","io lessi","","","","","2514","core-3000"
"it.lex.io-presi","I took (p.r.)","io presi","","","","","2515","core-3000"
"it.lex.io-chiesi","I asked (p.r.)","io chiesi","","","","","2516","core-3000"
"it.lex.io-risposi","I answered (p.r.)","io risposi","","","","","2517","core-3000"
"it.lex.io-seppi","I knew (p.r.)","io seppi","","","","","2518","core-3000"
"it.lex.io-potei","I could (p.r.)","io potei","","","","","2519","core-3000"
"it.lex.io-dovetti","I had to (p.r.)","io dovetti","","","","","2520","core-3000"
"it.lex.io-volli","I wanted (p.r.)","io volli","","","","","2521","core-3000"
"it.lex.io-bevvi","I drank (p.r.)","io bevvi","","","","","2522","core-3000"
"it.lex.io-vissi","I lived (p.r.)","io vissi","","","","","2523","core-3000"
"it.lex.io-corsi","I ran (p.r.)","io corsi","","","","","2524","core-3000"
"it.lex.io-ruppi","I broke (p.r.)","io ruppi","","","","","2525","core-3000"
"it.lex.io-aprii","I opened (p.r.)","io aprii","","","","","2526","core-3000"
"it.lex.io-chiusi","I closed (p.r.)","io chiusi","","","","","2527","core-3000"
"it.lex.io-persi","I lost (p.r.)","io persi","","","","","2528","core-3000"
"it.lex.io-vinsi","I won (p.r.)","io vinsi","","","","","2529","core-3000"
"it.lex.io-rimasi","I remained (p.r.)","io rimasi","","","","","2530","core-3000"
"it.lex.io-misi","I put (p.r.)","io misi","","","","","2531","core-3000"
"it.lex.io-scelsi","I chose (p.r.)","io scelsi","","","","","2532","core-3000"
"it.lex.io-caddi","I fell (p.r.)","io caddi","","","","","2533","core-3000"
"it.lex.io-morii","I died (p.r.)","io morii","","","","","2534","core-3000"
"it.lex.io-andro","I will go","io andrò","","","","","2535","core-3000"
"it.lex.io-saro","I will be","io sarò","","","","","2536","core-3000"
"it.lex.io-avro","I will have","io avrò","","","","","2537","core-3000"
"it.lex.io-faro","I will do / make","io farò","","","","","2538","core-3000"
"it.lex.io-diro","I will say","io dirò","","","","","2539","core-3000"
"it.lex.io-verro","I will come","io verrò","","","","","2540","core-3000"
"it.lex.io-daro","I will give","io darò","","","","","2541","core-3000"
"it.lex.io-vedro","I will see","io vedrò","","","","","2542","core-3000"
"it.lex.io-potro","I will be able to","io potrò","","","","","2543","core-3000"
"it.lex.io-dovro","I will have to","io dovrò","","","","","2544","core-3000"
"it.lex.io-vorro","I will want","io vorrò","","","","","2545","core-3000"
"it.lex.io-sapro","I will know","io saprò","","","","","2546","core-3000"
"it.lex.io-terro","I will hold / keep","io terrò","","","","","2547","core-3000"
"it.lex.io-rimarro","I will remain","io rimarrò","","","","","2548","core-3000"
"it.lex.io-tradurro","I will translate","io tradurrò","","","","","2549","core-3000"
"it.lex.io-berro","I will drink","io berrò","","","","","2550","core-3000"
"it.lex.io-saliro","I will climb","io salirò","","","","","2551","core-3000"
"it.lex.me-lo-da","he gives it to me","me lo dà","","","","","2552","core-3000"
"it.lex.te-lo-manda","she sends it to you","te lo manda","","","","","2553","core-3000"
"it.lex.glielo-dico","I tell it to him","glielo dico","","","","","2554","core-3000"
"it.lex.glielo-diamo","we give it to them","glielo diamo","","","","","2555","core-3000"
"it.lex.me-lo-puoi-dare","Can you give it to me?","Me lo puoi dare?","","","","","2556","core-3000"
"it.lex.te-lo-mando","I'll send it to you.","Te lo mando.","","","","","2557","core-3000"
"it.lex.me-lo-ha-spiegato","He explained it to me.","Me lo ha spiegato.","","","","","2558","core-3000"
"it.lex.in-il-nel","in the (m, sg.) → nel","in + il → nel","","","","","2559","core-3000"
"it.lex.in-la-nella","in the (f, sg.) → nella","in + la → nella","","","","","2560","core-3000"
"it.lex.in-i-nei","in the (m, pl.) → nei","in + i → nei","","","","","2561","core-3000"
"it.lex.in-le-nelle","in the (f, pl.) → nelle","in + le → nelle","","","","","2562","core-3000"
"it.lex.su-il-sul","on the (m, sg.) → sul","su + il → sul","","","","","2563","core-3000"
"it.lex.su-la-sulla","on the (f, sg.) → sulla","su + la → sulla","","","","","2564","core-3000"
"it.lex.su-i-sui","on the (m, pl.) → sui","su + i → sui","","","","","2565","core-3000"
"it.lex.su-le-sulle","on the (f, pl.) → sulle","su + le → sulle","","","","","2566","core-3000"
"it.lex.da-il-dal","from the (m, sg.) → dal","da + il → dal","","","","","2567","core-3000"
"it.lex.da-la-dalla","from the (f, sg.) → dalla","da + la → dalla","","","","","2568","core-3000"
"it.lex.da-i-dai","from the (m, pl.) → dai","da + i → dai","","","","","2569","core-3000"
"it.lex.da-le-dalle","from the (f, pl.) → dalle","da + le → dalle","","","","","2570","core-3000"
"it.lex.a-il-al","to the (m, sg.) → al","a + il → al","","","","","2571","core-3000"
"it.lex.a-la-alla","to the (f, sg.) → alla","a + la → alla","","","","","2572","core-3000"
"it.lex.a-i-ai","to the (m, pl.) → ai","a + i → ai","","","","","2573","core-3000"
"it.lex.a-le-alle","to the (f, pl.) → alle","a + le → alle","","","","","2574","core-3000"
"it.lex.di-il-del","of the (m, sg.) → del","di + il → del","","","","","2575","core-3000"
"it.lex.di-la-della","of the (f, sg.) → della","di + la → della","","","","","2576","core-3000"
"it.lex.di-i-dei","of the (m, pl.) → dei","di + i → dei","","","","","2577","core-3000"
"it.lex.di-le-delle","of the (f, pl.) → delle","di + le → delle","","","","","2578","core-3000"
"it.lex.con-il-col-informal","with the (m, sg.) → col","con + il → col (informal)","","","","","2579","core-3000"
"it.lex.mio","my (m, sg.)","mio","","","","","2580","core-3000"
"it.lex.mia","my (f, sg.)","mia","","","","","2581","core-3000"
"it.lex.miei-mie","my (pl.)","miei / mie","","","","","2582","core-3000"
"it.lex.tuo","your (sg., m)","tuo","","","","","2583","core-3000"
"it.lex.tua","your (sg., f)","tua","","","","","2584","core-3000"
"it.lex.tuoi-tue","your (sg., pl.)","tuoi / tue","","","","","2585","core-3000"
"it.lex.suo","his / her (m)","suo","","","","","2586","core-3000"
"it.lex.sua","his / her (f)","sua","","","","","2587","core-3000"
"it.lex.suoi-sue","his / her (pl.)","suoi / sue","","","","","2588","core-3000"
"it.lex.nostro","our (m)","nostro","","","","","2589","core-3000"
"it.lex.nostra","our (f)","nostra","","","","","2590","core-3000"
"it.lex.nostri-nostre","our (pl.)","nostri / nostre","","","","","2591","core-3000"
"it.lex.vostro","your (pl., m)","vostro","","","","","2592","core-3000"
"it.lex.vostra","your (pl., f)","vostra","","","","","2593","core-3000"
"it.lex.vostri-vostre","your (pl., pl.)","vostri / vostre","","","","","2594","core-3000"
"it.lex.loro.their-m","their (m)","loro","","","","","2595","core-3000"
"it.lex.loro.their-f","their (f)","loro","","","","","2596","core-3000"
"it.lex.loro.their-pl","their (pl.)","loro","","","","","2597","core-3000"
"it.lex.la-mia-casa","my house","la mia casa","","","","","2598","core-3000"
"it.lex.la-sua-macchina","his car","la sua macchina","","","","","2599","core-3000"
"it.lex.i-nostri-figli","our children","i nostri figli","","","","","2600","core-3000"
"it.lex.il-tuo-amico","your friend (m)","il tuo amico","","","","","2601","core-3000"
"it.lex.questo","this (m, sg.)","questo","","","","","2602","core-3000"
"it.lex.questa","this (f, sg.)","questa","","","","","2603","core-3000"
"it.lex.questi","these (m, pl.)","questi","","","","","2604","core-3000"
"it.lex.queste","these (f, pl.)","queste","","","","","2605","core-3000"
"it.lex.quello","that (m, sg.)","quello","","","","","2606","core-3000"
"it.lex.quella","that (f, sg.)","quella","","","","","2607","core-3000"
"it.lex.quelli","those (m, pl.)","quelli","","","","","2608","core-3000"
"it.lex.quelle","those (f, pl.)","quelle","","","","","2609","core-3000"
"it.lex.questo-libro","this book","questo libro","","","","","2610","core-3000"
"it.lex.quella-macchina","that car","quella macchina","","","","","2611","core-3000"
"it.lex.queste-persone","these people","queste persone","","","","","2612","core-3000"
"it.lex.quei-bambini","those children","quei bambini","","","","","2613","core-3000"
"it.lex.molto-tanti","a lot of","molto / tanti","","","","","2614","core-3000"
"it.lex.poco-un-po","a little","poco / un po'","","","","","2615","core-3000"
"it.lex.alcuni-un-po-di","some","alcuni / un po' di","","","","","2616","core-3000"
"it.lex.molti","many","molti","","","","","2617","core-3000"
"it.lex.pochi","few","pochi","","","","","2618","core-3000"
"it.lex.troppo.too-much","too much","troppo","","","","","2619","core-3000"
"it.lex.troppi","too many","troppi","","","","","2620","core-3000"
"it.lex.la-maggior-parte","most","la maggior parte","","","","","2624","core-3000"
"it.lex.diversi-parecchi","several","diversi / parecchi","","","","","2625","core-3000"
"it.lex.tutto-tutti","all","tutto / tutti","","","","","2626","core-3000"
"it.lex.ogni","every","ogni","","","","","2627","core-3000"
"it.lex.ciascuno","each","ciascuno","","","","","2628","core-3000"
"it.lex.ne-l-uno-ne-l-altro","neither","né l'uno né l'altro","","","","","2630","core-3000"
"it.lex.uno-dei-due-uno-o-l-altro","either","uno dei due / uno o l'altro","","","","","2631","core-3000"
"it.lex.nessuno.none","none","nessuno","","","","","2632","core-3000"
"it.lex.sono-le-9","It is 9 o'clock.","Sono le 9.","","","","","2633","core-3000"
"it.lex.sono-le-2-e-mezza","It is half past 2.","Sono le 2 e mezza.","","","","","2634","core-3000"
"it.lex.sono-le-3-e-un-quarto","It is quarter past 3.","Sono le 3 e un quarto.","","","","","2635","core-3000"
"it.lex.sono-le-4-meno-un-quarto","It is quarter to 4.","Sono le 4 meno un quarto.","","","","","2636","core-3000"
"it.lex.e-mezzogiorno","It is noon.","È mezzogiorno.","","","","","2637","core-3000"
"it.lex.e-mezzanotte","It is midnight.","È mezzanotte.","","","","","2638","core-3000"
"it.lex.alle-5","at 5 o'clock","alle 5","","","","","2639","core-3000"
"it.lex.tra-10-minuti","in 10 minutes","tra 10 minuti","","","","","2640","core-3000"
"it.lex.un-ora-fa","an hour ago","un'ora fa","","","","","2641","core-3000"
"it.lex.tra-due-giorni","in two days","tra due giorni","","","","","2642","core-3000"
"it.lex.tre-settimane-fa","three weeks ago","tre settimane fa","","","","","2643","core-3000"
"it.lex.il-lunedi-lunedi","on Monday","il lunedì / lunedì","","","","","2644","core-3000"
"it.lex.in-gennaio-a-gennaio","in January","in gennaio / a gennaio","","","","","2645","core-3000"
"it.lex.in-primavera","in spring","in primavera","","","","","2646","core-3000"
"it.lex.dal-lunedi-al-venerdi","from Monday to Friday","dal lunedì al venerdì","","","","","2647","core-3000"
"it.lex.ogni-giorno.every-day","every day","ogni giorno","","","","","2648","core-3000"
"it.lex.per-due-ore","for two hours","per due ore","","","","","2649","core-3000"
"it.lex.da-lunedi","since Monday","da lunedì","","","","","2650","core-3000"
"it.lex.fino-a-venerdi","until Friday","fino a venerdì","","","","","2651","core-3000"
"it.lex.prima-di-mezzogiorno","before noon","prima di mezzogiorno","","","","","2652","core-3000"
"it.lex.d-ora-in-poi","from now on","d'ora in poi","","","","","2653","core-3000"
"it.lex.all-improvviso","all of a sudden","all'improvviso","","","","","2654","core-3000"
"it.lex.all-ultimo-minuto","at the last minute","all'ultimo minuto","","","","","2655","core-3000"
"it.lex.allo-stesso-tempo","at the same time","allo stesso tempo","","","","","2656","core-3000"
"it.lex.nel-frattempo","in the meantime","nel frattempo","","","","","2657","core-3000"
"it.lex.da-allora","ever since","da allora","","","","","2658","core-3000"
"it.lex.attuale-attuale-corrente","'attuale' = current (NOT 'actual')","attuale = attuale / corrente","","","","","2659","core-3000"
"it.lex.eventuale-possibile","'eventuale' = possible (NOT 'eventual')","eventuale = possibile","","","","","2660","core-3000"
"it.lex.pretendere-esigere","'pretendere' = to demand (NOT 'pretend')","pretendere = esigere","","","","","2661","core-3000"
"it.lex.sensibile-sensibile","'sensibile' = sensitive (NOT 'sensible')","sensibile = sensibile","","","","","2662","core-3000"
"it.lex.simpatico-piacevole-carino","'simpatico' = likeable (NOT 'sympathetic')","simpatico = piacevole / carino","","","","","2663","core-3000"
"it.lex.parente-familiare-congiunto","'parente' = relative (NOT 'parent')","parente = familiare / congiunto","","","","","2664","core-3000"
"it.lex.firma-firma-societa","'firma' = signature (NOT 'firm/company')","firma = firma / società","","","","","2665","core-3000"
"it.lex.morbido-soffice-tenero","'morbido' = soft (NOT 'morbid')","morbido = soffice / tenero","","","","","2666","core-3000"
"it.lex.libreria-libreria-biblioteca-library","'libreria' = bookshop (NOT 'library')","libreria = libreria (biblioteca = library)","","","","","2667","core-3000"
"it.lex.casino-confusione-casino-gambling-house","'casino' = mess / chaos (NOT casino)","casino = confusione / casinò = gambling house","","","","","2668","core-3000"
"it.lex.preservare-conservare","'preservare' = to preserve (true cognate)","preservare = conservare ✓","","","","","2669","core-3000"
"it.lex.romanzo-libro-avventura-romantica-romance","'romanzo' = novel (NOT 'romance')","romanzo = libro / avventura romantica = romance","","","","","2670","core-3000"
"it.lex.annoiare-stancare-infastidire-to-annoy","'annoiare' = to bore (NOT 'to annoy')","annoiare = stancare (infastidire = to annoy)","","","","","2671","core-3000"
"it.lex.argomento-tema-litigio-argument","'argomento' = topic (NOT 'argument')","argomento = tema (litigio = argument)","","","","","2672","core-3000"
"it.lex.fastidioso-irritante","'fastidioso' = annoying (NOT 'fastidious')","fastidioso = irritante","","","","","2673","core-3000"
"it.lex.al-contrario","on the contrary","al contrario","","","","","2674","core-3000"
"it.lex.di-conseguenza","as a result","di conseguenza","","","","","2675","core-3000"
"it.lex.al-contrario-in-contrasto","in contrast","al contrario / in contrasto","","","","","2676","core-3000"
"it.lex.a-condizione-che","provided that","a condizione che","","","","","2677","core-3000"
"it.lex.supponendo-che","assuming that","supponendo che","","","","","2678","core-3000"
"it.lex.nel-caso-in-cui","in case","nel caso in cui","","","","","2679","core-3000"
"it.lex.quando-entro-il-momento-in-cui","by the time","quando / entro il momento in cui","","","","","2680","core-3000"
"it.lex.a-lungo-andare","in the long run","a lungo andare","","","","","2681","core-3000"
"it.lex.a-breve-termine","in the short term","a breve termine","","","","","2682","core-3000"
"it.lex.tutto-sommato-1n3jnoy","all in all","tutto sommato","","","","","2683","core-3000"
"it.lex.per-riassumere","to sum up","per riassumere","","","","","2684","core-3000"
"it.lex.prima-di-tutto","first of all","prima di tutto","","","","","2685","core-3000"
"it.lex.ultimo-ma-non-meno-importante","last but not least","ultimo ma non meno importante","","","","","2686","core-3000"
"it.lex.cioe","namely","cioè","","","","","2687","core-3000"
"it.lex.come-ad-esempio","such as","come ad esempio","","","","","2688","core-3000"
"it.lex.in-particolare","particularly","in particolare","","","","","2689","core-3000"
"it.lex.in-generale","generally speaking","in generale","","","","","2690","core-3000"
"it.lex.a-rigore","strictly speaking","a rigore","","","","","2691","core-3000"
"it.lex.per-quanto-ne-so","as far as I know","per quanto ne so","","","","","2692","core-3000"
"it.lex.risulta-che","it turns out that","risulta che","","","","","2693","core-3000"
"it.lex.inutile-dire-che","needless to say","inutile dire che","","","","","2694","core-3000"
"it.lex.alla-fine-dei-conti","when all is said and done","alla fine dei conti","","","","","2695","core-3000"
"it.lex.prendiamo-atto-delle-nostre-differenze","Let's agree to disagree.","Prendiamo atto delle nostre differenze.","","","","","2696","core-3000"
"it.lex.tocca-a-te","The ball is in your court.","Tocca a te.","","","","","2697","core-3000"
"it.lex.sono-in-alto-mare","I'm in over my head.","Sono in alto mare.","","","","","2699","core-3000"
"it.lex.e-ora-o-mai-piu","It's now or never.","È ora o mai più.","","","","","2700","core-3000"
"it.lex.passo-dopo-passo-uwyx0e","Step by step.","Passo dopo passo.","","","","","2701","core-3000"
"it.lex.il-duro-lavoro-premia","Hard work pays off.","Il duro lavoro premia.","","","","","2702","core-3000"
"it.lex.sogna-in-grande","Dream big!","Sogna in grande!","","","","","2703","core-3000"
"it.lex.fallo-accadere","Make it happen!","Fallo accadere!","","","","","2704","core-3000"
"it.lex.sussurrare","to whisper","sussurrare","","","","","2705","core-3000"
"it.lex.urlare","to shout","urlare","","","","","2706","core-3000"
"it.lex.litigare","to argue","litigare","","","","","2707","core-3000"
"it.lex.accusare-incolpare","to blame","accusare / incolpare","","","","","2709","core-3000"
"it.lex.vantarsi","to brag","vantarsi","","","","","2710","core-3000"
"it.lex.ammirare","to admire","ammirare","","","","","2711","core-3000"
"it.lex.rispettare","to respect","rispettare","","","","","2712","core-3000"
"it.lex.ignorare","to ignore","ignorare","","","","","2713","core-3000"
"it.lex.incoraggiare","to encourage","incoraggiare","","","","","2714","core-3000"
"it.lex.scoraggiare","to discourage","scoraggiare","","","","","2715","core-3000"
"it.lex.ispirare","to inspire","ispirare","","","","","2716","core-3000"
"it.lex.motivare","to motivate","motivare","","","","","2717","core-3000"
"it.lex.convincere","to convince","convincere","","","","","2718","core-3000"
"it.lex.persuadere","to persuade","persuadere","","","","","2719","core-3000"
"it.lex.negoziare","to negotiate","negoziare","","","","","2720","core-3000"
"it.lex.competere-gareggiare","to compete","competere / gareggiare","","","","","2721","core-3000"
"it.lex.cooperare","to cooperate","cooperare","","","","","2722","core-3000"
"it.lex.comunicare","to communicate","comunicare","","","","","2723","core-3000"
"it.lex.esprimere","to express","esprimere","","","","","2724","core-3000"
"it.lex.descrivere","to describe","descrivere","","","","","2725","core-3000"
"it.lex.riassumere","to summarize","riassumere","","","","","2727","core-3000"
"it.lex.analizzare","to analyze","analizzare","","","","","2728","core-3000"
"it.lex.valutare","to evaluate","valutare","","","","","2729","core-3000"
"it.lex.stimare","to estimate","stimare","","","","","2730","core-3000"
"it.lex.calcolare","to calculate","calcolare","","","","","2731","core-3000"
"it.lex.prevedere","to predict","prevedere","","","","","2732","core-3000"
"it.lex.simulare","to simulate","simulare","","","","","2733","core-3000"
"it.lex.programmare","to program","programmare","","","","","2734","core-3000"
"it.lex.progettare","to design","progettare","","","","","2735","core-3000"
"it.lex.lanciare.to-launch","to launch","lanciare","","","","","2736","core-3000"
"it.lex.testare","to test","testare","","","","","2737","core-3000"
"it.lex.coordinare","to coordinate","coordinare","","","","","2740","core-3000"
"it.lex.delegare","to delegate","delegare","","","","","2741","core-3000"
"it.lex.supervisionare","to supervise","supervisionare","","","","","2742","core-3000"
"it.lex.promuovere","to promote","promuovere","","","","","2745","core-3000"
"it.lex.retrocedere","to demote","retrocedere","","","","","2746","core-3000"
"it.lex.trattare","to negotiate","trattare","","","","","2747","core-3000"
"it.lex.verificare-controllare","to audit","verificare / controllare","","","","","2748","core-3000"
"it.lex.pianificare-il-budget","to budget","pianificare il budget","","","","","2749","core-3000"
"it.lex.investire","to invest","investire","","","","","2750","core-3000"
"it.lex.donare","to donate","donare","","","","","2753","core-3000"
"it.lex.fare-volontariato","to volunteer","fare volontariato","","","","","2754","core-3000"
"it.lex.abbonarsi","to subscribe","abbonarsi","","","","","2755","core-3000"
"it.lex.seguire.to-follow-social","to follow (social)","seguire","","","","","2756","core-3000"
"it.lex.pubblicare-postare","to post","pubblicare / postare","","","","","2757","core-3000"
"it.lex.mettere-mi-piace","to like","mettere mi piace","","","","","2759","core-3000"
"it.lex.commentare","to comment","commentare","","","","","2760","core-3000"
"it.lex.taggare","to tag","taggare","","","","","2761","core-3000"
"it.lex.bloccare","to block","bloccare","","","","","2762","core-3000"
"it.lex.scorrere","to scroll","scorrere","","","","","2763","core-3000"
"it.lex.cliccare","to click","cliccare","","","","","2764","core-3000"
"it.lex.scorrere-strisciare","to swipe","scorrere / strisciare","","","","","2765","core-3000"
"it.lex.riavviare","to reboot","riavviare","","","","","2766","core-3000"
"it.lex.aggiornare","to update","aggiornare","","","","","2767","core-3000"
"it.lex.fare-un-backup","to backup","fare un backup","","","","","2768","core-3000"
"it.lex.cifrare","to encrypt","cifrare","","","","","2769","core-3000"
"it.lex.trasmettere-in-streaming","to stream","trasmettere in streaming","","","","","2770","core-3000"
"it.lex.riciclare","to recycle","riciclare","","","","","2771","core-3000"
"it.lex.inquinare","to pollute","inquinare","","","","","2772","core-3000"
"it.lex.conservare","to conserve","conservare","","","","","2773","core-3000"
"it.lex.distruggere","to destroy","distruggere","","","","","2775","core-3000"
"it.lex.ristrutturare","to renovate","ristrutturare","","","","","2777","core-3000"
"it.lex.riparare.to-repair","to repair","riparare","","","","","2778","core-3000"
"it.lex.mantenere","to maintain","mantenere","","","","","2779","core-3000"
"it.lex.decorare","to decorate","decorare","","","","","2780","core-3000"
"it.lex.arredare","to furnish","arredare","","","","","2781","core-3000"
"it.lex.traslocare","to move house","traslocare","","","","","2782","core-3000"
"it.lex.tinteggiare-pitturare","to paint (walls)","tinteggiare / pitturare","","","","","2783","core-3000"
"it.lex.piantare","to plant","piantare","","","","","2784","core-3000"
"it.lex.annaffiare","to water","annaffiare","","","","","2785","core-3000"
"it.lex.raccogliere.to-harvest","to harvest","raccogliere","","","","","2786","core-3000"
"it.lex.scaffale-per-libri","bookshelf","scaffale per libri","","","","","2787","core-3000"
"it.lex.libreria.bookcase","bookcase","libreria","","","","","2788","core-3000"
"it.lex.camino","fireplace","camino","","","","","2789","core-3000"
"it.lex.canna-fumaria","chimney","canna fumaria","","","","","2790","core-3000"
"it.lex.cortile","courtyard","cortile","","","","","2791","core-3000"
"it.lex.portico","porch","portico","","","","","2792","core-3000"
"it.lex.cancello","gate","cancello","","","","","2793","core-3000"
"it.lex.recinto-staccionata","fence","recinto / staccionata","","","","","2794","core-3000"
"it.lex.cassetta-delle-lettere","mailbox","cassetta delle lettere","","","","","2795","core-3000"
"it.lex.campanello.doorbell","doorbell","campanello","","","","","2796","core-3000"
"it.lex.lucernario","skylight","lucernario","","","","","2797","core-3000"
"it.lex.corridoio","corridor","corridoio","","","","","2798","core-3000"
"it.lex.armadio-ripostiglio","closet","armadio / ripostiglio","","","","","2799","core-3000"
"it.lex.lavanderia","laundry room","lavanderia","","","","","2800","core-3000"
"it.lex.ripostiglio-deposito","storage room","ripostiglio / deposito","","","","","2801","core-3000"
"it.lex.officina-laboratorio","workshop","officina / laboratorio","","","","","2802","core-3000"
"it.lex.terrazzo-sul-tetto","rooftop","terrazzo sul tetto","","","","","2803","core-3000"
"it.lex.atrio-hall","lobby","atrio / hall","","","","","2804","core-3000"
"it.lex.reception-banco-accettazione","reception desk","reception / banco accettazione","","","","","2805","core-3000"
"it.lex.posto-auto","parking space","posto auto","","","","","2806","core-3000"
"it.lex.viale-d-accesso","driveway","viale d'accesso","","","","","2807","core-3000"
"it.lex.marciapiede","sidewalk","marciapiede","","","","","2808","core-3000"
"it.lex.incrocio.crossroads","crossroads","incrocio","","","","","2809","core-3000"
"it.lex.vicolo","alley","vicolo","","","","","2810","core-3000"
"it.lex.marciapiede-cordolo","curb","marciapiede / cordolo","","","","","2811","core-3000"
"it.lex.pavimentazione","pavement","pavimentazione","","","","","2812","core-3000"
"it.lex.cartello-stradale","signpost","cartello stradale","","","","","2813","core-3000"
"it.lex.targa-stradale","street sign","targa stradale","","","","","2814","core-3000"
"it.lex.segnale-stradale","traffic sign","segnale stradale","","","","","2815","core-3000"
"it.lex.lavori-stradali","road works","lavori stradali","","","","","2816","core-3000"
"it.lex.limite-di-velocita","speed limit","limite di velocità","","","","","2817","core-3000"
"it.lex.multa","fine / penalty","multa","","","","","2818","core-3000"
"it.lex.autostrada-a-pedaggio","toll road","autostrada a pedaggio","","","","","2819","core-3000"
"it.lex.area-di-servizio","rest area","area di servizio","","","","","2820","core-3000"
"it.lex.uscita-autostradale","motorway exit","uscita autostradale","","","","","2821","core-3000"
"it.lex.rampa-di-accesso","on-ramp","rampa di accesso","","","","","2822","core-3000"
"it.lex.cavalcavia","overpass","cavalcavia","","","","","2823","core-3000"
"it.lex.sottopassaggio","underpass","sottopassaggio","","","","","2824","core-3000"
"it.lex.passaggio-a-livello","level crossing","passaggio a livello","","","","","2825","core-3000"
"it.lex.orario","timetable","orario","","","","","2826","core-3000"
"it.lex.binario-banchina","platform","binario / banchina","","","","","2827","core-3000"
"it.lex.tabellone-delle-partenze","departure board","tabellone delle partenze","","","","","2828","core-3000"
"it.lex.tabellone-degli-arrivi","arrival board","tabellone degli arrivi","","","","","2829","core-3000"
"it.lex.ritardo","delay","ritardo","","","","","2830","core-3000"
"it.lex.binario.track","track","binario","","","","","2831","core-3000"
"it.lex.controllore","conductor","controllore","","","","","2832","core-3000"
"it.lex.tariffa","fare","tariffa","","","","","2833","core-3000"
"it.lex.abbonamento.season-ticket","season ticket","abbonamento","","","","","2834","core-3000"
"it.lex.biglietto-singolo","single ticket","biglietto singolo","","","","","2835","core-3000"
"it.lex.andata-e-ritorno","round trip","andata e ritorno","","","","","2836","core-3000"
"it.lex.coincidenza","connection","coincidenza","","","","","2837","core-3000"
"it.lex.rumoroso","noisy","rumoroso","","","","","2838","core-3000"
"it.lex.silenzioso.silent","silent","silenzioso","","","","","2839","core-3000"
"it.lex.affollato","crowded","affollato","","","","","2840","core-3000"
"it.lex.vuoto-deserto","empty (place)","vuoto / deserto","","","","","2841","core-3000"
"it.lex.animato-trafficato","busy (place)","animato / trafficato","","","","","2842","core-3000"
"it.lex.vivace","lively","vivace","","","","","2843","core-3000"
"it.lex.tranquillo","peaceful","tranquillo","","","","","2844","core-3000"
"it.lex.cupo-tetro","gloomy","cupo / tetro","","","","","2845","core-3000"
"it.lex.luminoso","bright","luminoso","","","","","2846","core-3000"
"it.lex.ombroso","shadowy","ombroso","","","","","2847","core-3000"
"it.lex.accogliente","cozy","accogliente","","","","","2848","core-3000"
"it.lex.elegante","elegant","elegante","","","","","2849","core-3000"
"it.lex.casual-informale","casual","casual / informale","","","","","2850","core-3000"
"it.lex.formale","formal","formale","","","","","2851","core-3000"
"it.lex.stretto.tight","tight","stretto","","","","","2852","core-3000"
"it.lex.largo-ampio","loose","largo / ampio","","","","","2853","core-3000"
"it.lex.ruvido-grezzo","rough","ruvido / grezzo","","","","","2854","core-3000"
"it.lex.liscio","smooth","liscio","","","","","2855","core-3000"
"it.lex.tagliente-acuto","sharp","tagliente / acuto","","","","","2856","core-3000"
"it.lex.smussato-ottuso","blunt","smussato / ottuso","","","","","2857","core-3000"
"it.lex.cavo-vuoto","hollow","cavo / vuoto","","","","","2858","core-3000"
"it.lex.solido-pieno","solid","solido / pieno","","","","","2859","core-3000"
"it.lex.liquido","liquid","liquido","","","","","2860","core-3000"
"it.lex.congelato","frozen","congelato","","","","","2861","core-3000"
"it.lex.sciolto","melted","sciolto","","","","","2862","core-3000"
"it.lex.bruciato","burned","bruciato","","","","","2863","core-3000"
"it.lex.troppo-cotto","overcooked","troppo cotto","","","","","2864","core-3000"
"it.lex.poco-cotto","undercooked","poco cotto","","","","","2865","core-3000"
"it.lex.crudo","raw","crudo","","","","","2866","core-3000"
"it.lex.piccante","spicy","piccante","","","","","2867","core-3000"
"it.lex.dolce","sweet","dolce","","","","","2868","core-3000"
"it.lex.aspro","sour","aspro","","","","","2869","core-3000"
"it.lex.salato","salty","salato","","","","","2870","core-3000"
"it.lex.amaro","bitter","amaro","","","","","2871","core-3000"
"it.lex.insipido","bland","insipido","","","","","2872","core-3000"
"it.lex.croccante","crispy","croccante","","","","","2873","core-3000"
"it.lex.cremoso","creamy","cremoso","","","","","2874","core-3000"
"it.lex.fresco.fresh","fresh","fresco","","","","","2875","core-3000"
"it.lex.raffermo","stale","raffermo","","","","","2876","core-3000"
"it.lex.maturo.ripe","ripe","maturo","","","","","2877","core-3000"
"it.lex.acerbo","unripe","acerbo","","","","","2878","core-3000"
"it.lex.nausea","nausea","nausea","","","","","2879","core-3000"
"it.lex.vomito","vomiting","vomito","","","","","2880","core-3000"
"it.lex.diarrea","diarrhea","diarrea","","","","","2881","core-3000"
"it.lex.stitichezza","constipation","stitichezza","","","","","2882","core-3000"
"it.lex.eruzione-cutanea","rash","eruzione cutanea","","","","","2883","core-3000"
"it.lex.livido","bruise","livido","","","","","2884","core-3000"
"it.lex.ferita","wound","ferita","","","","","2885","core-3000"
"it.lex.frattura","fracture","frattura","","","","","2886","core-3000"
"it.lex.distorsione","sprain","distorsione","","","","","2887","core-3000"
"it.lex.infiammazione","inflammation","infiammazione","","","","","2888","core-3000"
"it.lex.infezione","infection","infezione","","","","","2889","core-3000"
"it.lex.tosse","cough","tosse","","","","","2890","core-3000"
"it.lex.starnuto","sneeze","starnuto","","","","","2891","core-3000"
"it.lex.singhiozzo","hiccup","singhiozzo","","","","","2892","core-3000"
"it.lex.gonfiore","swelling","gonfiore","","","","","2893","core-3000"
"it.lex.sanguinamento","bleeding","sanguinamento","","","","","2894","core-3000"
"it.lex.privo-di-sensi-svenuto","unconscious","privo di sensi / svenuto","","","","","2895","core-3000"
"it.lex.stordito-con-le-vertigini","dizzy","stordito / con le vertigini","","","","","2896","core-3000"
"it.lex.nauseato","nauseous","nauseato","","","","","2897","core-3000"
"it.lex.esausto","exhausted","esausto","","","","","2898","core-3000"
"it.lex.svenire","faint","svenire","","","","","2899","core-3000"
"it.lex.polso.pulse","pulse","polso","","","","","2900","core-3000"
"it.lex.respiro","breathing","respiro","","","","","2901","core-3000"
"it.lex.battito-cardiaco","heartbeat","battito cardiaco","","","","","2902","core-3000"
"it.lex.farmacia-di-turno","pharmacy (24h)","farmacia di turno","","","","","2904","core-3000"
"it.lex.pronto-soccorso.emergency-room","emergency room","pronto soccorso","","","","","2905","core-3000"
"it.lex.piacere","Pleased to meet you.","Piacere.","","","","","2906","core-3000"
"it.lex.e-un-po-che-non-ci-vediamo","It's been a while!","È un po' che non ci vediamo!","","","","","2907","core-3000"
"it.lex.prenditi-cura-di-te","Take care!","Prenditi cura di te!","","","","","2908","core-3000"
"it.lex.buon-viaggio","Have a safe trip!","Buon viaggio!","","","","","2909","core-3000"
"it.lex.mi-mancherai","I'll miss you.","Mi mancherai.","","","","","2910","core-3000"
"it.lex.ho-nostalgia-di-casa","I'm homesick.","Ho nostalgia di casa.","","","","","2911","core-3000"
"it.lex.ho-il-jet-lag","I'm jet-lagged.","Ho il jet lag.","","","","","2912","core-3000"
"it.lex.sono-scottato-a","I'm sunburned.","Sono scottato/a.","","","","","2913","core-3000"
"it.lex.sono-abbronzato-a","I've got a tan.","Sono abbronzato/a.","","","","","2914","core-3000"
"it.lex.che-bella-vista","What a beautiful view!","Che bella vista!","","","","","2915","core-3000"
"it.lex.mozzafiato","It's breathtaking.","Mozzafiato.","","","","","2916","core-3000"
"it.lex.sono-senza-parole","I'm speechless.","Sono senza parole.","","","","","2917","core-3000"
"it.lex.va-oltre-il-mio-budget","That's beyond my budget.","Va oltre il mio budget.","","","","","2918","core-3000"
"it.lex.possiamo-trattare-il-prezzo","Can we negotiate the price?","Possiamo trattare il prezzo?","","","","","2919","core-3000"
"it.lex.c-e-un-opzione-piu-economica","Is there a cheaper option?","C'è un'opzione più economica?","","","","","2920","core-3000"
"it.lex.e-un-affare","That's a steal!","È un affare!","","","","","2921","core-3000"
"it.lex.e-troppo-caro","It's overpriced.","È troppo caro.","","","","","2922","core-3000"
"it.lex.posso-provarlo","Can I try it on?","Posso provarlo?","","","","","2923","core-3000"
"it.lex.non-e-il-mio-stile","It's not my style.","Non è il mio stile.","","","","","2924","core-3000"
"it.lex.ti-sta-bene","It suits you.","Ti sta bene.","","","","","2925","core-3000"
"it.lex.non-va-bene","It doesn't fit.","Non va bene.","","","","","2926","core-3000"
"it.lex.il-colore-e-perfetto","The color is perfect.","Il colore è perfetto.","","","","","2927","core-3000"
"it.lex.lo-avete-in-un-altro-colore","Do you have it in another color?","Lo avete in un altro colore?","","","","","2928","core-3000"
"it.lex.sto-solo-guardando","I'm just browsing.","Sto solo guardando.","","","","","2929","core-3000"
"it.lex.ci-penso","I'll think about it.","Ci penso.","","","","","2930","core-3000"
"it.lex.torno-piu-tardi","I'll come back later.","Torno più tardi.","","","","","2931","core-3000"
"it.lex.dove-si-paga","Where do I pay?","Dove si paga?","","","","","2932","core-3000"
"it.lex.accettate-contanti","Do you accept cash?","Accettate contanti?","","","","","2933","core-3000"
"it.lex.posso-avere-un-sacchetto","Can I have a bag?","Posso avere un sacchetto?","","","","","2934","core-3000"
"it.lex.confezione-regalo-per-favore","Gift wrapping, please.","Confezione regalo, per favore.","","","","","2935","core-3000"
"it.lex.e-in-saldo","Is this on sale?","È in saldo?","","","","","2936","core-3000"
"it.lex.qual-e-la-politica-di-reso","What's the return policy?","Qual è la politica di reso?","","","","","2937","core-3000"
"it.lex.ho-un-reclamo-da-fare","I have a complaint.","Ho un reclamo da fare.","","","","","2938","core-3000"
"it.lex.non-sono-soddisfatto-a","I'm not satisfied.","Non sono soddisfatto/a.","","","","","2939","core-3000"
"it.lex.il-servizio-era-eccellente","The service was excellent.","Il servizio era eccellente.","","","","","2940","core-3000"
"it.lex.vorrei-parlare-con-il-responsabile","I'd like to speak to the manager.","Vorrei parlare con il responsabile.","","","","","2941","core-3000"
"it.lex.puoi-consigliarmi-un-buon-ristorante","Can you recommend a good restaurant?","Puoi consigliarmi un buon ristorante?","","","","","2942","core-3000"
"it.lex.e-autentico","Is this authentic?","È autentico?","","","","","2943","core-3000"
"it.lex.quali-sono-gli-orari-di-apertura","What are the opening hours?","Quali sono gli orari di apertura?","","","","","2944","core-3000"
"it.lex.si-fa-a-piedi","Is it far to walk?","Si fa a piedi?","","","","","2945","core-3000"
"it.lex.quanto-ci-vuole-in-autobus","How long does it take by bus?","Quanto ci vuole in autobus?","","","","","2946","core-3000"
"it.lex.c-e-una-visita-guidata","Is there a guided tour?","C'è una visita guidata?","","","","","2947","core-3000"
"it.lex.vorrei-un-audioguida","I'd like an audio guide.","Vorrei un'audioguida.","","","","","2948","core-3000"
"it.lex.dove-si-comprano-i-biglietti","Where can I buy tickets?","Dove si comprano i biglietti?","","","","","2949","core-3000"
"it.lex.c-e-uno-sconto-per-studenti","Is there a discount for students?","C'è uno sconto per studenti?","","","","","2950","core-3000"
"it.lex.devo-prenotare-in-anticipo","Do I need to book in advance?","Devo prenotare in anticipo?","","","","","2951","core-3000"
"it.lex.la-fotografia-non-e-consentita","Photography is not allowed.","La fotografia non è consentita.","","","","","2952","core-3000"
"it.lex.silenzio-per-favore","Please be quiet.","Silenzio, per favore.","","","","","2953","core-3000"
"it.lex.vietato-l-ingresso","Keep out!","Vietato l'ingresso!","","","","","2954","core-3000"
"it.lex.divieto-di-accesso","No entry.","Divieto di accesso.","","","","","2955","core-3000"
"it.lex.solo-per-emergenze","Emergency only.","Solo per emergenze.","","","","","2956","core-3000"
"it.lex.vernice-fresca","Wet paint.","Vernice fresca.","","","","","2957","core-3000"
"it.lex.attenzione-al-gradino","Mind the step.","Attenzione al gradino.","","","","","2958","core-3000"
"it.lex.fuori-servizio","Out of order.","Fuori servizio.","","","","","2959","core-3000"
"it.lex.in-costruzione","Under construction.","In costruzione.","","","","","2960","core-3000"
"it.lex.spingere.push","Push","Spingere","","","","","2961","core-3000"
"it.lex.tirare.pull","Pull","Tirare","","","","","2962","core-3000"
"it.lex.ingresso-gratuito","Free entry","Ingresso gratuito","","","","","2965","core-3000"
"it.lex.uscita","Exit","Uscita","","","","","2966","core-3000"
"it.lex.entrata","Entrance","Entrata","","","","","2967","core-3000"
"it.lex.noleggiare-una-macchina","to rent a car","noleggiare una macchina","","","","","2968","core-3000"
"it.lex.autonoleggio","car rental","autonoleggio","","","","","2969","core-3000"
"it.lex.benzina","petrol / gasoline","benzina","","","","","2970","core-3000"
"it.lex.gasolio","diesel","gasolio","","","","","2971","core-3000"
"it.lex.fare-benzina","to refuel","fare benzina","","","","","2972","core-3000"
"it.lex.polizia-stradale","traffic police","polizia stradale","","","","","2973","core-3000"
"it.lex.autovelox","speed camera","autovelox","","","","","2974","core-3000"
"it.lex.multa-per-sosta-vietata","parking ticket","multa per sosta vietata","","","","","2975","core-3000"
"it.lex.carro-attrezzi","tow truck","carro attrezzi","","","","","2976","core-3000"
"it.lex.gomma-a-terra-foratura","flat tire","gomma a terra / foratura","","","","","2977","core-3000"
"it.lex.ruota-di-scorta","spare tire","ruota di scorta","","","","","2978","core-3000"
"it.lex.cintura-di-sicurezza","seat belt","cintura di sicurezza","","","","","2979","core-3000"
"it.lex.airbag","airbag","airbag","","","","","2980","core-3000"
"it.lex.sorpassare","to overtake","sorpassare","","","","","2981","core-3000"
"it.lex.fare-retromarcia","to reverse","fare retromarcia","","","","","2982","core-3000"
"it.lex.parcheggiare","to park","parcheggiare","","","","","2983","core-3000"
"it.lex.accelerare","to accelerate","accelerare","","","","","2984","core-3000"
"it.lex.frenare","to brake","frenare","","","","","2985","core-3000"
"it.lex.mettere-la-freccia","to indicate","mettere la freccia","","","","","2986","core-3000"
"it.lex.autostrada.motorway","motorway","autostrada","","","","","2988","core-3000"
"it.lex.strada-statale","national road","strada statale","","","","","2989","core-3000"
"it.lex.strada-acciottolata","cobblestone street","strada acciottolata","","","","","2990","core-3000"
"it.lex.vicolo-stretto","narrow street","vicolo stretto","","","","","2991","core-3000"
"it.lex.vigile-urbano","traffic warden","vigile urbano","","","","","2992","core-3000"
"it.lex.periferia.outskirts","outskirts","periferia","","","","","2994","core-3000"
"it.lex.pianta-della-citta","city map","pianta della città","","","","","2995","core-3000"
"it.lex.ufficio-turistico","tourist office","ufficio turistico","","","","","2996","core-3000"
"it.lex.monumento","monument","monumento","","","","","2997","core-3000"
"it.lex.statua","statue","statua","","","","","2998","core-3000"
"it.lex.fontana","fountain","fontana","","","","","2999","core-3000"
"it.lex.rovine-antiche","ancient ruins","rovine antiche","","","","","3000","core-3000"
